{"resourceType":"ValueSet","id":"jp-medication-unit-merit9-vs","text":{"status":"generated","div":"<div xmlns=\"http://www.w3.org/1999/xhtml\"><ul><li>Include all codes defined in <a href=\"CodeSystem-jp-medication-unit-merit9-cs.html\"><code>urn:oid:1.2.392.100495.20.2.101</code></a></li></ul></div>"},"url":"http://jpfhir.jp/fhir/Common/ValueSet/JP_MedicationUnitMERIT9_VS","version":"1.1.0a","name":"JP_MedicationUnitMERIT9_VS","title":"JP Core Medication MERIT9 Unit Code","status":"draft","date":"2022-08-08T15:01:38+00:00","publisher":"FHIR Japanese implementation research working group in Japan Association of Medical Informatics (JAMI)","contact":[{"name":"FHIR Japanese implementation research working group in Japan Association of Medical Informatics (JAMI)","telecom":[{"system":"url","value":"http://jpfhir.jp"},{"system":"email","value":"office@hlfhir.jp"}]}],"description":"MERIT9医薬品単位略号の値セット","jurisdiction":[{"coding":[{"system":"urn:iso:std:iso:3166","code":"JP"}]}],"copyright":"FHIR Japanese implementation research working group in Japan Association of Medical Informatics (JAMI)","compose":{"include":[{"system":"urn:oid:1.2.392.100495.20.2.101"}]}}