{"resourceType":"CodeSystem","id":"jp-observation-method-cs","text":{"status":"generated","div":"<div xmlns=\"http://www.w3.org/1999/xhtml\"><p>This code system <code>http://jpfhir.jp/fhir/core/CodeSystem/JP_ObservationMethod_CS</code> defines the following codes:</p><table class=\"codes\"><tr><td style=\"white-space:nowrap\"><b>Code</b></td></tr></table></div>"},"url":"http://jpfhir.jp/fhir/core/CodeSystem/JP_ObservationMethod_CS","version":"1.1.1","name":"JP_ObservationMethod_CS","title":"JP Core Observation Method CodeSystem","status":"active","experimental":false,"date":"2022-10-24","publisher":"FHIR Japanese implementation research working group in Japan Association of Medical Informatics (JAMI)","contact":[{"name":"FHIR Japanese implementation research working group in Japan Association of Medical Informatics (JAMI)","telecom":[{"system":"url","value":"http://jpfhir.jp"},{"system":"email","value":"office@hlfhir.jp"}]}],"description":"Observationで使用する診察方法のコード","jurisdiction":[{"coding":[{"system":"urn:iso:std:iso:3166","code":"JPN"}]}],"copyright":"Copyright FHIR Japanese implementation research working group in Japan Association of Medical Informatics (JAMI) 一般社団法人日本医療情報学会NeXEHRS課題研究会FHIR日本実装検討WG","caseSensitive":true,"valueSet":"http://jpfhir.jp/fhir/core/ValueSet/JP_ObservationMethod_VS","content":"complete"}