{
  "resourceType": "CodeSystem",
  "id": "jp-practitioner-role-cs",
  "text": {
    "status": "generated",
    "div": "<div xmlns=\"http://www.w3.org/1999/xhtml\"><p>This code system <code>http://jpfhir.jp/fhir/Common/CodeSystem/JP_PractitionerRole_CS</code> defines the following codes:</p><table class=\"codes\"><tr><td style=\"white-space:nowrap\"><b>Code</b></td><td><b>Display</b></td></tr><tr><td style=\"white-space:nowrap\">JPR10000<a name=\"jp-practitioner-role-cs-JPR10000\"> </a></td><td>医師</td></tr><tr><td style=\"white-space:nowrap\">JPR10100<a name=\"jp-practitioner-role-cs-JPR10100\"> </a></td><td>研修医</td></tr><tr><td style=\"white-space:nowrap\">JPR10101<a name=\"jp-practitioner-role-cs-JPR10101\"> </a></td><td>研修医（１年目）</td></tr><tr><td style=\"white-space:nowrap\">JPR10102<a name=\"jp-practitioner-role-cs-JPR10102\"> </a></td><td>研修医（２年目）</td></tr><tr><td style=\"white-space:nowrap\">JPR10200<a name=\"jp-practitioner-role-cs-JPR10200\"> </a></td><td>歯科医師</td></tr><tr><td style=\"white-space:nowrap\">JPR10300<a name=\"jp-practitioner-role-cs-JPR10300\"> </a></td><td>非常勤医師</td></tr><tr><td style=\"white-space:nowrap\">JPR10400<a name=\"jp-practitioner-role-cs-JPR10400\"> </a></td><td>登録医</td></tr><tr><td style=\"white-space:nowrap\">JPR10500<a name=\"jp-practitioner-role-cs-JPR10500\"> </a></td><td>医学生</td></tr><tr><td style=\"white-space:nowrap\">JPR20000<a name=\"jp-practitioner-role-cs-JPR20000\"> </a></td><td>看護師</td></tr><tr><td style=\"white-space:nowrap\">JPR20001<a name=\"jp-practitioner-role-cs-JPR20001\"> </a></td><td>看護師（学生・実習生）</td></tr><tr><td style=\"white-space:nowrap\">JPR20100<a name=\"jp-practitioner-role-cs-JPR20100\"> </a></td><td>准看護師</td></tr><tr><td style=\"white-space:nowrap\">JPR20200<a name=\"jp-practitioner-role-cs-JPR20200\"> </a></td><td>看護助手</td></tr><tr><td style=\"white-space:nowrap\">JPR20300<a name=\"jp-practitioner-role-cs-JPR20300\"> </a></td><td>保健師</td></tr><tr><td style=\"white-space:nowrap\">JPR20400<a name=\"jp-practitioner-role-cs-JPR20400\"> </a></td><td>助産師</td></tr><tr><td style=\"white-space:nowrap\">JPR20600<a name=\"jp-practitioner-role-cs-JPR20600\"> </a></td><td>介護士</td></tr><tr><td style=\"white-space:nowrap\">JPR20700<a name=\"jp-practitioner-role-cs-JPR20700\"> </a></td><td>歯科技工士</td></tr><tr><td style=\"white-space:nowrap\">JPR20800<a name=\"jp-practitioner-role-cs-JPR20800\"> </a></td><td>歯科衛生士</td></tr><tr><td style=\"white-space:nowrap\">JPR30000<a name=\"jp-practitioner-role-cs-JPR30000\"> </a></td><td>薬剤師</td></tr><tr><td style=\"white-space:nowrap\">JPR30100<a name=\"jp-practitioner-role-cs-JPR30100\"> </a></td><td>臨床検査技師</td></tr><tr><td style=\"white-space:nowrap\">JPR30200<a name=\"jp-practitioner-role-cs-JPR30200\"> </a></td><td>診療放射線技師</td></tr><tr><td style=\"white-space:nowrap\">JPR30300<a name=\"jp-practitioner-role-cs-JPR30300\"> </a></td><td>臨床工学技士</td></tr><tr><td style=\"white-space:nowrap\">JPR30400<a name=\"jp-practitioner-role-cs-JPR30400\"> </a></td><td>理学療法士</td></tr><tr><td style=\"white-space:nowrap\">JPR30500<a name=\"jp-practitioner-role-cs-JPR30500\"> </a></td><td>作業療法士</td></tr><tr><td style=\"white-space:nowrap\">JPR30600<a name=\"jp-practitioner-role-cs-JPR30600\"> </a></td><td>言語聴覚士</td></tr><tr><td style=\"white-space:nowrap\">JPR30700<a name=\"jp-practitioner-role-cs-JPR30700\"> </a></td><td>視能訓練士</td></tr><tr><td style=\"white-space:nowrap\">JPR30800<a name=\"jp-practitioner-role-cs-JPR30800\"> </a></td><td>臨床心理士</td></tr><tr><td style=\"white-space:nowrap\">JPR30900<a name=\"jp-practitioner-role-cs-JPR30900\"> </a></td><td>管理栄養士</td></tr><tr><td style=\"white-space:nowrap\">JPR40000<a name=\"jp-practitioner-role-cs-JPR40000\"> </a></td><td>栄養士</td></tr><tr><td style=\"white-space:nowrap\">JPR50000<a name=\"jp-practitioner-role-cs-JPR50000\"> </a></td><td>事務職</td></tr><tr><td style=\"white-space:nowrap\">JPR50100<a name=\"jp-practitioner-role-cs-JPR50100\"> </a></td><td>医事会計</td></tr><tr><td style=\"white-space:nowrap\">JPR50200<a name=\"jp-practitioner-role-cs-JPR50200\"> </a></td><td>診療情報管理士</td></tr><tr><td style=\"white-space:nowrap\">JPR50300<a name=\"jp-practitioner-role-cs-JPR50300\"> </a></td><td>医療社会福祉士（ＭＳＷ）</td></tr><tr><td style=\"white-space:nowrap\">JPR70100<a name=\"jp-practitioner-role-cs-JPR70100\"> </a></td><td>治験依頼者</td></tr><tr><td style=\"white-space:nowrap\">JPR70200<a name=\"jp-practitioner-role-cs-JPR70200\"> </a></td><td>大学教員</td></tr><tr><td style=\"white-space:nowrap\">JPR80100<a name=\"jp-practitioner-role-cs-JPR80100\"> </a></td><td>臨床開発モニター</td></tr><tr><td style=\"white-space:nowrap\">JPR80200<a name=\"jp-practitioner-role-cs-JPR80200\"> </a></td><td>閲覧用</td></tr><tr><td style=\"white-space:nowrap\">JPR90100<a name=\"jp-practitioner-role-cs-JPR90100\"> </a></td><td>他専門職</td></tr><tr><td style=\"white-space:nowrap\">JPR90200<a name=\"jp-practitioner-role-cs-JPR90200\"> </a></td><td>その他</td></tr><tr><td style=\"white-space:nowrap\">JPR90908<a name=\"jp-practitioner-role-cs-JPR90908\"> </a></td><td>ベンダーＳＥ</td></tr><tr><td style=\"white-space:nowrap\">JPR90909<a name=\"jp-practitioner-role-cs-JPR90909\"> </a></td><td>システム管理者</td></tr></table></div>"
  },
  "url": "http://jpfhir.jp/fhir/Common/CodeSystem/JP_PractitionerRole_CS",
  "version": "1.1.0a",
  "name": "JP_PractitionerRole_CS",
  "title": "JP Core Practitioner Role CodeSystem",
  "status": "draft",
  "date": "2022-09-16T03:47:56+00:00",
  "publisher": "FHIR Japanese implementation research working group in Japan Association of Medical Informatics (JAMI)",
  "contact": [
    {
      "name": "FHIR Japanese implementation research working group in Japan Association of Medical Informatics (JAMI)",
      "telecom": [
        {
          "system": "url",
          "value": "http://jpfhir.jp"
        },
        {
          "system": "email",
          "value": "office@hlfhir.jp"
        }
      ]
    }
  ],
  "description": "実施者のロール（役割・職種））を示すコード",
  "jurisdiction": [
    {
      "coding": [
        {
          "system": "urn:iso:std:iso:3166",
          "code": "JP"
        }
      ]
    }
  ],
  "copyright": "FHIR Japanese implementation research working group in Japan Association of Medical Informatics (JAMI)",
  "caseSensitive": true,
  "valueSet": "http://jpfhir.jp/fhir/Common/ValueSet/JP_PractitionerRole_VS",
  "content": "complete",
  "count": 40,
  "concept": [
    {
      "code": "JPR10000",
      "display": "医師"
    },
    {
      "code": "JPR10100",
      "display": "研修医"
    },
    {
      "code": "JPR10101",
      "display": "研修医（１年目）"
    },
    {
      "code": "JPR10102",
      "display": "研修医（２年目）"
    },
    {
      "code": "JPR10200",
      "display": "歯科医師"
    },
    {
      "code": "JPR10300",
      "display": "非常勤医師"
    },
    {
      "code": "JPR10400",
      "display": "登録医"
    },
    {
      "code": "JPR10500",
      "display": "医学生"
    },
    {
      "code": "JPR20000",
      "display": "看護師"
    },
    {
      "code": "JPR20001",
      "display": "看護師（学生・実習生）"
    },
    {
      "code": "JPR20100",
      "display": "准看護師"
    },
    {
      "code": "JPR20200",
      "display": "看護助手"
    },
    {
      "code": "JPR20300",
      "display": "保健師"
    },
    {
      "code": "JPR20400",
      "display": "助産師"
    },
    {
      "code": "JPR20600",
      "display": "介護士"
    },
    {
      "code": "JPR20700",
      "display": "歯科技工士"
    },
    {
      "code": "JPR20800",
      "display": "歯科衛生士"
    },
    {
      "code": "JPR30000",
      "display": "薬剤師"
    },
    {
      "code": "JPR30100",
      "display": "臨床検査技師"
    },
    {
      "code": "JPR30200",
      "display": "診療放射線技師"
    },
    {
      "code": "JPR30300",
      "display": "臨床工学技士"
    },
    {
      "code": "JPR30400",
      "display": "理学療法士"
    },
    {
      "code": "JPR30500",
      "display": "作業療法士"
    },
    {
      "code": "JPR30600",
      "display": "言語聴覚士"
    },
    {
      "code": "JPR30700",
      "display": "視能訓練士"
    },
    {
      "code": "JPR30800",
      "display": "臨床心理士"
    },
    {
      "code": "JPR30900",
      "display": "管理栄養士"
    },
    {
      "code": "JPR40000",
      "display": "栄養士"
    },
    {
      "code": "JPR50000",
      "display": "事務職"
    },
    {
      "code": "JPR50100",
      "display": "医事会計"
    },
    {
      "code": "JPR50200",
      "display": "診療情報管理士"
    },
    {
      "code": "JPR50300",
      "display": "医療社会福祉士（ＭＳＷ）"
    },
    {
      "code": "JPR70100",
      "display": "治験依頼者"
    },
    {
      "code": "JPR70200",
      "display": "大学教員"
    },
    {
      "code": "JPR80100",
      "display": "臨床開発モニター"
    },
    {
      "code": "JPR80200",
      "display": "閲覧用"
    },
    {
      "code": "JPR90100",
      "display": "他専門職"
    },
    {
      "code": "JPR90200",
      "display": "その他"
    },
    {
      "code": "JPR90908",
      "display": "ベンダーＳＥ"
    },
    {
      "code": "JPR90909",
      "display": "システム管理者"
    }
  ]
}