{
  "resourceType": "CodeSystem",
  "id": "jp-observation-physicalexam-method-cs",
  "text": {
    "status": "generated",
    "div": "<div xmlns=\"http://www.w3.org/1999/xhtml\"><p>This code system <code>http://jpfhir.jp/fhir/Common/CodeSystem/JP_ObservationPhysicalExamMethod_CS</code> defines the following codes:</p><table class=\"codes\"><tr><td style=\"white-space:nowrap\"><b>Code</b></td><td><b>Display</b></td></tr><tr><td style=\"white-space:nowrap\">M001<a name=\"jp-observation-physicalexam-method-cs-M001\"> </a></td><td>視診</td></tr><tr><td style=\"white-space:nowrap\">M002<a name=\"jp-observation-physicalexam-method-cs-M002\"> </a></td><td>触診</td></tr><tr><td style=\"white-space:nowrap\">M003<a name=\"jp-observation-physicalexam-method-cs-M003\"> </a></td><td>血圧計</td></tr><tr><td style=\"white-space:nowrap\">M004<a name=\"jp-observation-physicalexam-method-cs-M004\"> </a></td><td>測定</td></tr><tr><td style=\"white-space:nowrap\">M005<a name=\"jp-observation-physicalexam-method-cs-M005\"> </a></td><td>体温計</td></tr><tr><td style=\"white-space:nowrap\">M006<a name=\"jp-observation-physicalexam-method-cs-M006\"> </a></td><td>パルスオキシメータ</td></tr><tr><td style=\"white-space:nowrap\">M007<a name=\"jp-observation-physicalexam-method-cs-M007\"> </a></td><td>観血的</td></tr><tr><td style=\"white-space:nowrap\">M008<a name=\"jp-observation-physicalexam-method-cs-M008\"> </a></td><td>身長計</td></tr><tr><td style=\"white-space:nowrap\">M009<a name=\"jp-observation-physicalexam-method-cs-M009\"> </a></td><td>体重計</td></tr><tr><td style=\"white-space:nowrap\">M010<a name=\"jp-observation-physicalexam-method-cs-M010\"> </a></td><td>ネックフレクションテスト</td></tr><tr><td style=\"white-space:nowrap\">M011<a name=\"jp-observation-physicalexam-method-cs-M011\"> </a></td><td>神経診察</td></tr><tr><td style=\"white-space:nowrap\">M012<a name=\"jp-observation-physicalexam-method-cs-M012\"> </a></td><td>視力検査</td></tr><tr><td style=\"white-space:nowrap\">M013<a name=\"jp-observation-physicalexam-method-cs-M013\"> </a></td><td>Goldmann視野計</td></tr><tr><td style=\"white-space:nowrap\">M014<a name=\"jp-observation-physicalexam-method-cs-M014\"> </a></td><td>オージオメーター</td></tr><tr><td style=\"white-space:nowrap\">M015<a name=\"jp-observation-physicalexam-method-cs-M015\"> </a></td><td>音叉</td></tr><tr><td style=\"white-space:nowrap\">M016<a name=\"jp-observation-physicalexam-method-cs-M016\"> </a></td><td>水</td></tr><tr><td style=\"white-space:nowrap\">M017<a name=\"jp-observation-physicalexam-method-cs-M017\"> </a></td><td>起立試験</td></tr><tr><td style=\"white-space:nowrap\">M018<a name=\"jp-observation-physicalexam-method-cs-M018\"> </a></td><td>歩行試験</td></tr><tr><td style=\"white-space:nowrap\">M019<a name=\"jp-observation-physicalexam-method-cs-M019\"> </a></td><td>握力計</td></tr><tr><td style=\"white-space:nowrap\">M020<a name=\"jp-observation-physicalexam-method-cs-M020\"> </a></td><td>叩打診</td></tr><tr><td style=\"white-space:nowrap\">M021<a name=\"jp-observation-physicalexam-method-cs-M021\"> </a></td><td>発語試験</td></tr><tr><td style=\"white-space:nowrap\">M022<a name=\"jp-observation-physicalexam-method-cs-M022\"> </a></td><td>書字試験</td></tr><tr><td style=\"white-space:nowrap\">M023<a name=\"jp-observation-physicalexam-method-cs-M023\"> </a></td><td>指鼻試験</td></tr><tr><td style=\"white-space:nowrap\">M024<a name=\"jp-observation-physicalexam-method-cs-M024\"> </a></td><td>膝うち試験</td></tr><tr><td style=\"white-space:nowrap\">M025<a name=\"jp-observation-physicalexam-method-cs-M025\"> </a></td><td>交互変換試験</td></tr><tr><td style=\"white-space:nowrap\">M026<a name=\"jp-observation-physicalexam-method-cs-M026\"> </a></td><td>踵膝試験</td></tr><tr><td style=\"white-space:nowrap\">M027<a name=\"jp-observation-physicalexam-method-cs-M027\"> </a></td><td>音叉・触</td></tr><tr><td style=\"white-space:nowrap\">M028<a name=\"jp-observation-physicalexam-method-cs-M028\"> </a></td><td>問診</td></tr><tr><td style=\"white-space:nowrap\">M029<a name=\"jp-observation-physicalexam-method-cs-M029\"> </a></td><td>アドソン試験</td></tr><tr><td style=\"white-space:nowrap\">M030<a name=\"jp-observation-physicalexam-method-cs-M030\"> </a></td><td>アレン試験</td></tr><tr><td style=\"white-space:nowrap\">M031<a name=\"jp-observation-physicalexam-method-cs-M031\"> </a></td><td>エデン試験</td></tr><tr><td style=\"white-space:nowrap\">M032<a name=\"jp-observation-physicalexam-method-cs-M032\"> </a></td><td>ライト試験</td></tr><tr><td style=\"white-space:nowrap\">M033<a name=\"jp-observation-physicalexam-method-cs-M033\"> </a></td><td>排尿試験・排便試験</td></tr><tr><td style=\"white-space:nowrap\">M034<a name=\"jp-observation-physicalexam-method-cs-M034\"> </a></td><td>排尿試験</td></tr><tr><td style=\"white-space:nowrap\">M035<a name=\"jp-observation-physicalexam-method-cs-M035\"> </a></td><td>排便試験</td></tr><tr><td style=\"white-space:nowrap\">M036<a name=\"jp-observation-physicalexam-method-cs-M036\"> </a></td><td>自動血圧計</td></tr><tr><td style=\"white-space:nowrap\">M037<a name=\"jp-observation-physicalexam-method-cs-M037\"> </a></td><td>打診</td></tr><tr><td style=\"white-space:nowrap\">M038<a name=\"jp-observation-physicalexam-method-cs-M038\"> </a></td><td>色覚検査</td></tr><tr><td style=\"white-space:nowrap\">M039<a name=\"jp-observation-physicalexam-method-cs-M039\"> </a></td><td>検眼鏡</td></tr><tr><td style=\"white-space:nowrap\">M040<a name=\"jp-observation-physicalexam-method-cs-M040\"> </a></td><td>眼圧計</td></tr><tr><td style=\"white-space:nowrap\">M041<a name=\"jp-observation-physicalexam-method-cs-M041\"> </a></td><td>耳鏡</td></tr><tr><td style=\"white-space:nowrap\">M042<a name=\"jp-observation-physicalexam-method-cs-M042\"> </a></td><td>臭診</td></tr><tr><td style=\"white-space:nowrap\">M043<a name=\"jp-observation-physicalexam-method-cs-M043\"> </a></td><td>視診・触診</td></tr><tr><td style=\"white-space:nowrap\">M044<a name=\"jp-observation-physicalexam-method-cs-M044\"> </a></td><td>聴診</td></tr><tr><td style=\"white-space:nowrap\">M045<a name=\"jp-observation-physicalexam-method-cs-M045\"> </a></td><td>肛門鏡</td></tr><tr><td style=\"white-space:nowrap\">M046<a name=\"jp-observation-physicalexam-method-cs-M046\"> </a></td><td>直腸指診</td></tr><tr><td style=\"white-space:nowrap\">M047<a name=\"jp-observation-physicalexam-method-cs-M047\"> </a></td><td>内診</td></tr></table></div>"
  },
  "url": "http://jpfhir.jp/fhir/Common/CodeSystem/JP_ObservationPhysicalExamMethod_CS",
  "version": "1.1.0a",
  "name": "JP_ObservationPhysicalExamMethod_CS",
  "title": "JP Core Observation PhysicalExam Method CodeSystem",
  "status": "draft",
  "date": "2022-09-12T21:58:47+00:00",
  "publisher": "FHIR Japanese implementation research working group in Japan Association of Medical Informatics (JAMI)",
  "contact": [
    {
      "name": "FHIR Japanese implementation research working group in Japan Association of Medical Informatics (JAMI)",
      "telecom": [
        {
          "system": "url",
          "value": "http://jpfhir.jp"
        },
        {
          "system": "email",
          "value": "office@hlfhir.jp"
        }
      ]
    }
  ],
  "description": "Observation（身体所見）で使用する診察方法のコード",
  "jurisdiction": [
    {
      "coding": [
        {
          "system": "urn:iso:std:iso:3166",
          "code": "JP"
        }
      ]
    }
  ],
  "copyright": "FHIR Japanese implementation research working group in Japan Association of Medical Informatics (JAMI)",
  "caseSensitive": true,
  "valueSet": "http://jpfhir.jp/fhir/Common/ValueSet/JP_ObservationPhysicalExamMethod_VS",
  "content": "complete",
  "count": 47,
  "concept": [
    {
      "code": "M001",
      "display": "視診"
    },
    {
      "code": "M002",
      "display": "触診"
    },
    {
      "code": "M003",
      "display": "血圧計"
    },
    {
      "code": "M004",
      "display": "測定"
    },
    {
      "code": "M005",
      "display": "体温計"
    },
    {
      "code": "M006",
      "display": "パルスオキシメータ"
    },
    {
      "code": "M007",
      "display": "観血的"
    },
    {
      "code": "M008",
      "display": "身長計"
    },
    {
      "code": "M009",
      "display": "体重計"
    },
    {
      "code": "M010",
      "display": "ネックフレクションテスト"
    },
    {
      "code": "M011",
      "display": "神経診察"
    },
    {
      "code": "M012",
      "display": "視力検査"
    },
    {
      "code": "M013",
      "display": "Goldmann視野計"
    },
    {
      "code": "M014",
      "display": "オージオメーター"
    },
    {
      "code": "M015",
      "display": "音叉"
    },
    {
      "code": "M016",
      "display": "水"
    },
    {
      "code": "M017",
      "display": "起立試験"
    },
    {
      "code": "M018",
      "display": "歩行試験"
    },
    {
      "code": "M019",
      "display": "握力計"
    },
    {
      "code": "M020",
      "display": "叩打診"
    },
    {
      "code": "M021",
      "display": "発語試験"
    },
    {
      "code": "M022",
      "display": "書字試験"
    },
    {
      "code": "M023",
      "display": "指鼻試験"
    },
    {
      "code": "M024",
      "display": "膝うち試験"
    },
    {
      "code": "M025",
      "display": "交互変換試験"
    },
    {
      "code": "M026",
      "display": "踵膝試験"
    },
    {
      "code": "M027",
      "display": "音叉・触"
    },
    {
      "code": "M028",
      "display": "問診"
    },
    {
      "code": "M029",
      "display": "アドソン試験"
    },
    {
      "code": "M030",
      "display": "アレン試験"
    },
    {
      "code": "M031",
      "display": "エデン試験"
    },
    {
      "code": "M032",
      "display": "ライト試験"
    },
    {
      "code": "M033",
      "display": "排尿試験・排便試験"
    },
    {
      "code": "M034",
      "display": "排尿試験"
    },
    {
      "code": "M035",
      "display": "排便試験"
    },
    {
      "code": "M036",
      "display": "自動血圧計"
    },
    {
      "code": "M037",
      "display": "打診"
    },
    {
      "code": "M038",
      "display": "色覚検査"
    },
    {
      "code": "M039",
      "display": "検眼鏡"
    },
    {
      "code": "M040",
      "display": "眼圧計"
    },
    {
      "code": "M041",
      "display": "耳鏡"
    },
    {
      "code": "M042",
      "display": "臭診"
    },
    {
      "code": "M043",
      "display": "視診・触診"
    },
    {
      "code": "M044",
      "display": "聴診"
    },
    {
      "code": "M045",
      "display": "肛門鏡"
    },
    {
      "code": "M046",
      "display": "直腸指診"
    },
    {
      "code": "M047",
      "display": "内診"
    }
  ]
}