{
  "resourceType": "CodeSystem",
  "id": "jp-department-ssmix-cs",
  "text": {
    "status": "generated",
    "div": "<div xmlns=\"http://www.w3.org/1999/xhtml\"><p>This code system http://jpfhir.jp/fhir/Common/CodeSystem/JP_Department_SsMix_CS defines the following codes:</p><table class=\"codes\"><tr><td><b>Lvl</b></td><td style=\"white-space:nowrap\"><b>Code</b></td><td><b>Display</b></td></tr><tr><td>1</td><td style=\"white-space:nowrap\">2Digits<a name=\"jp-department-ssmix-cs-2Digits\"> </a></td><td>２桁診療科</td></tr><tr><td>2</td><td style=\"white-space:nowrap\">  01<a name=\"jp-department-ssmix-cs-01\"> </a></td><td>内科</td></tr><tr><td>2</td><td style=\"white-space:nowrap\">  02<a name=\"jp-department-ssmix-cs-02\"> </a></td><td>精神科</td></tr><tr><td>2</td><td style=\"white-space:nowrap\">  03<a name=\"jp-department-ssmix-cs-03\"> </a></td><td>神経科</td></tr><tr><td>2</td><td style=\"white-space:nowrap\">  04<a name=\"jp-department-ssmix-cs-04\"> </a></td><td>神経内科</td></tr><tr><td>2</td><td style=\"white-space:nowrap\">  05<a name=\"jp-department-ssmix-cs-05\"> </a></td><td>呼吸器科</td></tr><tr><td>2</td><td style=\"white-space:nowrap\">  06<a name=\"jp-department-ssmix-cs-06\"> </a></td><td>消化器科</td></tr><tr><td>2</td><td style=\"white-space:nowrap\">  07<a name=\"jp-department-ssmix-cs-07\"> </a></td><td>胃腸科</td></tr><tr><td>2</td><td style=\"white-space:nowrap\">  08<a name=\"jp-department-ssmix-cs-08\"> </a></td><td>循環器科</td></tr><tr><td>2</td><td style=\"white-space:nowrap\">  09<a name=\"jp-department-ssmix-cs-09\"> </a></td><td>小児科</td></tr><tr><td>2</td><td style=\"white-space:nowrap\">  10<a name=\"jp-department-ssmix-cs-10\"> </a></td><td>外科</td></tr><tr><td>2</td><td style=\"white-space:nowrap\">  11<a name=\"jp-department-ssmix-cs-11\"> </a></td><td>整形外科</td></tr><tr><td>2</td><td style=\"white-space:nowrap\">  12<a name=\"jp-department-ssmix-cs-12\"> </a></td><td>形成外科</td></tr><tr><td>2</td><td style=\"white-space:nowrap\">  13<a name=\"jp-department-ssmix-cs-13\"> </a></td><td>美容外科</td></tr><tr><td>2</td><td style=\"white-space:nowrap\">  14<a name=\"jp-department-ssmix-cs-14\"> </a></td><td>脳神経外科</td></tr><tr><td>2</td><td style=\"white-space:nowrap\">  15<a name=\"jp-department-ssmix-cs-15\"> </a></td><td>呼吸器外科</td></tr><tr><td>2</td><td style=\"white-space:nowrap\">  16<a name=\"jp-department-ssmix-cs-16\"> </a></td><td>心臓血管外科</td></tr><tr><td>2</td><td style=\"white-space:nowrap\">  17<a name=\"jp-department-ssmix-cs-17\"> </a></td><td>小児外科</td></tr><tr><td>2</td><td style=\"white-space:nowrap\">  18<a name=\"jp-department-ssmix-cs-18\"> </a></td><td>皮膚泌尿器科</td></tr><tr><td>2</td><td style=\"white-space:nowrap\">  19<a name=\"jp-department-ssmix-cs-19\"> </a></td><td>皮膚科</td></tr><tr><td>2</td><td style=\"white-space:nowrap\">  20<a name=\"jp-department-ssmix-cs-20\"> </a></td><td>泌尿器科</td></tr><tr><td>2</td><td style=\"white-space:nowrap\">  21<a name=\"jp-department-ssmix-cs-21\"> </a></td><td>性病科</td></tr><tr><td>2</td><td style=\"white-space:nowrap\">  22<a name=\"jp-department-ssmix-cs-22\"> </a></td><td>肛門科</td></tr><tr><td>2</td><td style=\"white-space:nowrap\">  23<a name=\"jp-department-ssmix-cs-23\"> </a></td><td>産婦人科</td></tr><tr><td>2</td><td style=\"white-space:nowrap\">  24<a name=\"jp-department-ssmix-cs-24\"> </a></td><td>産科</td></tr><tr><td>2</td><td style=\"white-space:nowrap\">  25<a name=\"jp-department-ssmix-cs-25\"> </a></td><td>婦人科</td></tr><tr><td>2</td><td style=\"white-space:nowrap\">  26<a name=\"jp-department-ssmix-cs-26\"> </a></td><td>眼科</td></tr><tr><td>2</td><td style=\"white-space:nowrap\">  27<a name=\"jp-department-ssmix-cs-27\"> </a></td><td>耳鼻咽喉科</td></tr><tr><td>2</td><td style=\"white-space:nowrap\">  28<a name=\"jp-department-ssmix-cs-28\"> </a></td><td>気管食道科</td></tr><tr><td>2</td><td style=\"white-space:nowrap\">  30<a name=\"jp-department-ssmix-cs-30\"> </a></td><td>放射線科</td></tr><tr><td>2</td><td style=\"white-space:nowrap\">  31<a name=\"jp-department-ssmix-cs-31\"> </a></td><td>麻酔科</td></tr><tr><td>2</td><td style=\"white-space:nowrap\">  33<a name=\"jp-department-ssmix-cs-33\"> </a></td><td>心療内科</td></tr><tr><td>2</td><td style=\"white-space:nowrap\">  34<a name=\"jp-department-ssmix-cs-34\"> </a></td><td>アレルギー科</td></tr><tr><td>2</td><td style=\"white-space:nowrap\">  35<a name=\"jp-department-ssmix-cs-35\"> </a></td><td>リウマチ科</td></tr><tr><td>2</td><td style=\"white-space:nowrap\">  36<a name=\"jp-department-ssmix-cs-36\"> </a></td><td>リハビリテーション科</td></tr><tr><td>2</td><td style=\"white-space:nowrap\">  37<a name=\"jp-department-ssmix-cs-37\"> </a></td><td>病理診断科</td></tr><tr><td>2</td><td style=\"white-space:nowrap\">  38<a name=\"jp-department-ssmix-cs-38\"> </a></td><td>臨床検査科</td></tr><tr><td>2</td><td style=\"white-space:nowrap\">  39<a name=\"jp-department-ssmix-cs-39\"> </a></td><td>救急科</td></tr><tr><td>2</td><td style=\"white-space:nowrap\">  40<a name=\"jp-department-ssmix-cs-40\"> </a></td><td>遺伝科</td></tr><tr><td>2</td><td style=\"white-space:nowrap\">  41<a name=\"jp-department-ssmix-cs-41\"> </a></td><td>血液内科</td></tr><tr><td>2</td><td style=\"white-space:nowrap\">  42<a name=\"jp-department-ssmix-cs-42\"> </a></td><td>血液腫瘍内科</td></tr><tr><td>2</td><td style=\"white-space:nowrap\">  43<a name=\"jp-department-ssmix-cs-43\"> </a></td><td>血液透析科</td></tr><tr><td>2</td><td style=\"white-space:nowrap\">  44<a name=\"jp-department-ssmix-cs-44\"> </a></td><td>健診科</td></tr><tr><td>2</td><td style=\"white-space:nowrap\">  45<a name=\"jp-department-ssmix-cs-45\"> </a></td><td>呼吸器内科</td></tr><tr><td>2</td><td style=\"white-space:nowrap\">  46<a name=\"jp-department-ssmix-cs-46\"> </a></td><td>在宅診療科</td></tr><tr><td>2</td><td style=\"white-space:nowrap\">  47<a name=\"jp-department-ssmix-cs-47\"> </a></td><td>腫瘍診療科</td></tr><tr><td>2</td><td style=\"white-space:nowrap\">  48<a name=\"jp-department-ssmix-cs-48\"> </a></td><td>腎臓内科</td></tr><tr><td>2</td><td style=\"white-space:nowrap\">  49<a name=\"jp-department-ssmix-cs-49\"> </a></td><td>睡眠診療部</td></tr><tr><td>2</td><td style=\"white-space:nowrap\">  50<a name=\"jp-department-ssmix-cs-50\"> </a></td><td>精神神経科</td></tr><tr><td>2</td><td style=\"white-space:nowrap\">  51<a name=\"jp-department-ssmix-cs-51\"> </a></td><td>総合診療科</td></tr><tr><td>2</td><td style=\"white-space:nowrap\">  52<a name=\"jp-department-ssmix-cs-52\"> </a></td><td>内視鏡診療部</td></tr><tr><td>2</td><td style=\"white-space:nowrap\">  53<a name=\"jp-department-ssmix-cs-53\"> </a></td><td>内分泌・代謝科</td></tr><tr><td>2</td><td style=\"white-space:nowrap\">  54<a name=\"jp-department-ssmix-cs-54\"> </a></td><td>膠原病科</td></tr><tr><td>2</td><td style=\"white-space:nowrap\">  70<a name=\"jp-department-ssmix-cs-70\"> </a></td><td>消化器内科</td></tr><tr><td>2</td><td style=\"white-space:nowrap\">  71<a name=\"jp-department-ssmix-cs-71\"> </a></td><td>内分泌内科</td></tr><tr><td>2</td><td style=\"white-space:nowrap\">  72<a name=\"jp-department-ssmix-cs-72\"> </a></td><td>代謝内科</td></tr><tr><td>2</td><td style=\"white-space:nowrap\">  73<a name=\"jp-department-ssmix-cs-73\"> </a></td><td>糖尿病内科</td></tr><tr><td>2</td><td style=\"white-space:nowrap\">  74<a name=\"jp-department-ssmix-cs-74\"> </a></td><td>腎臓・内分泌内科</td></tr><tr><td>2</td><td style=\"white-space:nowrap\">  75<a name=\"jp-department-ssmix-cs-75\"> </a></td><td>感染症科</td></tr><tr><td>2</td><td style=\"white-space:nowrap\">  76<a name=\"jp-department-ssmix-cs-76\"> </a></td><td>漢方科</td></tr><tr><td>2</td><td style=\"white-space:nowrap\">  77<a name=\"jp-department-ssmix-cs-77\"> </a></td><td>老年科</td></tr><tr><td>2</td><td style=\"white-space:nowrap\">  78<a name=\"jp-department-ssmix-cs-78\"> </a></td><td>血管外科</td></tr><tr><td>2</td><td style=\"white-space:nowrap\">  79<a name=\"jp-department-ssmix-cs-79\"> </a></td><td>血管内治療科</td></tr><tr><td>2</td><td style=\"white-space:nowrap\">  7A<a name=\"jp-department-ssmix-cs-7A\"> </a></td><td>消化器外科</td></tr><tr><td>2</td><td style=\"white-space:nowrap\">  7B<a name=\"jp-department-ssmix-cs-7B\"> </a></td><td>上部消化管外科</td></tr><tr><td>2</td><td style=\"white-space:nowrap\">  7C<a name=\"jp-department-ssmix-cs-7C\"> </a></td><td>下部消化管外科</td></tr><tr><td>2</td><td style=\"white-space:nowrap\">  80<a name=\"jp-department-ssmix-cs-80\"> </a></td><td>肝胆膵外科</td></tr><tr><td>2</td><td style=\"white-space:nowrap\">  81<a name=\"jp-department-ssmix-cs-81\"> </a></td><td>移植外科</td></tr><tr><td>2</td><td style=\"white-space:nowrap\">  82<a name=\"jp-department-ssmix-cs-82\"> </a></td><td>乳腺外科</td></tr><tr><td>2</td><td style=\"white-space:nowrap\">  83<a name=\"jp-department-ssmix-cs-83\"> </a></td><td>緩和ケア科</td></tr><tr><td>2</td><td style=\"white-space:nowrap\">  84<a name=\"jp-department-ssmix-cs-84\"> </a></td><td>集中治療部</td></tr><tr><td>2</td><td style=\"white-space:nowrap\">  85<a name=\"jp-department-ssmix-cs-85\"> </a></td><td>遺伝子診療部</td></tr><tr><td>2</td><td style=\"white-space:nowrap\">  86<a name=\"jp-department-ssmix-cs-86\"> </a></td><td>顎口腔診療科</td></tr><tr><td>2</td><td style=\"white-space:nowrap\">  87<a name=\"jp-department-ssmix-cs-87\"> </a></td><td>輸血診療部</td></tr><tr><td>2</td><td style=\"white-space:nowrap\">  88<a name=\"jp-department-ssmix-cs-88\"> </a></td><td>予防医学診療部</td></tr><tr><td>2</td><td style=\"white-space:nowrap\">  89<a name=\"jp-department-ssmix-cs-89\"> </a></td><td>予防接種科</td></tr><tr><td>2</td><td style=\"white-space:nowrap\">  8A<a name=\"jp-department-ssmix-cs-8A\"> </a></td><td>先端医療開発診療</td></tr><tr><td>2</td><td style=\"white-space:nowrap\">  8B<a name=\"jp-department-ssmix-cs-8B\"> </a></td><td>分子診療・細胞治療</td></tr><tr><td>2</td><td style=\"white-space:nowrap\">  8C<a name=\"jp-department-ssmix-cs-8C\"> </a></td><td>特殊外来</td></tr><tr><td>2</td><td style=\"white-space:nowrap\">  8D<a name=\"jp-department-ssmix-cs-8D\"> </a></td><td>手術部</td></tr><tr><td>2</td><td style=\"white-space:nowrap\">  8E<a name=\"jp-department-ssmix-cs-8E\"> </a></td><td>薬剤部</td></tr><tr><td>2</td><td style=\"white-space:nowrap\">  8G<a name=\"jp-department-ssmix-cs-8G\"> </a></td><td>栄養指導科</td></tr><tr><td>2</td><td style=\"white-space:nowrap\">  8H<a name=\"jp-department-ssmix-cs-8H\"> </a></td><td>看護部</td></tr><tr><td>2</td><td style=\"white-space:nowrap\">  8J<a name=\"jp-department-ssmix-cs-8J\"> </a></td><td>地域医療連携部</td></tr><tr><td>2</td><td style=\"white-space:nowrap\">  8K<a name=\"jp-department-ssmix-cs-8K\"> </a></td><td>治験センター</td></tr><tr><td>2</td><td style=\"white-space:nowrap\">  90<a name=\"jp-department-ssmix-cs-90\"> </a></td><td>歯科</td></tr><tr><td>2</td><td style=\"white-space:nowrap\">  98<a name=\"jp-department-ssmix-cs-98\"> </a></td><td>医事・事務</td></tr><tr><td>2</td><td style=\"white-space:nowrap\">  9Z<a name=\"jp-department-ssmix-cs-9Z\"> </a></td><td>その他</td></tr><tr><td>1</td><td style=\"white-space:nowrap\">3Digits<a name=\"jp-department-ssmix-cs-3Digits\"> </a></td><td>３桁診療科</td></tr><tr><td>2</td><td style=\"white-space:nowrap\">  011<a name=\"jp-department-ssmix-cs-011\"> </a></td><td>第１内科</td></tr><tr><td>2</td><td style=\"white-space:nowrap\">  012<a name=\"jp-department-ssmix-cs-012\"> </a></td><td>第２内科</td></tr><tr><td>2</td><td style=\"white-space:nowrap\">  013<a name=\"jp-department-ssmix-cs-013\"> </a></td><td>第３内科</td></tr><tr><td>2</td><td style=\"white-space:nowrap\">  014<a name=\"jp-department-ssmix-cs-014\"> </a></td><td>第４内科</td></tr><tr><td>2</td><td style=\"white-space:nowrap\">  018<a name=\"jp-department-ssmix-cs-018\"> </a></td><td>一般内科</td></tr><tr><td>2</td><td style=\"white-space:nowrap\">  01A<a name=\"jp-department-ssmix-cs-01A\"> </a></td><td>被爆放射線医療内科</td></tr><tr><td>2</td><td style=\"white-space:nowrap\">  021<a name=\"jp-department-ssmix-cs-021\"> </a></td><td>精神科・心の診療科</td></tr><tr><td>2</td><td style=\"white-space:nowrap\">  022<a name=\"jp-department-ssmix-cs-022\"> </a></td><td>精神科デイケア</td></tr><tr><td>2</td><td style=\"white-space:nowrap\">  04A<a name=\"jp-department-ssmix-cs-04A\"> </a></td><td>てんかん科</td></tr><tr><td>2</td><td style=\"white-space:nowrap\">  04B<a name=\"jp-department-ssmix-cs-04B\"> </a></td><td>もの忘れ科</td></tr><tr><td>2</td><td style=\"white-space:nowrap\">  04C<a name=\"jp-department-ssmix-cs-04C\"> </a></td><td>高次脳機能障害科</td></tr><tr><td>2</td><td style=\"white-space:nowrap\">  04D<a name=\"jp-department-ssmix-cs-04D\"> </a></td><td>頭痛外来</td></tr><tr><td>2</td><td style=\"white-space:nowrap\">  04E<a name=\"jp-department-ssmix-cs-04E\"> </a></td><td>脳卒中外来</td></tr><tr><td>2</td><td style=\"white-space:nowrap\">  051<a name=\"jp-department-ssmix-cs-051\"> </a></td><td>呼吸器・アレルギー科</td></tr><tr><td>2</td><td style=\"white-space:nowrap\">  052<a name=\"jp-department-ssmix-cs-052\"> </a></td><td>呼吸器・感染症内科</td></tr><tr><td>2</td><td style=\"white-space:nowrap\">  05A<a name=\"jp-department-ssmix-cs-05A\"> </a></td><td>せき外来</td></tr><tr><td>2</td><td style=\"white-space:nowrap\">  05B<a name=\"jp-department-ssmix-cs-05B\"> </a></td><td>禁煙外来</td></tr><tr><td>2</td><td style=\"white-space:nowrap\">  061<a name=\"jp-department-ssmix-cs-061\"> </a></td><td>肝臓内科</td></tr><tr><td>2</td><td style=\"white-space:nowrap\">  062<a name=\"jp-department-ssmix-cs-062\"> </a></td><td>肝胆膵科</td></tr><tr><td>2</td><td style=\"white-space:nowrap\">  063<a name=\"jp-department-ssmix-cs-063\"> </a></td><td>膵臓内科</td></tr><tr><td>2</td><td style=\"white-space:nowrap\">  064<a name=\"jp-department-ssmix-cs-064\"> </a></td><td>胆道・膵臓内科</td></tr><tr><td>2</td><td style=\"white-space:nowrap\">  06A<a name=\"jp-department-ssmix-cs-06A\"> </a></td><td>肝臓病科</td></tr><tr><td>2</td><td style=\"white-space:nowrap\">  06B<a name=\"jp-department-ssmix-cs-06B\"> </a></td><td>脂肪肝外来</td></tr><tr><td>2</td><td style=\"white-space:nowrap\">  07A<a name=\"jp-department-ssmix-cs-07A\"> </a></td><td>炎症性腸疾患外来</td></tr><tr><td>2</td><td style=\"white-space:nowrap\">  07B<a name=\"jp-department-ssmix-cs-07B\"> </a></td><td>ピロリ菌外来</td></tr><tr><td>2</td><td style=\"white-space:nowrap\">  081<a name=\"jp-department-ssmix-cs-081\"> </a></td><td>循環器内科</td></tr><tr><td>2</td><td style=\"white-space:nowrap\">  082<a name=\"jp-department-ssmix-cs-082\"> </a></td><td>冠動脈疾患治療部</td></tr><tr><td>2</td><td style=\"white-space:nowrap\">  083<a name=\"jp-department-ssmix-cs-083\"> </a></td><td>リンパ科</td></tr><tr><td>2</td><td style=\"white-space:nowrap\">  091<a name=\"jp-department-ssmix-cs-091\"> </a></td><td>小児科周産母子</td></tr><tr><td>2</td><td style=\"white-space:nowrap\">  092<a name=\"jp-department-ssmix-cs-092\"> </a></td><td>新生児科</td></tr><tr><td>2</td><td style=\"white-space:nowrap\">  093<a name=\"jp-department-ssmix-cs-093\"> </a></td><td>小児循環器科</td></tr><tr><td>2</td><td style=\"white-space:nowrap\">  094<a name=\"jp-department-ssmix-cs-094\"> </a></td><td>小児神経科</td></tr><tr><td>2</td><td style=\"white-space:nowrap\">  095<a name=\"jp-department-ssmix-cs-095\"> </a></td><td>未熟児センター</td></tr><tr><td>2</td><td style=\"white-space:nowrap\">  096<a name=\"jp-department-ssmix-cs-096\"> </a></td><td>ＮＩＣＵ</td></tr><tr><td>2</td><td style=\"white-space:nowrap\">  097<a name=\"jp-department-ssmix-cs-097\"> </a></td><td>ＧＣＵ</td></tr><tr><td>2</td><td style=\"white-space:nowrap\">  09A<a name=\"jp-department-ssmix-cs-09A\"> </a></td><td>成長発達外来</td></tr><tr><td>2</td><td style=\"white-space:nowrap\">  101<a name=\"jp-department-ssmix-cs-101\"> </a></td><td>第１外科</td></tr><tr><td>2</td><td style=\"white-space:nowrap\">  102<a name=\"jp-department-ssmix-cs-102\"> </a></td><td>第２外科</td></tr><tr><td>2</td><td style=\"white-space:nowrap\">  103<a name=\"jp-department-ssmix-cs-103\"> </a></td><td>第３外科</td></tr><tr><td>2</td><td style=\"white-space:nowrap\">  105<a name=\"jp-department-ssmix-cs-105\"> </a></td><td>一般外科</td></tr><tr><td>2</td><td style=\"white-space:nowrap\">  106<a name=\"jp-department-ssmix-cs-106\"> </a></td><td>総合外科</td></tr><tr><td>2</td><td style=\"white-space:nowrap\">  107<a name=\"jp-department-ssmix-cs-107\"> </a></td><td>病態外科</td></tr><tr><td>2</td><td style=\"white-space:nowrap\">  10A<a name=\"jp-department-ssmix-cs-10A\"> </a></td><td>被爆放射線医療外科</td></tr><tr><td>2</td><td style=\"white-space:nowrap\">  111<a name=\"jp-department-ssmix-cs-111\"> </a></td><td>整形外科・脊椎外科</td></tr><tr><td>2</td><td style=\"white-space:nowrap\">  112<a name=\"jp-department-ssmix-cs-112\"> </a></td><td>脊椎外科</td></tr><tr><td>2</td><td style=\"white-space:nowrap\">  113<a name=\"jp-department-ssmix-cs-113\"> </a></td><td>ロコモティブ外来</td></tr><tr><td>2</td><td style=\"white-space:nowrap\">  114<a name=\"jp-department-ssmix-cs-114\"> </a></td><td>人工関節センター</td></tr><tr><td>2</td><td style=\"white-space:nowrap\">  115<a name=\"jp-department-ssmix-cs-115\"> </a></td><td>装具外来</td></tr><tr><td>2</td><td style=\"white-space:nowrap\">  116<a name=\"jp-department-ssmix-cs-116\"> </a></td><td>アスリート診療</td></tr><tr><td>2</td><td style=\"white-space:nowrap\">  117<a name=\"jp-department-ssmix-cs-117\"> </a></td><td>スポーツ医学</td></tr><tr><td>2</td><td style=\"white-space:nowrap\">  119<a name=\"jp-department-ssmix-cs-119\"> </a></td><td>関節外科</td></tr><tr><td>2</td><td style=\"white-space:nowrap\">  11A<a name=\"jp-department-ssmix-cs-11A\"> </a></td><td>手外科</td></tr><tr><td>2</td><td style=\"white-space:nowrap\">  121<a name=\"jp-department-ssmix-cs-121\"> </a></td><td>形成外科・美容外科</td></tr><tr><td>2</td><td style=\"white-space:nowrap\">  122<a name=\"jp-department-ssmix-cs-122\"> </a></td><td>再建外科</td></tr><tr><td>2</td><td style=\"white-space:nowrap\">  141<a name=\"jp-department-ssmix-cs-141\"> </a></td><td>脳腫瘍科</td></tr><tr><td>2</td><td style=\"white-space:nowrap\">  162<a name=\"jp-department-ssmix-cs-162\"> </a></td><td>心臓外科</td></tr><tr><td>2</td><td style=\"white-space:nowrap\">  163<a name=\"jp-department-ssmix-cs-163\"> </a></td><td>胸部外科</td></tr><tr><td>2</td><td style=\"white-space:nowrap\">  164<a name=\"jp-department-ssmix-cs-164\"> </a></td><td>循環器外科</td></tr><tr><td>2</td><td style=\"white-space:nowrap\">  165<a name=\"jp-department-ssmix-cs-165\"> </a></td><td>心臓・人工臓器外科</td></tr><tr><td>2</td><td style=\"white-space:nowrap\">  171<a name=\"jp-department-ssmix-cs-171\"> </a></td><td>小児外科（周産母子）</td></tr><tr><td>2</td><td style=\"white-space:nowrap\">  191<a name=\"jp-department-ssmix-cs-191\"> </a></td><td>皮膚科・レーザ科</td></tr><tr><td>2</td><td style=\"white-space:nowrap\">  192<a name=\"jp-department-ssmix-cs-192\"> </a></td><td>紫外線外来</td></tr><tr><td>2</td><td style=\"white-space:nowrap\">  201<a name=\"jp-department-ssmix-cs-201\"> </a></td><td>泌尿器科・男性科</td></tr><tr><td>2</td><td style=\"white-space:nowrap\">  202<a name=\"jp-department-ssmix-cs-202\"> </a></td><td>コンチネンス外来</td></tr><tr><td>2</td><td style=\"white-space:nowrap\">  221<a name=\"jp-department-ssmix-cs-221\"> </a></td><td>ストマケア外来</td></tr><tr><td>2</td><td style=\"white-space:nowrap\">  230<a name=\"jp-department-ssmix-cs-230\"> </a></td><td>産科婦人科</td></tr><tr><td>2</td><td style=\"white-space:nowrap\">  231<a name=\"jp-department-ssmix-cs-231\"> </a></td><td>女性外科</td></tr><tr><td>2</td><td style=\"white-space:nowrap\">  241<a name=\"jp-department-ssmix-cs-241\"> </a></td><td>助産師外来</td></tr><tr><td>2</td><td style=\"white-space:nowrap\">  251<a name=\"jp-department-ssmix-cs-251\"> </a></td><td>不妊内分泌科</td></tr><tr><td>2</td><td style=\"white-space:nowrap\">  252<a name=\"jp-department-ssmix-cs-252\"> </a></td><td>周産科</td></tr><tr><td>2</td><td style=\"white-space:nowrap\">  253<a name=\"jp-department-ssmix-cs-253\"> </a></td><td>周産期母性科</td></tr><tr><td>2</td><td style=\"white-space:nowrap\">  254<a name=\"jp-department-ssmix-cs-254\"> </a></td><td>婦人周産期科</td></tr><tr><td>2</td><td style=\"white-space:nowrap\">  255<a name=\"jp-department-ssmix-cs-255\"> </a></td><td>腹腔鏡外来</td></tr><tr><td>2</td><td style=\"white-space:nowrap\">  25A<a name=\"jp-department-ssmix-cs-25A\"> </a></td><td>女性科</td></tr><tr><td>2</td><td style=\"white-space:nowrap\">  25B<a name=\"jp-department-ssmix-cs-25B\"> </a></td><td>女性外来</td></tr><tr><td>2</td><td style=\"white-space:nowrap\">  25C<a name=\"jp-department-ssmix-cs-25C\"> </a></td><td>女性診療科・産科</td></tr><tr><td>2</td><td style=\"white-space:nowrap\">  261<a name=\"jp-department-ssmix-cs-261\"> </a></td><td>眼科・視覚矯正科</td></tr><tr><td>2</td><td style=\"white-space:nowrap\">  262<a name=\"jp-department-ssmix-cs-262\"> </a></td><td>白内障外来</td></tr><tr><td>2</td><td style=\"white-space:nowrap\">  263<a name=\"jp-department-ssmix-cs-263\"> </a></td><td>コンタクトレンズ外来</td></tr><tr><td>2</td><td style=\"white-space:nowrap\">  264<a name=\"jp-department-ssmix-cs-264\"> </a></td><td>ドライアイ外来</td></tr><tr><td>2</td><td style=\"white-space:nowrap\">  265<a name=\"jp-department-ssmix-cs-265\"> </a></td><td>ぶどう膜炎外来</td></tr><tr><td>2</td><td style=\"white-space:nowrap\">  266<a name=\"jp-department-ssmix-cs-266\"> </a></td><td>角膜・眼アレルギー外来</td></tr><tr><td>2</td><td style=\"white-space:nowrap\">  267<a name=\"jp-department-ssmix-cs-267\"> </a></td><td>網膜疾患外来</td></tr><tr><td>2</td><td style=\"white-space:nowrap\">  26A<a name=\"jp-department-ssmix-cs-26A\"> </a></td><td>角膜移植部</td></tr><tr><td>2</td><td style=\"white-space:nowrap\">  271<a name=\"jp-department-ssmix-cs-271\"> </a></td><td>耳鼻咽喉科・神経耳科</td></tr><tr><td>2</td><td style=\"white-space:nowrap\">  272<a name=\"jp-department-ssmix-cs-272\"> </a></td><td>耳鼻咽喉・頭頸部外科</td></tr><tr><td>2</td><td style=\"white-space:nowrap\">  273<a name=\"jp-department-ssmix-cs-273\"> </a></td><td>困難気道外来</td></tr><tr><td>2</td><td style=\"white-space:nowrap\">  274<a name=\"jp-department-ssmix-cs-274\"> </a></td><td>頭頸部科</td></tr><tr><td>2</td><td style=\"white-space:nowrap\">  301<a name=\"jp-department-ssmix-cs-301\"> </a></td><td>放射線部</td></tr><tr><td>2</td><td style=\"white-space:nowrap\">  302<a name=\"jp-department-ssmix-cs-302\"> </a></td><td>放射線診断科</td></tr><tr><td>2</td><td style=\"white-space:nowrap\">  303<a name=\"jp-department-ssmix-cs-303\"> </a></td><td>放射線画像診断・ＩＶＲ科</td></tr><tr><td>2</td><td style=\"white-space:nowrap\">  304<a name=\"jp-department-ssmix-cs-304\"> </a></td><td>核医学科</td></tr><tr><td>2</td><td style=\"white-space:nowrap\">  30B<a name=\"jp-department-ssmix-cs-30B\"> </a></td><td>放射線治療科</td></tr><tr><td>2</td><td style=\"white-space:nowrap\">  30C<a name=\"jp-department-ssmix-cs-30C\"> </a></td><td>Ｘ線科</td></tr><tr><td>2</td><td style=\"white-space:nowrap\">  311<a name=\"jp-department-ssmix-cs-311\"> </a></td><td>麻酔・疼痛・緩和医療科</td></tr><tr><td>2</td><td style=\"white-space:nowrap\">  312<a name=\"jp-department-ssmix-cs-312\"> </a></td><td>麻酔科蘇生科</td></tr><tr><td>2</td><td style=\"white-space:nowrap\">  313<a name=\"jp-department-ssmix-cs-313\"> </a></td><td>麻酔・疼痛科</td></tr><tr><td>2</td><td style=\"white-space:nowrap\">  31A<a name=\"jp-department-ssmix-cs-31A\"> </a></td><td>ペインクリニック科</td></tr><tr><td>2</td><td style=\"white-space:nowrap\">  331<a name=\"jp-department-ssmix-cs-331\"> </a></td><td>心身医学科</td></tr><tr><td>2</td><td style=\"white-space:nowrap\">  332<a name=\"jp-department-ssmix-cs-332\"> </a></td><td>心の内科</td></tr><tr><td>2</td><td style=\"white-space:nowrap\">  333<a name=\"jp-department-ssmix-cs-333\"> </a></td><td>こどものこころ診療</td></tr><tr><td>2</td><td style=\"white-space:nowrap\">  334<a name=\"jp-department-ssmix-cs-334\"> </a></td><td>小児精神科</td></tr><tr><td>2</td><td style=\"white-space:nowrap\">  34A<a name=\"jp-department-ssmix-cs-34A\"> </a></td><td>環境医学外来（アレルギー科）</td></tr><tr><td>2</td><td style=\"white-space:nowrap\">  34B<a name=\"jp-department-ssmix-cs-34B\"> </a></td><td>アレルギー内科</td></tr><tr><td>2</td><td style=\"white-space:nowrap\">  34C<a name=\"jp-department-ssmix-cs-34C\"> </a></td><td>アレルギー・免疫内科</td></tr><tr><td>2</td><td style=\"white-space:nowrap\">  34D<a name=\"jp-department-ssmix-cs-34D\"> </a></td><td>アレルギー・リウマチ内科</td></tr><tr><td>2</td><td style=\"white-space:nowrap\">  35A<a name=\"jp-department-ssmix-cs-35A\"> </a></td><td>リウマチ内科</td></tr><tr><td>2</td><td style=\"white-space:nowrap\">  35B<a name=\"jp-department-ssmix-cs-35B\"> </a></td><td>内分泌・リウマチ科</td></tr><tr><td>2</td><td style=\"white-space:nowrap\">  361<a name=\"jp-department-ssmix-cs-361\"> </a></td><td>言語療法科</td></tr><tr><td>2</td><td style=\"white-space:nowrap\">  362<a name=\"jp-department-ssmix-cs-362\"> </a></td><td>股体不自由リハビリテーション科</td></tr><tr><td>2</td><td style=\"white-space:nowrap\">  363<a name=\"jp-department-ssmix-cs-363\"> </a></td><td>内部障害リハビリテーション科</td></tr><tr><td>2</td><td style=\"white-space:nowrap\">  364<a name=\"jp-department-ssmix-cs-364\"> </a></td><td>理学療法科</td></tr><tr><td>2</td><td style=\"white-space:nowrap\">  365<a name=\"jp-department-ssmix-cs-365\"> </a></td><td>物理療法内科</td></tr><tr><td>2</td><td style=\"white-space:nowrap\">  391<a name=\"jp-department-ssmix-cs-391\"> </a></td><td>救命救急センター</td></tr><tr><td>2</td><td style=\"white-space:nowrap\">  392<a name=\"jp-department-ssmix-cs-392\"> </a></td><td>内科系救急科</td></tr><tr><td>2</td><td style=\"white-space:nowrap\">  393<a name=\"jp-department-ssmix-cs-393\"> </a></td><td>救急外科</td></tr><tr><td>2</td><td style=\"white-space:nowrap\">  394<a name=\"jp-department-ssmix-cs-394\"> </a></td><td>外科系救急科</td></tr><tr><td>2</td><td style=\"white-space:nowrap\">  398<a name=\"jp-department-ssmix-cs-398\"> </a></td><td>初期診療・救急科</td></tr><tr><td>2</td><td style=\"white-space:nowrap\">  41C<a name=\"jp-department-ssmix-cs-41C\"> </a></td><td>血液免疫科</td></tr><tr><td>2</td><td style=\"white-space:nowrap\">  41D<a name=\"jp-department-ssmix-cs-41D\"> </a></td><td>血液科</td></tr><tr><td>2</td><td style=\"white-space:nowrap\">  421<a name=\"jp-department-ssmix-cs-421\"> </a></td><td>無菌治療部</td></tr><tr><td>2</td><td style=\"white-space:nowrap\">  431<a name=\"jp-department-ssmix-cs-431\"> </a></td><td>血液浄化療法部</td></tr><tr><td>2</td><td style=\"white-space:nowrap\">  432<a name=\"jp-department-ssmix-cs-432\"> </a></td><td>透析治療部</td></tr><tr><td>2</td><td style=\"white-space:nowrap\">  471<a name=\"jp-department-ssmix-cs-471\"> </a></td><td>腫瘍内科</td></tr><tr><td>2</td><td style=\"white-space:nowrap\">  472<a name=\"jp-department-ssmix-cs-472\"> </a></td><td>化学療法部</td></tr><tr><td>2</td><td style=\"white-space:nowrap\">  473<a name=\"jp-department-ssmix-cs-473\"> </a></td><td>小児腫瘍科</td></tr><tr><td>2</td><td style=\"white-space:nowrap\">  474<a name=\"jp-department-ssmix-cs-474\"> </a></td><td>精神腫瘍外来</td></tr><tr><td>2</td><td style=\"white-space:nowrap\">  475<a name=\"jp-department-ssmix-cs-475\"> </a></td><td>免疫療法外来</td></tr><tr><td>2</td><td style=\"white-space:nowrap\">  476<a name=\"jp-department-ssmix-cs-476\"> </a></td><td>脳腫瘍診療部</td></tr><tr><td>2</td><td style=\"white-space:nowrap\">  48D<a name=\"jp-department-ssmix-cs-48D\"> </a></td><td>腎不全科</td></tr><tr><td>2</td><td style=\"white-space:nowrap\">  48E<a name=\"jp-department-ssmix-cs-48E\"> </a></td><td>腎移植科</td></tr><tr><td>2</td><td style=\"white-space:nowrap\">  491<a name=\"jp-department-ssmix-cs-491\"> </a></td><td>睡眠時無呼吸症候群外来</td></tr><tr><td>2</td><td style=\"white-space:nowrap\">  51A<a name=\"jp-department-ssmix-cs-51A\"> </a></td><td>予診科</td></tr><tr><td>2</td><td style=\"white-space:nowrap\">  51B<a name=\"jp-department-ssmix-cs-51B\"> </a></td><td>初診科</td></tr><tr><td>2</td><td style=\"white-space:nowrap\">  51G<a name=\"jp-department-ssmix-cs-51G\"> </a></td><td>総合内科</td></tr><tr><td>2</td><td style=\"white-space:nowrap\">  521<a name=\"jp-department-ssmix-cs-521\"> </a></td><td>光学医療診療部</td></tr><tr><td>2</td><td style=\"white-space:nowrap\">  53A<a name=\"jp-department-ssmix-cs-53A\"> </a></td><td>内分泌・代謝内科</td></tr><tr><td>2</td><td style=\"white-space:nowrap\">  54A<a name=\"jp-department-ssmix-cs-54A\"> </a></td><td>膠原病内科</td></tr><tr><td>2</td><td style=\"white-space:nowrap\">  54B<a name=\"jp-department-ssmix-cs-54B\"> </a></td><td>膠原病・アレルギ—内科</td></tr><tr><td>2</td><td style=\"white-space:nowrap\">  54C<a name=\"jp-department-ssmix-cs-54C\"> </a></td><td>膠原病・アレルギ—・リウマチ内科</td></tr><tr><td>2</td><td style=\"white-space:nowrap\">  54D<a name=\"jp-department-ssmix-cs-54D\"> </a></td><td>免疫・膠原病・感染症科</td></tr><tr><td>2</td><td style=\"white-space:nowrap\">  54E<a name=\"jp-department-ssmix-cs-54E\"> </a></td><td>膠原病・リウマチ内科</td></tr><tr><td>2</td><td style=\"white-space:nowrap\">  54F<a name=\"jp-department-ssmix-cs-54F\"> </a></td><td>膠原病・感染症内科</td></tr><tr><td>2</td><td style=\"white-space:nowrap\">  54G<a name=\"jp-department-ssmix-cs-54G\"> </a></td><td>免疫・膠原病内科</td></tr><tr><td>2</td><td style=\"white-space:nowrap\">  70A<a name=\"jp-department-ssmix-cs-70A\"> </a></td><td>消化管内科</td></tr><tr><td>2</td><td style=\"white-space:nowrap\">  72A<a name=\"jp-department-ssmix-cs-72A\"> </a></td><td>骨粗鬆症外来</td></tr><tr><td>2</td><td style=\"white-space:nowrap\">  731<a name=\"jp-department-ssmix-cs-731\"> </a></td><td>糖尿病科</td></tr><tr><td>2</td><td style=\"white-space:nowrap\">  73B<a name=\"jp-department-ssmix-cs-73B\"> </a></td><td>糖尿病・代謝内科</td></tr><tr><td>2</td><td style=\"white-space:nowrap\">  73C<a name=\"jp-department-ssmix-cs-73C\"> </a></td><td>糖尿病・内分泌内科</td></tr><tr><td>2</td><td style=\"white-space:nowrap\">  73D<a name=\"jp-department-ssmix-cs-73D\"> </a></td><td>糖尿病・代謝・内分泌内科</td></tr><tr><td>2</td><td style=\"white-space:nowrap\">  73F<a name=\"jp-department-ssmix-cs-73F\"> </a></td><td>肝臓・糖尿病・内分泌内科</td></tr><tr><td>2</td><td style=\"white-space:nowrap\">  73G<a name=\"jp-department-ssmix-cs-73G\"> </a></td><td>糖尿病・栄養内科</td></tr><tr><td>2</td><td style=\"white-space:nowrap\">  74A<a name=\"jp-department-ssmix-cs-74A\"> </a></td><td>腎・高血圧・脳血管科</td></tr><tr><td>2</td><td style=\"white-space:nowrap\">  74B<a name=\"jp-department-ssmix-cs-74B\"> </a></td><td>腎・高血圧・内分泌科</td></tr><tr><td>2</td><td style=\"white-space:nowrap\">  74C<a name=\"jp-department-ssmix-cs-74C\"> </a></td><td>腎臓・内分泌代謝内科</td></tr><tr><td>2</td><td style=\"white-space:nowrap\">  751<a name=\"jp-department-ssmix-cs-751\"> </a></td><td>感染症内科</td></tr><tr><td>2</td><td style=\"white-space:nowrap\">  752<a name=\"jp-department-ssmix-cs-752\"> </a></td><td>総合感染症科</td></tr><tr><td>2</td><td style=\"white-space:nowrap\">  753<a name=\"jp-department-ssmix-cs-753\"> </a></td><td>感染症管理治療部</td></tr><tr><td>2</td><td style=\"white-space:nowrap\">  754<a name=\"jp-department-ssmix-cs-754\"> </a></td><td>感染制御部</td></tr><tr><td>2</td><td style=\"white-space:nowrap\">  761<a name=\"jp-department-ssmix-cs-761\"> </a></td><td>漢方内科</td></tr><tr><td>2</td><td style=\"white-space:nowrap\">  762<a name=\"jp-department-ssmix-cs-762\"> </a></td><td>和漢診療科</td></tr><tr><td>2</td><td style=\"white-space:nowrap\">  771<a name=\"jp-department-ssmix-cs-771\"> </a></td><td>老年病内科</td></tr><tr><td>2</td><td style=\"white-space:nowrap\">  772<a name=\"jp-department-ssmix-cs-772\"> </a></td><td>老人科</td></tr><tr><td>2</td><td style=\"white-space:nowrap\">  79A<a name=\"jp-department-ssmix-cs-79A\"> </a></td><td>脳血管内治療科</td></tr><tr><td>2</td><td style=\"white-space:nowrap\">  7A1<a name=\"jp-department-ssmix-cs-7A1\"> </a></td><td>消化管外科</td></tr><tr><td>2</td><td style=\"white-space:nowrap\">  7B1<a name=\"jp-department-ssmix-cs-7B1\"> </a></td><td>食道外科</td></tr><tr><td>2</td><td style=\"white-space:nowrap\">  7B2<a name=\"jp-department-ssmix-cs-7B2\"> </a></td><td>食道・胃腸外科</td></tr><tr><td>2</td><td style=\"white-space:nowrap\">  7B3<a name=\"jp-department-ssmix-cs-7B3\"> </a></td><td>胃・食道外科</td></tr><tr><td>2</td><td style=\"white-space:nowrap\">  7B4<a name=\"jp-department-ssmix-cs-7B4\"> </a></td><td>胃腸外科</td></tr><tr><td>2</td><td style=\"white-space:nowrap\">  7B5<a name=\"jp-department-ssmix-cs-7B5\"> </a></td><td>胃外科</td></tr><tr><td>2</td><td style=\"white-space:nowrap\">  7C1<a name=\"jp-department-ssmix-cs-7C1\"> </a></td><td>大腸外科</td></tr><tr><td>2</td><td style=\"white-space:nowrap\">  7C2<a name=\"jp-department-ssmix-cs-7C2\"> </a></td><td>大腸・肛門外科</td></tr><tr><td>2</td><td style=\"white-space:nowrap\">  801<a name=\"jp-department-ssmix-cs-801\"> </a></td><td>肝胆外科</td></tr><tr><td>2</td><td style=\"white-space:nowrap\">  802<a name=\"jp-department-ssmix-cs-802\"> </a></td><td>肝胆膵・移植外科</td></tr><tr><td>2</td><td style=\"white-space:nowrap\">  811<a name=\"jp-department-ssmix-cs-811\"> </a></td><td>移植・再建・内視鏡外科</td></tr><tr><td>2</td><td style=\"white-space:nowrap\">  812<a name=\"jp-department-ssmix-cs-812\"> </a></td><td>人工臓器移植外科</td></tr><tr><td>2</td><td style=\"white-space:nowrap\">  813<a name=\"jp-department-ssmix-cs-813\"> </a></td><td>移植診療部</td></tr><tr><td>2</td><td style=\"white-space:nowrap\">  814<a name=\"jp-department-ssmix-cs-814\"> </a></td><td>骨バンク</td></tr><tr><td>2</td><td style=\"white-space:nowrap\">  821<a name=\"jp-department-ssmix-cs-821\"> </a></td><td>乳腺内分泌外科</td></tr><tr><td>2</td><td style=\"white-space:nowrap\">  822<a name=\"jp-department-ssmix-cs-822\"> </a></td><td>乳腺・甲状腺外科</td></tr><tr><td>2</td><td style=\"white-space:nowrap\">  823<a name=\"jp-department-ssmix-cs-823\"> </a></td><td>乳腺・内分泌外科</td></tr><tr><td>2</td><td style=\"white-space:nowrap\">  824<a name=\"jp-department-ssmix-cs-824\"> </a></td><td>ブレストセンター</td></tr><tr><td>2</td><td style=\"white-space:nowrap\">  831<a name=\"jp-department-ssmix-cs-831\"> </a></td><td>緩和ケア相談</td></tr><tr><td>2</td><td style=\"white-space:nowrap\">  832<a name=\"jp-department-ssmix-cs-832\"> </a></td><td>緩和医療</td></tr><tr><td>2</td><td style=\"white-space:nowrap\">  833<a name=\"jp-department-ssmix-cs-833\"> </a></td><td>地域包括緩和ケア</td></tr><tr><td>2</td><td style=\"white-space:nowrap\">  851<a name=\"jp-department-ssmix-cs-851\"> </a></td><td>ゲノム診療部</td></tr><tr><td>2</td><td style=\"white-space:nowrap\">  861<a name=\"jp-department-ssmix-cs-861\"> </a></td><td>顎口腔外科</td></tr><tr><td>2</td><td style=\"white-space:nowrap\">  862<a name=\"jp-department-ssmix-cs-862\"> </a></td><td>顎顔面再建科</td></tr><tr><td>2</td><td style=\"white-space:nowrap\">  863<a name=\"jp-department-ssmix-cs-863\"> </a></td><td>顎機能科</td></tr><tr><td>2</td><td style=\"white-space:nowrap\">  864<a name=\"jp-department-ssmix-cs-864\"> </a></td><td>顎検査科</td></tr><tr><td>2</td><td style=\"white-space:nowrap\">  865<a name=\"jp-department-ssmix-cs-865\"> </a></td><td>顎歯科</td></tr><tr><td>2</td><td style=\"white-space:nowrap\">  866<a name=\"jp-department-ssmix-cs-866\"> </a></td><td>顔面口腔外科</td></tr><tr><td>2</td><td style=\"white-space:nowrap\">  867<a name=\"jp-department-ssmix-cs-867\"> </a></td><td>顔面外科</td></tr><tr><td>2</td><td style=\"white-space:nowrap\">  86A<a name=\"jp-department-ssmix-cs-86A\"> </a></td><td>口腔診療科</td></tr><tr><td>2</td><td style=\"white-space:nowrap\">  86D<a name=\"jp-department-ssmix-cs-86D\"> </a></td><td>口腔総合診療科</td></tr><tr><td>2</td><td style=\"white-space:nowrap\">  86E<a name=\"jp-department-ssmix-cs-86E\"> </a></td><td>口腔画像診断科</td></tr><tr><td>2</td><td style=\"white-space:nowrap\">  86F<a name=\"jp-department-ssmix-cs-86F\"> </a></td><td>口腔機能回復科</td></tr><tr><td>2</td><td style=\"white-space:nowrap\">  86G<a name=\"jp-department-ssmix-cs-86G\"> </a></td><td>口腔診断科</td></tr><tr><td>2</td><td style=\"white-space:nowrap\">  86H<a name=\"jp-department-ssmix-cs-86H\"> </a></td><td>口腔言語科</td></tr><tr><td>2</td><td style=\"white-space:nowrap\">  882<a name=\"jp-department-ssmix-cs-882\"> </a></td><td>保健診療部</td></tr><tr><td>2</td><td style=\"white-space:nowrap\">  883<a name=\"jp-department-ssmix-cs-883\"> </a></td><td>メディカルフィットネス</td></tr><tr><td>2</td><td style=\"white-space:nowrap\">  8D2<a name=\"jp-department-ssmix-cs-8D2\"> </a></td><td>デイ・サージェリー</td></tr><tr><td>2</td><td style=\"white-space:nowrap\">  8E1<a name=\"jp-department-ssmix-cs-8E1\"> </a></td><td>薬剤情報部</td></tr><tr><td>2</td><td style=\"white-space:nowrap\">  8E2<a name=\"jp-department-ssmix-cs-8E2\"> </a></td><td>臨床薬理内科</td></tr><tr><td>2</td><td style=\"white-space:nowrap\">  901<a name=\"jp-department-ssmix-cs-901\"> </a></td><td>歯科顎口腔外科</td></tr><tr><td>2</td><td style=\"white-space:nowrap\">  902<a name=\"jp-department-ssmix-cs-902\"> </a></td><td>歯科口腔外科</td></tr><tr><td>2</td><td style=\"white-space:nowrap\">  903<a name=\"jp-department-ssmix-cs-903\"> </a></td><td>矯正歯科</td></tr><tr><td>2</td><td style=\"white-space:nowrap\">  904<a name=\"jp-department-ssmix-cs-904\"> </a></td><td>歯周科</td></tr><tr><td>2</td><td style=\"white-space:nowrap\">  905<a name=\"jp-department-ssmix-cs-905\"> </a></td><td>歯内治療科</td></tr><tr><td>2</td><td style=\"white-space:nowrap\">  906<a name=\"jp-department-ssmix-cs-906\"> </a></td><td>小児歯科</td></tr><tr><td>2</td><td style=\"white-space:nowrap\">  907<a name=\"jp-department-ssmix-cs-907\"> </a></td><td>障害歯科</td></tr><tr><td>2</td><td style=\"white-space:nowrap\">  908<a name=\"jp-department-ssmix-cs-908\"> </a></td><td>クラウン補綴科</td></tr><tr><td>2</td><td style=\"white-space:nowrap\">  909<a name=\"jp-department-ssmix-cs-909\"> </a></td><td>特殊歯科</td></tr><tr><td>2</td><td style=\"white-space:nowrap\">  90A<a name=\"jp-department-ssmix-cs-90A\"> </a></td><td>虫歯科</td></tr><tr><td>2</td><td style=\"white-space:nowrap\">  90B<a name=\"jp-department-ssmix-cs-90B\"> </a></td><td>医学支援歯科</td></tr><tr><td>2</td><td style=\"white-space:nowrap\">  90C<a name=\"jp-department-ssmix-cs-90C\"> </a></td><td>全身管理歯科</td></tr><tr><td>2</td><td style=\"white-space:nowrap\">  90D<a name=\"jp-department-ssmix-cs-90D\"> </a></td><td>総合歯科</td></tr><tr><td>2</td><td style=\"white-space:nowrap\">  90E<a name=\"jp-department-ssmix-cs-90E\"> </a></td><td>保存修復歯科</td></tr><tr><td>2</td><td style=\"white-space:nowrap\">  90F<a name=\"jp-department-ssmix-cs-90F\"> </a></td><td>予防歯科</td></tr><tr><td>2</td><td style=\"white-space:nowrap\">  90G<a name=\"jp-department-ssmix-cs-90G\"> </a></td><td>咬合修復科</td></tr><tr><td>2</td><td style=\"white-space:nowrap\">  90H<a name=\"jp-department-ssmix-cs-90H\"> </a></td><td>審美歯科</td></tr><tr><td>2</td><td style=\"white-space:nowrap\">  90J<a name=\"jp-department-ssmix-cs-90J\"> </a></td><td>義歯科</td></tr><tr><td>2</td><td style=\"white-space:nowrap\">  90K<a name=\"jp-department-ssmix-cs-90K\"> </a></td><td>義歯補綴科</td></tr><tr><td>2</td><td style=\"white-space:nowrap\">  90L<a name=\"jp-department-ssmix-cs-90L\"> </a></td><td>インプラント歯科</td></tr><tr><td>2</td><td style=\"white-space:nowrap\">  90M<a name=\"jp-department-ssmix-cs-90M\"> </a></td><td>高齢歯科</td></tr><tr><td>2</td><td style=\"white-space:nowrap\">  90N<a name=\"jp-department-ssmix-cs-90N\"> </a></td><td>小児咬合障害科</td></tr><tr><td>2</td><td style=\"white-space:nowrap\">  90P<a name=\"jp-department-ssmix-cs-90P\"> </a></td><td>歯科麻酔科</td></tr><tr><td>2</td><td style=\"white-space:nowrap\">  90R<a name=\"jp-department-ssmix-cs-90R\"> </a></td><td>歯科X線科</td></tr><tr><td>2</td><td style=\"white-space:nowrap\">  90S<a name=\"jp-department-ssmix-cs-90S\"> </a></td><td>健康歯科</td></tr><tr><td>2</td><td style=\"white-space:nowrap\">  90T<a name=\"jp-department-ssmix-cs-90T\"> </a></td><td>歯科予診</td></tr><tr><td>2</td><td style=\"white-space:nowrap\">  981<a name=\"jp-department-ssmix-cs-981\"> </a></td><td>病歴部</td></tr><tr><td>2</td><td style=\"white-space:nowrap\">  982<a name=\"jp-department-ssmix-cs-982\"> </a></td><td>事務</td></tr><tr><td>2</td><td style=\"white-space:nowrap\">  983<a name=\"jp-department-ssmix-cs-983\"> </a></td><td>医療社会福祉部</td></tr></table></div>"
  },
  "url": "http://jpfhir.jp/fhir/Common/CodeSystem/JP_Department_SsMix_CS",
  "identifier": [
    {
      "system": "urn:ietf:rfc:3986",
      "value": "urn:oid:1.2.392.100495.20.2.51"
    }
  ],
  "version": "1.1.0a",
  "name": "JP_Department_SsMix_CS",
  "title": "JP Core Department SS-MIX CodeSystem",
  "status": "draft",
  "date": "2022-09-07T10:55:00+00:00",
  "publisher": "FHIR Japanese implementation research working group in Japan Association of Medical Informatics (JAMI)",
  "contact": [
    {
      "name": "FHIR Japanese implementation research working group in Japan Association of Medical Informatics (JAMI)",
      "telecom": [
        {
          "system": "url",
          "value": "http://jpfhir.jp"
        },
        {
          "system": "email",
          "value": "office@hlfhir.jp"
        }
      ]
    }
  ],
  "description": "SS-MIX統一診療科コード",
  "jurisdiction": [
    {
      "coding": [
        {
          "system": "urn:iso:std:iso:3166",
          "code": "JP"
        }
      ]
    }
  ],
  "copyright": "FHIR Japanese implementation research working group in Japan Association of Medical Informatics (JAMI)",
  "caseSensitive": true,
  "content": "complete",
  "count": 322,
  "concept": [
    {
      "code": "2Digits",
      "display": "２桁診療科",
      "concept": [
        {
          "code": "01",
          "display": "内科"
        },
        {
          "code": "02",
          "display": "精神科"
        },
        {
          "code": "03",
          "display": "神経科"
        },
        {
          "code": "04",
          "display": "神経内科"
        },
        {
          "code": "05",
          "display": "呼吸器科"
        },
        {
          "code": "06",
          "display": "消化器科"
        },
        {
          "code": "07",
          "display": "胃腸科"
        },
        {
          "code": "08",
          "display": "循環器科"
        },
        {
          "code": "09",
          "display": "小児科"
        },
        {
          "code": "10",
          "display": "外科"
        },
        {
          "code": "11",
          "display": "整形外科"
        },
        {
          "code": "12",
          "display": "形成外科"
        },
        {
          "code": "13",
          "display": "美容外科"
        },
        {
          "code": "14",
          "display": "脳神経外科"
        },
        {
          "code": "15",
          "display": "呼吸器外科"
        },
        {
          "code": "16",
          "display": "心臓血管外科"
        },
        {
          "code": "17",
          "display": "小児外科"
        },
        {
          "code": "18",
          "display": "皮膚泌尿器科"
        },
        {
          "code": "19",
          "display": "皮膚科"
        },
        {
          "code": "20",
          "display": "泌尿器科"
        },
        {
          "code": "21",
          "display": "性病科"
        },
        {
          "code": "22",
          "display": "肛門科"
        },
        {
          "code": "23",
          "display": "産婦人科"
        },
        {
          "code": "24",
          "display": "産科"
        },
        {
          "code": "25",
          "display": "婦人科"
        },
        {
          "code": "26",
          "display": "眼科"
        },
        {
          "code": "27",
          "display": "耳鼻咽喉科"
        },
        {
          "code": "28",
          "display": "気管食道科"
        },
        {
          "code": "30",
          "display": "放射線科"
        },
        {
          "code": "31",
          "display": "麻酔科"
        },
        {
          "code": "33",
          "display": "心療内科"
        },
        {
          "code": "34",
          "display": "アレルギー科"
        },
        {
          "code": "35",
          "display": "リウマチ科"
        },
        {
          "code": "36",
          "display": "リハビリテーション科"
        },
        {
          "code": "37",
          "display": "病理診断科"
        },
        {
          "code": "38",
          "display": "臨床検査科"
        },
        {
          "code": "39",
          "display": "救急科"
        },
        {
          "code": "40",
          "display": "遺伝科"
        },
        {
          "code": "41",
          "display": "血液内科"
        },
        {
          "code": "42",
          "display": "血液腫瘍内科"
        },
        {
          "code": "43",
          "display": "血液透析科"
        },
        {
          "code": "44",
          "display": "健診科"
        },
        {
          "code": "45",
          "display": "呼吸器内科"
        },
        {
          "code": "46",
          "display": "在宅診療科"
        },
        {
          "code": "47",
          "display": "腫瘍診療科"
        },
        {
          "code": "48",
          "display": "腎臓内科"
        },
        {
          "code": "49",
          "display": "睡眠診療部"
        },
        {
          "code": "50",
          "display": "精神神経科"
        },
        {
          "code": "51",
          "display": "総合診療科"
        },
        {
          "code": "52",
          "display": "内視鏡診療部"
        },
        {
          "code": "53",
          "display": "内分泌・代謝科"
        },
        {
          "code": "54",
          "display": "膠原病科"
        },
        {
          "code": "70",
          "display": "消化器内科"
        },
        {
          "code": "71",
          "display": "内分泌内科"
        },
        {
          "code": "72",
          "display": "代謝内科"
        },
        {
          "code": "73",
          "display": "糖尿病内科"
        },
        {
          "code": "74",
          "display": "腎臓・内分泌内科"
        },
        {
          "code": "75",
          "display": "感染症科"
        },
        {
          "code": "76",
          "display": "漢方科"
        },
        {
          "code": "77",
          "display": "老年科"
        },
        {
          "code": "78",
          "display": "血管外科"
        },
        {
          "code": "79",
          "display": "血管内治療科"
        },
        {
          "code": "7A",
          "display": "消化器外科"
        },
        {
          "code": "7B",
          "display": "上部消化管外科"
        },
        {
          "code": "7C",
          "display": "下部消化管外科"
        },
        {
          "code": "80",
          "display": "肝胆膵外科"
        },
        {
          "code": "81",
          "display": "移植外科"
        },
        {
          "code": "82",
          "display": "乳腺外科"
        },
        {
          "code": "83",
          "display": "緩和ケア科"
        },
        {
          "code": "84",
          "display": "集中治療部"
        },
        {
          "code": "85",
          "display": "遺伝子診療部"
        },
        {
          "code": "86",
          "display": "顎口腔診療科"
        },
        {
          "code": "87",
          "display": "輸血診療部"
        },
        {
          "code": "88",
          "display": "予防医学診療部"
        },
        {
          "code": "89",
          "display": "予防接種科"
        },
        {
          "code": "8A",
          "display": "先端医療開発診療"
        },
        {
          "code": "8B",
          "display": "分子診療・細胞治療"
        },
        {
          "code": "8C",
          "display": "特殊外来"
        },
        {
          "code": "8D",
          "display": "手術部"
        },
        {
          "code": "8E",
          "display": "薬剤部"
        },
        {
          "code": "8G",
          "display": "栄養指導科"
        },
        {
          "code": "8H",
          "display": "看護部"
        },
        {
          "code": "8J",
          "display": "地域医療連携部"
        },
        {
          "code": "8K",
          "display": "治験センター"
        },
        {
          "code": "90",
          "display": "歯科"
        },
        {
          "code": "98",
          "display": "医事・事務"
        },
        {
          "code": "9Z",
          "display": "その他"
        }
      ]
    },
    {
      "code": "3Digits",
      "display": "３桁診療科",
      "concept": [
        {
          "code": "011",
          "display": "第１内科"
        },
        {
          "code": "012",
          "display": "第２内科"
        },
        {
          "code": "013",
          "display": "第３内科"
        },
        {
          "code": "014",
          "display": "第４内科"
        },
        {
          "code": "018",
          "display": "一般内科"
        },
        {
          "code": "01A",
          "display": "被爆放射線医療内科"
        },
        {
          "code": "021",
          "display": "精神科・心の診療科"
        },
        {
          "code": "022",
          "display": "精神科デイケア"
        },
        {
          "code": "04A",
          "display": "てんかん科"
        },
        {
          "code": "04B",
          "display": "もの忘れ科"
        },
        {
          "code": "04C",
          "display": "高次脳機能障害科"
        },
        {
          "code": "04D",
          "display": "頭痛外来"
        },
        {
          "code": "04E",
          "display": "脳卒中外来"
        },
        {
          "code": "051",
          "display": "呼吸器・アレルギー科"
        },
        {
          "code": "052",
          "display": "呼吸器・感染症内科"
        },
        {
          "code": "05A",
          "display": "せき外来"
        },
        {
          "code": "05B",
          "display": "禁煙外来"
        },
        {
          "code": "061",
          "display": "肝臓内科"
        },
        {
          "code": "062",
          "display": "肝胆膵科"
        },
        {
          "code": "063",
          "display": "膵臓内科"
        },
        {
          "code": "064",
          "display": "胆道・膵臓内科"
        },
        {
          "code": "06A",
          "display": "肝臓病科"
        },
        {
          "code": "06B",
          "display": "脂肪肝外来"
        },
        {
          "code": "07A",
          "display": "炎症性腸疾患外来"
        },
        {
          "code": "07B",
          "display": "ピロリ菌外来"
        },
        {
          "code": "081",
          "display": "循環器内科"
        },
        {
          "code": "082",
          "display": "冠動脈疾患治療部"
        },
        {
          "code": "083",
          "display": "リンパ科"
        },
        {
          "code": "091",
          "display": "小児科周産母子"
        },
        {
          "code": "092",
          "display": "新生児科"
        },
        {
          "code": "093",
          "display": "小児循環器科"
        },
        {
          "code": "094",
          "display": "小児神経科"
        },
        {
          "code": "095",
          "display": "未熟児センター"
        },
        {
          "code": "096",
          "display": "ＮＩＣＵ"
        },
        {
          "code": "097",
          "display": "ＧＣＵ"
        },
        {
          "code": "09A",
          "display": "成長発達外来"
        },
        {
          "code": "101",
          "display": "第１外科"
        },
        {
          "code": "102",
          "display": "第２外科"
        },
        {
          "code": "103",
          "display": "第３外科"
        },
        {
          "code": "105",
          "display": "一般外科"
        },
        {
          "code": "106",
          "display": "総合外科"
        },
        {
          "code": "107",
          "display": "病態外科"
        },
        {
          "code": "10A",
          "display": "被爆放射線医療外科"
        },
        {
          "code": "111",
          "display": "整形外科・脊椎外科"
        },
        {
          "code": "112",
          "display": "脊椎外科"
        },
        {
          "code": "113",
          "display": "ロコモティブ外来"
        },
        {
          "code": "114",
          "display": "人工関節センター"
        },
        {
          "code": "115",
          "display": "装具外来"
        },
        {
          "code": "116",
          "display": "アスリート診療"
        },
        {
          "code": "117",
          "display": "スポーツ医学"
        },
        {
          "code": "119",
          "display": "関節外科"
        },
        {
          "code": "11A",
          "display": "手外科"
        },
        {
          "code": "121",
          "display": "形成外科・美容外科"
        },
        {
          "code": "122",
          "display": "再建外科"
        },
        {
          "code": "141",
          "display": "脳腫瘍科"
        },
        {
          "code": "162",
          "display": "心臓外科"
        },
        {
          "code": "163",
          "display": "胸部外科"
        },
        {
          "code": "164",
          "display": "循環器外科"
        },
        {
          "code": "165",
          "display": "心臓・人工臓器外科"
        },
        {
          "code": "171",
          "display": "小児外科（周産母子）"
        },
        {
          "code": "191",
          "display": "皮膚科・レーザ科"
        },
        {
          "code": "192",
          "display": "紫外線外来"
        },
        {
          "code": "201",
          "display": "泌尿器科・男性科"
        },
        {
          "code": "202",
          "display": "コンチネンス外来"
        },
        {
          "code": "221",
          "display": "ストマケア外来"
        },
        {
          "code": "230",
          "display": "産科婦人科"
        },
        {
          "code": "231",
          "display": "女性外科"
        },
        {
          "code": "241",
          "display": "助産師外来"
        },
        {
          "code": "251",
          "display": "不妊内分泌科"
        },
        {
          "code": "252",
          "display": "周産科"
        },
        {
          "code": "253",
          "display": "周産期母性科"
        },
        {
          "code": "254",
          "display": "婦人周産期科"
        },
        {
          "code": "255",
          "display": "腹腔鏡外来"
        },
        {
          "code": "25A",
          "display": "女性科"
        },
        {
          "code": "25B",
          "display": "女性外来"
        },
        {
          "code": "25C",
          "display": "女性診療科・産科"
        },
        {
          "code": "261",
          "display": "眼科・視覚矯正科"
        },
        {
          "code": "262",
          "display": "白内障外来"
        },
        {
          "code": "263",
          "display": "コンタクトレンズ外来"
        },
        {
          "code": "264",
          "display": "ドライアイ外来"
        },
        {
          "code": "265",
          "display": "ぶどう膜炎外来"
        },
        {
          "code": "266",
          "display": "角膜・眼アレルギー外来"
        },
        {
          "code": "267",
          "display": "網膜疾患外来"
        },
        {
          "code": "26A",
          "display": "角膜移植部"
        },
        {
          "code": "271",
          "display": "耳鼻咽喉科・神経耳科"
        },
        {
          "code": "272",
          "display": "耳鼻咽喉・頭頸部外科"
        },
        {
          "code": "273",
          "display": "困難気道外来"
        },
        {
          "code": "274",
          "display": "頭頸部科"
        },
        {
          "code": "301",
          "display": "放射線部"
        },
        {
          "code": "302",
          "display": "放射線診断科"
        },
        {
          "code": "303",
          "display": "放射線画像診断・ＩＶＲ科"
        },
        {
          "code": "304",
          "display": "核医学科"
        },
        {
          "code": "30B",
          "display": "放射線治療科"
        },
        {
          "code": "30C",
          "display": "Ｘ線科"
        },
        {
          "code": "311",
          "display": "麻酔・疼痛・緩和医療科"
        },
        {
          "code": "312",
          "display": "麻酔科蘇生科"
        },
        {
          "code": "313",
          "display": "麻酔・疼痛科"
        },
        {
          "code": "31A",
          "display": "ペインクリニック科"
        },
        {
          "code": "331",
          "display": "心身医学科"
        },
        {
          "code": "332",
          "display": "心の内科"
        },
        {
          "code": "333",
          "display": "こどものこころ診療"
        },
        {
          "code": "334",
          "display": "小児精神科"
        },
        {
          "code": "34A",
          "display": "環境医学外来（アレルギー科）"
        },
        {
          "code": "34B",
          "display": "アレルギー内科"
        },
        {
          "code": "34C",
          "display": "アレルギー・免疫内科"
        },
        {
          "code": "34D",
          "display": "アレルギー・リウマチ内科"
        },
        {
          "code": "35A",
          "display": "リウマチ内科"
        },
        {
          "code": "35B",
          "display": "内分泌・リウマチ科"
        },
        {
          "code": "361",
          "display": "言語療法科"
        },
        {
          "code": "362",
          "display": "股体不自由リハビリテーション科"
        },
        {
          "code": "363",
          "display": "内部障害リハビリテーション科"
        },
        {
          "code": "364",
          "display": "理学療法科"
        },
        {
          "code": "365",
          "display": "物理療法内科"
        },
        {
          "code": "391",
          "display": "救命救急センター"
        },
        {
          "code": "392",
          "display": "内科系救急科"
        },
        {
          "code": "393",
          "display": "救急外科"
        },
        {
          "code": "394",
          "display": "外科系救急科"
        },
        {
          "code": "398",
          "display": "初期診療・救急科"
        },
        {
          "code": "41C",
          "display": "血液免疫科"
        },
        {
          "code": "41D",
          "display": "血液科"
        },
        {
          "code": "421",
          "display": "無菌治療部"
        },
        {
          "code": "431",
          "display": "血液浄化療法部"
        },
        {
          "code": "432",
          "display": "透析治療部"
        },
        {
          "code": "471",
          "display": "腫瘍内科"
        },
        {
          "code": "472",
          "display": "化学療法部"
        },
        {
          "code": "473",
          "display": "小児腫瘍科"
        },
        {
          "code": "474",
          "display": "精神腫瘍外来"
        },
        {
          "code": "475",
          "display": "免疫療法外来"
        },
        {
          "code": "476",
          "display": "脳腫瘍診療部"
        },
        {
          "code": "48D",
          "display": "腎不全科"
        },
        {
          "code": "48E",
          "display": "腎移植科"
        },
        {
          "code": "491",
          "display": "睡眠時無呼吸症候群外来"
        },
        {
          "code": "51A",
          "display": "予診科"
        },
        {
          "code": "51B",
          "display": "初診科"
        },
        {
          "code": "51G",
          "display": "総合内科"
        },
        {
          "code": "521",
          "display": "光学医療診療部"
        },
        {
          "code": "53A",
          "display": "内分泌・代謝内科"
        },
        {
          "code": "54A",
          "display": "膠原病内科"
        },
        {
          "code": "54B",
          "display": "膠原病・アレルギ—内科"
        },
        {
          "code": "54C",
          "display": "膠原病・アレルギ—・リウマチ内科"
        },
        {
          "code": "54D",
          "display": "免疫・膠原病・感染症科"
        },
        {
          "code": "54E",
          "display": "膠原病・リウマチ内科"
        },
        {
          "code": "54F",
          "display": "膠原病・感染症内科"
        },
        {
          "code": "54G",
          "display": "免疫・膠原病内科"
        },
        {
          "code": "70A",
          "display": "消化管内科"
        },
        {
          "code": "72A",
          "display": "骨粗鬆症外来"
        },
        {
          "code": "731",
          "display": "糖尿病科"
        },
        {
          "code": "73B",
          "display": "糖尿病・代謝内科"
        },
        {
          "code": "73C",
          "display": "糖尿病・内分泌内科"
        },
        {
          "code": "73D",
          "display": "糖尿病・代謝・内分泌内科"
        },
        {
          "code": "73F",
          "display": "肝臓・糖尿病・内分泌内科"
        },
        {
          "code": "73G",
          "display": "糖尿病・栄養内科"
        },
        {
          "code": "74A",
          "display": "腎・高血圧・脳血管科"
        },
        {
          "code": "74B",
          "display": "腎・高血圧・内分泌科"
        },
        {
          "code": "74C",
          "display": "腎臓・内分泌代謝内科"
        },
        {
          "code": "751",
          "display": "感染症内科"
        },
        {
          "code": "752",
          "display": "総合感染症科"
        },
        {
          "code": "753",
          "display": "感染症管理治療部"
        },
        {
          "code": "754",
          "display": "感染制御部"
        },
        {
          "code": "761",
          "display": "漢方内科"
        },
        {
          "code": "762",
          "display": "和漢診療科"
        },
        {
          "code": "771",
          "display": "老年病内科"
        },
        {
          "code": "772",
          "display": "老人科"
        },
        {
          "code": "79A",
          "display": "脳血管内治療科"
        },
        {
          "code": "7A1",
          "display": "消化管外科"
        },
        {
          "code": "7B1",
          "display": "食道外科"
        },
        {
          "code": "7B2",
          "display": "食道・胃腸外科"
        },
        {
          "code": "7B3",
          "display": "胃・食道外科"
        },
        {
          "code": "7B4",
          "display": "胃腸外科"
        },
        {
          "code": "7B5",
          "display": "胃外科"
        },
        {
          "code": "7C1",
          "display": "大腸外科"
        },
        {
          "code": "7C2",
          "display": "大腸・肛門外科"
        },
        {
          "code": "801",
          "display": "肝胆外科"
        },
        {
          "code": "802",
          "display": "肝胆膵・移植外科"
        },
        {
          "code": "811",
          "display": "移植・再建・内視鏡外科"
        },
        {
          "code": "812",
          "display": "人工臓器移植外科"
        },
        {
          "code": "813",
          "display": "移植診療部"
        },
        {
          "code": "814",
          "display": "骨バンク"
        },
        {
          "code": "821",
          "display": "乳腺内分泌外科"
        },
        {
          "code": "822",
          "display": "乳腺・甲状腺外科"
        },
        {
          "code": "823",
          "display": "乳腺・内分泌外科"
        },
        {
          "code": "824",
          "display": "ブレストセンター"
        },
        {
          "code": "831",
          "display": "緩和ケア相談"
        },
        {
          "code": "832",
          "display": "緩和医療"
        },
        {
          "code": "833",
          "display": "地域包括緩和ケア"
        },
        {
          "code": "851",
          "display": "ゲノム診療部"
        },
        {
          "code": "861",
          "display": "顎口腔外科"
        },
        {
          "code": "862",
          "display": "顎顔面再建科"
        },
        {
          "code": "863",
          "display": "顎機能科"
        },
        {
          "code": "864",
          "display": "顎検査科"
        },
        {
          "code": "865",
          "display": "顎歯科"
        },
        {
          "code": "866",
          "display": "顔面口腔外科"
        },
        {
          "code": "867",
          "display": "顔面外科"
        },
        {
          "code": "86A",
          "display": "口腔診療科"
        },
        {
          "code": "86D",
          "display": "口腔総合診療科"
        },
        {
          "code": "86E",
          "display": "口腔画像診断科"
        },
        {
          "code": "86F",
          "display": "口腔機能回復科"
        },
        {
          "code": "86G",
          "display": "口腔診断科"
        },
        {
          "code": "86H",
          "display": "口腔言語科"
        },
        {
          "code": "882",
          "display": "保健診療部"
        },
        {
          "code": "883",
          "display": "メディカルフィットネス"
        },
        {
          "code": "8D2",
          "display": "デイ・サージェリー"
        },
        {
          "code": "8E1",
          "display": "薬剤情報部"
        },
        {
          "code": "8E2",
          "display": "臨床薬理内科"
        },
        {
          "code": "901",
          "display": "歯科顎口腔外科"
        },
        {
          "code": "902",
          "display": "歯科口腔外科"
        },
        {
          "code": "903",
          "display": "矯正歯科"
        },
        {
          "code": "904",
          "display": "歯周科"
        },
        {
          "code": "905",
          "display": "歯内治療科"
        },
        {
          "code": "906",
          "display": "小児歯科"
        },
        {
          "code": "907",
          "display": "障害歯科"
        },
        {
          "code": "908",
          "display": "クラウン補綴科"
        },
        {
          "code": "909",
          "display": "特殊歯科"
        },
        {
          "code": "90A",
          "display": "虫歯科"
        },
        {
          "code": "90B",
          "display": "医学支援歯科"
        },
        {
          "code": "90C",
          "display": "全身管理歯科"
        },
        {
          "code": "90D",
          "display": "総合歯科"
        },
        {
          "code": "90E",
          "display": "保存修復歯科"
        },
        {
          "code": "90F",
          "display": "予防歯科"
        },
        {
          "code": "90G",
          "display": "咬合修復科"
        },
        {
          "code": "90H",
          "display": "審美歯科"
        },
        {
          "code": "90J",
          "display": "義歯科"
        },
        {
          "code": "90K",
          "display": "義歯補綴科"
        },
        {
          "code": "90L",
          "display": "インプラント歯科"
        },
        {
          "code": "90M",
          "display": "高齢歯科"
        },
        {
          "code": "90N",
          "display": "小児咬合障害科"
        },
        {
          "code": "90P",
          "display": "歯科麻酔科"
        },
        {
          "code": "90R",
          "display": "歯科X線科"
        },
        {
          "code": "90S",
          "display": "健康歯科"
        },
        {
          "code": "90T",
          "display": "歯科予診"
        },
        {
          "code": "981",
          "display": "病歴部"
        },
        {
          "code": "982",
          "display": "事務"
        },
        {
          "code": "983",
          "display": "医療社会福祉部"
        }
      ]
    }
  ]
}