{
  "resourceType": "CodeSystem",
  "id": "jp-observation-socialhistory-code-cs",
  "text": {
    "status": "generated",
    "div": "<div xmlns=\"http://www.w3.org/1999/xhtml\"><p>This code system http://jpfhir.jp/fhir/Common/CodeSystem/JP_ObservationSocialHistoryCode_CS defines the following codes:</p><table class=\"codes\"><tr><td style=\"white-space:nowrap\"><b>Code</b></td><td><b>Display</b></td><td><b>Definition</b></td></tr><tr><td style=\"white-space:nowrap\">MD0012770<a name=\"jp-observation-socialhistory-code-cs-MD0012770\"> </a></td><td>出生地</td><td>出生地（都道府県、市町村名など）</td></tr><tr><td style=\"white-space:nowrap\">MD0012780<a name=\"jp-observation-socialhistory-code-cs-MD0012780\"> </a></td><td>主な居住地歴</td><td>居住地（都道府県、市町村名など）のリスト</td></tr><tr><td style=\"white-space:nowrap\">MD0012790<a name=\"jp-observation-socialhistory-code-cs-MD0012790\"> </a></td><td>家庭環境</td><td>家庭環境の記述</td></tr><tr><td style=\"white-space:nowrap\">MD0012800<a name=\"jp-observation-socialhistory-code-cs-MD0012800\"> </a></td><td>学業歴</td><td>最終学歴を表す文字列</td></tr><tr><td style=\"white-space:nowrap\">MD0012810<a name=\"jp-observation-socialhistory-code-cs-MD0012810\"> </a></td><td>職業歴</td><td>主な職業のリスト</td></tr><tr><td style=\"white-space:nowrap\">MD0012820<a name=\"jp-observation-socialhistory-code-cs-MD0012820\"> </a></td><td>化学物質.取り扱い歴</td><td>なし、または主たる取り扱い物質のリスト</td></tr><tr><td style=\"white-space:nowrap\">MD0012830<a name=\"jp-observation-socialhistory-code-cs-MD0012830\"> </a></td><td>放射線物質.取り扱い歴</td><td>なし、または主たる取り扱い物質のリスト</td></tr><tr><td style=\"white-space:nowrap\">MD0012840<a name=\"jp-observation-socialhistory-code-cs-MD0012840\"> </a></td><td>騒音環境</td><td>騒音環境</td></tr><tr><td style=\"white-space:nowrap\">MD0012850<a name=\"jp-observation-socialhistory-code-cs-MD0012850\"> </a></td><td>海外渡航歴</td><td>主な医学衛生学上特記すべき渡航地域のリスト</td></tr><tr><td style=\"white-space:nowrap\">MD0012860<a name=\"jp-observation-socialhistory-code-cs-MD0012860\"> </a></td><td>常用薬剤歴</td><td>主な常用薬剤名のリスト</td></tr><tr><td style=\"white-space:nowrap\">MD0012870<a name=\"jp-observation-socialhistory-code-cs-MD0012870\"> </a></td><td>喫煙歴.有無</td><td>過去の喫煙習慣の有無</td></tr><tr><td style=\"white-space:nowrap\">MD0012880<a name=\"jp-observation-socialhistory-code-cs-MD0012880\"> </a></td><td>現在の喫煙.有無</td><td>現在の喫煙習慣の有無</td></tr><tr><td style=\"white-space:nowrap\">MD0012890<a name=\"jp-observation-socialhistory-code-cs-MD0012890\"> </a></td><td>喫煙種類区分</td><td>主要な喫煙の種類</td></tr><tr><td style=\"white-space:nowrap\">MD0012900<a name=\"jp-observation-socialhistory-code-cs-MD0012900\"> </a></td><td>１日の喫煙本数</td><td>1日の喫煙本数（喫煙の種類についての）</td></tr><tr><td style=\"white-space:nowrap\">MD0012910<a name=\"jp-observation-socialhistory-code-cs-MD0012910\"> </a></td><td>通算喫煙年数</td><td>通算の喫煙年数</td></tr><tr><td style=\"white-space:nowrap\">MD0012920<a name=\"jp-observation-socialhistory-code-cs-MD0012920\"> </a></td><td>喫煙指数</td><td>BrickmanIndex</td></tr><tr><td style=\"white-space:nowrap\">MD0012930<a name=\"jp-observation-socialhistory-code-cs-MD0012930\"> </a></td><td>飲酒歴.有無</td><td>過去の飲酒習慣の有無</td></tr><tr><td style=\"white-space:nowrap\">MD0012940<a name=\"jp-observation-socialhistory-code-cs-MD0012940\"> </a></td><td>現在の飲酒.有無</td><td>現在の飲酒習慣の有無</td></tr><tr><td style=\"white-space:nowrap\">MD0012950<a name=\"jp-observation-socialhistory-code-cs-MD0012950\"> </a></td><td>飲酒の種類区分</td><td>主な飲酒の種類</td></tr><tr><td style=\"white-space:nowrap\">MD0012960<a name=\"jp-observation-socialhistory-code-cs-MD0012960\"> </a></td><td>１日の飲酒量</td><td>1日のアルコール換算摂取量（ｍｌ）</td></tr><tr><td style=\"white-space:nowrap\">MD0012970<a name=\"jp-observation-socialhistory-code-cs-MD0012970\"> </a></td><td>通算飲酒年数</td><td>おおよその通算飲酒年数</td></tr><tr><td style=\"white-space:nowrap\">MD0012980<a name=\"jp-observation-socialhistory-code-cs-MD0012980\"> </a></td><td>嗜好品</td><td>嗜好品のリスト</td></tr><tr><td style=\"white-space:nowrap\">MD0012990<a name=\"jp-observation-socialhistory-code-cs-MD0012990\"> </a></td><td>生活習慣</td><td>特記すべき生活習慣のリスト</td></tr><tr><td style=\"white-space:nowrap\">MD0013000<a name=\"jp-observation-socialhistory-code-cs-MD0013000\"> </a></td><td>性格</td><td>特記すべき性格のリスト</td></tr><tr><td style=\"white-space:nowrap\">MD0013020<a name=\"jp-observation-socialhistory-code-cs-MD0013020\"> </a></td><td>趣味</td><td>特記すべき趣味のリスト</td></tr></table></div>"
  },
  "url": "http://jpfhir.jp/fhir/Common/CodeSystem/JP_ObservationSocialHistoryCode_CS",
  "version": "1.1.0a",
  "name": "JP_ObservationSocialHistoryCode_CS",
  "title": "JP Core Observation SocialHistory Code CodeSystem",
  "status": "draft",
  "date": "2022-09-07T08:56:04+00:00",
  "publisher": "FHIR Japanese implementation research working group in Japan Association of Medical Informatics (JAMI)",
  "contact": [
    {
      "name": "FHIR Japanese implementation research working group in Japan Association of Medical Informatics (JAMI)",
      "telecom": [
        {
          "system": "url",
          "value": "http://jpfhir.jp"
        },
        {
          "system": "email",
          "value": "office@hlfhir.jp"
        }
      ]
    }
  ],
  "description": "Observation（生活背景）で使用する項目コード、電子保存された診療録情報の交換のためのデータ項目セット([https://www2.medis.or.jp/master/jmix/file/tab1.pdf](https://www2.medis.or.jp/master/jmix/file/tab1.pdf))にて定義される",
  "jurisdiction": [
    {
      "coding": [
        {
          "system": "urn:iso:std:iso:3166",
          "code": "JP"
        }
      ]
    }
  ],
  "copyright": "FHIR Japanese implementation research working group in Japan Association of Medical Informatics (JAMI)",
  "caseSensitive": true,
  "valueSet": "http://jpfhir.jp/fhir/Common/ValueSet/JP_ObservationSocialHistoryCode_VS",
  "content": "complete",
  "count": 25,
  "concept": [
    {
      "code": "MD0012770",
      "display": "出生地",
      "definition": "出生地（都道府県、市町村名など）"
    },
    {
      "code": "MD0012780",
      "display": "主な居住地歴",
      "definition": "居住地（都道府県、市町村名など）のリスト"
    },
    {
      "code": "MD0012790",
      "display": "家庭環境",
      "definition": "家庭環境の記述"
    },
    {
      "code": "MD0012800",
      "display": "学業歴",
      "definition": "最終学歴を表す文字列"
    },
    {
      "code": "MD0012810",
      "display": "職業歴",
      "definition": "主な職業のリスト"
    },
    {
      "code": "MD0012820",
      "display": "化学物質.取り扱い歴",
      "definition": "なし、または主たる取り扱い物質のリスト"
    },
    {
      "code": "MD0012830",
      "display": "放射線物質.取り扱い歴",
      "definition": "なし、または主たる取り扱い物質のリスト"
    },
    {
      "code": "MD0012840",
      "display": "騒音環境",
      "definition": "騒音環境"
    },
    {
      "code": "MD0012850",
      "display": "海外渡航歴",
      "definition": "主な医学衛生学上特記すべき渡航地域のリスト"
    },
    {
      "code": "MD0012860",
      "display": "常用薬剤歴",
      "definition": "主な常用薬剤名のリスト"
    },
    {
      "code": "MD0012870",
      "display": "喫煙歴.有無",
      "definition": "過去の喫煙習慣の有無"
    },
    {
      "code": "MD0012880",
      "display": "現在の喫煙.有無",
      "definition": "現在の喫煙習慣の有無"
    },
    {
      "code": "MD0012890",
      "display": "喫煙種類区分",
      "definition": "主要な喫煙の種類"
    },
    {
      "code": "MD0012900",
      "display": "１日の喫煙本数",
      "definition": "1日の喫煙本数（喫煙の種類についての）"
    },
    {
      "code": "MD0012910",
      "display": "通算喫煙年数",
      "definition": "通算の喫煙年数"
    },
    {
      "code": "MD0012920",
      "display": "喫煙指数",
      "definition": "BrickmanIndex"
    },
    {
      "code": "MD0012930",
      "display": "飲酒歴.有無",
      "definition": "過去の飲酒習慣の有無"
    },
    {
      "code": "MD0012940",
      "display": "現在の飲酒.有無",
      "definition": "現在の飲酒習慣の有無"
    },
    {
      "code": "MD0012950",
      "display": "飲酒の種類区分",
      "definition": "主な飲酒の種類"
    },
    {
      "code": "MD0012960",
      "display": "１日の飲酒量",
      "definition": "1日のアルコール換算摂取量（ｍｌ）"
    },
    {
      "code": "MD0012970",
      "display": "通算飲酒年数",
      "definition": "おおよその通算飲酒年数"
    },
    {
      "code": "MD0012980",
      "display": "嗜好品",
      "definition": "嗜好品のリスト"
    },
    {
      "code": "MD0012990",
      "display": "生活習慣",
      "definition": "特記すべき生活習慣のリスト"
    },
    {
      "code": "MD0013000",
      "display": "性格",
      "definition": "特記すべき性格のリスト"
    },
    {
      "code": "MD0013020",
      "display": "趣味",
      "definition": "特記すべき趣味のリスト"
    }
  ]
}