{
  "resourceType": "ValueSet",
  "id": "jp-undefined-vs",
  "text": {
    "status": "generated",
    "div": "<div xmlns=\"http://www.w3.org/1999/xhtml\"><ul><li>Include all codes defined in <a href=\"CodeSystem-jp-undefined-cs.html\"><code>http://jpfhir.jp/fhir/Common/CodeSystem/JP_Undefined_CS</code></a></li></ul></div>"
  },
  "url": "http://jpfhir.jp/fhir/Common/ValueSet/JP_Undefined_VS",
  "version": "1.1.0a",
  "name": "JP_Undefined_VS",
  "title": "JP Core Undefined ValueSet",
  "status": "draft",
  "date": "2022-09-16T01:34:43+00:00",
  "publisher": "FHIR Japanese implementation research working group in Japan Association of Medical Informatics (JAMI)",
  "contact": [
    {
      "name": "FHIR Japanese implementation research working group in Japan Association of Medical Informatics (JAMI)",
      "telecom": [
        {
          "system": "url",
          "value": "http://jpfhir.jp"
        },
        {
          "system": "email",
          "value": "office@hlfhir.jp"
        }
      ]
    }
  ],
  "description": "未定義の値セット。使用する予定のコードシステムが利用できない場合や方針未決定の場合に割り振る特別なリソースです。",
  "jurisdiction": [
    {
      "coding": [
        {
          "system": "urn:iso:std:iso:3166",
          "code": "JP"
        }
      ]
    }
  ],
  "copyright": "FHIR Japanese implementation research working group in Japan Association of Medical Informatics (JAMI)",
  "compose": {
    "include": [
      {
        "system": "http://jpfhir.jp/fhir/Common/CodeSystem/JP_Undefined_CS"
      }
    ]
  }
}