<?xml version="1.0" encoding="UTF-8"?><ValueSet xmlns="http://hl7.org/fhir"><id value="jp-medication-method-jhsi0003-vs"/><text><status value="generated"/><div xmlns="http://www.w3.org/1999/xhtml"><ul><li>Include all codes defined in <a href="CodeSystem-jp-medication-method-jhsi0003-cs.html"><code>http://jpfhir.jp/fhir/Common/CodeSystem/JHSI0003</code></a></li></ul></div></text><url value="http://jpfhir.jp/fhir/Common/ValueSet/JP_MedicationMethodJHSI0003_VS"/><version value="1.1.0a"/><name value="JP_MedicationMethodJHSI0003_VS"/><title value="JP Core Medication JHSI0003 Method ValueSet"/><status value="draft"/><date value="2022-08-30T07:50:03+00:00"/><publisher value="FHIR Japanese implementation research working group in Japan Association of Medical Informatics (JAMI)"/><contact><name value="FHIR Japanese implementation research working group in Japan Association of Medical Informatics (JAMI)"/><telecom><system value="url"/><value value="http://jpfhir.jp"/></telecom><telecom><system value="email"/><value value="office@hlfhir.jp"/></telecom></contact><description value="JAHIS注射データ交換規約Ver.2.1C JHSI表0003精密持続点滴コードの値セット"/><jurisdiction><coding><system value="urn:iso:std:iso:3166"/><code value="JP"/></coding></jurisdiction><copyright value="FHIR Japanese implementation research working group in Japan Association of Medical Informatics (JAMI)"/><compose><include><system value="http://jpfhir.jp/fhir/Common/CodeSystem/JHSI0003"/></include></compose></ValueSet>