"Id","Path","Slice Name","Alias(s)","Label","Min","Max","Must Support?","Is Modifier?","Is Summary?","Type(s)","Short","Definition","Comments","Requirements","Default Value","Meaning When Missing","Fixed Value","Pattern","Example","Minimum Value","Maximum Value","Maximum Length","Binding Strength","Binding Description","Binding Value Set","Code","Slicing Discriminator","Slicing Description","Slicing Ordered","Slicing Rules","Base Path","Base Min","Base Max","Condition(s)","Constraint(s)","Mapping: HL7 v2 Mapping","Mapping: RIM Mapping"
"Ratio","Ratio","","","",0,*,"","","","null {[]} {[]}
","単位時間内での薬剤の容量","単位時間内での薬剤の容量","比率データタイプは、関係を数量と共通単位を使用して適切に表現できない場合にのみ、2つの数値の関係を表現するために使用する必要があります。分母値が「1」に固定されていることが知られている場合、比率ではなく数量を使用する必要があります。 / The Ratio datatype should only be used to express a relationship of two numbers if the relationship cannot be suitably expressed using a Quantity and a common unit.  Where the denominator value is known to be fixed to ""1"", Quantity should be used instead of Ratio.","","","","","","","","",,,,,"",,,,"Ratio",0,*,"ele-1
","","N/A","n/a","RTO"
"Ratio.id","Ratio.id","","","",0,1,"","","","string {[]} {[]}
","要素間参照のための一意のID / Unique id for inter-element referencing","リソース内の要素の一意のID（内部参照用）。これは、スペースを含まない文字列値である場合があります。 / Unique id for the element within a resource (for internal references). This may be any string value that does not contain spaces.","","","","","","","","","",,,,,"",,,,"Element.id",0,1,"","","n/a"
"Ratio.extension","Ratio.extension","","extensions
user content","",0,*,"","","","Extension {[]} {[]}
","実装で定義された追加のコンテンツ / Additional content defined by implementations","要素の基本的な定義の一部ではない追加情報を表すために使用できます。拡張機能を安全で管理しやすくするために、拡張機能の定義と使用に適用される厳格なガバナンスセットがあります。実装者は拡張機能を定義できますが、拡張機能の定義の一部として満たされる一連の要件があります。 / May be used to represent additional information that is not part of the basic definition of the element. To make the use of extensions safe and manageable, there is a strict set of governance  applied to the definition and use of extensions. Though any implementer can define an extension, there is a set of requirements that SHALL be met as part of the definition of the extension.","拡張機能を使用または定義する機関や管轄権に関係なく、アプリケーション、プロジェクト、または標準による拡張機能の使用に関連するスティグマはありません。拡張機能の使用は、FHIR仕様がすべての人にコアレベルのシンプルさを保持できるようにするものです。 / There can be no stigma associated with the use of extensions by any application, project, or standard - regardless of the institution or jurisdiction that uses or defines the extensions.  The use of extensions is what allows the FHIR specification to retain a core level of simplicity for everyone.","","","","","","","","",,,,,"","value:url}
","Extensions are always sliced by (at least) url",,"open","Element.extension",0,*,"","ele-1:すべてのFHIR要素には、@valueまたは子供が必要です / All FHIR elements must have a @value or children {hasValue() or (children().count() > id.count())}
ext-1:両方ではなく、拡張または値[x]が必要です / Must have either extensions or value[x], not both {extension.exists() != value.exists()}","n/a"
"Ratio.numerator","Ratio.numerator","","","",0,1,"","","","Quantity {[CanonicalType[http://jpfhir.jp/fhir/core/StructureDefinition/JP_MedicationQuantity]]} {[]}
","投与量","投与量","薬剤に関する数量と単位を定めている。ValueおよびCodeを必須としている。単位についてはMERIT9医薬品単位略号の利用を推進している。(**SHOULD**)","","","","","","","","",,,,,"",,,,"Ratio.numerator",0,1,"ele-1
","ele-1:すべてのFHIR要素には、@valueまたは子供が必要です / All FHIR elements must have a @value or children {hasValue() or (children().count() > id.count())}
qty-3:ユニットのコードが存在する場合、システムも存在するものとします / If a code for the unit is present, the system SHALL also be present {code.empty() or system.exists()}","SN (see also Range) or CQ","n/a","PQ, IVL<PQ>, MO, CO, depending on the values"
"Ratio.numerator.id","Ratio.numerator.id","","","",0,1,"","","","string {[]} {[]}
","要素間参照のための一意のID / Unique id for inter-element referencing","リソース内の要素の一意のID（内部参照用）。これは、スペースを含まない文字列値である場合があります。 / Unique id for the element within a resource (for internal references). This may be any string value that does not contain spaces.","","","","","","","","","",,,,,"",,,,"Element.id",0,1,"","","n/a"
"Ratio.numerator.extension","Ratio.numerator.extension","","extensions
user content","",0,*,"","","","Extension {[]} {[]}
","実装で定義された追加のコンテンツ / Additional content defined by implementations","要素の基本的な定義の一部ではない追加情報を表すために使用できます。拡張機能を安全で管理しやすくするために、拡張機能の定義と使用に適用される厳格なガバナンスセットがあります。実装者は拡張機能を定義できますが、拡張機能の定義の一部として満たされる一連の要件があります。 / May be used to represent additional information that is not part of the basic definition of the element. To make the use of extensions safe and manageable, there is a strict set of governance  applied to the definition and use of extensions. Though any implementer can define an extension, there is a set of requirements that SHALL be met as part of the definition of the extension.","拡張機能を使用または定義する機関や管轄権に関係なく、アプリケーション、プロジェクト、または標準による拡張機能の使用に関連するスティグマはありません。拡張機能の使用は、FHIR仕様がすべての人にコアレベルのシンプルさを保持できるようにするものです。 / There can be no stigma associated with the use of extensions by any application, project, or standard - regardless of the institution or jurisdiction that uses or defines the extensions.  The use of extensions is what allows the FHIR specification to retain a core level of simplicity for everyone.","","","","","","","","",,,,,"","value:url}
","Extensions are always sliced by (at least) url",,"open","Element.extension",0,*,"","ele-1:すべてのFHIR要素には、@valueまたは子供が必要です / All FHIR elements must have a @value or children {hasValue() or (children().count() > id.count())}
ext-1:両方ではなく、拡張または値[x]が必要です / Must have either extensions or value[x], not both {extension.exists() != value.exists()}","n/a"
"Ratio.numerator.value","Ratio.numerator.value","","","",1,1,"","","Y","decimal {[]} {[]}
","投与量","投与量","暗示された精度については常に尊重すべきである。貨幣計算では制度に関する独自のルールがある（会計についての標準的な教科書を参照すること）。","精度は、測定のほとんどすべての場合に暗黙的に処理されます。 / Precision is handled implicitly in almost all cases of measurement.","","","","","","","",,,,,"",,,,"Quantity.value",0,1,"","ele-1:すべてのFHIR要素には、@valueまたは子供が必要です / All FHIR elements must have a @value or children {hasValue() or (children().count() > id.count())}
","SN.2  / CQ - N/A","PQ.value, CO.value, MO.value, IVL.high or IVL.low depending on the value"
"Ratio.numerator.comparator","Ratio.numerator.comparator","","","",0,1,"","Y","Y","code {[]} {[]}
","< | <= | >= | > - 値の解釈法","実際の値が計測して示された値よりも大きいのか小さいのかなど、値がどのように解釈され、表現されるのかを示している。たとえば、もし、comparatorエレメントが""<""であれば、実際の値は示された値よりも小さい(<)。","FHIRの文字列は1MB以上の大きさとなってなはらない(SHALL NOT)。","計測法に制限があって値が<5ug/L や >400mg/L として示されるような場合でも値を扱えるようなフレームワークが必要である。","","コンパレータがない場合、値の変更はありません / If there is no comparator, then there is no modification of the value","","","","","",,"required","量を理解し、表現する方法。 / How the Quantity should be understood and represented.","http://hl7.org/fhir/ValueSet/quantity-comparator|4.0.1","",,,,"Quantity.comparator",0,1,"","ele-1:すべてのFHIR要素には、@valueまたは子供が必要です / All FHIR elements must have a @value or children {hasValue() or (children().count() > id.count())}
","SN.1  / CQ.1","IVL properties"
"Ratio.numerator.unit","Ratio.numerator.unit","","","",0,1,"","","Y","string {[]} {[]}
","投与量の単位","投与量の単位。","FHIRの文字列は1MB以上の大きさとなってなはらない(SHALL NOT)。","コンテキストによってさまざまな単位の表現がある。固定された特定の表現が求められることがある。たとえば、mcgはmicrogramを表す。","","","","","","","",,,,,"",,,,"Quantity.unit",0,1,"","ele-1:すべてのFHIR要素には、@valueまたは子供が必要です / All FHIR elements must have a @value or children {hasValue() or (children().count() > id.count())}
","(see OBX.6 etc.) / CQ.2","PQ.unit"
"Ratio.numerator.system","Ratio.numerator.system","","","",0,1,"","","Y","uri {[]} {[]}
","コード化された単位表現を規定するシステム","単位をコード化して表現するシステムについてのID。","以下参照。 http://en.wikipedia.org/wiki/Uniform_resource_identifier","システムによって定義される単位のコードを把握しておく必要がある。","","","","","","","",,,,,"",,,,"Quantity.system",0,1,"qty-3
","ele-1:すべてのFHIR要素には、@valueまたは子供が必要です / All FHIR elements must have a @value or children {hasValue() or (children().count() > id.count())}
","(see OBX.6 etc.) / CQ.2","CO.codeSystem, PQ.translation.codeSystem"
"Ratio.numerator.code","Ratio.numerator.code","","","",1,1,"","","Y","code {[]} {[]}
","単位のコード化された形式、【JP Core仕様】MERIT9医薬品単位略号マスタコードを推奨","単位のコード化された形式、【JP Core仕様】MERIT9医薬品単位略号マスタコードを推奨(**SHOULD**)","単位のコード化された形式、【JP Core仕様】MERIT9医薬品単位略号マスタコードを推奨(**SHOULD**)されるが、ローカルコード等を利用することも可能とする","すべてのフォームに固定されたユニットの計算可能な形式が必要です。UCUMはこれを数量で提供しますが、Snomed CTは多くの関心のある単位を提供します。 / Need a computable form of the unit that is fixed across all forms. UCUM provides this for quantities, but SNOMED CT provides many units of interest.","","","","","","","",,"preferred","","http://jpfhir.jp/fhir/core/ValueSet/JP_MedicationUnitMERIT9_VS","",,,,"Quantity.code",0,1,"","ele-1:すべてのFHIR要素には、@valueまたは子供が必要です / All FHIR elements must have a @value or children {hasValue() or (children().count() > id.count())}
","(see OBX.6 etc.) / CQ.2","PQ.code, MO.currency, PQ.translation.code"
"Ratio.denominator","Ratio.denominator","","","",0,1,"","","Y","Quantity {[]} {[]}
","単位時間","単位時間","","","","","","","","","",,,,,"",,,,"Ratio.denominator",0,1,"","ele-1:すべてのFHIR要素には、@valueまたは子供が必要です / All FHIR elements must have a @value or children {hasValue() or (children().count() > id.count())}
",".denominator"
"Ratio.denominator.id","Ratio.denominator.id","","","",0,1,"","","","string {[]} {[]}
","要素間参照のための一意のID / Unique id for inter-element referencing","リソース内の要素の一意のID（内部参照用）。これは、スペースを含まない文字列値である場合があります。 / Unique id for the element within a resource (for internal references). This may be any string value that does not contain spaces.","","","","","","","","","",,,,,"",,,,"Element.id",0,1,"","","n/a"
"Ratio.denominator.extension","Ratio.denominator.extension","","extensions
user content","",0,*,"","","","Extension {[]} {[]}
","実装で定義された追加のコンテンツ / Additional content defined by implementations","要素の基本的な定義の一部ではない追加情報を表すために使用できます。拡張機能を安全で管理しやすくするために、拡張機能の定義と使用に適用される厳格なガバナンスセットがあります。実装者は拡張機能を定義できますが、拡張機能の定義の一部として満たされる一連の要件があります。 / May be used to represent additional information that is not part of the basic definition of the element. To make the use of extensions safe and manageable, there is a strict set of governance  applied to the definition and use of extensions. Though any implementer can define an extension, there is a set of requirements that SHALL be met as part of the definition of the extension.","拡張機能を使用または定義する機関や管轄権に関係なく、アプリケーション、プロジェクト、または標準による拡張機能の使用に関連するスティグマはありません。拡張機能の使用は、FHIR仕様がすべての人にコアレベルのシンプルさを保持できるようにするものです。 / There can be no stigma associated with the use of extensions by any application, project, or standard - regardless of the institution or jurisdiction that uses or defines the extensions.  The use of extensions is what allows the FHIR specification to retain a core level of simplicity for everyone.","","","","","","","","",,,,,"","value:url}
","Extensions are always sliced by (at least) url",,"open","Element.extension",0,*,"","ele-1:すべてのFHIR要素には、@valueまたは子供が必要です / All FHIR elements must have a @value or children {hasValue() or (children().count() > id.count())}
ext-1:両方ではなく、拡張または値[x]が必要です / Must have either extensions or value[x], not both {extension.exists() != value.exists()}","n/a"
"Ratio.denominator.value","Ratio.denominator.value","","","",0,1,"","","Y","decimal {[]} {[]}
","単位時間","単位時間","値の暗黙の精度は常に尊重されるべきです。金銭的価値には、精度を処理するための独自のルールがあります（標準的な会計の教科書を参照）。 / The implicit precision in the value should always be honored. Monetary values have their own rules for handling precision (refer to standard accounting text books).","精度は、測定のほとんどすべての場合に暗黙的に処理されます。 / Precision is handled implicitly in almost all cases of measurement.","","","","","","","",,,,,"",,,,"Quantity.value",0,1,"","ele-1:すべてのFHIR要素には、@valueまたは子供が必要です / All FHIR elements must have a @value or children {hasValue() or (children().count() > id.count())}
","SN.2  / CQ - N/A","PQ.value, CO.value, MO.value, IVL.high or IVL.low depending on the value"
"Ratio.denominator.comparator","Ratio.denominator.comparator","","","",0,1,"","Y","Y","code {[]} {[]}
","<|<= |> = |>  - 価値を理解する方法 / < | <= | >= | > - how to understand the value","値をどのように理解し、表現する必要があるか - 測定の問題により実際の値が記載されている値よりも大きいか小さいかどうか。例えばコンパレータが「<」の場合、実際の値は<stated値です。 / How the value should be understood and represented - whether the actual value is greater or less than the stated value due to measurement issues; e.g. if the comparator is ""<"" , then the real value is < stated value.","","測定方法の制限があるため、値が<5ug/Lまたは> 400mg/Lの測定値を処理するためのフレームワークが必要です。 / Need a framework for handling measures where the value is <5ug/L or >400mg/L due to the limitations of measuring methodology.","","コンパレータがない場合、値の変更はありません / If there is no comparator, then there is no modification of the value","","","","","",,"required","量を理解し、表現する方法。 / How the Quantity should be understood and represented.","http://hl7.org/fhir/ValueSet/quantity-comparator|4.0.1","",,,,"Quantity.comparator",0,1,"","ele-1:すべてのFHIR要素には、@valueまたは子供が必要です / All FHIR elements must have a @value or children {hasValue() or (children().count() > id.count())}
","SN.1  / CQ.1","IVL properties"
"Ratio.denominator.unit","Ratio.denominator.unit","","","",0,1,"","","Y","string {[]} {[]}
","単位時間の単位","単位時間の単位。UCUMを使用する。","","測定単位には多くの表現があり、多くのコンテキストでは、特定の表現が固定され、必要です。すなわちマイクログラム用MCG。 / There are many representations for units of measure and in many contexts, particular representations are fixed and required. I.e. mcg for micrograms.","","","","","","","",,,,,"",,,,"Quantity.unit",0,1,"","ele-1:すべてのFHIR要素には、@valueまたは子供が必要です / All FHIR elements must have a @value or children {hasValue() or (children().count() > id.count())}
","(see OBX.6 etc.) / CQ.2","PQ.unit"
"Ratio.denominator.system","Ratio.denominator.system","","","",0,1,"","","Y","uri {[]} {[]}
","UCUMを識別するURL","UCUMを識別するURL。固定値。","","ユニットのコード化された形式を定義するシステムを知る必要があります。 / Need to know the system that defines the coded form of the unit.","","","","","","","",,,,,"",,,,"Quantity.system",0,1,"qty-3
","ele-1:すべてのFHIR要素には、@valueまたは子供が必要です / All FHIR elements must have a @value or children {hasValue() or (children().count() > id.count())}
","(see OBX.6 etc.) / CQ.2","CO.codeSystem, PQ.translation.codeSystem"
"Ratio.denominator.code","Ratio.denominator.code","","","",0,1,"","","Y","code {[]} {[]}
","ユニットのコード化された形式 / Coded form of the unit","一部のユニット表現システムのユニットのコンピューター処理可能な形式。 / A computer processable form of the unit in some unit representation system.","優先システムはUCUMですが、スノムCTは（慣習ユニットに）または通貨にISO 4217を使用することもできます。使用のコンテキストには、特定のシステムからのコードがさらに必要になる場合があります。 / The preferred system is UCUM, but SNOMED CT can also be used (for customary units) or ISO 4217 for currency.  The context of use may additionally require a code from a particular system.","すべてのフォームに固定されたユニットの計算可能な形式が必要です。UCUMはこれを数量で提供しますが、Snomed CTは多くの関心のある単位を提供します。 / Need a computable form of the unit that is fixed across all forms. UCUM provides this for quantities, but SNOMED CT provides many units of interest.","","","","","","","",,"preferred","","http://hl7.org/fhir/ValueSet/units-of-time","",,,,"Quantity.code",0,1,"","ele-1:すべてのFHIR要素には、@valueまたは子供が必要です / All FHIR elements must have a @value or children {hasValue() or (children().count() > id.count())}
","(see OBX.6 etc.) / CQ.2","PQ.code, MO.currency, PQ.translation.code"
