<?xml version="1.0" encoding="UTF-8"?><CodeSystem xmlns="http://hl7.org/fhir"><id value="jp-procedure-device-action-codes-cs"/><text><status value="generated"/><div xmlns="http://www.w3.org/1999/xhtml"><p>This code system http://jpfhir.jp/fhir/Common/CodeSystem/JP_ProcedureDeviceActionCodes_CS defines the following codes:</p><table class="codes"><tr><td style="white-space:nowrap"><b>Code</b></td></tr></table></div></text><url value="http://jpfhir.jp/fhir/Common/CodeSystem/JP_ProcedureDeviceActionCodes_CS"/><version value="1.1.0a"/><name value="JP_ProcedureDeviceActionCodes_CS"/><title value="JP Core Procedure Device Action Codes"/><status value="draft"/><date value="2022-08-09T11:02:47+00:00"/><publisher value="FHIR Japanese implementation research working group in Japan Association of Medical Informatics (JAMI)"/><contact><name value="FHIR Japanese implementation research working group in Japan Association of Medical Informatics (JAMI)"/><telecom><system value="url"/><value value="http://jpfhir.jp"/></telecom><telecom><system value="email"/><value value="office@hlfhir.jp"/></telecom></contact><description value="処置の実施中に機器に起こった変化を示すコード"/><jurisdiction><coding><system value="urn:iso:std:iso:3166"/><code value="JP"/></coding></jurisdiction><copyright value="FHIR Japanese implementation research working group in Japan Association of Medical Informatics (JAMI)"/><caseSensitive value="true"/><content value="complete"/></CodeSystem>