<?xml version="1.0" encoding="UTF-8"?><CodeSystem xmlns="http://hl7.org/fhir"><id value="jp-observation-vitalsigns-category-cs"/><text><status value="generated"/><div xmlns="http://www.w3.org/1999/xhtml"><p>This code system <code>http://jpfhir.jp/fhir/Common/CodeSystem/JP_ObservationVitalSignsCategory_CS</code> defines the following codes:</p><table class="codes"><tr><td style="white-space:nowrap"><b>Code</b></td><td><b>Display</b></td></tr><tr><td style="white-space:nowrap">respiratory-function<a name="jp-observation-vitalsigns-category-cs-respiratory-function"> </a></td><td>呼吸機能</td></tr><tr><td style="white-space:nowrap">constrained-respiration<a name="jp-observation-vitalsigns-category-cs-constrained-respiration"> </a></td><td>努力呼吸</td></tr><tr><td style="white-space:nowrap">respiratory-abnormality<a name="jp-observation-vitalsigns-category-cs-respiratory-abnormality"> </a></td><td>呼吸異常</td></tr><tr><td style="white-space:nowrap">pulsation<a name="jp-observation-vitalsigns-category-cs-pulsation"> </a></td><td>動悸</td></tr><tr><td style="white-space:nowrap">arrhythmia<a name="jp-observation-vitalsigns-category-cs-arrhythmia"> </a></td><td>不整脈</td></tr><tr><td style="white-space:nowrap">ecg-waveform<a name="jp-observation-vitalsigns-category-cs-ecg-waveform"> </a></td><td>心電図波形</td></tr><tr><td style="white-space:nowrap">cardiac-function<a name="jp-observation-vitalsigns-category-cs-cardiac-function"> </a></td><td>心機能</td></tr><tr><td style="white-space:nowrap">blood-pressure<a name="jp-observation-vitalsigns-category-cs-blood-pressure"> </a></td><td>血圧</td></tr><tr><td style="white-space:nowrap">body-surface-skin-temperature<a name="jp-observation-vitalsigns-category-cs-body-surface-skin-temperature"> </a></td><td>体表面皮膚温</td></tr><tr><td style="white-space:nowrap">signs-symptoms<a name="jp-observation-vitalsigns-category-cs-signs-symptoms"> </a></td><td>徴候・症状</td></tr><tr><td style="white-space:nowrap">sleep<a name="jp-observation-vitalsigns-category-cs-sleep"> </a></td><td>睡眠</td></tr><tr><td style="white-space:nowrap">disorientation<a name="jp-observation-vitalsigns-category-cs-disorientation"> </a></td><td>失見当識</td></tr><tr><td style="white-space:nowrap">consciousness-evaluation<a name="jp-observation-vitalsigns-category-cs-consciousness-evaluation"> </a></td><td>意識評価</td></tr><tr><td style="white-space:nowrap">disturbance-of-consciousness<a name="jp-observation-vitalsigns-category-cs-disturbance-of-consciousness"> </a></td><td>意識障害</td></tr><tr><td style="white-space:nowrap">fetal-cardiac-function<a name="jp-observation-vitalsigns-category-cs-fetal-cardiac-function"> </a></td><td>胎児心機能</td></tr><tr><td style="white-space:nowrap">temperature<a name="jp-observation-vitalsigns-category-cs-temperature"> </a></td><td>体温</td></tr><tr><td style="white-space:nowrap">pulse-rate<a name="jp-observation-vitalsigns-category-cs-pulse-rate"> </a></td><td>脈拍数</td></tr><tr><td style="white-space:nowrap">artery-palpating<a name="jp-observation-vitalsigns-category-cs-artery-palpating"> </a></td><td>動脈触知</td></tr><tr><td style="white-space:nowrap">ventilation<a name="jp-observation-vitalsigns-category-cs-ventilation"> </a></td><td>換気</td></tr><tr><td style="white-space:nowrap">fetal-condition<a name="jp-observation-vitalsigns-category-cs-fetal-condition"> </a></td><td>胎児の状態</td></tr><tr><td style="white-space:nowrap">tracheal-breath-sound<a name="jp-observation-vitalsigns-category-cs-tracheal-breath-sound"> </a></td><td>気管呼吸音</td></tr><tr><td style="white-space:nowrap">alveolar-breath-sound<a name="jp-observation-vitalsigns-category-cs-alveolar-breath-sound"> </a></td><td>肺胞呼吸音</td></tr></table></div></text><url value="http://jpfhir.jp/fhir/Common/CodeSystem/JP_ObservationVitalSignsCategory_CS"/><version value="1.1.0a"/><name value="JP_ObservationVitalSignsCategory_CS"/><title value="JP Core Observation VitalSigns Category CodeSystem"/><status value="draft"/><date value="2022-09-17T07:33:19+00:00"/><publisher value="FHIR Japanese implementation research working group in Japan Association of Medical Informatics (JAMI)"/><contact><name value="FHIR Japanese implementation research working group in Japan Association of Medical Informatics (JAMI)"/><telecom><system value="url"/><value value="http://jpfhir.jp"/></telecom><telecom><system value="email"/><value value="office@hlfhir.jp"/></telecom></contact><description value="Observation（バイタルサイン）で使用する分類のコード"/><jurisdiction><coding><system value="urn:iso:std:iso:3166"/><code value="JP"/></coding></jurisdiction><copyright value="FHIR Japanese implementation research working group in Japan Association of Medical Informatics (JAMI)"/><caseSensitive value="true"/><valueSet value="http://jpfhir.jp/fhir/Common/ValueSet/JP_ObservationVitalSignsCategory_VS"/><content value="complete"/><count value="22"/><concept><code value="respiratory-function"/><display value="呼吸機能"/></concept><concept><code value="constrained-respiration"/><display value="努力呼吸"/></concept><concept><code value="respiratory-abnormality"/><display value="呼吸異常"/></concept><concept><code value="pulsation"/><display value="動悸"/></concept><concept><code value="arrhythmia"/><display value="不整脈"/></concept><concept><code value="ecg-waveform"/><display value="心電図波形"/></concept><concept><code value="cardiac-function"/><display value="心機能"/></concept><concept><code value="blood-pressure"/><display value="血圧"/></concept><concept><code value="body-surface-skin-temperature"/><display value="体表面皮膚温"/></concept><concept><code value="signs-symptoms"/><display value="徴候・症状"/></concept><concept><code value="sleep"/><display value="睡眠"/></concept><concept><code value="disorientation"/><display value="失見当識"/></concept><concept><code value="consciousness-evaluation"/><display value="意識評価"/></concept><concept><code value="disturbance-of-consciousness"/><display value="意識障害"/></concept><concept><code value="fetal-cardiac-function"/><display value="胎児心機能"/></concept><concept><code value="temperature"/><display value="体温"/></concept><concept><code value="pulse-rate"/><display value="脈拍数"/></concept><concept><code value="artery-palpating"/><display value="動脈触知"/></concept><concept><code value="ventilation"/><display value="換気"/></concept><concept><code value="fetal-condition"/><display value="胎児の状態"/></concept><concept><code value="tracheal-breath-sound"/><display value="気管呼吸音"/></concept><concept><code value="alveolar-breath-sound"/><display value="肺胞呼吸音"/></concept></CodeSystem>