<?xml version="1.0" encoding="UTF-8"?><CodeSystem xmlns="http://hl7.org/fhir"><id value="jp-medication-as-needed-condition-jami-cs"/><text><status value="generated"/><div xmlns="http://www.w3.org/1999/xhtml"><p>This code system <code>http://jpfhir.jp/fhir/Common/CodeSystem/JP_MedicationAsNeededConditionJAMI_CS</code> defines the following codes:</p><table class="codes"><tr><td style="white-space:nowrap"><b>Code</b></td><td><b>Display</b></td></tr><tr><td style="white-space:nowrap">11<a name="jp-medication-as-needed-condition-jami-cs-11"> </a></td><td>疼痛時</td></tr><tr><td style="white-space:nowrap">12<a name="jp-medication-as-needed-condition-jami-cs-12"> </a></td><td>頭痛時</td></tr><tr><td style="white-space:nowrap">13<a name="jp-medication-as-needed-condition-jami-cs-13"> </a></td><td>歯痛時</td></tr><tr><td style="white-space:nowrap">14<a name="jp-medication-as-needed-condition-jami-cs-14"> </a></td><td>胸痛時</td></tr><tr><td style="white-space:nowrap">15<a name="jp-medication-as-needed-condition-jami-cs-15"> </a></td><td>腹痛時</td></tr><tr><td style="white-space:nowrap">16<a name="jp-medication-as-needed-condition-jami-cs-16"> </a></td><td>腰痛時</td></tr><tr><td style="white-space:nowrap">17<a name="jp-medication-as-needed-condition-jami-cs-17"> </a></td><td>関節痛時</td></tr><tr><td style="white-space:nowrap">21<a name="jp-medication-as-needed-condition-jami-cs-21"> </a></td><td>喘鳴時</td></tr><tr><td style="white-space:nowrap">22<a name="jp-medication-as-needed-condition-jami-cs-22"> </a></td><td>喘息発作時</td></tr><tr><td style="white-space:nowrap">23<a name="jp-medication-as-needed-condition-jami-cs-23"> </a></td><td>喉がゴロゴロする時</td></tr><tr><td style="white-space:nowrap">24<a name="jp-medication-as-needed-condition-jami-cs-24"> </a></td><td>咳込時</td></tr><tr><td style="white-space:nowrap">31<a name="jp-medication-as-needed-condition-jami-cs-31"> </a></td><td>血圧上昇時</td></tr><tr><td style="white-space:nowrap">32<a name="jp-medication-as-needed-condition-jami-cs-32"> </a></td><td>血糖上昇時</td></tr><tr><td style="white-space:nowrap">41<a name="jp-medication-as-needed-condition-jami-cs-41"> </a></td><td>便秘時</td></tr><tr><td style="white-space:nowrap">42<a name="jp-medication-as-needed-condition-jami-cs-42"> </a></td><td>お腹がゴロゴロする時</td></tr><tr><td style="white-space:nowrap">43<a name="jp-medication-as-needed-condition-jami-cs-43"> </a></td><td>下痢時</td></tr><tr><td style="white-space:nowrap">44<a name="jp-medication-as-needed-condition-jami-cs-44"> </a></td><td>排便時</td></tr><tr><td style="white-space:nowrap">45<a name="jp-medication-as-needed-condition-jami-cs-45"> </a></td><td>嘔吐時</td></tr><tr><td style="white-space:nowrap">46<a name="jp-medication-as-needed-condition-jami-cs-46"> </a></td><td>口腔乾燥時</td></tr><tr><td style="white-space:nowrap">47<a name="jp-medication-as-needed-condition-jami-cs-47"> </a></td><td>吐き気時</td></tr><tr><td style="white-space:nowrap">48<a name="jp-medication-as-needed-condition-jami-cs-48"> </a></td><td>空腹時</td></tr><tr><td style="white-space:nowrap">49<a name="jp-medication-as-needed-condition-jami-cs-49"> </a></td><td>出血時</td></tr><tr><td style="white-space:nowrap">51<a name="jp-medication-as-needed-condition-jami-cs-51"> </a></td><td>乏尿時</td></tr><tr><td style="white-space:nowrap">52<a name="jp-medication-as-needed-condition-jami-cs-52"> </a></td><td>多尿時</td></tr><tr><td style="white-space:nowrap">53<a name="jp-medication-as-needed-condition-jami-cs-53"> </a></td><td>むくみ時</td></tr><tr><td style="white-space:nowrap">61<a name="jp-medication-as-needed-condition-jami-cs-61"> </a></td><td>不眠時</td></tr><tr><td style="white-space:nowrap">62<a name="jp-medication-as-needed-condition-jami-cs-62"> </a></td><td>不安時</td></tr><tr><td style="white-space:nowrap">63<a name="jp-medication-as-needed-condition-jami-cs-63"> </a></td><td>不穏時</td></tr><tr><td style="white-space:nowrap">64<a name="jp-medication-as-needed-condition-jami-cs-64"> </a></td><td>いらいら時</td></tr><tr><td style="white-space:nowrap">65<a name="jp-medication-as-needed-condition-jami-cs-65"> </a></td><td>けいれん時</td></tr><tr><td style="white-space:nowrap">66<a name="jp-medication-as-needed-condition-jami-cs-66"> </a></td><td>めまい時</td></tr><tr><td style="white-space:nowrap">67<a name="jp-medication-as-needed-condition-jami-cs-67"> </a></td><td>疲労時</td></tr><tr><td style="white-space:nowrap">71<a name="jp-medication-as-needed-condition-jami-cs-71"> </a></td><td>発熱時</td></tr><tr><td style="white-space:nowrap">72<a name="jp-medication-as-needed-condition-jami-cs-72"> </a></td><td>悪寒時</td></tr><tr><td style="white-space:nowrap">81<a name="jp-medication-as-needed-condition-jami-cs-81"> </a></td><td>かゆい時</td></tr><tr><td style="white-space:nowrap">82<a name="jp-medication-as-needed-condition-jami-cs-82"> </a></td><td>発疹時</td></tr><tr><td style="white-space:nowrap">91<a name="jp-medication-as-needed-condition-jami-cs-91"> </a></td><td>発作時</td></tr><tr><td style="white-space:nowrap">92<a name="jp-medication-as-needed-condition-jami-cs-92"> </a></td><td>症状ある時</td></tr><tr><td style="white-space:nowrap">A1<a name="jp-medication-as-needed-condition-jami-cs-A1"> </a></td><td>検査前</td></tr><tr><td style="white-space:nowrap">A2<a name="jp-medication-as-needed-condition-jami-cs-A2"> </a></td><td>検査時</td></tr><tr><td style="white-space:nowrap">A3<a name="jp-medication-as-needed-condition-jami-cs-A3"> </a></td><td>検査後</td></tr><tr><td style="white-space:nowrap">A4<a name="jp-medication-as-needed-condition-jami-cs-A4"> </a></td><td>手術前</td></tr><tr><td style="white-space:nowrap">A5<a name="jp-medication-as-needed-condition-jami-cs-A5"> </a></td><td>手術中</td></tr><tr><td style="white-space:nowrap">A6<a name="jp-medication-as-needed-condition-jami-cs-A6"> </a></td><td>手術後</td></tr><tr><td style="white-space:nowrap">A7<a name="jp-medication-as-needed-condition-jami-cs-A7"> </a></td><td>処置前</td></tr><tr><td style="white-space:nowrap">A8<a name="jp-medication-as-needed-condition-jami-cs-A8"> </a></td><td>処置時</td></tr><tr><td style="white-space:nowrap">A9<a name="jp-medication-as-needed-condition-jami-cs-A9"> </a></td><td>処置後</td></tr><tr><td style="white-space:nowrap">B1<a name="jp-medication-as-needed-condition-jami-cs-B1"> </a></td><td>起床時</td></tr><tr><td style="white-space:nowrap">B2<a name="jp-medication-as-needed-condition-jami-cs-B2"> </a></td><td>入浴前</td></tr><tr><td style="white-space:nowrap">B3<a name="jp-medication-as-needed-condition-jami-cs-B3"> </a></td><td>食事前</td></tr><tr><td style="white-space:nowrap">B4<a name="jp-medication-as-needed-condition-jami-cs-B4"> </a></td><td>食事後</td></tr><tr><td style="white-space:nowrap">B5<a name="jp-medication-as-needed-condition-jami-cs-B5"> </a></td><td>就寝前</td></tr><tr><td style="white-space:nowrap">B6<a name="jp-medication-as-needed-condition-jami-cs-B6"> </a></td><td>外出時</td></tr><tr><td style="white-space:nowrap">B7<a name="jp-medication-as-needed-condition-jami-cs-B7"> </a></td><td>哺乳時</td></tr><tr><td style="white-space:nowrap">W1<a name="jp-medication-as-needed-condition-jami-cs-W1"> </a></td><td>必要時</td></tr><tr><td style="white-space:nowrap">W2<a name="jp-medication-as-needed-condition-jami-cs-W2"> </a></td><td>適宜</td></tr></table></div></text><url value="http://jpfhir.jp/fhir/Common/CodeSystem/JP_MedicationAsNeededConditionJAMI_CS"/><version value="1.1.0a"/><name value="JP_MedicationAsNeededConditionJAMI_CS"/><title value="JP Core Medication JAMI As Needed Condition CodeSystem"/><status value="draft"/><date value="2022-09-16T07:54:42+00:00"/><publisher value="FHIR Japanese implementation research working group in Japan Association of Medical Informatics (JAMI)"/><contact><name value="FHIR Japanese implementation research working group in Japan Association of Medical Informatics (JAMI)"/><telecom><system value="url"/><value value="http://jpfhir.jp"/></telecom><telecom><system value="email"/><value value="office@hlfhir.jp"/></telecom></contact><description value="JAMI標準用法規格頓用指示コードのコードシステム"/><jurisdiction><coding><system value="urn:iso:std:iso:3166"/><code value="JP"/></coding></jurisdiction><copyright value="FHIR Japanese implementation research working group in Japan Association of Medical Informatics (JAMI)"/><caseSensitive value="true"/><valueSet value="http://jpfhir.jp/fhir/Common/ValueSet/JP_MedicationAsNeededConditionJAMI_VS"/><content value="complete"/><count value="56"/><concept><code value="11"/><display value="疼痛時"/></concept><concept><code value="12"/><display value="頭痛時"/></concept><concept><code value="13"/><display value="歯痛時"/></concept><concept><code value="14"/><display value="胸痛時"/></concept><concept><code value="15"/><display value="腹痛時"/></concept><concept><code value="16"/><display value="腰痛時"/></concept><concept><code value="17"/><display value="関節痛時"/></concept><concept><code value="21"/><display value="喘鳴時"/></concept><concept><code value="22"/><display value="喘息発作時"/></concept><concept><code value="23"/><display value="喉がゴロゴロする時"/></concept><concept><code value="24"/><display value="咳込時"/></concept><concept><code value="31"/><display value="血圧上昇時"/></concept><concept><code value="32"/><display value="血糖上昇時"/></concept><concept><code value="41"/><display value="便秘時"/></concept><concept><code value="42"/><display value="お腹がゴロゴロする時"/></concept><concept><code value="43"/><display value="下痢時"/></concept><concept><code value="44"/><display value="排便時"/></concept><concept><code value="45"/><display value="嘔吐時"/></concept><concept><code value="46"/><display value="口腔乾燥時"/></concept><concept><code value="47"/><display value="吐き気時"/></concept><concept><code value="48"/><display value="空腹時"/></concept><concept><code value="49"/><display value="出血時"/></concept><concept><code value="51"/><display value="乏尿時"/></concept><concept><code value="52"/><display value="多尿時"/></concept><concept><code value="53"/><display value="むくみ時"/></concept><concept><code value="61"/><display value="不眠時"/></concept><concept><code value="62"/><display value="不安時"/></concept><concept><code value="63"/><display value="不穏時"/></concept><concept><code value="64"/><display value="いらいら時"/></concept><concept><code value="65"/><display value="けいれん時"/></concept><concept><code value="66"/><display value="めまい時"/></concept><concept><code value="67"/><display value="疲労時"/></concept><concept><code value="71"/><display value="発熱時"/></concept><concept><code value="72"/><display value="悪寒時"/></concept><concept><code value="81"/><display value="かゆい時"/></concept><concept><code value="82"/><display value="発疹時"/></concept><concept><code value="91"/><display value="発作時"/></concept><concept><code value="92"/><display value="症状ある時"/></concept><concept><code value="A1"/><display value="検査前"/></concept><concept><code value="A2"/><display value="検査時"/></concept><concept><code value="A3"/><display value="検査後"/></concept><concept><code value="A4"/><display value="手術前"/></concept><concept><code value="A5"/><display value="手術中"/></concept><concept><code value="A6"/><display value="手術後"/></concept><concept><code value="A7"/><display value="処置前"/></concept><concept><code value="A8"/><display value="処置時"/></concept><concept><code value="A9"/><display value="処置後"/></concept><concept><code value="B1"/><display value="起床時"/></concept><concept><code value="B2"/><display value="入浴前"/></concept><concept><code value="B3"/><display value="食事前"/></concept><concept><code value="B4"/><display value="食事後"/></concept><concept><code value="B5"/><display value="就寝前"/></concept><concept><code value="B6"/><display value="外出時"/></concept><concept><code value="B7"/><display value="哺乳時"/></concept><concept><code value="W1"/><display value="必要時"/></concept><concept><code value="W2"/><display value="適宜"/></concept></CodeSystem>