<?xml version="1.0" encoding="UTF-8"?><CodeSystem xmlns="http://hl7.org/fhir"><id value="jp-medicationcode-hot13-cs"/><text><status value="generated"/><div xmlns="http://www.w3.org/1999/xhtml"><p>This code system <code>http://jpfhir.jp/fhir/Common/CodeSystem/JP_MedicationCodeHOT13_CS</code> defines many codes, of which the following are a subset:</p><table class="codes"><tr><td style="white-space:nowrap"><b>Code</b></td></tr></table></div></text><url value="http://jpfhir.jp/fhir/Common/CodeSystem/JP_MedicationCodeHOT13_CS"/><identifier><system value="urn:ietf:rfc:3986"/><value value="urn:oid:1.2.392.200119.4.402.1"/></identifier><version value="1.1.0a"/><name value="JP_MedicationCodeHOT13_CS"/><title value="JP Core MedicationCode HOT13 CodeSystem"/><status value="draft"/><date value="2022-09-18T06:24:36+00:00"/><publisher value="FHIR Japanese implementation research working group in Japan Association of Medical Informatics (JAMI)"/><contact><name value="FHIR Japanese implementation research working group in Japan Association of Medical Informatics (JAMI)"/><telecom><system value="url"/><value value="http://jpfhir.jp"/></telecom><telecom><system value="email"/><value value="office@hlfhir.jp"/></telecom></contact><description value="医薬品HOT13コードのコードシステム"/><jurisdiction><coding><system value="urn:iso:std:iso:3166"/><code value="JP"/></coding></jurisdiction><copyright value="FHIR Japanese implementation research working group in Japan Association of Medical Informatics (JAMI)"/><caseSensitive value="true"/><content value="fragment"/></CodeSystem>