<?xml version="1.0" encoding="UTF-8"?><CodeSystem xmlns="http://hl7.org/fhir"><id value="jp-jfagy-medication-allergen-cs"/><text><status value="generated"/><div xmlns="http://www.w3.org/1999/xhtml"><p>This code system <code>http://jpfhir.jp/fhir/Common/CodeSystem/JP_JfagyMedicationAllergen_CS</code> defines the following codes:</p><table class="codes"><tr><td style="white-space:nowrap"><b>Code</b></td><td><b>Display</b></td></tr><tr><td style="white-space:nowrap">YCM1115400X1027<a name="jp-jfagy-medication-allergen-cs-YCM1115400X1027"> </a></td><td>ラボナール注射用0.3g</td></tr><tr><td style="white-space:nowrap">YCM1115400X2023<a name="jp-jfagy-medication-allergen-cs-YCM1115400X2023"> </a></td><td>ラボナール注射用0.5g</td></tr><tr><td style="white-space:nowrap">YCM1115403D3043<a name="jp-jfagy-medication-allergen-cs-YCM1115403D3043"> </a></td><td>イソゾール注射用0.5g</td></tr><tr><td style="white-space:nowrap">YCM1115403D3051<a name="jp-jfagy-medication-allergen-cs-YCM1115403D3051"> </a></td><td>チトゾール注用0.5g</td></tr><tr><td style="white-space:nowrap">YCM1115403D4031<a name="jp-jfagy-medication-allergen-cs-YCM1115403D4031"> </a></td><td>チトゾール注用0.3g</td></tr><tr><td style="white-space:nowrap">YCM1116700X1037<a name="jp-jfagy-medication-allergen-cs-YCM1116700X1037"> </a></td><td>笑気ガス（住友精化）</td></tr><tr><td style="white-space:nowrap">YCM1116700X1045<a name="jp-jfagy-medication-allergen-cs-YCM1116700X1045"> </a></td><td>マルワ亜酸化窒素</td></tr><tr><td style="white-space:nowrap">YCM1116700X1053<a name="jp-jfagy-medication-allergen-cs-YCM1116700X1053"> </a></td><td>液化亜酸化窒素</td></tr><tr><td style="white-space:nowrap">YCM1116700X1061<a name="jp-jfagy-medication-allergen-cs-YCM1116700X1061"> </a></td><td>液化亜酸化窒素</td></tr></table></div></text><url value="http://jpfhir.jp/fhir/Common/CodeSystem/JP_JfagyMedicationAllergen_CS"/><version value="1.1.0a"/><name value="JP_JfagyMedicationAllergen_CS"/><title value="JFAGY Medication Allergen CodeSystem"/><status value="draft"/><date value="2022-09-17T23:36:21+00:00"/><publisher value="FHIR Japanese implementation research working group in Japan Association of Medical Informatics (JAMI)"/><contact><name value="FHIR Japanese implementation research working group in Japan Association of Medical Informatics (JAMI)"/><telecom><system value="url"/><value value="http://jpfhir.jp"/></telecom><telecom><system value="email"/><value value="office@hlfhir.jp"/></telecom></contact><description value="JFAGY アレルゲンコード（医薬品）"/><jurisdiction><coding><system value="urn:iso:std:iso:3166"/><code value="JP"/></coding></jurisdiction><copyright value="FHIR Japanese implementation research working group in Japan Association of Medical Informatics (JAMI)"/><caseSensitive value="true"/><content value="complete"/><count value="9"/><concept><code value="YCM1115400X1027"/><display value="ラボナール注射用0.3g"/></concept><concept><code value="YCM1115400X2023"/><display value="ラボナール注射用0.5g"/></concept><concept><code value="YCM1115403D3043"/><display value="イソゾール注射用0.5g"/></concept><concept><code value="YCM1115403D3051"/><display value="チトゾール注用0.5g"/></concept><concept><code value="YCM1115403D4031"/><display value="チトゾール注用0.3g"/></concept><concept><code value="YCM1116700X1037"/><display value="笑気ガス（住友精化）"/></concept><concept><code value="YCM1116700X1045"/><display value="マルワ亜酸化窒素"/></concept><concept><code value="YCM1116700X1053"/><display value="液化亜酸化窒素"/></concept><concept><code value="YCM1116700X1061"/><display value="液化亜酸化窒素"/></concept></CodeSystem>