<?xml version="1.0" encoding="UTF-8"?><CodeSystem xmlns="http://hl7.org/fhir"><id value="jp-observation-labresult-code-cs"/><text><status value="generated"/><div xmlns="http://www.w3.org/1999/xhtml"><p>This code system http://jpfhir.jp/fhir/Common/CodeSystem/JP_ObservationLabResultCode_CS defines many codes, of which the following are a subset:</p><table class="codes"><tr><td style="white-space:nowrap"><b>Code</b></td><td><b>Display</b></td></tr><tr><td style="white-space:nowrap">3C020000002327101<a name="jp-observation-labresult-code-cs-3C020000002327101"> </a></td><td>尿酸</td></tr><tr><td style="white-space:nowrap">2A990000001930953<a name="jp-observation-labresult-code-cs-2A990000001930953"> </a></td><td>ヘモグロビン</td></tr><tr><td style="white-space:nowrap">2A990000001930954<a name="jp-observation-labresult-code-cs-2A990000001930954"> </a></td><td>ヘマトクリット</td></tr><tr><td style="white-space:nowrap">2A990000001992051<a name="jp-observation-labresult-code-cs-2A990000001992051"> </a></td><td>赤血球数</td></tr></table></div></text><url value="http://jpfhir.jp/fhir/Common/CodeSystem/JP_ObservationLabResultCode_CS"/><version value="1.1.0a"/><name value="JP_ObservationLabResultCode_CS"/><title value="JP Core Observation LabResult Code CodeSystem"/><status value="draft"/><date value="2022-09-02T09:35:05+00:00"/><publisher value="FHIR Japanese implementation research working group in Japan Association of Medical Informatics (JAMI)"/><contact><name value="FHIR Japanese implementation research working group in Japan Association of Medical Informatics (JAMI)"/><telecom><system value="url"/><value value="http://jpfhir.jp"/></telecom><telecom><system value="email"/><value value="office@hlfhir.jp"/></telecom></contact><description value="Observation（検体検査結果）で使用する項目コード"/><jurisdiction><coding><system value="urn:iso:std:iso:3166"/><code value="JP"/></coding></jurisdiction><copyright value="FHIR Japanese implementation research working group in Japan Association of Medical Informatics (JAMI)"/><caseSensitive value="true"/><valueSet value="http://jpfhir.jp/fhir/Common/ValueSet/JP_ObservationLabResultCode_VS"/><content value="fragment"/><concept><code value="3C020000002327101"/><display value="尿酸"/></concept><concept><code value="2A990000001930953"/><display value="ヘモグロビン"/></concept><concept><code value="2A990000001930954"/><display value="ヘマトクリット"/></concept><concept><code value="2A990000001992051"/><display value="赤血球数"/></concept></CodeSystem>