<?xml version="1.0" encoding="UTF-8"?><CodeSystem xmlns="http://hl7.org/fhir"><id value="jp-medication-category-jhsp0007-cs"/><text><status value="generated"/><div xmlns="http://www.w3.org/1999/xhtml"><p>This code system <code>http://jpfhir.jp/fhir/Common/CodeSystem/JHSP0007</code> defines the following codes:</p><table class="codes"><tr><td style="white-space:nowrap"><b>Code</b></td><td><b>Display</b></td></tr><tr><td style="white-space:nowrap">BDP<a name="jp-medication-category-jhsp0007-cs-BDP"> </a></td><td>持参薬処方</td></tr></table></div></text><url value="http://jpfhir.jp/fhir/Common/CodeSystem/JHSP0007"/><version value="1.1.0a"/><name value="JP_MedicationCategoryJHSP0007_CS"/><title value="JP Core Medication JHSP0007 Category CodeSystem"/><status value="active"/><date value="2022-09-26"/><publisher value="FHIR Japanese implementation research working group in Japan Association of Medical Informatics (JAMI)"/><contact><name value="FHIR Japanese implementation research working group in Japan Association of Medical Informatics (JAMI)"/><telecom><system value="url"/><value value="http://jpfhir.jp"/></telecom><telecom><system value="email"/><value value="office@hlfhir.jp"/></telecom></contact><description value="JAHIS処方データ交換規約Ver.3.0C JHSP表0007処方区分コードのコードシステム"/><jurisdiction><coding><system value="urn:iso:std:iso:3166"/><code value="JP"/></coding></jurisdiction><copyright value="FHIR Japanese implementation research working group in Japan Association of Medical Informatics (JAMI)"/><caseSensitive value="true"/><valueSet value="http://jpfhir.jp/fhir/Common/ValueSet/JP_MedicationCategoryJHSP0007_VS"/><content value="complete"/><count value="1"/><concept><code value="BDP"/><display value="持参薬処方"/></concept></CodeSystem>