<?xml version="1.0" encoding="UTF-8"?><CodeSystem xmlns="http://hl7.org/fhir"><id value="jp-practitioner-role-cs"/><text><status value="generated"/><div xmlns="http://www.w3.org/1999/xhtml"><p>This code system http://jpfhir.jp/fhir/Common/CodeSystem/JP_PractitionerRole_CS defines the following codes:</p><table class="codes"><tr><td style="white-space:nowrap"><b>Code</b></td><td><b>Display</b></td></tr><tr><td style="white-space:nowrap">B12101<a name="jp-practitioner-role-cs-B12101"> </a></td><td>医師</td></tr><tr><td style="white-space:nowrap">B12201<a name="jp-practitioner-role-cs-B12201"> </a></td><td>歯科医師</td></tr><tr><td style="white-space:nowrap">B12301<a name="jp-practitioner-role-cs-B12301"> </a></td><td>獣医師</td></tr><tr><td style="white-space:nowrap">B12401<a name="jp-practitioner-role-cs-B12401"> </a></td><td>薬剤師（調剤）</td></tr><tr><td style="white-space:nowrap">B12402<a name="jp-practitioner-role-cs-B12402"> </a></td><td>薬剤師（医薬品販売）</td></tr><tr><td style="white-space:nowrap">B12499<a name="jp-practitioner-role-cs-B12499"> </a></td><td>他に分類されない薬剤師</td></tr><tr><td style="white-space:nowrap">B13101<a name="jp-practitioner-role-cs-B13101"> </a></td><td>保健師</td></tr><tr><td style="white-space:nowrap">B13201<a name="jp-practitioner-role-cs-B13201"> </a></td><td>助産師</td></tr><tr><td style="white-space:nowrap">B13301<a name="jp-practitioner-role-cs-B13301"> </a></td><td>看護師</td></tr><tr><td style="white-space:nowrap">B13302<a name="jp-practitioner-role-cs-B13302"> </a></td><td>准看護師</td></tr><tr><td style="white-space:nowrap">B14101<a name="jp-practitioner-role-cs-B14101"> </a></td><td>診療放射線技師</td></tr><tr><td style="white-space:nowrap">B14201<a name="jp-practitioner-role-cs-B14201"> </a></td><td>臨床工学技士</td></tr><tr><td style="white-space:nowrap">B14301<a name="jp-practitioner-role-cs-B14301"> </a></td><td>臨床検査技師</td></tr><tr><td style="white-space:nowrap">B14401<a name="jp-practitioner-role-cs-B14401"> </a></td><td>理学療法士</td></tr><tr><td style="white-space:nowrap">B14501<a name="jp-practitioner-role-cs-B14501"> </a></td><td>作業療法士</td></tr><tr><td style="white-space:nowrap">B14601<a name="jp-practitioner-role-cs-B14601"> </a></td><td>視能訓練士</td></tr><tr><td style="white-space:nowrap">B14602<a name="jp-practitioner-role-cs-B14602"> </a></td><td>言語聴覚士</td></tr><tr><td style="white-space:nowrap">B14701<a name="jp-practitioner-role-cs-B14701"> </a></td><td>歯科衛生士</td></tr><tr><td style="white-space:nowrap">B14801<a name="jp-practitioner-role-cs-B14801"> </a></td><td>歯科技工士</td></tr><tr><td style="white-space:nowrap">B15101<a name="jp-practitioner-role-cs-B15101"> </a></td><td>栄養士</td></tr><tr><td style="white-space:nowrap">B15102<a name="jp-practitioner-role-cs-B15102"> </a></td><td>管理栄養士</td></tr></table></div></text><url value="http://jpfhir.jp/fhir/Common/CodeSystem/JP_PractitionerRole_CS"/><version value="1.1.0a"/><name value="JP_PractitionerRole_CS"/><title value="JP Core Practitioner Role CodeSystem"/><status value="draft"/><date value="2022-08-26T11:46:15+00:00"/><publisher value="FHIR Japanese implementation research working group in Japan Association of Medical Informatics (JAMI)"/><contact><name value="FHIR Japanese implementation research working group in Japan Association of Medical Informatics (JAMI)"/><telecom><system value="url"/><value value="http://jpfhir.jp"/></telecom><telecom><system value="email"/><value value="office@hlfhir.jp"/></telecom></contact><description value="実施者のロール（役割）を示すコード"/><jurisdiction><coding><system value="urn:iso:std:iso:3166"/><code value="JP"/></coding></jurisdiction><copyright value="FHIR Japanese implementation research working group in Japan Association of Medical Informatics (JAMI)"/><caseSensitive value="true"/><valueSet value="http://jpfhir.jp/fhir/Common/ValueSet/JP_PractitionerRole_VS"/><content value="complete"/><count value="21"/><concept><code value="B12101"/><display value="医師"/></concept><concept><code value="B12201"/><display value="歯科医師"/></concept><concept><code value="B12301"/><display value="獣医師"/></concept><concept><code value="B12401"/><display value="薬剤師（調剤）"/></concept><concept><code value="B12402"/><display value="薬剤師（医薬品販売）"/></concept><concept><code value="B12499"/><display value="他に分類されない薬剤師"/></concept><concept><code value="B13101"/><display value="保健師"/></concept><concept><code value="B13201"/><display value="助産師"/></concept><concept><code value="B13301"/><display value="看護師"/></concept><concept><code value="B13302"/><display value="准看護師"/></concept><concept><code value="B14101"/><display value="診療放射線技師"/></concept><concept><code value="B14201"/><display value="臨床工学技士"/></concept><concept><code value="B14301"/><display value="臨床検査技師"/></concept><concept><code value="B14401"/><display value="理学療法士"/></concept><concept><code value="B14501"/><display value="作業療法士"/></concept><concept><code value="B14601"/><display value="視能訓練士"/></concept><concept><code value="B14602"/><display value="言語聴覚士"/></concept><concept><code value="B14701"/><display value="歯科衛生士"/></concept><concept><code value="B14801"/><display value="歯科技工士"/></concept><concept><code value="B15101"/><display value="栄養士"/></concept><concept><code value="B15102"/><display value="管理栄養士"/></concept></CodeSystem>