<?xml version="1.0" encoding="UTF-8"?><CodeSystem xmlns="http://hl7.org/fhir"><id value="jp-observation-bodymeasurement-code-cs"/><text><status value="generated"/><div xmlns="http://www.w3.org/1999/xhtml"><p>This code system <code>http://jpfhir.jp/fhir/Common/CodeSystem/JP_ObservationBodyMeasurementCode_CS</code> defines the following codes:</p><table class="codes"><tr><td style="white-space:nowrap"><b>Code</b></td><td><b>Display</b></td></tr><tr><td style="white-space:nowrap">31000296<a name="jp-observation-bodymeasurement-code-cs-31000296"> </a></td><td>体重</td></tr><tr><td style="white-space:nowrap">31000297<a name="jp-observation-bodymeasurement-code-cs-31000297"> </a></td><td>体重</td></tr><tr><td style="white-space:nowrap">31000298<a name="jp-observation-bodymeasurement-code-cs-31000298"> </a></td><td>身長</td></tr><tr><td style="white-space:nowrap">31000299<a name="jp-observation-bodymeasurement-code-cs-31000299"> </a></td><td>胸囲</td></tr><tr><td style="white-space:nowrap">31000300<a name="jp-observation-bodymeasurement-code-cs-31000300"> </a></td><td>腹囲（臍上）</td></tr><tr><td style="white-space:nowrap">31000301<a name="jp-observation-bodymeasurement-code-cs-31000301"> </a></td><td>腹囲</td></tr><tr><td style="white-space:nowrap">31000901<a name="jp-observation-bodymeasurement-code-cs-31000901"> </a></td><td>開口度</td></tr><tr><td style="white-space:nowrap">31000902<a name="jp-observation-bodymeasurement-code-cs-31000902"> </a></td><td>開口度</td></tr><tr><td style="white-space:nowrap">31001697<a name="jp-observation-bodymeasurement-code-cs-31001697"> </a></td><td>体脂肪率</td></tr><tr><td style="white-space:nowrap">31002749<a name="jp-observation-bodymeasurement-code-cs-31002749"> </a></td><td>右上腕周囲</td></tr><tr><td style="white-space:nowrap">31002750<a name="jp-observation-bodymeasurement-code-cs-31002750"> </a></td><td>左上腕周囲</td></tr><tr><td style="white-space:nowrap">31002751<a name="jp-observation-bodymeasurement-code-cs-31002751"> </a></td><td>右前腕周囲</td></tr><tr><td style="white-space:nowrap">31002752<a name="jp-observation-bodymeasurement-code-cs-31002752"> </a></td><td>左前腕周囲</td></tr><tr><td style="white-space:nowrap">31002753<a name="jp-observation-bodymeasurement-code-cs-31002753"> </a></td><td>右大腿周囲</td></tr><tr><td style="white-space:nowrap">31002754<a name="jp-observation-bodymeasurement-code-cs-31002754"> </a></td><td>左大腿周囲</td></tr><tr><td style="white-space:nowrap">31002755<a name="jp-observation-bodymeasurement-code-cs-31002755"> </a></td><td>右下腿周囲</td></tr><tr><td style="white-space:nowrap">31002756<a name="jp-observation-bodymeasurement-code-cs-31002756"> </a></td><td>左下腿周囲</td></tr><tr><td style="white-space:nowrap">31002900<a name="jp-observation-bodymeasurement-code-cs-31002900"> </a></td><td>出生体重</td></tr><tr><td style="white-space:nowrap">31003020<a name="jp-observation-bodymeasurement-code-cs-31003020"> </a></td><td>ＢＭＩ</td></tr><tr><td style="white-space:nowrap">31003138<a name="jp-observation-bodymeasurement-code-cs-31003138"> </a></td><td>標準体重</td></tr><tr><td style="white-space:nowrap">31003177<a name="jp-observation-bodymeasurement-code-cs-31003177"> </a></td><td>肘窩上部１０ｃｍ周囲長（右患側）</td></tr><tr><td style="white-space:nowrap">31003178<a name="jp-observation-bodymeasurement-code-cs-31003178"> </a></td><td>肘窩上部１０ｃｍ周囲長（左患側）</td></tr><tr><td style="white-space:nowrap">31003179<a name="jp-observation-bodymeasurement-code-cs-31003179"> </a></td><td>肘窩上部１０ｃｍ周囲長（患側）</td></tr><tr><td style="white-space:nowrap">31003180<a name="jp-observation-bodymeasurement-code-cs-31003180"> </a></td><td>肘窩上部１０ｃｍ周囲長（右健側）</td></tr><tr><td style="white-space:nowrap">31003181<a name="jp-observation-bodymeasurement-code-cs-31003181"> </a></td><td>肘窩上部１０ｃｍ周囲長（左健側）</td></tr><tr><td style="white-space:nowrap">31003182<a name="jp-observation-bodymeasurement-code-cs-31003182"> </a></td><td>肘窩上部１０ｃｍ周囲長（健側）</td></tr><tr><td style="white-space:nowrap">31003183<a name="jp-observation-bodymeasurement-code-cs-31003183"> </a></td><td>肘窩下部５ｃｍ周囲長（右患側）</td></tr><tr><td style="white-space:nowrap">31003184<a name="jp-observation-bodymeasurement-code-cs-31003184"> </a></td><td>肘窩下部５ｃｍ周囲長（左患側）</td></tr><tr><td style="white-space:nowrap">31003185<a name="jp-observation-bodymeasurement-code-cs-31003185"> </a></td><td>肘窩下部５ｃｍ周囲長（患側）</td></tr><tr><td style="white-space:nowrap">31003186<a name="jp-observation-bodymeasurement-code-cs-31003186"> </a></td><td>肘窩下部５ｃｍ周囲長（右健側）</td></tr><tr><td style="white-space:nowrap">31003187<a name="jp-observation-bodymeasurement-code-cs-31003187"> </a></td><td>肘窩下部５ｃｍ周囲長（左健側）</td></tr><tr><td style="white-space:nowrap">31003188<a name="jp-observation-bodymeasurement-code-cs-31003188"> </a></td><td>肘窩下部５ｃｍ周囲長（健側）</td></tr><tr><td style="white-space:nowrap">31003189<a name="jp-observation-bodymeasurement-code-cs-31003189"> </a></td><td>手関節周囲長（右患側）</td></tr><tr><td style="white-space:nowrap">31003190<a name="jp-observation-bodymeasurement-code-cs-31003190"> </a></td><td>手関節周囲長（左患側）</td></tr><tr><td style="white-space:nowrap">31003191<a name="jp-observation-bodymeasurement-code-cs-31003191"> </a></td><td>手関節周囲長（患側）</td></tr><tr><td style="white-space:nowrap">31003192<a name="jp-observation-bodymeasurement-code-cs-31003192"> </a></td><td>手関節周囲長（右健側）</td></tr><tr><td style="white-space:nowrap">31003193<a name="jp-observation-bodymeasurement-code-cs-31003193"> </a></td><td>手関節周囲長（左健側）</td></tr><tr><td style="white-space:nowrap">31003194<a name="jp-observation-bodymeasurement-code-cs-31003194"> </a></td><td>手関節周囲長（健側）</td></tr><tr><td style="white-space:nowrap">31003195<a name="jp-observation-bodymeasurement-code-cs-31003195"> </a></td><td>ＭＰ関節周囲長（右患側）</td></tr><tr><td style="white-space:nowrap">31003196<a name="jp-observation-bodymeasurement-code-cs-31003196"> </a></td><td>ＭＰ関節周囲長（左患側）</td></tr><tr><td style="white-space:nowrap">31003197<a name="jp-observation-bodymeasurement-code-cs-31003197"> </a></td><td>ＭＰ関節周囲長（患側）</td></tr><tr><td style="white-space:nowrap">31003198<a name="jp-observation-bodymeasurement-code-cs-31003198"> </a></td><td>ＭＰ関節周囲長（右健側）</td></tr><tr><td style="white-space:nowrap">31003199<a name="jp-observation-bodymeasurement-code-cs-31003199"> </a></td><td>ＭＰ関節周囲長（左健側）</td></tr><tr><td style="white-space:nowrap">31003200<a name="jp-observation-bodymeasurement-code-cs-31003200"> </a></td><td>ＭＰ関節周囲長（健側）</td></tr><tr><td style="white-space:nowrap">31003201<a name="jp-observation-bodymeasurement-code-cs-31003201"> </a></td><td>大腿根部周囲長（右患側）</td></tr><tr><td style="white-space:nowrap">31003202<a name="jp-observation-bodymeasurement-code-cs-31003202"> </a></td><td>大腿根部周囲長（左患側）</td></tr><tr><td style="white-space:nowrap">31003203<a name="jp-observation-bodymeasurement-code-cs-31003203"> </a></td><td>大腿根部周囲長（患側）</td></tr><tr><td style="white-space:nowrap">31003204<a name="jp-observation-bodymeasurement-code-cs-31003204"> </a></td><td>大腿根部周囲長（右健側）</td></tr><tr><td style="white-space:nowrap">31003205<a name="jp-observation-bodymeasurement-code-cs-31003205"> </a></td><td>大腿根部周囲長（左健側）</td></tr><tr><td style="white-space:nowrap">31003206<a name="jp-observation-bodymeasurement-code-cs-31003206"> </a></td><td>大腿根部周囲長（健側）</td></tr><tr><td style="white-space:nowrap">31003207<a name="jp-observation-bodymeasurement-code-cs-31003207"> </a></td><td>膝窩上部１０ｃｍ周囲長（右患側）</td></tr><tr><td style="white-space:nowrap">31003208<a name="jp-observation-bodymeasurement-code-cs-31003208"> </a></td><td>膝窩上部１０ｃｍ周囲長（左患側）</td></tr><tr><td style="white-space:nowrap">31003209<a name="jp-observation-bodymeasurement-code-cs-31003209"> </a></td><td>膝窩上部１０ｃｍ周囲長（患側）</td></tr><tr><td style="white-space:nowrap">31003210<a name="jp-observation-bodymeasurement-code-cs-31003210"> </a></td><td>膝窩上部１０ｃｍ周囲長（右健側）</td></tr><tr><td style="white-space:nowrap">31003211<a name="jp-observation-bodymeasurement-code-cs-31003211"> </a></td><td>膝窩上部１０ｃｍ周囲長（左健側）</td></tr><tr><td style="white-space:nowrap">31003212<a name="jp-observation-bodymeasurement-code-cs-31003212"> </a></td><td>膝窩上部１０ｃｍ周囲長（健側）</td></tr><tr><td style="white-space:nowrap">31003213<a name="jp-observation-bodymeasurement-code-cs-31003213"> </a></td><td>膝窩下部５ｃｍ周囲長（右患側）</td></tr><tr><td style="white-space:nowrap">31003214<a name="jp-observation-bodymeasurement-code-cs-31003214"> </a></td><td>膝窩下部５ｃｍ周囲長（左患側）</td></tr><tr><td style="white-space:nowrap">31003215<a name="jp-observation-bodymeasurement-code-cs-31003215"> </a></td><td>膝窩下部５ｃｍ周囲長（患側）</td></tr><tr><td style="white-space:nowrap">31003216<a name="jp-observation-bodymeasurement-code-cs-31003216"> </a></td><td>膝窩下部５ｃｍ周囲長（右健側）</td></tr><tr><td style="white-space:nowrap">31003217<a name="jp-observation-bodymeasurement-code-cs-31003217"> </a></td><td>膝窩下部５ｃｍ周囲長（左健側）</td></tr><tr><td style="white-space:nowrap">31003218<a name="jp-observation-bodymeasurement-code-cs-31003218"> </a></td><td>膝窩下部５ｃｍ周囲長（健側）</td></tr><tr><td style="white-space:nowrap">31003219<a name="jp-observation-bodymeasurement-code-cs-31003219"> </a></td><td>足関節周囲長（右患側）</td></tr><tr><td style="white-space:nowrap">31003220<a name="jp-observation-bodymeasurement-code-cs-31003220"> </a></td><td>足関節周囲長（左患側）</td></tr><tr><td style="white-space:nowrap">31003221<a name="jp-observation-bodymeasurement-code-cs-31003221"> </a></td><td>足関節周囲長（患側）</td></tr><tr><td style="white-space:nowrap">31003222<a name="jp-observation-bodymeasurement-code-cs-31003222"> </a></td><td>足関節周囲長（右健側）</td></tr><tr><td style="white-space:nowrap">31003223<a name="jp-observation-bodymeasurement-code-cs-31003223"> </a></td><td>足関節周囲長（左健側）</td></tr><tr><td style="white-space:nowrap">31003224<a name="jp-observation-bodymeasurement-code-cs-31003224"> </a></td><td>足関節周囲長（健側）</td></tr><tr><td style="white-space:nowrap">31003225<a name="jp-observation-bodymeasurement-code-cs-31003225"> </a></td><td>足背周囲長（右患側）</td></tr><tr><td style="white-space:nowrap">31003226<a name="jp-observation-bodymeasurement-code-cs-31003226"> </a></td><td>足背周囲長（左患側）</td></tr><tr><td style="white-space:nowrap">31003227<a name="jp-observation-bodymeasurement-code-cs-31003227"> </a></td><td>足背周囲長（患側）</td></tr><tr><td style="white-space:nowrap">31003228<a name="jp-observation-bodymeasurement-code-cs-31003228"> </a></td><td>足背周囲長（右健側）</td></tr><tr><td style="white-space:nowrap">31003229<a name="jp-observation-bodymeasurement-code-cs-31003229"> </a></td><td>足背周囲長（左健側）</td></tr><tr><td style="white-space:nowrap">31003230<a name="jp-observation-bodymeasurement-code-cs-31003230"> </a></td><td>足背周囲長（健側）</td></tr><tr><td style="white-space:nowrap">31003421<a name="jp-observation-bodymeasurement-code-cs-31003421"> </a></td><td>上腕周囲長（ＡＣ）</td></tr><tr><td style="white-space:nowrap">31003422<a name="jp-observation-bodymeasurement-code-cs-31003422"> </a></td><td>下腿周囲長（ＣＣ）</td></tr><tr><td style="white-space:nowrap">31003423<a name="jp-observation-bodymeasurement-code-cs-31003423"> </a></td><td>上腕筋囲</td></tr><tr><td style="white-space:nowrap">31003424<a name="jp-observation-bodymeasurement-code-cs-31003424"> </a></td><td>上腕筋面積</td></tr><tr><td style="white-space:nowrap">31003425<a name="jp-observation-bodymeasurement-code-cs-31003425"> </a></td><td>上腕三頭筋部皮下脂肪厚（ＴＳＦ）</td></tr><tr><td style="white-space:nowrap">31003426<a name="jp-observation-bodymeasurement-code-cs-31003426"> </a></td><td>肩甲骨下部皮下脂肪厚（ＳＳＦ）</td></tr><tr><td style="white-space:nowrap">31003601<a name="jp-observation-bodymeasurement-code-cs-31003601"> </a></td><td>肥満度</td></tr><tr><td style="white-space:nowrap">31003602<a name="jp-observation-bodymeasurement-code-cs-31003602"> </a></td><td>ローレル指数</td></tr><tr><td style="white-space:nowrap">31003603<a name="jp-observation-bodymeasurement-code-cs-31003603"> </a></td><td>体重減少率</td></tr><tr><td style="white-space:nowrap">31003604<a name="jp-observation-bodymeasurement-code-cs-31003604"> </a></td><td>体重増加率</td></tr><tr><td style="white-space:nowrap">31003605<a name="jp-observation-bodymeasurement-code-cs-31003605"> </a></td><td>体重変化率</td></tr><tr><td style="white-space:nowrap">31003607<a name="jp-observation-bodymeasurement-code-cs-31003607"> </a></td><td>身長推定値</td></tr><tr><td style="white-space:nowrap">31003623<a name="jp-observation-bodymeasurement-code-cs-31003623"> </a></td><td>肘窩上部１０ｃｍ周囲長（右）</td></tr><tr><td style="white-space:nowrap">31003624<a name="jp-observation-bodymeasurement-code-cs-31003624"> </a></td><td>肘窩上部１０ｃｍ周囲長（左）</td></tr><tr><td style="white-space:nowrap">31003625<a name="jp-observation-bodymeasurement-code-cs-31003625"> </a></td><td>肘窩下部５ｃｍ周囲長（右）</td></tr><tr><td style="white-space:nowrap">31003626<a name="jp-observation-bodymeasurement-code-cs-31003626"> </a></td><td>肘窩下部５ｃｍ周囲長（左）</td></tr><tr><td style="white-space:nowrap">31003627<a name="jp-observation-bodymeasurement-code-cs-31003627"> </a></td><td>手関節周囲長（右）</td></tr><tr><td style="white-space:nowrap">31003628<a name="jp-observation-bodymeasurement-code-cs-31003628"> </a></td><td>手関節周囲長（左）</td></tr><tr><td style="white-space:nowrap">31003629<a name="jp-observation-bodymeasurement-code-cs-31003629"> </a></td><td>ＭＰ関節周囲長（右）</td></tr><tr><td style="white-space:nowrap">31003630<a name="jp-observation-bodymeasurement-code-cs-31003630"> </a></td><td>ＭＰ関節周囲長（左）</td></tr><tr><td style="white-space:nowrap">31003631<a name="jp-observation-bodymeasurement-code-cs-31003631"> </a></td><td>大腿根部周囲長（右）</td></tr><tr><td style="white-space:nowrap">31003632<a name="jp-observation-bodymeasurement-code-cs-31003632"> </a></td><td>大腿根部周囲長（左）</td></tr><tr><td style="white-space:nowrap">31003633<a name="jp-observation-bodymeasurement-code-cs-31003633"> </a></td><td>膝窩上部１０ｃｍ周囲長（右）</td></tr><tr><td style="white-space:nowrap">31003634<a name="jp-observation-bodymeasurement-code-cs-31003634"> </a></td><td>膝窩上部１０ｃｍ周囲長（左）</td></tr><tr><td style="white-space:nowrap">31003635<a name="jp-observation-bodymeasurement-code-cs-31003635"> </a></td><td>膝窩下部５ｃｍ周囲長（右）</td></tr><tr><td style="white-space:nowrap">31003636<a name="jp-observation-bodymeasurement-code-cs-31003636"> </a></td><td>膝窩下部５ｃｍ周囲長（左）</td></tr><tr><td style="white-space:nowrap">31003637<a name="jp-observation-bodymeasurement-code-cs-31003637"> </a></td><td>足関節周囲長（右）</td></tr><tr><td style="white-space:nowrap">31003638<a name="jp-observation-bodymeasurement-code-cs-31003638"> </a></td><td>足関節周囲長（左）</td></tr><tr><td style="white-space:nowrap">31003639<a name="jp-observation-bodymeasurement-code-cs-31003639"> </a></td><td>足背周囲長（右）</td></tr><tr><td style="white-space:nowrap">31003640<a name="jp-observation-bodymeasurement-code-cs-31003640"> </a></td><td>足背周囲長（左）</td></tr><tr><td style="white-space:nowrap">31003721<a name="jp-observation-bodymeasurement-code-cs-31003721"> </a></td><td>体重（透析前）</td></tr><tr><td style="white-space:nowrap">31003722<a name="jp-observation-bodymeasurement-code-cs-31003722"> </a></td><td>体重（透析前）</td></tr><tr><td style="white-space:nowrap">31003723<a name="jp-observation-bodymeasurement-code-cs-31003723"> </a></td><td>体重（透析後）</td></tr><tr><td style="white-space:nowrap">31003724<a name="jp-observation-bodymeasurement-code-cs-31003724"> </a></td><td>体重（透析後）</td></tr><tr><td style="white-space:nowrap">31003725<a name="jp-observation-bodymeasurement-code-cs-31003725"> </a></td><td>目標体重</td></tr><tr><td style="white-space:nowrap">31003726<a name="jp-observation-bodymeasurement-code-cs-31003726"> </a></td><td>目標体重</td></tr><tr><td style="white-space:nowrap">31003727<a name="jp-observation-bodymeasurement-code-cs-31003727"> </a></td><td>体重変化量</td></tr><tr><td style="white-space:nowrap">31003728<a name="jp-observation-bodymeasurement-code-cs-31003728"> </a></td><td>体重変化量</td></tr><tr><td style="white-space:nowrap">31006116<a name="jp-observation-bodymeasurement-code-cs-31006116"> </a></td><td>頭囲</td></tr><tr><td style="white-space:nowrap">31006215<a name="jp-observation-bodymeasurement-code-cs-31006215"> </a></td><td>握力（右）</td></tr><tr><td style="white-space:nowrap">31006216<a name="jp-observation-bodymeasurement-code-cs-31006216"> </a></td><td>握力（左）</td></tr><tr><td style="white-space:nowrap">31006397<a name="jp-observation-bodymeasurement-code-cs-31006397"> </a></td><td>体重（前日差）</td></tr></table></div></text><url value="http://jpfhir.jp/fhir/Common/CodeSystem/JP_ObservationBodyMeasurementCode_CS"/><version value="1.1.0a"/><name value="JP_ObservationBodyMeasurementCode_CS"/><title value="JP Core Observation BodyMeasurement Code CodeSystem"/><status value="draft"/><date value="2022-09-09T11:59:54+00:00"/><publisher value="FHIR Japanese implementation research working group in Japan Association of Medical Informatics (JAMI)"/><contact><name value="FHIR Japanese implementation research working group in Japan Association of Medical Informatics (JAMI)"/><telecom><system value="url"/><value value="http://jpfhir.jp"/></telecom><telecom><system value="email"/><value value="office@hlfhir.jp"/></telecom></contact><description value="Observation（身体計測）で使用する項目コードのコードシステム"/><jurisdiction><coding><system value="urn:iso:std:iso:3166"/><code value="JP"/></coding></jurisdiction><copyright value="FHIR Japanese implementation research working group in Japan Association of Medical Informatics (JAMI)"/><caseSensitive value="true"/><valueSet value="http://jpfhir.jp/fhir/Common/ValueSet/JP_ObservationBodyMeasurementCode_VS"/><content value="complete"/><count value="116"/><concept><code value="31000296"/><display value="体重"/></concept><concept><code value="31000297"/><display value="体重"/></concept><concept><code value="31000298"/><display value="身長"/></concept><concept><code value="31000299"/><display value="胸囲"/></concept><concept><code value="31000300"/><display value="腹囲（臍上）"/></concept><concept><code value="31000301"/><display value="腹囲"/></concept><concept><code value="31000901"/><display value="開口度"/></concept><concept><code value="31000902"/><display value="開口度"/></concept><concept><code value="31001697"/><display value="体脂肪率"/></concept><concept><code value="31002749"/><display value="右上腕周囲"/></concept><concept><code value="31002750"/><display value="左上腕周囲"/></concept><concept><code value="31002751"/><display value="右前腕周囲"/></concept><concept><code value="31002752"/><display value="左前腕周囲"/></concept><concept><code value="31002753"/><display value="右大腿周囲"/></concept><concept><code value="31002754"/><display value="左大腿周囲"/></concept><concept><code value="31002755"/><display value="右下腿周囲"/></concept><concept><code value="31002756"/><display value="左下腿周囲"/></concept><concept><code value="31002900"/><display value="出生体重"/></concept><concept><code value="31003020"/><display value="ＢＭＩ"/></concept><concept><code value="31003138"/><display value="標準体重"/></concept><concept><code value="31003177"/><display value="肘窩上部１０ｃｍ周囲長（右患側）"/></concept><concept><code value="31003178"/><display value="肘窩上部１０ｃｍ周囲長（左患側）"/></concept><concept><code value="31003179"/><display value="肘窩上部１０ｃｍ周囲長（患側）"/></concept><concept><code value="31003180"/><display value="肘窩上部１０ｃｍ周囲長（右健側）"/></concept><concept><code value="31003181"/><display value="肘窩上部１０ｃｍ周囲長（左健側）"/></concept><concept><code value="31003182"/><display value="肘窩上部１０ｃｍ周囲長（健側）"/></concept><concept><code value="31003183"/><display value="肘窩下部５ｃｍ周囲長（右患側）"/></concept><concept><code value="31003184"/><display value="肘窩下部５ｃｍ周囲長（左患側）"/></concept><concept><code value="31003185"/><display value="肘窩下部５ｃｍ周囲長（患側）"/></concept><concept><code value="31003186"/><display value="肘窩下部５ｃｍ周囲長（右健側）"/></concept><concept><code value="31003187"/><display value="肘窩下部５ｃｍ周囲長（左健側）"/></concept><concept><code value="31003188"/><display value="肘窩下部５ｃｍ周囲長（健側）"/></concept><concept><code value="31003189"/><display value="手関節周囲長（右患側）"/></concept><concept><code value="31003190"/><display value="手関節周囲長（左患側）"/></concept><concept><code value="31003191"/><display value="手関節周囲長（患側）"/></concept><concept><code value="31003192"/><display value="手関節周囲長（右健側）"/></concept><concept><code value="31003193"/><display value="手関節周囲長（左健側）"/></concept><concept><code value="31003194"/><display value="手関節周囲長（健側）"/></concept><concept><code value="31003195"/><display value="ＭＰ関節周囲長（右患側）"/></concept><concept><code value="31003196"/><display value="ＭＰ関節周囲長（左患側）"/></concept><concept><code value="31003197"/><display value="ＭＰ関節周囲長（患側）"/></concept><concept><code value="31003198"/><display value="ＭＰ関節周囲長（右健側）"/></concept><concept><code value="31003199"/><display value="ＭＰ関節周囲長（左健側）"/></concept><concept><code value="31003200"/><display value="ＭＰ関節周囲長（健側）"/></concept><concept><code value="31003201"/><display value="大腿根部周囲長（右患側）"/></concept><concept><code value="31003202"/><display value="大腿根部周囲長（左患側）"/></concept><concept><code value="31003203"/><display value="大腿根部周囲長（患側）"/></concept><concept><code value="31003204"/><display value="大腿根部周囲長（右健側）"/></concept><concept><code value="31003205"/><display value="大腿根部周囲長（左健側）"/></concept><concept><code value="31003206"/><display value="大腿根部周囲長（健側）"/></concept><concept><code value="31003207"/><display value="膝窩上部１０ｃｍ周囲長（右患側）"/></concept><concept><code value="31003208"/><display value="膝窩上部１０ｃｍ周囲長（左患側）"/></concept><concept><code value="31003209"/><display value="膝窩上部１０ｃｍ周囲長（患側）"/></concept><concept><code value="31003210"/><display value="膝窩上部１０ｃｍ周囲長（右健側）"/></concept><concept><code value="31003211"/><display value="膝窩上部１０ｃｍ周囲長（左健側）"/></concept><concept><code value="31003212"/><display value="膝窩上部１０ｃｍ周囲長（健側）"/></concept><concept><code value="31003213"/><display value="膝窩下部５ｃｍ周囲長（右患側）"/></concept><concept><code value="31003214"/><display value="膝窩下部５ｃｍ周囲長（左患側）"/></concept><concept><code value="31003215"/><display value="膝窩下部５ｃｍ周囲長（患側）"/></concept><concept><code value="31003216"/><display value="膝窩下部５ｃｍ周囲長（右健側）"/></concept><concept><code value="31003217"/><display value="膝窩下部５ｃｍ周囲長（左健側）"/></concept><concept><code value="31003218"/><display value="膝窩下部５ｃｍ周囲長（健側）"/></concept><concept><code value="31003219"/><display value="足関節周囲長（右患側）"/></concept><concept><code value="31003220"/><display value="足関節周囲長（左患側）"/></concept><concept><code value="31003221"/><display value="足関節周囲長（患側）"/></concept><concept><code value="31003222"/><display value="足関節周囲長（右健側）"/></concept><concept><code value="31003223"/><display value="足関節周囲長（左健側）"/></concept><concept><code value="31003224"/><display value="足関節周囲長（健側）"/></concept><concept><code value="31003225"/><display value="足背周囲長（右患側）"/></concept><concept><code value="31003226"/><display value="足背周囲長（左患側）"/></concept><concept><code value="31003227"/><display value="足背周囲長（患側）"/></concept><concept><code value="31003228"/><display value="足背周囲長（右健側）"/></concept><concept><code value="31003229"/><display value="足背周囲長（左健側）"/></concept><concept><code value="31003230"/><display value="足背周囲長（健側）"/></concept><concept><code value="31003421"/><display value="上腕周囲長（ＡＣ）"/></concept><concept><code value="31003422"/><display value="下腿周囲長（ＣＣ）"/></concept><concept><code value="31003423"/><display value="上腕筋囲"/></concept><concept><code value="31003424"/><display value="上腕筋面積"/></concept><concept><code value="31003425"/><display value="上腕三頭筋部皮下脂肪厚（ＴＳＦ）"/></concept><concept><code value="31003426"/><display value="肩甲骨下部皮下脂肪厚（ＳＳＦ）"/></concept><concept><code value="31003601"/><display value="肥満度"/></concept><concept><code value="31003602"/><display value="ローレル指数"/></concept><concept><code value="31003603"/><display value="体重減少率"/></concept><concept><code value="31003604"/><display value="体重増加率"/></concept><concept><code value="31003605"/><display value="体重変化率"/></concept><concept><code value="31003607"/><display value="身長推定値"/></concept><concept><code value="31003623"/><display value="肘窩上部１０ｃｍ周囲長（右）"/></concept><concept><code value="31003624"/><display value="肘窩上部１０ｃｍ周囲長（左）"/></concept><concept><code value="31003625"/><display value="肘窩下部５ｃｍ周囲長（右）"/></concept><concept><code value="31003626"/><display value="肘窩下部５ｃｍ周囲長（左）"/></concept><concept><code value="31003627"/><display value="手関節周囲長（右）"/></concept><concept><code value="31003628"/><display value="手関節周囲長（左）"/></concept><concept><code value="31003629"/><display value="ＭＰ関節周囲長（右）"/></concept><concept><code value="31003630"/><display value="ＭＰ関節周囲長（左）"/></concept><concept><code value="31003631"/><display value="大腿根部周囲長（右）"/></concept><concept><code value="31003632"/><display value="大腿根部周囲長（左）"/></concept><concept><code value="31003633"/><display value="膝窩上部１０ｃｍ周囲長（右）"/></concept><concept><code value="31003634"/><display value="膝窩上部１０ｃｍ周囲長（左）"/></concept><concept><code value="31003635"/><display value="膝窩下部５ｃｍ周囲長（右）"/></concept><concept><code value="31003636"/><display value="膝窩下部５ｃｍ周囲長（左）"/></concept><concept><code value="31003637"/><display value="足関節周囲長（右）"/></concept><concept><code value="31003638"/><display value="足関節周囲長（左）"/></concept><concept><code value="31003639"/><display value="足背周囲長（右）"/></concept><concept><code value="31003640"/><display value="足背周囲長（左）"/></concept><concept><code value="31003721"/><display value="体重（透析前）"/></concept><concept><code value="31003722"/><display value="体重（透析前）"/></concept><concept><code value="31003723"/><display value="体重（透析後）"/></concept><concept><code value="31003724"/><display value="体重（透析後）"/></concept><concept><code value="31003725"/><display value="目標体重"/></concept><concept><code value="31003726"/><display value="目標体重"/></concept><concept><code value="31003727"/><display value="体重変化量"/></concept><concept><code value="31003728"/><display value="体重変化量"/></concept><concept><code value="31006116"/><display value="頭囲"/></concept><concept><code value="31006215"/><display value="握力（右）"/></concept><concept><code value="31006216"/><display value="握力（左）"/></concept><concept><code value="31006397"/><display value="体重（前日差）"/></concept></CodeSystem>