<?xml version="1.0" encoding="UTF-8"?><CodeSystem xmlns="http://hl7.org/fhir"><id value="jp-microbiology-category-cs"/><text><status value="generated"/><div xmlns="http://www.w3.org/1999/xhtml"><p>This code system <code>http://jpfhir.jp/fhir/core/CodeSystem/JP_MicrobiologyCategory_CS</code> defines the following codes:</p><table class="codes"><tr><td style="white-space:nowrap"><b>Code</b></td><td><b>Display</b></td></tr><tr><td style="white-space:nowrap">gram-stain<a name="jp-microbiology-category-cs-gram-stain"> </a></td><td>Gram stain</td></tr><tr><td style="white-space:nowrap">afb-stains<a name="jp-microbiology-category-cs-afb-stains"> </a></td><td>AFB stains</td></tr><tr><td style="white-space:nowrap">others<a name="jp-microbiology-category-cs-others"> </a></td><td>Others</td></tr><tr><td style="white-space:nowrap">aoes<a name="jp-microbiology-category-cs-aoes"> </a></td><td>AOEs</td></tr><tr><td style="white-space:nowrap">organism-panels<a name="jp-microbiology-category-cs-organism-panels"> </a></td><td>Organism panels</td></tr><tr><td style="white-space:nowrap">organism<a name="jp-microbiology-category-cs-organism"> </a></td><td>Organism</td></tr><tr><td style="white-space:nowrap">growth<a name="jp-microbiology-category-cs-growth"> </a></td><td>Growth</td></tr><tr><td style="white-space:nowrap">susceptibility-panels<a name="jp-microbiology-category-cs-susceptibility-panels"> </a></td><td>Susceptibility panels</td></tr><tr><td style="white-space:nowrap">susceptibility-measurements<a name="jp-microbiology-category-cs-susceptibility-measurements"> </a></td><td>Susceptibility measurements</td></tr></table></div></text><url value="http://jpfhir.jp/fhir/core/CodeSystem/JP_MicrobiologyCategory_CS"/><version value="1.1.1"/><name value="JP_MicrobiologyCategory_CS"/><title value="JP Core MicrobiologyCategory CodeSystem"/><status value="active"/><experimental value="false"/><date value="2023-05-30"/><publisher value="FHIR Japanese implementation research working group in Japan Association of Medical Informatics (JAMI)"/><contact><name value="FHIR Japanese implementation research working group in Japan Association of Medical Informatics (JAMI)"/><telecom><system value="url"/><value value="http://jpfhir.jp"/></telecom><telecom><system value="email"/><value value="office@hlfhir.jp"/></telecom></contact><description value="微生物学検査カテゴリコードシステム"/><jurisdiction><coding><system value="urn:iso:std:iso:3166"/><code value="JP"/></coding></jurisdiction><copyright value="Copyright FHIR Japanese implementation research working group in Japan Association of Medical Informatics (JAMI) 一般社団法人日本医療情報学会NeXEHRS課題研究会FHIR日本実装検討WG"/><caseSensitive value="true"/><content value="complete"/><count value="9"/><concept><code value="gram-stain"/><display value="Gram stain"/></concept><concept><code value="afb-stains"/><display value="AFB stains"/></concept><concept><code value="others"/><display value="Others"/></concept><concept><code value="aoes"/><display value="AOEs"/></concept><concept><code value="organism-panels"/><display value="Organism panels"/></concept><concept><code value="organism"/><display value="Organism"/></concept><concept><code value="growth"/><display value="Growth"/></concept><concept><code value="susceptibility-panels"/><display value="Susceptibility panels"/></concept><concept><code value="susceptibility-measurements"/><display value="Susceptibility measurements"/></concept></CodeSystem>