<?xml version="1.0" encoding="UTF-8"?><CodeSystem xmlns="http://hl7.org/fhir"><id value="jp-medication-bodysite-jami-external-cs"/><text><status value="generated"/><div xmlns="http://www.w3.org/1999/xhtml"><p>This code system <code>http://jpfhir.jp/fhir/Common/CodeSystem/JP_MedicationBodySiteJAMIExternal_CS</code> defines the following codes:</p><table class="codes"><tr><td style="white-space:nowrap"><b>Code</b></td><td><b>Display</b></td></tr><tr><td style="white-space:nowrap">010<a name="jp-medication-bodysite-jami-external-cs-010"> </a></td><td>全身</td></tr><tr><td style="white-space:nowrap">01R<a name="jp-medication-bodysite-jami-external-cs-01R"> </a></td><td>右全身</td></tr><tr><td style="white-space:nowrap">01L<a name="jp-medication-bodysite-jami-external-cs-01L"> </a></td><td>左全身</td></tr><tr><td style="white-space:nowrap">01B<a name="jp-medication-bodysite-jami-external-cs-01B"> </a></td><td>両全身</td></tr><tr><td style="white-space:nowrap">120<a name="jp-medication-bodysite-jami-external-cs-120"> </a></td><td>頭皮</td></tr><tr><td style="white-space:nowrap">12R<a name="jp-medication-bodysite-jami-external-cs-12R"> </a></td><td>右頭皮</td></tr><tr><td style="white-space:nowrap">12L<a name="jp-medication-bodysite-jami-external-cs-12L"> </a></td><td>左頭皮</td></tr><tr><td style="white-space:nowrap">12B<a name="jp-medication-bodysite-jami-external-cs-12B"> </a></td><td>両頭皮</td></tr><tr><td style="white-space:nowrap">130<a name="jp-medication-bodysite-jami-external-cs-130"> </a></td><td>頭部</td></tr><tr><td style="white-space:nowrap">13R<a name="jp-medication-bodysite-jami-external-cs-13R"> </a></td><td>右頭部</td></tr><tr><td style="white-space:nowrap">13L<a name="jp-medication-bodysite-jami-external-cs-13L"> </a></td><td>左頭部</td></tr><tr><td style="white-space:nowrap">13B<a name="jp-medication-bodysite-jami-external-cs-13B"> </a></td><td>両頭部</td></tr><tr><td style="white-space:nowrap">140<a name="jp-medication-bodysite-jami-external-cs-140"> </a></td><td>頭頂部</td></tr><tr><td style="white-space:nowrap">14R<a name="jp-medication-bodysite-jami-external-cs-14R"> </a></td><td>右頭頂部</td></tr><tr><td style="white-space:nowrap">14L<a name="jp-medication-bodysite-jami-external-cs-14L"> </a></td><td>左頭頂部</td></tr><tr><td style="white-space:nowrap">14B<a name="jp-medication-bodysite-jami-external-cs-14B"> </a></td><td>両頭頂部</td></tr><tr><td style="white-space:nowrap">150<a name="jp-medication-bodysite-jami-external-cs-150"> </a></td><td>後頭部</td></tr><tr><td style="white-space:nowrap">15R<a name="jp-medication-bodysite-jami-external-cs-15R"> </a></td><td>右後頭部</td></tr><tr><td style="white-space:nowrap">15L<a name="jp-medication-bodysite-jami-external-cs-15L"> </a></td><td>左後頭部</td></tr><tr><td style="white-space:nowrap">15B<a name="jp-medication-bodysite-jami-external-cs-15B"> </a></td><td>両後頭部</td></tr><tr><td style="white-space:nowrap">210<a name="jp-medication-bodysite-jami-external-cs-210"> </a></td><td>ひたい</td></tr><tr><td style="white-space:nowrap">21R<a name="jp-medication-bodysite-jami-external-cs-21R"> </a></td><td>右ひたい</td></tr><tr><td style="white-space:nowrap">21L<a name="jp-medication-bodysite-jami-external-cs-21L"> </a></td><td>左ひたい</td></tr><tr><td style="white-space:nowrap">21B<a name="jp-medication-bodysite-jami-external-cs-21B"> </a></td><td>両ひたい</td></tr><tr><td style="white-space:nowrap">220<a name="jp-medication-bodysite-jami-external-cs-220"> </a></td><td>顔</td></tr><tr><td style="white-space:nowrap">22R<a name="jp-medication-bodysite-jami-external-cs-22R"> </a></td><td>右顔</td></tr><tr><td style="white-space:nowrap">22L<a name="jp-medication-bodysite-jami-external-cs-22L"> </a></td><td>左顔</td></tr><tr><td style="white-space:nowrap">22B<a name="jp-medication-bodysite-jami-external-cs-22B"> </a></td><td>両顔</td></tr><tr><td style="white-space:nowrap">230<a name="jp-medication-bodysite-jami-external-cs-230"> </a></td><td>まゆ</td></tr><tr><td style="white-space:nowrap">23R<a name="jp-medication-bodysite-jami-external-cs-23R"> </a></td><td>右まゆ</td></tr><tr><td style="white-space:nowrap">23L<a name="jp-medication-bodysite-jami-external-cs-23L"> </a></td><td>左まゆ</td></tr><tr><td style="white-space:nowrap">23B<a name="jp-medication-bodysite-jami-external-cs-23B"> </a></td><td>両まゆ</td></tr><tr><td style="white-space:nowrap">240<a name="jp-medication-bodysite-jami-external-cs-240"> </a></td><td>まゆのまわり</td></tr><tr><td style="white-space:nowrap">24R<a name="jp-medication-bodysite-jami-external-cs-24R"> </a></td><td>右まゆのまわり</td></tr><tr><td style="white-space:nowrap">24L<a name="jp-medication-bodysite-jami-external-cs-24L"> </a></td><td>左まゆのまわり</td></tr><tr><td style="white-space:nowrap">24B<a name="jp-medication-bodysite-jami-external-cs-24B"> </a></td><td>両まゆのまわり</td></tr><tr><td style="white-space:nowrap">250<a name="jp-medication-bodysite-jami-external-cs-250"> </a></td><td>まぶた</td></tr><tr><td style="white-space:nowrap">25R<a name="jp-medication-bodysite-jami-external-cs-25R"> </a></td><td>右まぶた</td></tr><tr><td style="white-space:nowrap">25L<a name="jp-medication-bodysite-jami-external-cs-25L"> </a></td><td>左まぶた</td></tr><tr><td style="white-space:nowrap">25B<a name="jp-medication-bodysite-jami-external-cs-25B"> </a></td><td>両まぶた</td></tr><tr><td style="white-space:nowrap">260<a name="jp-medication-bodysite-jami-external-cs-260"> </a></td><td>眼</td></tr><tr><td style="white-space:nowrap">26R<a name="jp-medication-bodysite-jami-external-cs-26R"> </a></td><td>右眼</td></tr><tr><td style="white-space:nowrap">26L<a name="jp-medication-bodysite-jami-external-cs-26L"> </a></td><td>左眼</td></tr><tr><td style="white-space:nowrap">26B<a name="jp-medication-bodysite-jami-external-cs-26B"> </a></td><td>両眼</td></tr><tr><td style="white-space:nowrap">270<a name="jp-medication-bodysite-jami-external-cs-270"> </a></td><td>目のまわり</td></tr><tr><td style="white-space:nowrap">27R<a name="jp-medication-bodysite-jami-external-cs-27R"> </a></td><td>右目のまわり</td></tr><tr><td style="white-space:nowrap">27L<a name="jp-medication-bodysite-jami-external-cs-27L"> </a></td><td>左目のまわり</td></tr><tr><td style="white-space:nowrap">27B<a name="jp-medication-bodysite-jami-external-cs-27B"> </a></td><td>両目のまわり</td></tr><tr><td style="white-space:nowrap">310<a name="jp-medication-bodysite-jami-external-cs-310"> </a></td><td>頬</td></tr><tr><td style="white-space:nowrap">31R<a name="jp-medication-bodysite-jami-external-cs-31R"> </a></td><td>右頬</td></tr><tr><td style="white-space:nowrap">31L<a name="jp-medication-bodysite-jami-external-cs-31L"> </a></td><td>左頬</td></tr><tr><td style="white-space:nowrap">31B<a name="jp-medication-bodysite-jami-external-cs-31B"> </a></td><td>両頬</td></tr><tr><td style="white-space:nowrap">320<a name="jp-medication-bodysite-jami-external-cs-320"> </a></td><td>鼻</td></tr><tr><td style="white-space:nowrap">32R<a name="jp-medication-bodysite-jami-external-cs-32R"> </a></td><td>右鼻</td></tr><tr><td style="white-space:nowrap">32L<a name="jp-medication-bodysite-jami-external-cs-32L"> </a></td><td>左鼻</td></tr><tr><td style="white-space:nowrap">32B<a name="jp-medication-bodysite-jami-external-cs-32B"> </a></td><td>両鼻</td></tr><tr><td style="white-space:nowrap">330<a name="jp-medication-bodysite-jami-external-cs-330"> </a></td><td>鼻のまわり</td></tr><tr><td style="white-space:nowrap">33R<a name="jp-medication-bodysite-jami-external-cs-33R"> </a></td><td>右鼻のまわり</td></tr><tr><td style="white-space:nowrap">33L<a name="jp-medication-bodysite-jami-external-cs-33L"> </a></td><td>左鼻のまわり</td></tr><tr><td style="white-space:nowrap">33B<a name="jp-medication-bodysite-jami-external-cs-33B"> </a></td><td>両鼻のまわり</td></tr><tr><td style="white-space:nowrap">340<a name="jp-medication-bodysite-jami-external-cs-340"> </a></td><td>鼻の下</td></tr><tr><td style="white-space:nowrap">34R<a name="jp-medication-bodysite-jami-external-cs-34R"> </a></td><td>右鼻の下</td></tr><tr><td style="white-space:nowrap">34L<a name="jp-medication-bodysite-jami-external-cs-34L"> </a></td><td>左鼻の下</td></tr><tr><td style="white-space:nowrap">34B<a name="jp-medication-bodysite-jami-external-cs-34B"> </a></td><td>両鼻の下</td></tr><tr><td style="white-space:nowrap">350<a name="jp-medication-bodysite-jami-external-cs-350"> </a></td><td>鼻腔内</td></tr><tr><td style="white-space:nowrap">35R<a name="jp-medication-bodysite-jami-external-cs-35R"> </a></td><td>右鼻腔内</td></tr><tr><td style="white-space:nowrap">35L<a name="jp-medication-bodysite-jami-external-cs-35L"> </a></td><td>左鼻腔内</td></tr><tr><td style="white-space:nowrap">35B<a name="jp-medication-bodysite-jami-external-cs-35B"> </a></td><td>両鼻腔内</td></tr><tr><td style="white-space:nowrap">420<a name="jp-medication-bodysite-jami-external-cs-420"> </a></td><td>耳</td></tr><tr><td style="white-space:nowrap">42R<a name="jp-medication-bodysite-jami-external-cs-42R"> </a></td><td>右耳</td></tr><tr><td style="white-space:nowrap">42L<a name="jp-medication-bodysite-jami-external-cs-42L"> </a></td><td>左耳</td></tr><tr><td style="white-space:nowrap">42B<a name="jp-medication-bodysite-jami-external-cs-42B"> </a></td><td>両耳</td></tr><tr><td style="white-space:nowrap">430<a name="jp-medication-bodysite-jami-external-cs-430"> </a></td><td>耳たぶ</td></tr><tr><td style="white-space:nowrap">43R<a name="jp-medication-bodysite-jami-external-cs-43R"> </a></td><td>右耳たぶ</td></tr><tr><td style="white-space:nowrap">43L<a name="jp-medication-bodysite-jami-external-cs-43L"> </a></td><td>左耳たぶ</td></tr><tr><td style="white-space:nowrap">43B<a name="jp-medication-bodysite-jami-external-cs-43B"> </a></td><td>両耳たぶ</td></tr><tr><td style="white-space:nowrap">440<a name="jp-medication-bodysite-jami-external-cs-440"> </a></td><td>耳のうしろ</td></tr><tr><td style="white-space:nowrap">44R<a name="jp-medication-bodysite-jami-external-cs-44R"> </a></td><td>右耳のうしろ</td></tr><tr><td style="white-space:nowrap">44L<a name="jp-medication-bodysite-jami-external-cs-44L"> </a></td><td>左耳のうしろ</td></tr><tr><td style="white-space:nowrap">44B<a name="jp-medication-bodysite-jami-external-cs-44B"> </a></td><td>両耳のうしろ</td></tr><tr><td style="white-space:nowrap">450<a name="jp-medication-bodysite-jami-external-cs-450"> </a></td><td>耳のまわり</td></tr><tr><td style="white-space:nowrap">45R<a name="jp-medication-bodysite-jami-external-cs-45R"> </a></td><td>右耳のまわり</td></tr><tr><td style="white-space:nowrap">45L<a name="jp-medication-bodysite-jami-external-cs-45L"> </a></td><td>左耳のまわり</td></tr><tr><td style="white-space:nowrap">45B<a name="jp-medication-bodysite-jami-external-cs-45B"> </a></td><td>両耳のまわり</td></tr><tr><td style="white-space:nowrap">460<a name="jp-medication-bodysite-jami-external-cs-460"> </a></td><td>耳の中</td></tr><tr><td style="white-space:nowrap">46R<a name="jp-medication-bodysite-jami-external-cs-46R"> </a></td><td>右耳の中</td></tr><tr><td style="white-space:nowrap">46L<a name="jp-medication-bodysite-jami-external-cs-46L"> </a></td><td>左耳の中</td></tr><tr><td style="white-space:nowrap">46B<a name="jp-medication-bodysite-jami-external-cs-46B"> </a></td><td>両耳の中</td></tr><tr><td style="white-space:nowrap">520<a name="jp-medication-bodysite-jami-external-cs-520"> </a></td><td>口</td></tr><tr><td style="white-space:nowrap">52R<a name="jp-medication-bodysite-jami-external-cs-52R"> </a></td><td>右口</td></tr><tr><td style="white-space:nowrap">52L<a name="jp-medication-bodysite-jami-external-cs-52L"> </a></td><td>左口</td></tr><tr><td style="white-space:nowrap">52B<a name="jp-medication-bodysite-jami-external-cs-52B"> </a></td><td>両口</td></tr><tr><td style="white-space:nowrap">530<a name="jp-medication-bodysite-jami-external-cs-530"> </a></td><td>口のまわり</td></tr><tr><td style="white-space:nowrap">53R<a name="jp-medication-bodysite-jami-external-cs-53R"> </a></td><td>右口のまわり</td></tr><tr><td style="white-space:nowrap">53L<a name="jp-medication-bodysite-jami-external-cs-53L"> </a></td><td>左口のまわり</td></tr><tr><td style="white-space:nowrap">53B<a name="jp-medication-bodysite-jami-external-cs-53B"> </a></td><td>両口のまわり</td></tr><tr><td style="white-space:nowrap">540<a name="jp-medication-bodysite-jami-external-cs-540"> </a></td><td>口唇</td></tr><tr><td style="white-space:nowrap">54R<a name="jp-medication-bodysite-jami-external-cs-54R"> </a></td><td>右口唇</td></tr><tr><td style="white-space:nowrap">54L<a name="jp-medication-bodysite-jami-external-cs-54L"> </a></td><td>左口唇</td></tr><tr><td style="white-space:nowrap">54B<a name="jp-medication-bodysite-jami-external-cs-54B"> </a></td><td>両口唇</td></tr><tr><td style="white-space:nowrap">550<a name="jp-medication-bodysite-jami-external-cs-550"> </a></td><td>口腔内</td></tr><tr><td style="white-space:nowrap">55R<a name="jp-medication-bodysite-jami-external-cs-55R"> </a></td><td>右口腔内</td></tr><tr><td style="white-space:nowrap">55L<a name="jp-medication-bodysite-jami-external-cs-55L"> </a></td><td>左口腔内</td></tr><tr><td style="white-space:nowrap">55B<a name="jp-medication-bodysite-jami-external-cs-55B"> </a></td><td>両口腔内</td></tr><tr><td style="white-space:nowrap">560<a name="jp-medication-bodysite-jami-external-cs-560"> </a></td><td>口腔内ほほの内側</td></tr><tr><td style="white-space:nowrap">56R<a name="jp-medication-bodysite-jami-external-cs-56R"> </a></td><td>右口腔内ほほの内側</td></tr><tr><td style="white-space:nowrap">56L<a name="jp-medication-bodysite-jami-external-cs-56L"> </a></td><td>左口腔内ほほの内側</td></tr><tr><td style="white-space:nowrap">56B<a name="jp-medication-bodysite-jami-external-cs-56B"> </a></td><td>両口腔内ほほの内側</td></tr><tr><td style="white-space:nowrap">570<a name="jp-medication-bodysite-jami-external-cs-570"> </a></td><td>口腔内上あご部</td></tr><tr><td style="white-space:nowrap">57R<a name="jp-medication-bodysite-jami-external-cs-57R"> </a></td><td>右口腔内上あご部</td></tr><tr><td style="white-space:nowrap">57L<a name="jp-medication-bodysite-jami-external-cs-57L"> </a></td><td>左口腔内上あご部</td></tr><tr><td style="white-space:nowrap">57B<a name="jp-medication-bodysite-jami-external-cs-57B"> </a></td><td>両口腔内上あご部</td></tr><tr><td style="white-space:nowrap">580<a name="jp-medication-bodysite-jami-external-cs-580"> </a></td><td>上歯茎部</td></tr><tr><td style="white-space:nowrap">58R<a name="jp-medication-bodysite-jami-external-cs-58R"> </a></td><td>右上歯茎部</td></tr><tr><td style="white-space:nowrap">58L<a name="jp-medication-bodysite-jami-external-cs-58L"> </a></td><td>左上歯茎部</td></tr><tr><td style="white-space:nowrap">58B<a name="jp-medication-bodysite-jami-external-cs-58B"> </a></td><td>両上歯茎部</td></tr><tr><td style="white-space:nowrap">590<a name="jp-medication-bodysite-jami-external-cs-590"> </a></td><td>下歯茎部</td></tr><tr><td style="white-space:nowrap">59R<a name="jp-medication-bodysite-jami-external-cs-59R"> </a></td><td>右下歯茎部</td></tr><tr><td style="white-space:nowrap">59L<a name="jp-medication-bodysite-jami-external-cs-59L"> </a></td><td>左下歯茎部</td></tr><tr><td style="white-space:nowrap">59B<a name="jp-medication-bodysite-jami-external-cs-59B"> </a></td><td>両下歯茎部</td></tr><tr><td style="white-space:nowrap">5A0<a name="jp-medication-bodysite-jami-external-cs-5A0"> </a></td><td>舌</td></tr><tr><td style="white-space:nowrap">5AR<a name="jp-medication-bodysite-jami-external-cs-5AR"> </a></td><td>右舌</td></tr><tr><td style="white-space:nowrap">5AL<a name="jp-medication-bodysite-jami-external-cs-5AL"> </a></td><td>左舌</td></tr><tr><td style="white-space:nowrap">5AB<a name="jp-medication-bodysite-jami-external-cs-5AB"> </a></td><td>両舌</td></tr><tr><td style="white-space:nowrap">5B0<a name="jp-medication-bodysite-jami-external-cs-5B0"> </a></td><td>舌の裏側</td></tr><tr><td style="white-space:nowrap">5BR<a name="jp-medication-bodysite-jami-external-cs-5BR"> </a></td><td>右舌の裏側</td></tr><tr><td style="white-space:nowrap">5BL<a name="jp-medication-bodysite-jami-external-cs-5BL"> </a></td><td>左舌の裏側</td></tr><tr><td style="white-space:nowrap">5BB<a name="jp-medication-bodysite-jami-external-cs-5BB"> </a></td><td>両舌の裏側</td></tr><tr><td style="white-space:nowrap">610<a name="jp-medication-bodysite-jami-external-cs-610"> </a></td><td>喉の奥</td></tr><tr><td style="white-space:nowrap">61R<a name="jp-medication-bodysite-jami-external-cs-61R"> </a></td><td>右喉の奥</td></tr><tr><td style="white-space:nowrap">61L<a name="jp-medication-bodysite-jami-external-cs-61L"> </a></td><td>左喉の奥</td></tr><tr><td style="white-space:nowrap">61B<a name="jp-medication-bodysite-jami-external-cs-61B"> </a></td><td>両喉の奥</td></tr><tr><td style="white-space:nowrap">620<a name="jp-medication-bodysite-jami-external-cs-620"> </a></td><td>扁桃腺部</td></tr><tr><td style="white-space:nowrap">62R<a name="jp-medication-bodysite-jami-external-cs-62R"> </a></td><td>右扁桃腺部</td></tr><tr><td style="white-space:nowrap">62L<a name="jp-medication-bodysite-jami-external-cs-62L"> </a></td><td>左扁桃腺部</td></tr><tr><td style="white-space:nowrap">62B<a name="jp-medication-bodysite-jami-external-cs-62B"> </a></td><td>両扁桃腺部</td></tr><tr><td style="white-space:nowrap">630<a name="jp-medication-bodysite-jami-external-cs-630"> </a></td><td>下あご</td></tr><tr><td style="white-space:nowrap">63R<a name="jp-medication-bodysite-jami-external-cs-63R"> </a></td><td>右下あご</td></tr><tr><td style="white-space:nowrap">63L<a name="jp-medication-bodysite-jami-external-cs-63L"> </a></td><td>左下あご</td></tr><tr><td style="white-space:nowrap">63B<a name="jp-medication-bodysite-jami-external-cs-63B"> </a></td><td>両下あご</td></tr><tr><td style="white-space:nowrap">640<a name="jp-medication-bodysite-jami-external-cs-640"> </a></td><td>首</td></tr><tr><td style="white-space:nowrap">64R<a name="jp-medication-bodysite-jami-external-cs-64R"> </a></td><td>右首</td></tr><tr><td style="white-space:nowrap">64L<a name="jp-medication-bodysite-jami-external-cs-64L"> </a></td><td>左首</td></tr><tr><td style="white-space:nowrap">64B<a name="jp-medication-bodysite-jami-external-cs-64B"> </a></td><td>両首</td></tr><tr><td style="white-space:nowrap">650<a name="jp-medication-bodysite-jami-external-cs-650"> </a></td><td>うなじ</td></tr><tr><td style="white-space:nowrap">65R<a name="jp-medication-bodysite-jami-external-cs-65R"> </a></td><td>右うなじ</td></tr><tr><td style="white-space:nowrap">65L<a name="jp-medication-bodysite-jami-external-cs-65L"> </a></td><td>左うなじ</td></tr><tr><td style="white-space:nowrap">65B<a name="jp-medication-bodysite-jami-external-cs-65B"> </a></td><td>両うなじ</td></tr><tr><td style="white-space:nowrap">710<a name="jp-medication-bodysite-jami-external-cs-710"> </a></td><td>肩</td></tr><tr><td style="white-space:nowrap">71R<a name="jp-medication-bodysite-jami-external-cs-71R"> </a></td><td>右肩</td></tr><tr><td style="white-space:nowrap">71L<a name="jp-medication-bodysite-jami-external-cs-71L"> </a></td><td>左肩</td></tr><tr><td style="white-space:nowrap">71B<a name="jp-medication-bodysite-jami-external-cs-71B"> </a></td><td>両肩</td></tr><tr><td style="white-space:nowrap">720<a name="jp-medication-bodysite-jami-external-cs-720"> </a></td><td>上肢</td></tr><tr><td style="white-space:nowrap">72R<a name="jp-medication-bodysite-jami-external-cs-72R"> </a></td><td>右上肢</td></tr><tr><td style="white-space:nowrap">72L<a name="jp-medication-bodysite-jami-external-cs-72L"> </a></td><td>左上肢</td></tr><tr><td style="white-space:nowrap">72B<a name="jp-medication-bodysite-jami-external-cs-72B"> </a></td><td>両上肢</td></tr><tr><td style="white-space:nowrap">730<a name="jp-medication-bodysite-jami-external-cs-730"> </a></td><td>腕</td></tr><tr><td style="white-space:nowrap">73R<a name="jp-medication-bodysite-jami-external-cs-73R"> </a></td><td>右腕</td></tr><tr><td style="white-space:nowrap">73L<a name="jp-medication-bodysite-jami-external-cs-73L"> </a></td><td>左腕</td></tr><tr><td style="white-space:nowrap">73B<a name="jp-medication-bodysite-jami-external-cs-73B"> </a></td><td>両腕</td></tr><tr><td style="white-space:nowrap">740<a name="jp-medication-bodysite-jami-external-cs-740"> </a></td><td>上腕</td></tr><tr><td style="white-space:nowrap">74R<a name="jp-medication-bodysite-jami-external-cs-74R"> </a></td><td>右上腕</td></tr><tr><td style="white-space:nowrap">74L<a name="jp-medication-bodysite-jami-external-cs-74L"> </a></td><td>左上腕</td></tr><tr><td style="white-space:nowrap">74B<a name="jp-medication-bodysite-jami-external-cs-74B"> </a></td><td>両上腕</td></tr><tr><td style="white-space:nowrap">750<a name="jp-medication-bodysite-jami-external-cs-750"> </a></td><td>前腕</td></tr><tr><td style="white-space:nowrap">75R<a name="jp-medication-bodysite-jami-external-cs-75R"> </a></td><td>右前腕</td></tr><tr><td style="white-space:nowrap">75L<a name="jp-medication-bodysite-jami-external-cs-75L"> </a></td><td>左前腕</td></tr><tr><td style="white-space:nowrap">75B<a name="jp-medication-bodysite-jami-external-cs-75B"> </a></td><td>両前腕</td></tr><tr><td style="white-space:nowrap">760<a name="jp-medication-bodysite-jami-external-cs-760"> </a></td><td>ひじ</td></tr><tr><td style="white-space:nowrap">76R<a name="jp-medication-bodysite-jami-external-cs-76R"> </a></td><td>右ひじ</td></tr><tr><td style="white-space:nowrap">76L<a name="jp-medication-bodysite-jami-external-cs-76L"> </a></td><td>左ひじ</td></tr><tr><td style="white-space:nowrap">76B<a name="jp-medication-bodysite-jami-external-cs-76B"> </a></td><td>両ひじ</td></tr><tr><td style="white-space:nowrap">770<a name="jp-medication-bodysite-jami-external-cs-770"> </a></td><td>手</td></tr><tr><td style="white-space:nowrap">77R<a name="jp-medication-bodysite-jami-external-cs-77R"> </a></td><td>右手</td></tr><tr><td style="white-space:nowrap">77L<a name="jp-medication-bodysite-jami-external-cs-77L"> </a></td><td>左手</td></tr><tr><td style="white-space:nowrap">77B<a name="jp-medication-bodysite-jami-external-cs-77B"> </a></td><td>両手</td></tr><tr><td style="white-space:nowrap">780<a name="jp-medication-bodysite-jami-external-cs-780"> </a></td><td>手の甲</td></tr><tr><td style="white-space:nowrap">78R<a name="jp-medication-bodysite-jami-external-cs-78R"> </a></td><td>右手の甲</td></tr><tr><td style="white-space:nowrap">78L<a name="jp-medication-bodysite-jami-external-cs-78L"> </a></td><td>左手の甲</td></tr><tr><td style="white-space:nowrap">78B<a name="jp-medication-bodysite-jami-external-cs-78B"> </a></td><td>両手の甲</td></tr><tr><td style="white-space:nowrap">790<a name="jp-medication-bodysite-jami-external-cs-790"> </a></td><td>手のひら</td></tr><tr><td style="white-space:nowrap">79R<a name="jp-medication-bodysite-jami-external-cs-79R"> </a></td><td>右手のひら</td></tr><tr><td style="white-space:nowrap">79L<a name="jp-medication-bodysite-jami-external-cs-79L"> </a></td><td>左手のひら</td></tr><tr><td style="white-space:nowrap">79B<a name="jp-medication-bodysite-jami-external-cs-79B"> </a></td><td>両手のひら</td></tr><tr><td style="white-space:nowrap">7A0<a name="jp-medication-bodysite-jami-external-cs-7A0"> </a></td><td>手の指</td></tr><tr><td style="white-space:nowrap">7AR<a name="jp-medication-bodysite-jami-external-cs-7AR"> </a></td><td>右手の指</td></tr><tr><td style="white-space:nowrap">7AL<a name="jp-medication-bodysite-jami-external-cs-7AL"> </a></td><td>左手の指</td></tr><tr><td style="white-space:nowrap">7AB<a name="jp-medication-bodysite-jami-external-cs-7AB"> </a></td><td>両手の指</td></tr><tr><td style="white-space:nowrap">7B0<a name="jp-medication-bodysite-jami-external-cs-7B0"> </a></td><td>手の指の間</td></tr><tr><td style="white-space:nowrap">7BR<a name="jp-medication-bodysite-jami-external-cs-7BR"> </a></td><td>右手の指の間</td></tr><tr><td style="white-space:nowrap">7BL<a name="jp-medication-bodysite-jami-external-cs-7BL"> </a></td><td>左手の指の間</td></tr><tr><td style="white-space:nowrap">7BB<a name="jp-medication-bodysite-jami-external-cs-7BB"> </a></td><td>両手の指の間</td></tr><tr><td style="white-space:nowrap">7C0<a name="jp-medication-bodysite-jami-external-cs-7C0"> </a></td><td>手の爪</td></tr><tr><td style="white-space:nowrap">7CR<a name="jp-medication-bodysite-jami-external-cs-7CR"> </a></td><td>右手の爪</td></tr><tr><td style="white-space:nowrap">7CL<a name="jp-medication-bodysite-jami-external-cs-7CL"> </a></td><td>左手の爪</td></tr><tr><td style="white-space:nowrap">7CB<a name="jp-medication-bodysite-jami-external-cs-7CB"> </a></td><td>両手の爪</td></tr><tr><td style="white-space:nowrap">7D0<a name="jp-medication-bodysite-jami-external-cs-7D0"> </a></td><td>手足</td></tr><tr><td style="white-space:nowrap">7DR<a name="jp-medication-bodysite-jami-external-cs-7DR"> </a></td><td>右手足</td></tr><tr><td style="white-space:nowrap">7DL<a name="jp-medication-bodysite-jami-external-cs-7DL"> </a></td><td>左手足</td></tr><tr><td style="white-space:nowrap">7DB<a name="jp-medication-bodysite-jami-external-cs-7DB"> </a></td><td>両手足</td></tr><tr><td style="white-space:nowrap">810<a name="jp-medication-bodysite-jami-external-cs-810"> </a></td><td>体幹部</td></tr><tr><td style="white-space:nowrap">81R<a name="jp-medication-bodysite-jami-external-cs-81R"> </a></td><td>右体幹部</td></tr><tr><td style="white-space:nowrap">81L<a name="jp-medication-bodysite-jami-external-cs-81L"> </a></td><td>左体幹部</td></tr><tr><td style="white-space:nowrap">81B<a name="jp-medication-bodysite-jami-external-cs-81B"> </a></td><td>両体幹部</td></tr><tr><td style="white-space:nowrap">820<a name="jp-medication-bodysite-jami-external-cs-820"> </a></td><td>背中</td></tr><tr><td style="white-space:nowrap">82R<a name="jp-medication-bodysite-jami-external-cs-82R"> </a></td><td>右背中</td></tr><tr><td style="white-space:nowrap">82L<a name="jp-medication-bodysite-jami-external-cs-82L"> </a></td><td>左背中</td></tr><tr><td style="white-space:nowrap">82B<a name="jp-medication-bodysite-jami-external-cs-82B"> </a></td><td>両背中</td></tr><tr><td style="white-space:nowrap">830<a name="jp-medication-bodysite-jami-external-cs-830"> </a></td><td>上背部</td></tr><tr><td style="white-space:nowrap">83R<a name="jp-medication-bodysite-jami-external-cs-83R"> </a></td><td>右上背部</td></tr><tr><td style="white-space:nowrap">83L<a name="jp-medication-bodysite-jami-external-cs-83L"> </a></td><td>左上背部</td></tr><tr><td style="white-space:nowrap">83B<a name="jp-medication-bodysite-jami-external-cs-83B"> </a></td><td>両上背部</td></tr><tr><td style="white-space:nowrap">840<a name="jp-medication-bodysite-jami-external-cs-840"> </a></td><td>脇の下</td></tr><tr><td style="white-space:nowrap">84R<a name="jp-medication-bodysite-jami-external-cs-84R"> </a></td><td>右脇の下</td></tr><tr><td style="white-space:nowrap">84L<a name="jp-medication-bodysite-jami-external-cs-84L"> </a></td><td>左脇の下</td></tr><tr><td style="white-space:nowrap">84B<a name="jp-medication-bodysite-jami-external-cs-84B"> </a></td><td>両脇の下</td></tr><tr><td style="white-space:nowrap">850<a name="jp-medication-bodysite-jami-external-cs-850"> </a></td><td>全胸部</td></tr><tr><td style="white-space:nowrap">85R<a name="jp-medication-bodysite-jami-external-cs-85R"> </a></td><td>右全胸部</td></tr><tr><td style="white-space:nowrap">85L<a name="jp-medication-bodysite-jami-external-cs-85L"> </a></td><td>左全胸部</td></tr><tr><td style="white-space:nowrap">85B<a name="jp-medication-bodysite-jami-external-cs-85B"> </a></td><td>両全胸部</td></tr><tr><td style="white-space:nowrap">860<a name="jp-medication-bodysite-jami-external-cs-860"> </a></td><td>乳房</td></tr><tr><td style="white-space:nowrap">86R<a name="jp-medication-bodysite-jami-external-cs-86R"> </a></td><td>右乳房</td></tr><tr><td style="white-space:nowrap">86L<a name="jp-medication-bodysite-jami-external-cs-86L"> </a></td><td>左乳房</td></tr><tr><td style="white-space:nowrap">86B<a name="jp-medication-bodysite-jami-external-cs-86B"> </a></td><td>両乳房</td></tr><tr><td style="white-space:nowrap">870<a name="jp-medication-bodysite-jami-external-cs-870"> </a></td><td>乳房まわり</td></tr><tr><td style="white-space:nowrap">87R<a name="jp-medication-bodysite-jami-external-cs-87R"> </a></td><td>右乳房まわり</td></tr><tr><td style="white-space:nowrap">87L<a name="jp-medication-bodysite-jami-external-cs-87L"> </a></td><td>左乳房まわり</td></tr><tr><td style="white-space:nowrap">87B<a name="jp-medication-bodysite-jami-external-cs-87B"> </a></td><td>両乳房まわり</td></tr><tr><td style="white-space:nowrap">880<a name="jp-medication-bodysite-jami-external-cs-880"> </a></td><td>乳首</td></tr><tr><td style="white-space:nowrap">88R<a name="jp-medication-bodysite-jami-external-cs-88R"> </a></td><td>右乳首</td></tr><tr><td style="white-space:nowrap">88L<a name="jp-medication-bodysite-jami-external-cs-88L"> </a></td><td>左乳首</td></tr><tr><td style="white-space:nowrap">88B<a name="jp-medication-bodysite-jami-external-cs-88B"> </a></td><td>両乳首</td></tr><tr><td style="white-space:nowrap">890<a name="jp-medication-bodysite-jami-external-cs-890"> </a></td><td>上腹部</td></tr><tr><td style="white-space:nowrap">89R<a name="jp-medication-bodysite-jami-external-cs-89R"> </a></td><td>右上腹部</td></tr><tr><td style="white-space:nowrap">89L<a name="jp-medication-bodysite-jami-external-cs-89L"> </a></td><td>左上腹部</td></tr><tr><td style="white-space:nowrap">89B<a name="jp-medication-bodysite-jami-external-cs-89B"> </a></td><td>両上腹部</td></tr><tr><td style="white-space:nowrap">8A0<a name="jp-medication-bodysite-jami-external-cs-8A0"> </a></td><td>下腹部</td></tr><tr><td style="white-space:nowrap">8AR<a name="jp-medication-bodysite-jami-external-cs-8AR"> </a></td><td>右下腹部</td></tr><tr><td style="white-space:nowrap">8AL<a name="jp-medication-bodysite-jami-external-cs-8AL"> </a></td><td>左下腹部</td></tr><tr><td style="white-space:nowrap">8AB<a name="jp-medication-bodysite-jami-external-cs-8AB"> </a></td><td>両下腹部</td></tr><tr><td style="white-space:nowrap">8B0<a name="jp-medication-bodysite-jami-external-cs-8B0"> </a></td><td>へそ</td></tr><tr><td style="white-space:nowrap">8BR<a name="jp-medication-bodysite-jami-external-cs-8BR"> </a></td><td>右へそ</td></tr><tr><td style="white-space:nowrap">8BL<a name="jp-medication-bodysite-jami-external-cs-8BL"> </a></td><td>左へそ</td></tr><tr><td style="white-space:nowrap">8BB<a name="jp-medication-bodysite-jami-external-cs-8BB"> </a></td><td>両へそ</td></tr><tr><td style="white-space:nowrap">8C0<a name="jp-medication-bodysite-jami-external-cs-8C0"> </a></td><td>へそのまわり</td></tr><tr><td style="white-space:nowrap">8CR<a name="jp-medication-bodysite-jami-external-cs-8CR"> </a></td><td>右へそのまわり</td></tr><tr><td style="white-space:nowrap">8CL<a name="jp-medication-bodysite-jami-external-cs-8CL"> </a></td><td>左へそのまわり</td></tr><tr><td style="white-space:nowrap">8CB<a name="jp-medication-bodysite-jami-external-cs-8CB"> </a></td><td>両へそのまわり</td></tr><tr><td style="white-space:nowrap">8D0<a name="jp-medication-bodysite-jami-external-cs-8D0"> </a></td><td>臀部</td></tr><tr><td style="white-space:nowrap">8DR<a name="jp-medication-bodysite-jami-external-cs-8DR"> </a></td><td>右臀部</td></tr><tr><td style="white-space:nowrap">8DL<a name="jp-medication-bodysite-jami-external-cs-8DL"> </a></td><td>左臀部</td></tr><tr><td style="white-space:nowrap">8DB<a name="jp-medication-bodysite-jami-external-cs-8DB"> </a></td><td>両臀部</td></tr><tr><td style="white-space:nowrap">8E0<a name="jp-medication-bodysite-jami-external-cs-8E0"> </a></td><td>陰のう</td></tr><tr><td style="white-space:nowrap">8ER<a name="jp-medication-bodysite-jami-external-cs-8ER"> </a></td><td>右陰のう</td></tr><tr><td style="white-space:nowrap">8EL<a name="jp-medication-bodysite-jami-external-cs-8EL"> </a></td><td>左陰のう</td></tr><tr><td style="white-space:nowrap">8EB<a name="jp-medication-bodysite-jami-external-cs-8EB"> </a></td><td>両陰のう</td></tr><tr><td style="white-space:nowrap">8F0<a name="jp-medication-bodysite-jami-external-cs-8F0"> </a></td><td>陰部</td></tr><tr><td style="white-space:nowrap">8FR<a name="jp-medication-bodysite-jami-external-cs-8FR"> </a></td><td>右陰部</td></tr><tr><td style="white-space:nowrap">8FL<a name="jp-medication-bodysite-jami-external-cs-8FL"> </a></td><td>左陰部</td></tr><tr><td style="white-space:nowrap">8FB<a name="jp-medication-bodysite-jami-external-cs-8FB"> </a></td><td>両陰部</td></tr><tr><td style="white-space:nowrap">8G0<a name="jp-medication-bodysite-jami-external-cs-8G0"> </a></td><td>股間部</td></tr><tr><td style="white-space:nowrap">8GR<a name="jp-medication-bodysite-jami-external-cs-8GR"> </a></td><td>右股間部</td></tr><tr><td style="white-space:nowrap">8GL<a name="jp-medication-bodysite-jami-external-cs-8GL"> </a></td><td>左股間部</td></tr><tr><td style="white-space:nowrap">8GB<a name="jp-medication-bodysite-jami-external-cs-8GB"> </a></td><td>両股間部</td></tr><tr><td style="white-space:nowrap">8H0<a name="jp-medication-bodysite-jami-external-cs-8H0"> </a></td><td>肛門部</td></tr><tr><td style="white-space:nowrap">8HR<a name="jp-medication-bodysite-jami-external-cs-8HR"> </a></td><td>右肛門部</td></tr><tr><td style="white-space:nowrap">8HL<a name="jp-medication-bodysite-jami-external-cs-8HL"> </a></td><td>左肛門部</td></tr><tr><td style="white-space:nowrap">8HB<a name="jp-medication-bodysite-jami-external-cs-8HB"> </a></td><td>両肛門部</td></tr><tr><td style="white-space:nowrap">8J0<a name="jp-medication-bodysite-jami-external-cs-8J0"> </a></td><td>肛門周囲</td></tr><tr><td style="white-space:nowrap">8JR<a name="jp-medication-bodysite-jami-external-cs-8JR"> </a></td><td>右肛門周囲</td></tr><tr><td style="white-space:nowrap">8JL<a name="jp-medication-bodysite-jami-external-cs-8JL"> </a></td><td>左肛門周囲</td></tr><tr><td style="white-space:nowrap">8JB<a name="jp-medication-bodysite-jami-external-cs-8JB"> </a></td><td>両肛門周囲</td></tr><tr><td style="white-space:nowrap">910<a name="jp-medication-bodysite-jami-external-cs-910"> </a></td><td>下肢</td></tr><tr><td style="white-space:nowrap">91R<a name="jp-medication-bodysite-jami-external-cs-91R"> </a></td><td>右下肢</td></tr><tr><td style="white-space:nowrap">91L<a name="jp-medication-bodysite-jami-external-cs-91L"> </a></td><td>左下肢</td></tr><tr><td style="white-space:nowrap">91B<a name="jp-medication-bodysite-jami-external-cs-91B"> </a></td><td>両下肢</td></tr><tr><td style="white-space:nowrap">920<a name="jp-medication-bodysite-jami-external-cs-920"> </a></td><td>ふともも</td></tr><tr><td style="white-space:nowrap">92R<a name="jp-medication-bodysite-jami-external-cs-92R"> </a></td><td>右ふともも</td></tr><tr><td style="white-space:nowrap">92L<a name="jp-medication-bodysite-jami-external-cs-92L"> </a></td><td>左ふともも</td></tr><tr><td style="white-space:nowrap">92B<a name="jp-medication-bodysite-jami-external-cs-92B"> </a></td><td>両ふともも</td></tr><tr><td style="white-space:nowrap">930<a name="jp-medication-bodysite-jami-external-cs-930"> </a></td><td>ふともも後ろ</td></tr><tr><td style="white-space:nowrap">93R<a name="jp-medication-bodysite-jami-external-cs-93R"> </a></td><td>右ふともも後ろ</td></tr><tr><td style="white-space:nowrap">93L<a name="jp-medication-bodysite-jami-external-cs-93L"> </a></td><td>左ふともも後ろ</td></tr><tr><td style="white-space:nowrap">93B<a name="jp-medication-bodysite-jami-external-cs-93B"> </a></td><td>両ふともも後ろ</td></tr><tr><td style="white-space:nowrap">940<a name="jp-medication-bodysite-jami-external-cs-940"> </a></td><td>ふとももとすね</td></tr><tr><td style="white-space:nowrap">94R<a name="jp-medication-bodysite-jami-external-cs-94R"> </a></td><td>右ふとももとすね</td></tr><tr><td style="white-space:nowrap">94L<a name="jp-medication-bodysite-jami-external-cs-94L"> </a></td><td>左ふとももとすね</td></tr><tr><td style="white-space:nowrap">94B<a name="jp-medication-bodysite-jami-external-cs-94B"> </a></td><td>両ふとももとすね</td></tr><tr><td style="white-space:nowrap">950<a name="jp-medication-bodysite-jami-external-cs-950"> </a></td><td>膝</td></tr><tr><td style="white-space:nowrap">95R<a name="jp-medication-bodysite-jami-external-cs-95R"> </a></td><td>右膝</td></tr><tr><td style="white-space:nowrap">95L<a name="jp-medication-bodysite-jami-external-cs-95L"> </a></td><td>左膝</td></tr><tr><td style="white-space:nowrap">95B<a name="jp-medication-bodysite-jami-external-cs-95B"> </a></td><td>両膝</td></tr><tr><td style="white-space:nowrap">960<a name="jp-medication-bodysite-jami-external-cs-960"> </a></td><td>膝のうら</td></tr><tr><td style="white-space:nowrap">96R<a name="jp-medication-bodysite-jami-external-cs-96R"> </a></td><td>右膝のうら</td></tr><tr><td style="white-space:nowrap">96L<a name="jp-medication-bodysite-jami-external-cs-96L"> </a></td><td>左膝のうら</td></tr><tr><td style="white-space:nowrap">96B<a name="jp-medication-bodysite-jami-external-cs-96B"> </a></td><td>両膝のうら</td></tr><tr><td style="white-space:nowrap">970<a name="jp-medication-bodysite-jami-external-cs-970"> </a></td><td>すね</td></tr><tr><td style="white-space:nowrap">97R<a name="jp-medication-bodysite-jami-external-cs-97R"> </a></td><td>右すね</td></tr><tr><td style="white-space:nowrap">97L<a name="jp-medication-bodysite-jami-external-cs-97L"> </a></td><td>左すね</td></tr><tr><td style="white-space:nowrap">97B<a name="jp-medication-bodysite-jami-external-cs-97B"> </a></td><td>両すね</td></tr><tr><td style="white-space:nowrap">980<a name="jp-medication-bodysite-jami-external-cs-980"> </a></td><td>ふくらはぎ</td></tr><tr><td style="white-space:nowrap">98R<a name="jp-medication-bodysite-jami-external-cs-98R"> </a></td><td>右ふくらはぎ</td></tr><tr><td style="white-space:nowrap">98L<a name="jp-medication-bodysite-jami-external-cs-98L"> </a></td><td>左ふくらはぎ</td></tr><tr><td style="white-space:nowrap">98B<a name="jp-medication-bodysite-jami-external-cs-98B"> </a></td><td>両ふくらはぎ</td></tr><tr><td style="white-space:nowrap">990<a name="jp-medication-bodysite-jami-external-cs-990"> </a></td><td>くるぶし</td></tr><tr><td style="white-space:nowrap">99R<a name="jp-medication-bodysite-jami-external-cs-99R"> </a></td><td>右くるぶし</td></tr><tr><td style="white-space:nowrap">99L<a name="jp-medication-bodysite-jami-external-cs-99L"> </a></td><td>左くるぶし</td></tr><tr><td style="white-space:nowrap">99B<a name="jp-medication-bodysite-jami-external-cs-99B"> </a></td><td>両くるぶし</td></tr><tr><td style="white-space:nowrap">9A0<a name="jp-medication-bodysite-jami-external-cs-9A0"> </a></td><td>かかと</td></tr><tr><td style="white-space:nowrap">9AR<a name="jp-medication-bodysite-jami-external-cs-9AR"> </a></td><td>右かかと</td></tr><tr><td style="white-space:nowrap">9AL<a name="jp-medication-bodysite-jami-external-cs-9AL"> </a></td><td>左かかと</td></tr><tr><td style="white-space:nowrap">9AB<a name="jp-medication-bodysite-jami-external-cs-9AB"> </a></td><td>両かかと</td></tr><tr><td style="white-space:nowrap">9B0<a name="jp-medication-bodysite-jami-external-cs-9B0"> </a></td><td>足</td></tr><tr><td style="white-space:nowrap">9BR<a name="jp-medication-bodysite-jami-external-cs-9BR"> </a></td><td>右足</td></tr><tr><td style="white-space:nowrap">9BL<a name="jp-medication-bodysite-jami-external-cs-9BL"> </a></td><td>左足</td></tr><tr><td style="white-space:nowrap">9BB<a name="jp-medication-bodysite-jami-external-cs-9BB"> </a></td><td>両足</td></tr><tr><td style="white-space:nowrap">9C0<a name="jp-medication-bodysite-jami-external-cs-9C0"> </a></td><td>足の裏</td></tr><tr><td style="white-space:nowrap">9CR<a name="jp-medication-bodysite-jami-external-cs-9CR"> </a></td><td>右足の裏</td></tr><tr><td style="white-space:nowrap">9CL<a name="jp-medication-bodysite-jami-external-cs-9CL"> </a></td><td>左足の裏</td></tr><tr><td style="white-space:nowrap">9CB<a name="jp-medication-bodysite-jami-external-cs-9CB"> </a></td><td>両足の裏</td></tr><tr><td style="white-space:nowrap">9D0<a name="jp-medication-bodysite-jami-external-cs-9D0"> </a></td><td>足の甲</td></tr><tr><td style="white-space:nowrap">9DR<a name="jp-medication-bodysite-jami-external-cs-9DR"> </a></td><td>右足の甲</td></tr><tr><td style="white-space:nowrap">9DL<a name="jp-medication-bodysite-jami-external-cs-9DL"> </a></td><td>左足の甲</td></tr><tr><td style="white-space:nowrap">9DB<a name="jp-medication-bodysite-jami-external-cs-9DB"> </a></td><td>両足の甲</td></tr><tr><td style="white-space:nowrap">9E0<a name="jp-medication-bodysite-jami-external-cs-9E0"> </a></td><td>足のゆび</td></tr><tr><td style="white-space:nowrap">9ER<a name="jp-medication-bodysite-jami-external-cs-9ER"> </a></td><td>右足のゆび</td></tr><tr><td style="white-space:nowrap">9EL<a name="jp-medication-bodysite-jami-external-cs-9EL"> </a></td><td>左足のゆび</td></tr><tr><td style="white-space:nowrap">9EB<a name="jp-medication-bodysite-jami-external-cs-9EB"> </a></td><td>両足のゆび</td></tr><tr><td style="white-space:nowrap">9F0<a name="jp-medication-bodysite-jami-external-cs-9F0"> </a></td><td>足のゆびの間</td></tr><tr><td style="white-space:nowrap">9FR<a name="jp-medication-bodysite-jami-external-cs-9FR"> </a></td><td>右足のゆびの間</td></tr><tr><td style="white-space:nowrap">9FL<a name="jp-medication-bodysite-jami-external-cs-9FL"> </a></td><td>左足のゆびの間</td></tr><tr><td style="white-space:nowrap">9FB<a name="jp-medication-bodysite-jami-external-cs-9FB"> </a></td><td>両足のゆびの間</td></tr><tr><td style="white-space:nowrap">9G0<a name="jp-medication-bodysite-jami-external-cs-9G0"> </a></td><td>足の爪</td></tr><tr><td style="white-space:nowrap">9GR<a name="jp-medication-bodysite-jami-external-cs-9GR"> </a></td><td>右足の爪</td></tr><tr><td style="white-space:nowrap">9GL<a name="jp-medication-bodysite-jami-external-cs-9GL"> </a></td><td>左足の爪</td></tr><tr><td style="white-space:nowrap">9GB<a name="jp-medication-bodysite-jami-external-cs-9GB"> </a></td><td>両足の爪</td></tr><tr><td style="white-space:nowrap">A10<a name="jp-medication-bodysite-jami-external-cs-A10"> </a></td><td>かゆい所</td></tr><tr><td style="white-space:nowrap">A1R<a name="jp-medication-bodysite-jami-external-cs-A1R"> </a></td><td>右かゆい所</td></tr><tr><td style="white-space:nowrap">A1L<a name="jp-medication-bodysite-jami-external-cs-A1L"> </a></td><td>左かゆい所</td></tr><tr><td style="white-space:nowrap">A1B<a name="jp-medication-bodysite-jami-external-cs-A1B"> </a></td><td>両かゆい所</td></tr><tr><td style="white-space:nowrap">A20<a name="jp-medication-bodysite-jami-external-cs-A20"> </a></td><td>カサカサした所</td></tr><tr><td style="white-space:nowrap">A2R<a name="jp-medication-bodysite-jami-external-cs-A2R"> </a></td><td>右カサカサした所</td></tr><tr><td style="white-space:nowrap">A2L<a name="jp-medication-bodysite-jami-external-cs-A2L"> </a></td><td>左カサカサした所</td></tr><tr><td style="white-space:nowrap">A2B<a name="jp-medication-bodysite-jami-external-cs-A2B"> </a></td><td>両カサカサした所</td></tr><tr><td style="white-space:nowrap">A30<a name="jp-medication-bodysite-jami-external-cs-A30"> </a></td><td>じくじくした所</td></tr><tr><td style="white-space:nowrap">A3R<a name="jp-medication-bodysite-jami-external-cs-A3R"> </a></td><td>右じくじくした所</td></tr><tr><td style="white-space:nowrap">A3L<a name="jp-medication-bodysite-jami-external-cs-A3L"> </a></td><td>左じくじくした所</td></tr><tr><td style="white-space:nowrap">A3B<a name="jp-medication-bodysite-jami-external-cs-A3B"> </a></td><td>両じくじくした所</td></tr><tr><td style="white-space:nowrap">A40<a name="jp-medication-bodysite-jami-external-cs-A40"> </a></td><td>ひどい所</td></tr><tr><td style="white-space:nowrap">A4R<a name="jp-medication-bodysite-jami-external-cs-A4R"> </a></td><td>右ひどい所</td></tr><tr><td style="white-space:nowrap">A4L<a name="jp-medication-bodysite-jami-external-cs-A4L"> </a></td><td>左ひどい所</td></tr><tr><td style="white-space:nowrap">A4B<a name="jp-medication-bodysite-jami-external-cs-A4B"> </a></td><td>両ひどい所</td></tr><tr><td style="white-space:nowrap">A50<a name="jp-medication-bodysite-jami-external-cs-A50"> </a></td><td>褥瘡部</td></tr><tr><td style="white-space:nowrap">A5R<a name="jp-medication-bodysite-jami-external-cs-A5R"> </a></td><td>右褥瘡部</td></tr><tr><td style="white-space:nowrap">A5L<a name="jp-medication-bodysite-jami-external-cs-A5L"> </a></td><td>左褥瘡部</td></tr><tr><td style="white-space:nowrap">A5B<a name="jp-medication-bodysite-jami-external-cs-A5B"> </a></td><td>両褥瘡部</td></tr><tr><td style="white-space:nowrap">A60<a name="jp-medication-bodysite-jami-external-cs-A60"> </a></td><td>発赤部</td></tr><tr><td style="white-space:nowrap">A6R<a name="jp-medication-bodysite-jami-external-cs-A6R"> </a></td><td>右発赤部</td></tr><tr><td style="white-space:nowrap">A6L<a name="jp-medication-bodysite-jami-external-cs-A6L"> </a></td><td>左発赤部</td></tr><tr><td style="white-space:nowrap">A6B<a name="jp-medication-bodysite-jami-external-cs-A6B"> </a></td><td>両発赤部</td></tr><tr><td style="white-space:nowrap">A70<a name="jp-medication-bodysite-jami-external-cs-A70"> </a></td><td>発疹部</td></tr><tr><td style="white-space:nowrap">A7R<a name="jp-medication-bodysite-jami-external-cs-A7R"> </a></td><td>右発疹部</td></tr><tr><td style="white-space:nowrap">A7L<a name="jp-medication-bodysite-jami-external-cs-A7L"> </a></td><td>左発疹部</td></tr><tr><td style="white-space:nowrap">A7B<a name="jp-medication-bodysite-jami-external-cs-A7B"> </a></td><td>両発疹部</td></tr><tr><td style="white-space:nowrap">A80<a name="jp-medication-bodysite-jami-external-cs-A80"> </a></td><td>ストマ部</td></tr><tr><td style="white-space:nowrap">A8R<a name="jp-medication-bodysite-jami-external-cs-A8R"> </a></td><td>右ストマ部</td></tr><tr><td style="white-space:nowrap">A8L<a name="jp-medication-bodysite-jami-external-cs-A8L"> </a></td><td>左ストマ部</td></tr><tr><td style="white-space:nowrap">A8B<a name="jp-medication-bodysite-jami-external-cs-A8B"> </a></td><td>両ストマ部</td></tr><tr><td style="white-space:nowrap">A90<a name="jp-medication-bodysite-jami-external-cs-A90"> </a></td><td>カテ挿入部</td></tr><tr><td style="white-space:nowrap">A9R<a name="jp-medication-bodysite-jami-external-cs-A9R"> </a></td><td>右カテ挿入部</td></tr><tr><td style="white-space:nowrap">A9L<a name="jp-medication-bodysite-jami-external-cs-A9L"> </a></td><td>左カテ挿入部</td></tr><tr><td style="white-space:nowrap">A9B<a name="jp-medication-bodysite-jami-external-cs-A9B"> </a></td><td>両カテ挿入部</td></tr><tr><td style="white-space:nowrap">AA0<a name="jp-medication-bodysite-jami-external-cs-AA0"> </a></td><td>患部</td></tr><tr><td style="white-space:nowrap">AAR<a name="jp-medication-bodysite-jami-external-cs-AAR"> </a></td><td>右患部</td></tr><tr><td style="white-space:nowrap">AAL<a name="jp-medication-bodysite-jami-external-cs-AAL"> </a></td><td>左患部</td></tr><tr><td style="white-space:nowrap">AAB<a name="jp-medication-bodysite-jami-external-cs-AAB"> </a></td><td>両患部</td></tr></table></div></text><url value="http://jpfhir.jp/fhir/Common/CodeSystem/JP_MedicationBodySiteJAMIExternal_CS"/><identifier><system value="urn:ietf:rfc:3986"/><value value="urn:oid:1.2.392.200250.2.2.20.32"/></identifier><version value="1.1.0a"/><name value="JP_MedicationBodySiteJAMIExternal_CS"/><title value="JP Core Medication JAMI External Body Site CodeSystem"/><status value="draft"/><date value="2022-09-16T13:17:21+00:00"/><publisher value="FHIR Japanese implementation research working group in Japan Association of Medical Informatics (JAMI)"/><contact><name value="FHIR Japanese implementation research working group in Japan Association of Medical Informatics (JAMI)"/><telecom><system value="url"/><value value="http://jpfhir.jp"/></telecom><telecom><system value="email"/><value value="office@hlfhir.jp"/></telecom></contact><description value="JAMI標準用法規格表１３外用部位コードのコードシステム"/><jurisdiction><coding><system value="urn:iso:std:iso:3166"/><code value="JP"/></coding></jurisdiction><copyright value="FHIR Japanese implementation research working group in Japan Association of Medical Informatics (JAMI)"/><caseSensitive value="true"/><valueSet value="http://jpfhir.jp/fhir/Common/ValueSet/JP_MedicationBodySiteJAMIExternal_VS"/><content value="complete"/><count value="376"/><concept><code value="010"/><display value="全身"/></concept><concept><code value="01R"/><display value="右全身"/></concept><concept><code value="01L"/><display value="左全身"/></concept><concept><code value="01B"/><display value="両全身"/></concept><concept><code value="120"/><display value="頭皮"/></concept><concept><code value="12R"/><display value="右頭皮"/></concept><concept><code value="12L"/><display value="左頭皮"/></concept><concept><code value="12B"/><display value="両頭皮"/></concept><concept><code value="130"/><display value="頭部"/></concept><concept><code value="13R"/><display value="右頭部"/></concept><concept><code value="13L"/><display value="左頭部"/></concept><concept><code value="13B"/><display value="両頭部"/></concept><concept><code value="140"/><display value="頭頂部"/></concept><concept><code value="14R"/><display value="右頭頂部"/></concept><concept><code value="14L"/><display value="左頭頂部"/></concept><concept><code value="14B"/><display value="両頭頂部"/></concept><concept><code value="150"/><display value="後頭部"/></concept><concept><code value="15R"/><display value="右後頭部"/></concept><concept><code value="15L"/><display value="左後頭部"/></concept><concept><code value="15B"/><display value="両後頭部"/></concept><concept><code value="210"/><display value="ひたい"/></concept><concept><code value="21R"/><display value="右ひたい"/></concept><concept><code value="21L"/><display value="左ひたい"/></concept><concept><code value="21B"/><display value="両ひたい"/></concept><concept><code value="220"/><display value="顔"/></concept><concept><code value="22R"/><display value="右顔"/></concept><concept><code value="22L"/><display value="左顔"/></concept><concept><code value="22B"/><display value="両顔"/></concept><concept><code value="230"/><display value="まゆ"/></concept><concept><code value="23R"/><display value="右まゆ"/></concept><concept><code value="23L"/><display value="左まゆ"/></concept><concept><code value="23B"/><display value="両まゆ"/></concept><concept><code value="240"/><display value="まゆのまわり"/></concept><concept><code value="24R"/><display value="右まゆのまわり"/></concept><concept><code value="24L"/><display value="左まゆのまわり"/></concept><concept><code value="24B"/><display value="両まゆのまわり"/></concept><concept><code value="250"/><display value="まぶた"/></concept><concept><code value="25R"/><display value="右まぶた"/></concept><concept><code value="25L"/><display value="左まぶた"/></concept><concept><code value="25B"/><display value="両まぶた"/></concept><concept><code value="260"/><display value="眼"/></concept><concept><code value="26R"/><display value="右眼"/></concept><concept><code value="26L"/><display value="左眼"/></concept><concept><code value="26B"/><display value="両眼"/></concept><concept><code value="270"/><display value="目のまわり"/></concept><concept><code value="27R"/><display value="右目のまわり"/></concept><concept><code value="27L"/><display value="左目のまわり"/></concept><concept><code value="27B"/><display value="両目のまわり"/></concept><concept><code value="310"/><display value="頬"/></concept><concept><code value="31R"/><display value="右頬"/></concept><concept><code value="31L"/><display value="左頬"/></concept><concept><code value="31B"/><display value="両頬"/></concept><concept><code value="320"/><display value="鼻"/></concept><concept><code value="32R"/><display value="右鼻"/></concept><concept><code value="32L"/><display value="左鼻"/></concept><concept><code value="32B"/><display value="両鼻"/></concept><concept><code value="330"/><display value="鼻のまわり"/></concept><concept><code value="33R"/><display value="右鼻のまわり"/></concept><concept><code value="33L"/><display value="左鼻のまわり"/></concept><concept><code value="33B"/><display value="両鼻のまわり"/></concept><concept><code value="340"/><display value="鼻の下"/></concept><concept><code value="34R"/><display value="右鼻の下"/></concept><concept><code value="34L"/><display value="左鼻の下"/></concept><concept><code value="34B"/><display value="両鼻の下"/></concept><concept><code value="350"/><display value="鼻腔内"/></concept><concept><code value="35R"/><display value="右鼻腔内"/></concept><concept><code value="35L"/><display value="左鼻腔内"/></concept><concept><code value="35B"/><display value="両鼻腔内"/></concept><concept><code value="420"/><display value="耳"/></concept><concept><code value="42R"/><display value="右耳"/></concept><concept><code value="42L"/><display value="左耳"/></concept><concept><code value="42B"/><display value="両耳"/></concept><concept><code value="430"/><display value="耳たぶ"/></concept><concept><code value="43R"/><display value="右耳たぶ"/></concept><concept><code value="43L"/><display value="左耳たぶ"/></concept><concept><code value="43B"/><display value="両耳たぶ"/></concept><concept><code value="440"/><display value="耳のうしろ"/></concept><concept><code value="44R"/><display value="右耳のうしろ"/></concept><concept><code value="44L"/><display value="左耳のうしろ"/></concept><concept><code value="44B"/><display value="両耳のうしろ"/></concept><concept><code value="450"/><display value="耳のまわり"/></concept><concept><code value="45R"/><display value="右耳のまわり"/></concept><concept><code value="45L"/><display value="左耳のまわり"/></concept><concept><code value="45B"/><display value="両耳のまわり"/></concept><concept><code value="460"/><display value="耳の中"/></concept><concept><code value="46R"/><display value="右耳の中"/></concept><concept><code value="46L"/><display value="左耳の中"/></concept><concept><code value="46B"/><display value="両耳の中"/></concept><concept><code value="520"/><display value="口"/></concept><concept><code value="52R"/><display value="右口"/></concept><concept><code value="52L"/><display value="左口"/></concept><concept><code value="52B"/><display value="両口"/></concept><concept><code value="530"/><display value="口のまわり"/></concept><concept><code value="53R"/><display value="右口のまわり"/></concept><concept><code value="53L"/><display value="左口のまわり"/></concept><concept><code value="53B"/><display value="両口のまわり"/></concept><concept><code value="540"/><display value="口唇"/></concept><concept><code value="54R"/><display value="右口唇"/></concept><concept><code value="54L"/><display value="左口唇"/></concept><concept><code value="54B"/><display value="両口唇"/></concept><concept><code value="550"/><display value="口腔内"/></concept><concept><code value="55R"/><display value="右口腔内"/></concept><concept><code value="55L"/><display value="左口腔内"/></concept><concept><code value="55B"/><display value="両口腔内"/></concept><concept><code value="560"/><display value="口腔内ほほの内側"/></concept><concept><code value="56R"/><display value="右口腔内ほほの内側"/></concept><concept><code value="56L"/><display value="左口腔内ほほの内側"/></concept><concept><code value="56B"/><display value="両口腔内ほほの内側"/></concept><concept><code value="570"/><display value="口腔内上あご部"/></concept><concept><code value="57R"/><display value="右口腔内上あご部"/></concept><concept><code value="57L"/><display value="左口腔内上あご部"/></concept><concept><code value="57B"/><display value="両口腔内上あご部"/></concept><concept><code value="580"/><display value="上歯茎部"/></concept><concept><code value="58R"/><display value="右上歯茎部"/></concept><concept><code value="58L"/><display value="左上歯茎部"/></concept><concept><code value="58B"/><display value="両上歯茎部"/></concept><concept><code value="590"/><display value="下歯茎部"/></concept><concept><code value="59R"/><display value="右下歯茎部"/></concept><concept><code value="59L"/><display value="左下歯茎部"/></concept><concept><code value="59B"/><display value="両下歯茎部"/></concept><concept><code value="5A0"/><display value="舌"/></concept><concept><code value="5AR"/><display value="右舌"/></concept><concept><code value="5AL"/><display value="左舌"/></concept><concept><code value="5AB"/><display value="両舌"/></concept><concept><code value="5B0"/><display value="舌の裏側"/></concept><concept><code value="5BR"/><display value="右舌の裏側"/></concept><concept><code value="5BL"/><display value="左舌の裏側"/></concept><concept><code value="5BB"/><display value="両舌の裏側"/></concept><concept><code value="610"/><display value="喉の奥"/></concept><concept><code value="61R"/><display value="右喉の奥"/></concept><concept><code value="61L"/><display value="左喉の奥"/></concept><concept><code value="61B"/><display value="両喉の奥"/></concept><concept><code value="620"/><display value="扁桃腺部"/></concept><concept><code value="62R"/><display value="右扁桃腺部"/></concept><concept><code value="62L"/><display value="左扁桃腺部"/></concept><concept><code value="62B"/><display value="両扁桃腺部"/></concept><concept><code value="630"/><display value="下あご"/></concept><concept><code value="63R"/><display value="右下あご"/></concept><concept><code value="63L"/><display value="左下あご"/></concept><concept><code value="63B"/><display value="両下あご"/></concept><concept><code value="640"/><display value="首"/></concept><concept><code value="64R"/><display value="右首"/></concept><concept><code value="64L"/><display value="左首"/></concept><concept><code value="64B"/><display value="両首"/></concept><concept><code value="650"/><display value="うなじ"/></concept><concept><code value="65R"/><display value="右うなじ"/></concept><concept><code value="65L"/><display value="左うなじ"/></concept><concept><code value="65B"/><display value="両うなじ"/></concept><concept><code value="710"/><display value="肩"/></concept><concept><code value="71R"/><display value="右肩"/></concept><concept><code value="71L"/><display value="左肩"/></concept><concept><code value="71B"/><display value="両肩"/></concept><concept><code value="720"/><display value="上肢"/></concept><concept><code value="72R"/><display value="右上肢"/></concept><concept><code value="72L"/><display value="左上肢"/></concept><concept><code value="72B"/><display value="両上肢"/></concept><concept><code value="730"/><display value="腕"/></concept><concept><code value="73R"/><display value="右腕"/></concept><concept><code value="73L"/><display value="左腕"/></concept><concept><code value="73B"/><display value="両腕"/></concept><concept><code value="740"/><display value="上腕"/></concept><concept><code value="74R"/><display value="右上腕"/></concept><concept><code value="74L"/><display value="左上腕"/></concept><concept><code value="74B"/><display value="両上腕"/></concept><concept><code value="750"/><display value="前腕"/></concept><concept><code value="75R"/><display value="右前腕"/></concept><concept><code value="75L"/><display value="左前腕"/></concept><concept><code value="75B"/><display value="両前腕"/></concept><concept><code value="760"/><display value="ひじ"/></concept><concept><code value="76R"/><display value="右ひじ"/></concept><concept><code value="76L"/><display value="左ひじ"/></concept><concept><code value="76B"/><display value="両ひじ"/></concept><concept><code value="770"/><display value="手"/></concept><concept><code value="77R"/><display value="右手"/></concept><concept><code value="77L"/><display value="左手"/></concept><concept><code value="77B"/><display value="両手"/></concept><concept><code value="780"/><display value="手の甲"/></concept><concept><code value="78R"/><display value="右手の甲"/></concept><concept><code value="78L"/><display value="左手の甲"/></concept><concept><code value="78B"/><display value="両手の甲"/></concept><concept><code value="790"/><display value="手のひら"/></concept><concept><code value="79R"/><display value="右手のひら"/></concept><concept><code value="79L"/><display value="左手のひら"/></concept><concept><code value="79B"/><display value="両手のひら"/></concept><concept><code value="7A0"/><display value="手の指"/></concept><concept><code value="7AR"/><display value="右手の指"/></concept><concept><code value="7AL"/><display value="左手の指"/></concept><concept><code value="7AB"/><display value="両手の指"/></concept><concept><code value="7B0"/><display value="手の指の間"/></concept><concept><code value="7BR"/><display value="右手の指の間"/></concept><concept><code value="7BL"/><display value="左手の指の間"/></concept><concept><code value="7BB"/><display value="両手の指の間"/></concept><concept><code value="7C0"/><display value="手の爪"/></concept><concept><code value="7CR"/><display value="右手の爪"/></concept><concept><code value="7CL"/><display value="左手の爪"/></concept><concept><code value="7CB"/><display value="両手の爪"/></concept><concept><code value="7D0"/><display value="手足"/></concept><concept><code value="7DR"/><display value="右手足"/></concept><concept><code value="7DL"/><display value="左手足"/></concept><concept><code value="7DB"/><display value="両手足"/></concept><concept><code value="810"/><display value="体幹部"/></concept><concept><code value="81R"/><display value="右体幹部"/></concept><concept><code value="81L"/><display value="左体幹部"/></concept><concept><code value="81B"/><display value="両体幹部"/></concept><concept><code value="820"/><display value="背中"/></concept><concept><code value="82R"/><display value="右背中"/></concept><concept><code value="82L"/><display value="左背中"/></concept><concept><code value="82B"/><display value="両背中"/></concept><concept><code value="830"/><display value="上背部"/></concept><concept><code value="83R"/><display value="右上背部"/></concept><concept><code value="83L"/><display value="左上背部"/></concept><concept><code value="83B"/><display value="両上背部"/></concept><concept><code value="840"/><display value="脇の下"/></concept><concept><code value="84R"/><display value="右脇の下"/></concept><concept><code value="84L"/><display value="左脇の下"/></concept><concept><code value="84B"/><display value="両脇の下"/></concept><concept><code value="850"/><display value="全胸部"/></concept><concept><code value="85R"/><display value="右全胸部"/></concept><concept><code value="85L"/><display value="左全胸部"/></concept><concept><code value="85B"/><display value="両全胸部"/></concept><concept><code value="860"/><display value="乳房"/></concept><concept><code value="86R"/><display value="右乳房"/></concept><concept><code value="86L"/><display value="左乳房"/></concept><concept><code value="86B"/><display value="両乳房"/></concept><concept><code value="870"/><display value="乳房まわり"/></concept><concept><code value="87R"/><display value="右乳房まわり"/></concept><concept><code value="87L"/><display value="左乳房まわり"/></concept><concept><code value="87B"/><display value="両乳房まわり"/></concept><concept><code value="880"/><display value="乳首"/></concept><concept><code value="88R"/><display value="右乳首"/></concept><concept><code value="88L"/><display value="左乳首"/></concept><concept><code value="88B"/><display value="両乳首"/></concept><concept><code value="890"/><display value="上腹部"/></concept><concept><code value="89R"/><display value="右上腹部"/></concept><concept><code value="89L"/><display value="左上腹部"/></concept><concept><code value="89B"/><display value="両上腹部"/></concept><concept><code value="8A0"/><display value="下腹部"/></concept><concept><code value="8AR"/><display value="右下腹部"/></concept><concept><code value="8AL"/><display value="左下腹部"/></concept><concept><code value="8AB"/><display value="両下腹部"/></concept><concept><code value="8B0"/><display value="へそ"/></concept><concept><code value="8BR"/><display value="右へそ"/></concept><concept><code value="8BL"/><display value="左へそ"/></concept><concept><code value="8BB"/><display value="両へそ"/></concept><concept><code value="8C0"/><display value="へそのまわり"/></concept><concept><code value="8CR"/><display value="右へそのまわり"/></concept><concept><code value="8CL"/><display value="左へそのまわり"/></concept><concept><code value="8CB"/><display value="両へそのまわり"/></concept><concept><code value="8D0"/><display value="臀部"/></concept><concept><code value="8DR"/><display value="右臀部"/></concept><concept><code value="8DL"/><display value="左臀部"/></concept><concept><code value="8DB"/><display value="両臀部"/></concept><concept><code value="8E0"/><display value="陰のう"/></concept><concept><code value="8ER"/><display value="右陰のう"/></concept><concept><code value="8EL"/><display value="左陰のう"/></concept><concept><code value="8EB"/><display value="両陰のう"/></concept><concept><code value="8F0"/><display value="陰部"/></concept><concept><code value="8FR"/><display value="右陰部"/></concept><concept><code value="8FL"/><display value="左陰部"/></concept><concept><code value="8FB"/><display value="両陰部"/></concept><concept><code value="8G0"/><display value="股間部"/></concept><concept><code value="8GR"/><display value="右股間部"/></concept><concept><code value="8GL"/><display value="左股間部"/></concept><concept><code value="8GB"/><display value="両股間部"/></concept><concept><code value="8H0"/><display value="肛門部"/></concept><concept><code value="8HR"/><display value="右肛門部"/></concept><concept><code value="8HL"/><display value="左肛門部"/></concept><concept><code value="8HB"/><display value="両肛門部"/></concept><concept><code value="8J0"/><display value="肛門周囲"/></concept><concept><code value="8JR"/><display value="右肛門周囲"/></concept><concept><code value="8JL"/><display value="左肛門周囲"/></concept><concept><code value="8JB"/><display value="両肛門周囲"/></concept><concept><code value="910"/><display value="下肢"/></concept><concept><code value="91R"/><display value="右下肢"/></concept><concept><code value="91L"/><display value="左下肢"/></concept><concept><code value="91B"/><display value="両下肢"/></concept><concept><code value="920"/><display value="ふともも"/></concept><concept><code value="92R"/><display value="右ふともも"/></concept><concept><code value="92L"/><display value="左ふともも"/></concept><concept><code value="92B"/><display value="両ふともも"/></concept><concept><code value="930"/><display value="ふともも後ろ"/></concept><concept><code value="93R"/><display value="右ふともも後ろ"/></concept><concept><code value="93L"/><display value="左ふともも後ろ"/></concept><concept><code value="93B"/><display value="両ふともも後ろ"/></concept><concept><code value="940"/><display value="ふとももとすね"/></concept><concept><code value="94R"/><display value="右ふとももとすね"/></concept><concept><code value="94L"/><display value="左ふとももとすね"/></concept><concept><code value="94B"/><display value="両ふとももとすね"/></concept><concept><code value="950"/><display value="膝"/></concept><concept><code value="95R"/><display value="右膝"/></concept><concept><code value="95L"/><display value="左膝"/></concept><concept><code value="95B"/><display value="両膝"/></concept><concept><code value="960"/><display value="膝のうら"/></concept><concept><code value="96R"/><display value="右膝のうら"/></concept><concept><code value="96L"/><display value="左膝のうら"/></concept><concept><code value="96B"/><display value="両膝のうら"/></concept><concept><code value="970"/><display value="すね"/></concept><concept><code value="97R"/><display value="右すね"/></concept><concept><code value="97L"/><display value="左すね"/></concept><concept><code value="97B"/><display value="両すね"/></concept><concept><code value="980"/><display value="ふくらはぎ"/></concept><concept><code value="98R"/><display value="右ふくらはぎ"/></concept><concept><code value="98L"/><display value="左ふくらはぎ"/></concept><concept><code value="98B"/><display value="両ふくらはぎ"/></concept><concept><code value="990"/><display value="くるぶし"/></concept><concept><code value="99R"/><display value="右くるぶし"/></concept><concept><code value="99L"/><display value="左くるぶし"/></concept><concept><code value="99B"/><display value="両くるぶし"/></concept><concept><code value="9A0"/><display value="かかと"/></concept><concept><code value="9AR"/><display value="右かかと"/></concept><concept><code value="9AL"/><display value="左かかと"/></concept><concept><code value="9AB"/><display value="両かかと"/></concept><concept><code value="9B0"/><display value="足"/></concept><concept><code value="9BR"/><display value="右足"/></concept><concept><code value="9BL"/><display value="左足"/></concept><concept><code value="9BB"/><display value="両足"/></concept><concept><code value="9C0"/><display value="足の裏"/></concept><concept><code value="9CR"/><display value="右足の裏"/></concept><concept><code value="9CL"/><display value="左足の裏"/></concept><concept><code value="9CB"/><display value="両足の裏"/></concept><concept><code value="9D0"/><display value="足の甲"/></concept><concept><code value="9DR"/><display value="右足の甲"/></concept><concept><code value="9DL"/><display value="左足の甲"/></concept><concept><code value="9DB"/><display value="両足の甲"/></concept><concept><code value="9E0"/><display value="足のゆび"/></concept><concept><code value="9ER"/><display value="右足のゆび"/></concept><concept><code value="9EL"/><display value="左足のゆび"/></concept><concept><code value="9EB"/><display value="両足のゆび"/></concept><concept><code value="9F0"/><display value="足のゆびの間"/></concept><concept><code value="9FR"/><display value="右足のゆびの間"/></concept><concept><code value="9FL"/><display value="左足のゆびの間"/></concept><concept><code value="9FB"/><display value="両足のゆびの間"/></concept><concept><code value="9G0"/><display value="足の爪"/></concept><concept><code value="9GR"/><display value="右足の爪"/></concept><concept><code value="9GL"/><display value="左足の爪"/></concept><concept><code value="9GB"/><display value="両足の爪"/></concept><concept><code value="A10"/><display value="かゆい所"/></concept><concept><code value="A1R"/><display value="右かゆい所"/></concept><concept><code value="A1L"/><display value="左かゆい所"/></concept><concept><code value="A1B"/><display value="両かゆい所"/></concept><concept><code value="A20"/><display value="カサカサした所"/></concept><concept><code value="A2R"/><display value="右カサカサした所"/></concept><concept><code value="A2L"/><display value="左カサカサした所"/></concept><concept><code value="A2B"/><display value="両カサカサした所"/></concept><concept><code value="A30"/><display value="じくじくした所"/></concept><concept><code value="A3R"/><display value="右じくじくした所"/></concept><concept><code value="A3L"/><display value="左じくじくした所"/></concept><concept><code value="A3B"/><display value="両じくじくした所"/></concept><concept><code value="A40"/><display value="ひどい所"/></concept><concept><code value="A4R"/><display value="右ひどい所"/></concept><concept><code value="A4L"/><display value="左ひどい所"/></concept><concept><code value="A4B"/><display value="両ひどい所"/></concept><concept><code value="A50"/><display value="褥瘡部"/></concept><concept><code value="A5R"/><display value="右褥瘡部"/></concept><concept><code value="A5L"/><display value="左褥瘡部"/></concept><concept><code value="A5B"/><display value="両褥瘡部"/></concept><concept><code value="A60"/><display value="発赤部"/></concept><concept><code value="A6R"/><display value="右発赤部"/></concept><concept><code value="A6L"/><display value="左発赤部"/></concept><concept><code value="A6B"/><display value="両発赤部"/></concept><concept><code value="A70"/><display value="発疹部"/></concept><concept><code value="A7R"/><display value="右発疹部"/></concept><concept><code value="A7L"/><display value="左発疹部"/></concept><concept><code value="A7B"/><display value="両発疹部"/></concept><concept><code value="A80"/><display value="ストマ部"/></concept><concept><code value="A8R"/><display value="右ストマ部"/></concept><concept><code value="A8L"/><display value="左ストマ部"/></concept><concept><code value="A8B"/><display value="両ストマ部"/></concept><concept><code value="A90"/><display value="カテ挿入部"/></concept><concept><code value="A9R"/><display value="右カテ挿入部"/></concept><concept><code value="A9L"/><display value="左カテ挿入部"/></concept><concept><code value="A9B"/><display value="両カテ挿入部"/></concept><concept><code value="AA0"/><display value="患部"/></concept><concept><code value="AAR"/><display value="右患部"/></concept><concept><code value="AAL"/><display value="左患部"/></concept><concept><code value="AAB"/><display value="両患部"/></concept></CodeSystem>