<?xml version="1.0" encoding="UTF-8"?><CodeSystem xmlns="http://hl7.org/fhir"><id value="jp-department-ssmix3digits-cs"/><text><status value="generated"/><div xmlns="http://www.w3.org/1999/xhtml"><p>This code system http://jpfhir.jp/fhir/Common/CodeSystem/JP_Department_SsMix3Digits_CS defines the following codes:</p><table class="codes"><tr><td style="white-space:nowrap"><b>Code</b></td><td><b>Display</b></td></tr><tr><td style="white-space:nowrap">011<a name="jp-department-ssmix3digits-cs-011"> </a></td><td>第１内科</td></tr><tr><td style="white-space:nowrap">012<a name="jp-department-ssmix3digits-cs-012"> </a></td><td>第２内科</td></tr><tr><td style="white-space:nowrap">013<a name="jp-department-ssmix3digits-cs-013"> </a></td><td>第３内科</td></tr><tr><td style="white-space:nowrap">014<a name="jp-department-ssmix3digits-cs-014"> </a></td><td>第４内科</td></tr><tr><td style="white-space:nowrap">018<a name="jp-department-ssmix3digits-cs-018"> </a></td><td>一般内科</td></tr><tr><td style="white-space:nowrap">01A<a name="jp-department-ssmix3digits-cs-01A"> </a></td><td>被爆放射線医療内科</td></tr><tr><td style="white-space:nowrap">021<a name="jp-department-ssmix3digits-cs-021"> </a></td><td>精神科・心の診療科</td></tr><tr><td style="white-space:nowrap">022<a name="jp-department-ssmix3digits-cs-022"> </a></td><td>精神科デイケア</td></tr><tr><td style="white-space:nowrap">04A<a name="jp-department-ssmix3digits-cs-04A"> </a></td><td>てんかん科</td></tr><tr><td style="white-space:nowrap">04B<a name="jp-department-ssmix3digits-cs-04B"> </a></td><td>もの忘れ科</td></tr><tr><td style="white-space:nowrap">04C<a name="jp-department-ssmix3digits-cs-04C"> </a></td><td>高次脳機能障害科</td></tr><tr><td style="white-space:nowrap">04D<a name="jp-department-ssmix3digits-cs-04D"> </a></td><td>頭痛外来</td></tr><tr><td style="white-space:nowrap">04E<a name="jp-department-ssmix3digits-cs-04E"> </a></td><td>脳卒中外来</td></tr><tr><td style="white-space:nowrap">051<a name="jp-department-ssmix3digits-cs-051"> </a></td><td>呼吸器・アレルギー科</td></tr><tr><td style="white-space:nowrap">052<a name="jp-department-ssmix3digits-cs-052"> </a></td><td>呼吸器・感染症内科</td></tr><tr><td style="white-space:nowrap">05A<a name="jp-department-ssmix3digits-cs-05A"> </a></td><td>せき外来</td></tr><tr><td style="white-space:nowrap">05B<a name="jp-department-ssmix3digits-cs-05B"> </a></td><td>禁煙外来</td></tr><tr><td style="white-space:nowrap">061<a name="jp-department-ssmix3digits-cs-061"> </a></td><td>肝臓内科</td></tr><tr><td style="white-space:nowrap">062<a name="jp-department-ssmix3digits-cs-062"> </a></td><td>肝胆膵科</td></tr><tr><td style="white-space:nowrap">063<a name="jp-department-ssmix3digits-cs-063"> </a></td><td>膵臓内科</td></tr><tr><td style="white-space:nowrap">064<a name="jp-department-ssmix3digits-cs-064"> </a></td><td>胆道・膵臓内科</td></tr><tr><td style="white-space:nowrap">06A<a name="jp-department-ssmix3digits-cs-06A"> </a></td><td>肝臓病科</td></tr><tr><td style="white-space:nowrap">06B<a name="jp-department-ssmix3digits-cs-06B"> </a></td><td>脂肪肝外来</td></tr><tr><td style="white-space:nowrap">07A<a name="jp-department-ssmix3digits-cs-07A"> </a></td><td>炎症性腸疾患外来</td></tr><tr><td style="white-space:nowrap">07B<a name="jp-department-ssmix3digits-cs-07B"> </a></td><td>ピロリ菌外来</td></tr><tr><td style="white-space:nowrap">081<a name="jp-department-ssmix3digits-cs-081"> </a></td><td>循環器内科</td></tr><tr><td style="white-space:nowrap">082<a name="jp-department-ssmix3digits-cs-082"> </a></td><td>冠動脈疾患治療部</td></tr><tr><td style="white-space:nowrap">083<a name="jp-department-ssmix3digits-cs-083"> </a></td><td>リンパ科</td></tr><tr><td style="white-space:nowrap">091<a name="jp-department-ssmix3digits-cs-091"> </a></td><td>小児科周産母子</td></tr><tr><td style="white-space:nowrap">092<a name="jp-department-ssmix3digits-cs-092"> </a></td><td>新生児科</td></tr><tr><td style="white-space:nowrap">093<a name="jp-department-ssmix3digits-cs-093"> </a></td><td>小児循環器科</td></tr><tr><td style="white-space:nowrap">094<a name="jp-department-ssmix3digits-cs-094"> </a></td><td>小児神経科</td></tr><tr><td style="white-space:nowrap">095<a name="jp-department-ssmix3digits-cs-095"> </a></td><td>未熟児センター</td></tr><tr><td style="white-space:nowrap">096<a name="jp-department-ssmix3digits-cs-096"> </a></td><td>ＮＩＣＵ</td></tr><tr><td style="white-space:nowrap">097<a name="jp-department-ssmix3digits-cs-097"> </a></td><td>ＧＣＵ</td></tr><tr><td style="white-space:nowrap">09A<a name="jp-department-ssmix3digits-cs-09A"> </a></td><td>成長発達外来</td></tr><tr><td style="white-space:nowrap">101<a name="jp-department-ssmix3digits-cs-101"> </a></td><td>第１外科</td></tr><tr><td style="white-space:nowrap">102<a name="jp-department-ssmix3digits-cs-102"> </a></td><td>第２外科</td></tr><tr><td style="white-space:nowrap">103<a name="jp-department-ssmix3digits-cs-103"> </a></td><td>第３外科</td></tr><tr><td style="white-space:nowrap">105<a name="jp-department-ssmix3digits-cs-105"> </a></td><td>一般外科</td></tr><tr><td style="white-space:nowrap">106<a name="jp-department-ssmix3digits-cs-106"> </a></td><td>総合外科</td></tr><tr><td style="white-space:nowrap">107<a name="jp-department-ssmix3digits-cs-107"> </a></td><td>病態外科</td></tr><tr><td style="white-space:nowrap">10A<a name="jp-department-ssmix3digits-cs-10A"> </a></td><td>被爆放射線医療外科</td></tr><tr><td style="white-space:nowrap">111<a name="jp-department-ssmix3digits-cs-111"> </a></td><td>整形外科・脊椎外科</td></tr><tr><td style="white-space:nowrap">112<a name="jp-department-ssmix3digits-cs-112"> </a></td><td>脊椎外科</td></tr><tr><td style="white-space:nowrap">113<a name="jp-department-ssmix3digits-cs-113"> </a></td><td>ロコモティブ外来</td></tr><tr><td style="white-space:nowrap">114<a name="jp-department-ssmix3digits-cs-114"> </a></td><td>人工関節センター</td></tr><tr><td style="white-space:nowrap">115<a name="jp-department-ssmix3digits-cs-115"> </a></td><td>装具外来</td></tr><tr><td style="white-space:nowrap">116<a name="jp-department-ssmix3digits-cs-116"> </a></td><td>アスリート診療</td></tr><tr><td style="white-space:nowrap">117<a name="jp-department-ssmix3digits-cs-117"> </a></td><td>スポーツ医学</td></tr><tr><td style="white-space:nowrap">119<a name="jp-department-ssmix3digits-cs-119"> </a></td><td>関節外科</td></tr><tr><td style="white-space:nowrap">11A<a name="jp-department-ssmix3digits-cs-11A"> </a></td><td>手外科</td></tr><tr><td style="white-space:nowrap">121<a name="jp-department-ssmix3digits-cs-121"> </a></td><td>形成外科・美容外科</td></tr><tr><td style="white-space:nowrap">122<a name="jp-department-ssmix3digits-cs-122"> </a></td><td>再建外科</td></tr><tr><td style="white-space:nowrap">141<a name="jp-department-ssmix3digits-cs-141"> </a></td><td>脳腫瘍科</td></tr><tr><td style="white-space:nowrap">162<a name="jp-department-ssmix3digits-cs-162"> </a></td><td>心臓外科</td></tr><tr><td style="white-space:nowrap">163<a name="jp-department-ssmix3digits-cs-163"> </a></td><td>胸部外科</td></tr><tr><td style="white-space:nowrap">164<a name="jp-department-ssmix3digits-cs-164"> </a></td><td>循環器外科</td></tr><tr><td style="white-space:nowrap">165<a name="jp-department-ssmix3digits-cs-165"> </a></td><td>心臓・人工臓器外科</td></tr><tr><td style="white-space:nowrap">171<a name="jp-department-ssmix3digits-cs-171"> </a></td><td>小児外科（周産母子）</td></tr><tr><td style="white-space:nowrap">191<a name="jp-department-ssmix3digits-cs-191"> </a></td><td>皮膚科・レーザ科</td></tr><tr><td style="white-space:nowrap">192<a name="jp-department-ssmix3digits-cs-192"> </a></td><td>紫外線外来</td></tr><tr><td style="white-space:nowrap">201<a name="jp-department-ssmix3digits-cs-201"> </a></td><td>泌尿器科・男性科</td></tr><tr><td style="white-space:nowrap">202<a name="jp-department-ssmix3digits-cs-202"> </a></td><td>コンチネンス外来</td></tr><tr><td style="white-space:nowrap">221<a name="jp-department-ssmix3digits-cs-221"> </a></td><td>ストマケア外来</td></tr><tr><td style="white-space:nowrap">230<a name="jp-department-ssmix3digits-cs-230"> </a></td><td>産科婦人科</td></tr><tr><td style="white-space:nowrap">231<a name="jp-department-ssmix3digits-cs-231"> </a></td><td>女性外科</td></tr><tr><td style="white-space:nowrap">241<a name="jp-department-ssmix3digits-cs-241"> </a></td><td>助産師外来</td></tr><tr><td style="white-space:nowrap">251<a name="jp-department-ssmix3digits-cs-251"> </a></td><td>不妊内分泌科</td></tr><tr><td style="white-space:nowrap">252<a name="jp-department-ssmix3digits-cs-252"> </a></td><td>周産科</td></tr><tr><td style="white-space:nowrap">253<a name="jp-department-ssmix3digits-cs-253"> </a></td><td>周産期母性科</td></tr><tr><td style="white-space:nowrap">254<a name="jp-department-ssmix3digits-cs-254"> </a></td><td>婦人周産期科</td></tr><tr><td style="white-space:nowrap">255<a name="jp-department-ssmix3digits-cs-255"> </a></td><td>腹腔鏡外来</td></tr><tr><td style="white-space:nowrap">25A<a name="jp-department-ssmix3digits-cs-25A"> </a></td><td>女性科</td></tr><tr><td style="white-space:nowrap">25B<a name="jp-department-ssmix3digits-cs-25B"> </a></td><td>女性外来</td></tr><tr><td style="white-space:nowrap">25C<a name="jp-department-ssmix3digits-cs-25C"> </a></td><td>女性診療科・産科</td></tr><tr><td style="white-space:nowrap">261<a name="jp-department-ssmix3digits-cs-261"> </a></td><td>眼科・視覚矯正科</td></tr><tr><td style="white-space:nowrap">262<a name="jp-department-ssmix3digits-cs-262"> </a></td><td>白内障外来</td></tr><tr><td style="white-space:nowrap">263<a name="jp-department-ssmix3digits-cs-263"> </a></td><td>コンタクトレンズ外来</td></tr><tr><td style="white-space:nowrap">264<a name="jp-department-ssmix3digits-cs-264"> </a></td><td>ドライアイ外来</td></tr><tr><td style="white-space:nowrap">265<a name="jp-department-ssmix3digits-cs-265"> </a></td><td>ぶどう膜炎外来</td></tr><tr><td style="white-space:nowrap">266<a name="jp-department-ssmix3digits-cs-266"> </a></td><td>角膜・眼アレルギー外来</td></tr><tr><td style="white-space:nowrap">267<a name="jp-department-ssmix3digits-cs-267"> </a></td><td>網膜疾患外来</td></tr><tr><td style="white-space:nowrap">26A<a name="jp-department-ssmix3digits-cs-26A"> </a></td><td>角膜移植部</td></tr><tr><td style="white-space:nowrap">271<a name="jp-department-ssmix3digits-cs-271"> </a></td><td>耳鼻咽喉科・神経耳科</td></tr><tr><td style="white-space:nowrap">272<a name="jp-department-ssmix3digits-cs-272"> </a></td><td>耳鼻咽喉・頭頸部外科</td></tr><tr><td style="white-space:nowrap">273<a name="jp-department-ssmix3digits-cs-273"> </a></td><td>困難気道外来</td></tr><tr><td style="white-space:nowrap">274<a name="jp-department-ssmix3digits-cs-274"> </a></td><td>頭頸部科</td></tr><tr><td style="white-space:nowrap">301<a name="jp-department-ssmix3digits-cs-301"> </a></td><td>放射線部</td></tr><tr><td style="white-space:nowrap">302<a name="jp-department-ssmix3digits-cs-302"> </a></td><td>放射線診断科</td></tr><tr><td style="white-space:nowrap">303<a name="jp-department-ssmix3digits-cs-303"> </a></td><td>放射線画像診断・ＩＶＲ科</td></tr><tr><td style="white-space:nowrap">304<a name="jp-department-ssmix3digits-cs-304"> </a></td><td>核医学科</td></tr><tr><td style="white-space:nowrap">30B<a name="jp-department-ssmix3digits-cs-30B"> </a></td><td>放射線治療科</td></tr><tr><td style="white-space:nowrap">30C<a name="jp-department-ssmix3digits-cs-30C"> </a></td><td>Ｘ線科</td></tr><tr><td style="white-space:nowrap">311<a name="jp-department-ssmix3digits-cs-311"> </a></td><td>麻酔・疼痛・緩和医療科</td></tr><tr><td style="white-space:nowrap">312<a name="jp-department-ssmix3digits-cs-312"> </a></td><td>麻酔科蘇生科</td></tr><tr><td style="white-space:nowrap">313<a name="jp-department-ssmix3digits-cs-313"> </a></td><td>麻酔・疼痛科</td></tr><tr><td style="white-space:nowrap">31A<a name="jp-department-ssmix3digits-cs-31A"> </a></td><td>ペインクリニック科</td></tr><tr><td style="white-space:nowrap">331<a name="jp-department-ssmix3digits-cs-331"> </a></td><td>心身医学科</td></tr><tr><td style="white-space:nowrap">332<a name="jp-department-ssmix3digits-cs-332"> </a></td><td>心の内科</td></tr><tr><td style="white-space:nowrap">333<a name="jp-department-ssmix3digits-cs-333"> </a></td><td>こどものこころ診療</td></tr><tr><td style="white-space:nowrap">334<a name="jp-department-ssmix3digits-cs-334"> </a></td><td>小児精神科</td></tr><tr><td style="white-space:nowrap">34A<a name="jp-department-ssmix3digits-cs-34A"> </a></td><td>環境医学外来（アレルギー科）</td></tr><tr><td style="white-space:nowrap">34B<a name="jp-department-ssmix3digits-cs-34B"> </a></td><td>アレルギー内科</td></tr><tr><td style="white-space:nowrap">34C<a name="jp-department-ssmix3digits-cs-34C"> </a></td><td>アレルギー・免疫内科</td></tr><tr><td style="white-space:nowrap">34D<a name="jp-department-ssmix3digits-cs-34D"> </a></td><td>アレルギー・リウマチ内科</td></tr><tr><td style="white-space:nowrap">35A<a name="jp-department-ssmix3digits-cs-35A"> </a></td><td>リウマチ内科</td></tr><tr><td style="white-space:nowrap">35B<a name="jp-department-ssmix3digits-cs-35B"> </a></td><td>内分泌・リウマチ科</td></tr><tr><td style="white-space:nowrap">361<a name="jp-department-ssmix3digits-cs-361"> </a></td><td>言語療法科</td></tr><tr><td style="white-space:nowrap">362<a name="jp-department-ssmix3digits-cs-362"> </a></td><td>股体不自由リハビリテーション科</td></tr><tr><td style="white-space:nowrap">363<a name="jp-department-ssmix3digits-cs-363"> </a></td><td>内部障害リハビリテーション科</td></tr><tr><td style="white-space:nowrap">364<a name="jp-department-ssmix3digits-cs-364"> </a></td><td>理学療法科</td></tr><tr><td style="white-space:nowrap">365<a name="jp-department-ssmix3digits-cs-365"> </a></td><td>物理療法内科</td></tr><tr><td style="white-space:nowrap">391<a name="jp-department-ssmix3digits-cs-391"> </a></td><td>救命救急センター</td></tr><tr><td style="white-space:nowrap">392<a name="jp-department-ssmix3digits-cs-392"> </a></td><td>内科系救急科</td></tr><tr><td style="white-space:nowrap">393<a name="jp-department-ssmix3digits-cs-393"> </a></td><td>救急外科</td></tr><tr><td style="white-space:nowrap">394<a name="jp-department-ssmix3digits-cs-394"> </a></td><td>外科系救急科</td></tr><tr><td style="white-space:nowrap">398<a name="jp-department-ssmix3digits-cs-398"> </a></td><td>初期診療・救急科</td></tr><tr><td style="white-space:nowrap">41C<a name="jp-department-ssmix3digits-cs-41C"> </a></td><td>血液免疫科</td></tr><tr><td style="white-space:nowrap">41D<a name="jp-department-ssmix3digits-cs-41D"> </a></td><td>血液科</td></tr><tr><td style="white-space:nowrap">421<a name="jp-department-ssmix3digits-cs-421"> </a></td><td>無菌治療部</td></tr><tr><td style="white-space:nowrap">431<a name="jp-department-ssmix3digits-cs-431"> </a></td><td>血液浄化療法部</td></tr><tr><td style="white-space:nowrap">432<a name="jp-department-ssmix3digits-cs-432"> </a></td><td>透析治療部</td></tr><tr><td style="white-space:nowrap">471<a name="jp-department-ssmix3digits-cs-471"> </a></td><td>腫瘍内科</td></tr><tr><td style="white-space:nowrap">472<a name="jp-department-ssmix3digits-cs-472"> </a></td><td>化学療法部</td></tr><tr><td style="white-space:nowrap">473<a name="jp-department-ssmix3digits-cs-473"> </a></td><td>小児腫瘍科</td></tr><tr><td style="white-space:nowrap">474<a name="jp-department-ssmix3digits-cs-474"> </a></td><td>精神腫瘍外来</td></tr><tr><td style="white-space:nowrap">475<a name="jp-department-ssmix3digits-cs-475"> </a></td><td>免疫療法外来</td></tr><tr><td style="white-space:nowrap">476<a name="jp-department-ssmix3digits-cs-476"> </a></td><td>脳腫瘍診療部</td></tr><tr><td style="white-space:nowrap">48D<a name="jp-department-ssmix3digits-cs-48D"> </a></td><td>腎不全科</td></tr><tr><td style="white-space:nowrap">48E<a name="jp-department-ssmix3digits-cs-48E"> </a></td><td>腎移植科</td></tr><tr><td style="white-space:nowrap">491<a name="jp-department-ssmix3digits-cs-491"> </a></td><td>睡眠時無呼吸症候群外来</td></tr><tr><td style="white-space:nowrap">51A<a name="jp-department-ssmix3digits-cs-51A"> </a></td><td>予診科</td></tr><tr><td style="white-space:nowrap">51B<a name="jp-department-ssmix3digits-cs-51B"> </a></td><td>初診科</td></tr><tr><td style="white-space:nowrap">51G<a name="jp-department-ssmix3digits-cs-51G"> </a></td><td>総合内科</td></tr><tr><td style="white-space:nowrap">521<a name="jp-department-ssmix3digits-cs-521"> </a></td><td>光学医療診療部</td></tr><tr><td style="white-space:nowrap">53A<a name="jp-department-ssmix3digits-cs-53A"> </a></td><td>内分泌・代謝内科</td></tr><tr><td style="white-space:nowrap">54A<a name="jp-department-ssmix3digits-cs-54A"> </a></td><td>膠原病内科</td></tr><tr><td style="white-space:nowrap">54B<a name="jp-department-ssmix3digits-cs-54B"> </a></td><td>膠原病・アレルギ—内科</td></tr><tr><td style="white-space:nowrap">54C<a name="jp-department-ssmix3digits-cs-54C"> </a></td><td>膠原病・アレルギ—・リウマチ内科</td></tr><tr><td style="white-space:nowrap">54D<a name="jp-department-ssmix3digits-cs-54D"> </a></td><td>免疫・膠原病・感染症科</td></tr><tr><td style="white-space:nowrap">54E<a name="jp-department-ssmix3digits-cs-54E"> </a></td><td>膠原病・リウマチ内科</td></tr><tr><td style="white-space:nowrap">54F<a name="jp-department-ssmix3digits-cs-54F"> </a></td><td>膠原病・感染症内科</td></tr><tr><td style="white-space:nowrap">54G<a name="jp-department-ssmix3digits-cs-54G"> </a></td><td>免疫・膠原病内科</td></tr><tr><td style="white-space:nowrap">70A<a name="jp-department-ssmix3digits-cs-70A"> </a></td><td>消化管内科</td></tr><tr><td style="white-space:nowrap">72A<a name="jp-department-ssmix3digits-cs-72A"> </a></td><td>骨粗鬆症外来</td></tr><tr><td style="white-space:nowrap">731<a name="jp-department-ssmix3digits-cs-731"> </a></td><td>糖尿病科</td></tr><tr><td style="white-space:nowrap">73B<a name="jp-department-ssmix3digits-cs-73B"> </a></td><td>糖尿病・代謝内科</td></tr><tr><td style="white-space:nowrap">73C<a name="jp-department-ssmix3digits-cs-73C"> </a></td><td>糖尿病・内分泌内科</td></tr><tr><td style="white-space:nowrap">73D<a name="jp-department-ssmix3digits-cs-73D"> </a></td><td>糖尿病・代謝・内分泌内科</td></tr><tr><td style="white-space:nowrap">73F<a name="jp-department-ssmix3digits-cs-73F"> </a></td><td>肝臓・糖尿病・内分泌内科</td></tr><tr><td style="white-space:nowrap">73G<a name="jp-department-ssmix3digits-cs-73G"> </a></td><td>糖尿病・栄養内科</td></tr><tr><td style="white-space:nowrap">74A<a name="jp-department-ssmix3digits-cs-74A"> </a></td><td>腎・高血圧・脳血管科</td></tr><tr><td style="white-space:nowrap">74B<a name="jp-department-ssmix3digits-cs-74B"> </a></td><td>腎・高血圧・内分泌科</td></tr><tr><td style="white-space:nowrap">74C<a name="jp-department-ssmix3digits-cs-74C"> </a></td><td>腎臓・内分泌代謝内科</td></tr><tr><td style="white-space:nowrap">751<a name="jp-department-ssmix3digits-cs-751"> </a></td><td>感染症内科</td></tr><tr><td style="white-space:nowrap">752<a name="jp-department-ssmix3digits-cs-752"> </a></td><td>総合感染症科</td></tr><tr><td style="white-space:nowrap">753<a name="jp-department-ssmix3digits-cs-753"> </a></td><td>感染症管理治療部</td></tr><tr><td style="white-space:nowrap">754<a name="jp-department-ssmix3digits-cs-754"> </a></td><td>感染制御部</td></tr><tr><td style="white-space:nowrap">761<a name="jp-department-ssmix3digits-cs-761"> </a></td><td>漢方内科</td></tr><tr><td style="white-space:nowrap">762<a name="jp-department-ssmix3digits-cs-762"> </a></td><td>和漢診療科</td></tr><tr><td style="white-space:nowrap">771<a name="jp-department-ssmix3digits-cs-771"> </a></td><td>老年病内科</td></tr><tr><td style="white-space:nowrap">772<a name="jp-department-ssmix3digits-cs-772"> </a></td><td>老人科</td></tr><tr><td style="white-space:nowrap">79A<a name="jp-department-ssmix3digits-cs-79A"> </a></td><td>脳血管内治療科</td></tr><tr><td style="white-space:nowrap">7A1<a name="jp-department-ssmix3digits-cs-7A1"> </a></td><td>消化管外科</td></tr><tr><td style="white-space:nowrap">7B1<a name="jp-department-ssmix3digits-cs-7B1"> </a></td><td>食道外科</td></tr><tr><td style="white-space:nowrap">7B2<a name="jp-department-ssmix3digits-cs-7B2"> </a></td><td>食道・胃腸外科</td></tr><tr><td style="white-space:nowrap">7B3<a name="jp-department-ssmix3digits-cs-7B3"> </a></td><td>胃・食道外科</td></tr><tr><td style="white-space:nowrap">7B4<a name="jp-department-ssmix3digits-cs-7B4"> </a></td><td>胃腸外科</td></tr><tr><td style="white-space:nowrap">7B5<a name="jp-department-ssmix3digits-cs-7B5"> </a></td><td>胃外科</td></tr><tr><td style="white-space:nowrap">7C1<a name="jp-department-ssmix3digits-cs-7C1"> </a></td><td>大腸外科</td></tr><tr><td style="white-space:nowrap">7C2<a name="jp-department-ssmix3digits-cs-7C2"> </a></td><td>大腸・肛門外科</td></tr><tr><td style="white-space:nowrap">801<a name="jp-department-ssmix3digits-cs-801"> </a></td><td>肝胆外科</td></tr><tr><td style="white-space:nowrap">802<a name="jp-department-ssmix3digits-cs-802"> </a></td><td>肝胆膵・移植外科</td></tr><tr><td style="white-space:nowrap">811<a name="jp-department-ssmix3digits-cs-811"> </a></td><td>移植・再建・内視鏡外科</td></tr><tr><td style="white-space:nowrap">812<a name="jp-department-ssmix3digits-cs-812"> </a></td><td>人工臓器移植外科</td></tr><tr><td style="white-space:nowrap">813<a name="jp-department-ssmix3digits-cs-813"> </a></td><td>移植診療部</td></tr><tr><td style="white-space:nowrap">814<a name="jp-department-ssmix3digits-cs-814"> </a></td><td>骨バンク</td></tr><tr><td style="white-space:nowrap">821<a name="jp-department-ssmix3digits-cs-821"> </a></td><td>乳腺内分泌外科</td></tr><tr><td style="white-space:nowrap">822<a name="jp-department-ssmix3digits-cs-822"> </a></td><td>乳腺・甲状腺外科</td></tr><tr><td style="white-space:nowrap">823<a name="jp-department-ssmix3digits-cs-823"> </a></td><td>乳腺・内分泌外科</td></tr><tr><td style="white-space:nowrap">824<a name="jp-department-ssmix3digits-cs-824"> </a></td><td>ブレストセンター</td></tr><tr><td style="white-space:nowrap">831<a name="jp-department-ssmix3digits-cs-831"> </a></td><td>緩和ケア相談</td></tr><tr><td style="white-space:nowrap">832<a name="jp-department-ssmix3digits-cs-832"> </a></td><td>緩和医療</td></tr><tr><td style="white-space:nowrap">833<a name="jp-department-ssmix3digits-cs-833"> </a></td><td>地域包括緩和ケア</td></tr><tr><td style="white-space:nowrap">851<a name="jp-department-ssmix3digits-cs-851"> </a></td><td>ゲノム診療部</td></tr><tr><td style="white-space:nowrap">861<a name="jp-department-ssmix3digits-cs-861"> </a></td><td>顎口腔外科</td></tr><tr><td style="white-space:nowrap">862<a name="jp-department-ssmix3digits-cs-862"> </a></td><td>顎顔面再建科</td></tr><tr><td style="white-space:nowrap">863<a name="jp-department-ssmix3digits-cs-863"> </a></td><td>顎機能科</td></tr><tr><td style="white-space:nowrap">864<a name="jp-department-ssmix3digits-cs-864"> </a></td><td>顎検査科</td></tr><tr><td style="white-space:nowrap">865<a name="jp-department-ssmix3digits-cs-865"> </a></td><td>顎歯科</td></tr><tr><td style="white-space:nowrap">866<a name="jp-department-ssmix3digits-cs-866"> </a></td><td>顔面口腔外科</td></tr><tr><td style="white-space:nowrap">867<a name="jp-department-ssmix3digits-cs-867"> </a></td><td>顔面外科</td></tr><tr><td style="white-space:nowrap">86A<a name="jp-department-ssmix3digits-cs-86A"> </a></td><td>口腔診療科</td></tr><tr><td style="white-space:nowrap">86D<a name="jp-department-ssmix3digits-cs-86D"> </a></td><td>口腔総合診療科</td></tr><tr><td style="white-space:nowrap">86E<a name="jp-department-ssmix3digits-cs-86E"> </a></td><td>口腔画像診断科</td></tr><tr><td style="white-space:nowrap">86F<a name="jp-department-ssmix3digits-cs-86F"> </a></td><td>口腔機能回復科</td></tr><tr><td style="white-space:nowrap">86G<a name="jp-department-ssmix3digits-cs-86G"> </a></td><td>口腔診断科</td></tr><tr><td style="white-space:nowrap">86H<a name="jp-department-ssmix3digits-cs-86H"> </a></td><td>口腔言語科</td></tr><tr><td style="white-space:nowrap">882<a name="jp-department-ssmix3digits-cs-882"> </a></td><td>保健診療部</td></tr><tr><td style="white-space:nowrap">883<a name="jp-department-ssmix3digits-cs-883"> </a></td><td>メディカルフィットネス</td></tr><tr><td style="white-space:nowrap">8D2<a name="jp-department-ssmix3digits-cs-8D2"> </a></td><td>デイ・サージェリー</td></tr><tr><td style="white-space:nowrap">8E1<a name="jp-department-ssmix3digits-cs-8E1"> </a></td><td>薬剤情報部</td></tr><tr><td style="white-space:nowrap">8E2<a name="jp-department-ssmix3digits-cs-8E2"> </a></td><td>臨床薬理内科</td></tr><tr><td style="white-space:nowrap">901<a name="jp-department-ssmix3digits-cs-901"> </a></td><td>歯科顎口腔外科</td></tr><tr><td style="white-space:nowrap">902<a name="jp-department-ssmix3digits-cs-902"> </a></td><td>歯科口腔外科</td></tr><tr><td style="white-space:nowrap">903<a name="jp-department-ssmix3digits-cs-903"> </a></td><td>矯正歯科</td></tr><tr><td style="white-space:nowrap">904<a name="jp-department-ssmix3digits-cs-904"> </a></td><td>歯周科</td></tr><tr><td style="white-space:nowrap">905<a name="jp-department-ssmix3digits-cs-905"> </a></td><td>歯内治療科</td></tr><tr><td style="white-space:nowrap">906<a name="jp-department-ssmix3digits-cs-906"> </a></td><td>小児歯科</td></tr><tr><td style="white-space:nowrap">907<a name="jp-department-ssmix3digits-cs-907"> </a></td><td>障害歯科</td></tr><tr><td style="white-space:nowrap">908<a name="jp-department-ssmix3digits-cs-908"> </a></td><td>クラウン補綴科</td></tr><tr><td style="white-space:nowrap">909<a name="jp-department-ssmix3digits-cs-909"> </a></td><td>特殊歯科</td></tr><tr><td style="white-space:nowrap">90A<a name="jp-department-ssmix3digits-cs-90A"> </a></td><td>虫歯科</td></tr><tr><td style="white-space:nowrap">90B<a name="jp-department-ssmix3digits-cs-90B"> </a></td><td>医学支援歯科</td></tr><tr><td style="white-space:nowrap">90C<a name="jp-department-ssmix3digits-cs-90C"> </a></td><td>全身管理歯科</td></tr><tr><td style="white-space:nowrap">90D<a name="jp-department-ssmix3digits-cs-90D"> </a></td><td>総合歯科</td></tr><tr><td style="white-space:nowrap">90E<a name="jp-department-ssmix3digits-cs-90E"> </a></td><td>保存修復歯科</td></tr><tr><td style="white-space:nowrap">90F<a name="jp-department-ssmix3digits-cs-90F"> </a></td><td>予防歯科</td></tr><tr><td style="white-space:nowrap">90G<a name="jp-department-ssmix3digits-cs-90G"> </a></td><td>咬合修復科</td></tr><tr><td style="white-space:nowrap">90H<a name="jp-department-ssmix3digits-cs-90H"> </a></td><td>審美歯科</td></tr><tr><td style="white-space:nowrap">90J<a name="jp-department-ssmix3digits-cs-90J"> </a></td><td>義歯科</td></tr><tr><td style="white-space:nowrap">90K<a name="jp-department-ssmix3digits-cs-90K"> </a></td><td>義歯補綴科</td></tr><tr><td style="white-space:nowrap">90L<a name="jp-department-ssmix3digits-cs-90L"> </a></td><td>インプラント歯科</td></tr><tr><td style="white-space:nowrap">90M<a name="jp-department-ssmix3digits-cs-90M"> </a></td><td>高齢歯科</td></tr><tr><td style="white-space:nowrap">90N<a name="jp-department-ssmix3digits-cs-90N"> </a></td><td>小児咬合障害科</td></tr><tr><td style="white-space:nowrap">90P<a name="jp-department-ssmix3digits-cs-90P"> </a></td><td>歯科麻酔科</td></tr><tr><td style="white-space:nowrap">90R<a name="jp-department-ssmix3digits-cs-90R"> </a></td><td>歯科X線科</td></tr><tr><td style="white-space:nowrap">90S<a name="jp-department-ssmix3digits-cs-90S"> </a></td><td>健康歯科</td></tr><tr><td style="white-space:nowrap">90T<a name="jp-department-ssmix3digits-cs-90T"> </a></td><td>歯科予診</td></tr><tr><td style="white-space:nowrap">981<a name="jp-department-ssmix3digits-cs-981"> </a></td><td>病歴部</td></tr><tr><td style="white-space:nowrap">982<a name="jp-department-ssmix3digits-cs-982"> </a></td><td>事務</td></tr><tr><td style="white-space:nowrap">983<a name="jp-department-ssmix3digits-cs-983"> </a></td><td>医療社会福祉部</td></tr></table></div></text><url value="http://jpfhir.jp/fhir/Common/CodeSystem/JP_Department_SsMix3Digits_CS"/><version value="1.1.0a"/><name value="JP_Department_SsMix3Digits_CS"/><title value="JP Core Department SS-MIX2 3Digits CodeSystem"/><status value="draft"/><date value="2022-08-29T13:33:12+00:00"/><publisher value="FHIR Japanese implementation research working group in Japan Association of Medical Informatics (JAMI)"/><contact><name value="FHIR Japanese implementation research working group in Japan Association of Medical Informatics (JAMI)"/><telecom><system value="url"/><value value="http://jpfhir.jp"/></telecom><telecom><system value="email"/><value value="office@hlfhir.jp"/></telecom></contact><description value="SS-MIX統一診療科コード（３桁）"/><jurisdiction><coding><system value="urn:iso:std:iso:3166"/><code value="JP"/></coding></jurisdiction><copyright value="FHIR Japanese implementation research working group in Japan Association of Medical Informatics (JAMI)"/><caseSensitive value="true"/><content value="complete"/><count value="233"/><concept><code value="011"/><display value="第１内科"/></concept><concept><code value="012"/><display value="第２内科"/></concept><concept><code value="013"/><display value="第３内科"/></concept><concept><code value="014"/><display value="第４内科"/></concept><concept><code value="018"/><display value="一般内科"/></concept><concept><code value="01A"/><display value="被爆放射線医療内科"/></concept><concept><code value="021"/><display value="精神科・心の診療科"/></concept><concept><code value="022"/><display value="精神科デイケア"/></concept><concept><code value="04A"/><display value="てんかん科"/></concept><concept><code value="04B"/><display value="もの忘れ科"/></concept><concept><code value="04C"/><display value="高次脳機能障害科"/></concept><concept><code value="04D"/><display value="頭痛外来"/></concept><concept><code value="04E"/><display value="脳卒中外来"/></concept><concept><code value="051"/><display value="呼吸器・アレルギー科"/></concept><concept><code value="052"/><display value="呼吸器・感染症内科"/></concept><concept><code value="05A"/><display value="せき外来"/></concept><concept><code value="05B"/><display value="禁煙外来"/></concept><concept><code value="061"/><display value="肝臓内科"/></concept><concept><code value="062"/><display value="肝胆膵科"/></concept><concept><code value="063"/><display value="膵臓内科"/></concept><concept><code value="064"/><display value="胆道・膵臓内科"/></concept><concept><code value="06A"/><display value="肝臓病科"/></concept><concept><code value="06B"/><display value="脂肪肝外来"/></concept><concept><code value="07A"/><display value="炎症性腸疾患外来"/></concept><concept><code value="07B"/><display value="ピロリ菌外来"/></concept><concept><code value="081"/><display value="循環器内科"/></concept><concept><code value="082"/><display value="冠動脈疾患治療部"/></concept><concept><code value="083"/><display value="リンパ科"/></concept><concept><code value="091"/><display value="小児科周産母子"/></concept><concept><code value="092"/><display value="新生児科"/></concept><concept><code value="093"/><display value="小児循環器科"/></concept><concept><code value="094"/><display value="小児神経科"/></concept><concept><code value="095"/><display value="未熟児センター"/></concept><concept><code value="096"/><display value="ＮＩＣＵ"/></concept><concept><code value="097"/><display value="ＧＣＵ"/></concept><concept><code value="09A"/><display value="成長発達外来"/></concept><concept><code value="101"/><display value="第１外科"/></concept><concept><code value="102"/><display value="第２外科"/></concept><concept><code value="103"/><display value="第３外科"/></concept><concept><code value="105"/><display value="一般外科"/></concept><concept><code value="106"/><display value="総合外科"/></concept><concept><code value="107"/><display value="病態外科"/></concept><concept><code value="10A"/><display value="被爆放射線医療外科"/></concept><concept><code value="111"/><display value="整形外科・脊椎外科"/></concept><concept><code value="112"/><display value="脊椎外科"/></concept><concept><code value="113"/><display value="ロコモティブ外来"/></concept><concept><code value="114"/><display value="人工関節センター"/></concept><concept><code value="115"/><display value="装具外来"/></concept><concept><code value="116"/><display value="アスリート診療"/></concept><concept><code value="117"/><display value="スポーツ医学"/></concept><concept><code value="119"/><display value="関節外科"/></concept><concept><code value="11A"/><display value="手外科"/></concept><concept><code value="121"/><display value="形成外科・美容外科"/></concept><concept><code value="122"/><display value="再建外科"/></concept><concept><code value="141"/><display value="脳腫瘍科"/></concept><concept><code value="162"/><display value="心臓外科"/></concept><concept><code value="163"/><display value="胸部外科"/></concept><concept><code value="164"/><display value="循環器外科"/></concept><concept><code value="165"/><display value="心臓・人工臓器外科"/></concept><concept><code value="171"/><display value="小児外科（周産母子）"/></concept><concept><code value="191"/><display value="皮膚科・レーザ科"/></concept><concept><code value="192"/><display value="紫外線外来"/></concept><concept><code value="201"/><display value="泌尿器科・男性科"/></concept><concept><code value="202"/><display value="コンチネンス外来"/></concept><concept><code value="221"/><display value="ストマケア外来"/></concept><concept><code value="230"/><display value="産科婦人科"/></concept><concept><code value="231"/><display value="女性外科"/></concept><concept><code value="241"/><display value="助産師外来"/></concept><concept><code value="251"/><display value="不妊内分泌科"/></concept><concept><code value="252"/><display value="周産科"/></concept><concept><code value="253"/><display value="周産期母性科"/></concept><concept><code value="254"/><display value="婦人周産期科"/></concept><concept><code value="255"/><display value="腹腔鏡外来"/></concept><concept><code value="25A"/><display value="女性科"/></concept><concept><code value="25B"/><display value="女性外来"/></concept><concept><code value="25C"/><display value="女性診療科・産科"/></concept><concept><code value="261"/><display value="眼科・視覚矯正科"/></concept><concept><code value="262"/><display value="白内障外来"/></concept><concept><code value="263"/><display value="コンタクトレンズ外来"/></concept><concept><code value="264"/><display value="ドライアイ外来"/></concept><concept><code value="265"/><display value="ぶどう膜炎外来"/></concept><concept><code value="266"/><display value="角膜・眼アレルギー外来"/></concept><concept><code value="267"/><display value="網膜疾患外来"/></concept><concept><code value="26A"/><display value="角膜移植部"/></concept><concept><code value="271"/><display value="耳鼻咽喉科・神経耳科"/></concept><concept><code value="272"/><display value="耳鼻咽喉・頭頸部外科"/></concept><concept><code value="273"/><display value="困難気道外来"/></concept><concept><code value="274"/><display value="頭頸部科"/></concept><concept><code value="301"/><display value="放射線部"/></concept><concept><code value="302"/><display value="放射線診断科"/></concept><concept><code value="303"/><display value="放射線画像診断・ＩＶＲ科"/></concept><concept><code value="304"/><display value="核医学科"/></concept><concept><code value="30B"/><display value="放射線治療科"/></concept><concept><code value="30C"/><display value="Ｘ線科"/></concept><concept><code value="311"/><display value="麻酔・疼痛・緩和医療科"/></concept><concept><code value="312"/><display value="麻酔科蘇生科"/></concept><concept><code value="313"/><display value="麻酔・疼痛科"/></concept><concept><code value="31A"/><display value="ペインクリニック科"/></concept><concept><code value="331"/><display value="心身医学科"/></concept><concept><code value="332"/><display value="心の内科"/></concept><concept><code value="333"/><display value="こどものこころ診療"/></concept><concept><code value="334"/><display value="小児精神科"/></concept><concept><code value="34A"/><display value="環境医学外来（アレルギー科）"/></concept><concept><code value="34B"/><display value="アレルギー内科"/></concept><concept><code value="34C"/><display value="アレルギー・免疫内科"/></concept><concept><code value="34D"/><display value="アレルギー・リウマチ内科"/></concept><concept><code value="35A"/><display value="リウマチ内科"/></concept><concept><code value="35B"/><display value="内分泌・リウマチ科"/></concept><concept><code value="361"/><display value="言語療法科"/></concept><concept><code value="362"/><display value="股体不自由リハビリテーション科"/></concept><concept><code value="363"/><display value="内部障害リハビリテーション科"/></concept><concept><code value="364"/><display value="理学療法科"/></concept><concept><code value="365"/><display value="物理療法内科"/></concept><concept><code value="391"/><display value="救命救急センター"/></concept><concept><code value="392"/><display value="内科系救急科"/></concept><concept><code value="393"/><display value="救急外科"/></concept><concept><code value="394"/><display value="外科系救急科"/></concept><concept><code value="398"/><display value="初期診療・救急科"/></concept><concept><code value="41C"/><display value="血液免疫科"/></concept><concept><code value="41D"/><display value="血液科"/></concept><concept><code value="421"/><display value="無菌治療部"/></concept><concept><code value="431"/><display value="血液浄化療法部"/></concept><concept><code value="432"/><display value="透析治療部"/></concept><concept><code value="471"/><display value="腫瘍内科"/></concept><concept><code value="472"/><display value="化学療法部"/></concept><concept><code value="473"/><display value="小児腫瘍科"/></concept><concept><code value="474"/><display value="精神腫瘍外来"/></concept><concept><code value="475"/><display value="免疫療法外来"/></concept><concept><code value="476"/><display value="脳腫瘍診療部"/></concept><concept><code value="48D"/><display value="腎不全科"/></concept><concept><code value="48E"/><display value="腎移植科"/></concept><concept><code value="491"/><display value="睡眠時無呼吸症候群外来"/></concept><concept><code value="51A"/><display value="予診科"/></concept><concept><code value="51B"/><display value="初診科"/></concept><concept><code value="51G"/><display value="総合内科"/></concept><concept><code value="521"/><display value="光学医療診療部"/></concept><concept><code value="53A"/><display value="内分泌・代謝内科"/></concept><concept><code value="54A"/><display value="膠原病内科"/></concept><concept><code value="54B"/><display value="膠原病・アレルギ—内科"/></concept><concept><code value="54C"/><display value="膠原病・アレルギ—・リウマチ内科"/></concept><concept><code value="54D"/><display value="免疫・膠原病・感染症科"/></concept><concept><code value="54E"/><display value="膠原病・リウマチ内科"/></concept><concept><code value="54F"/><display value="膠原病・感染症内科"/></concept><concept><code value="54G"/><display value="免疫・膠原病内科"/></concept><concept><code value="70A"/><display value="消化管内科"/></concept><concept><code value="72A"/><display value="骨粗鬆症外来"/></concept><concept><code value="731"/><display value="糖尿病科"/></concept><concept><code value="73B"/><display value="糖尿病・代謝内科"/></concept><concept><code value="73C"/><display value="糖尿病・内分泌内科"/></concept><concept><code value="73D"/><display value="糖尿病・代謝・内分泌内科"/></concept><concept><code value="73F"/><display value="肝臓・糖尿病・内分泌内科"/></concept><concept><code value="73G"/><display value="糖尿病・栄養内科"/></concept><concept><code value="74A"/><display value="腎・高血圧・脳血管科"/></concept><concept><code value="74B"/><display value="腎・高血圧・内分泌科"/></concept><concept><code value="74C"/><display value="腎臓・内分泌代謝内科"/></concept><concept><code value="751"/><display value="感染症内科"/></concept><concept><code value="752"/><display value="総合感染症科"/></concept><concept><code value="753"/><display value="感染症管理治療部"/></concept><concept><code value="754"/><display value="感染制御部"/></concept><concept><code value="761"/><display value="漢方内科"/></concept><concept><code value="762"/><display value="和漢診療科"/></concept><concept><code value="771"/><display value="老年病内科"/></concept><concept><code value="772"/><display value="老人科"/></concept><concept><code value="79A"/><display value="脳血管内治療科"/></concept><concept><code value="7A1"/><display value="消化管外科"/></concept><concept><code value="7B1"/><display value="食道外科"/></concept><concept><code value="7B2"/><display value="食道・胃腸外科"/></concept><concept><code value="7B3"/><display value="胃・食道外科"/></concept><concept><code value="7B4"/><display value="胃腸外科"/></concept><concept><code value="7B5"/><display value="胃外科"/></concept><concept><code value="7C1"/><display value="大腸外科"/></concept><concept><code value="7C2"/><display value="大腸・肛門外科"/></concept><concept><code value="801"/><display value="肝胆外科"/></concept><concept><code value="802"/><display value="肝胆膵・移植外科"/></concept><concept><code value="811"/><display value="移植・再建・内視鏡外科"/></concept><concept><code value="812"/><display value="人工臓器移植外科"/></concept><concept><code value="813"/><display value="移植診療部"/></concept><concept><code value="814"/><display value="骨バンク"/></concept><concept><code value="821"/><display value="乳腺内分泌外科"/></concept><concept><code value="822"/><display value="乳腺・甲状腺外科"/></concept><concept><code value="823"/><display value="乳腺・内分泌外科"/></concept><concept><code value="824"/><display value="ブレストセンター"/></concept><concept><code value="831"/><display value="緩和ケア相談"/></concept><concept><code value="832"/><display value="緩和医療"/></concept><concept><code value="833"/><display value="地域包括緩和ケア"/></concept><concept><code value="851"/><display value="ゲノム診療部"/></concept><concept><code value="861"/><display value="顎口腔外科"/></concept><concept><code value="862"/><display value="顎顔面再建科"/></concept><concept><code value="863"/><display value="顎機能科"/></concept><concept><code value="864"/><display value="顎検査科"/></concept><concept><code value="865"/><display value="顎歯科"/></concept><concept><code value="866"/><display value="顔面口腔外科"/></concept><concept><code value="867"/><display value="顔面外科"/></concept><concept><code value="86A"/><display value="口腔診療科"/></concept><concept><code value="86D"/><display value="口腔総合診療科"/></concept><concept><code value="86E"/><display value="口腔画像診断科"/></concept><concept><code value="86F"/><display value="口腔機能回復科"/></concept><concept><code value="86G"/><display value="口腔診断科"/></concept><concept><code value="86H"/><display value="口腔言語科"/></concept><concept><code value="882"/><display value="保健診療部"/></concept><concept><code value="883"/><display value="メディカルフィットネス"/></concept><concept><code value="8D2"/><display value="デイ・サージェリー"/></concept><concept><code value="8E1"/><display value="薬剤情報部"/></concept><concept><code value="8E2"/><display value="臨床薬理内科"/></concept><concept><code value="901"/><display value="歯科顎口腔外科"/></concept><concept><code value="902"/><display value="歯科口腔外科"/></concept><concept><code value="903"/><display value="矯正歯科"/></concept><concept><code value="904"/><display value="歯周科"/></concept><concept><code value="905"/><display value="歯内治療科"/></concept><concept><code value="906"/><display value="小児歯科"/></concept><concept><code value="907"/><display value="障害歯科"/></concept><concept><code value="908"/><display value="クラウン補綴科"/></concept><concept><code value="909"/><display value="特殊歯科"/></concept><concept><code value="90A"/><display value="虫歯科"/></concept><concept><code value="90B"/><display value="医学支援歯科"/></concept><concept><code value="90C"/><display value="全身管理歯科"/></concept><concept><code value="90D"/><display value="総合歯科"/></concept><concept><code value="90E"/><display value="保存修復歯科"/></concept><concept><code value="90F"/><display value="予防歯科"/></concept><concept><code value="90G"/><display value="咬合修復科"/></concept><concept><code value="90H"/><display value="審美歯科"/></concept><concept><code value="90J"/><display value="義歯科"/></concept><concept><code value="90K"/><display value="義歯補綴科"/></concept><concept><code value="90L"/><display value="インプラント歯科"/></concept><concept><code value="90M"/><display value="高齢歯科"/></concept><concept><code value="90N"/><display value="小児咬合障害科"/></concept><concept><code value="90P"/><display value="歯科麻酔科"/></concept><concept><code value="90R"/><display value="歯科X線科"/></concept><concept><code value="90S"/><display value="健康歯科"/></concept><concept><code value="90T"/><display value="歯科予診"/></concept><concept><code value="981"/><display value="病歴部"/></concept><concept><code value="982"/><display value="事務"/></concept><concept><code value="983"/><display value="医療社会福祉部"/></concept></CodeSystem>