<?xml version="1.0" encoding="UTF-8"?><NamingSystem xmlns="http://hl7.org/fhir"><id value="jp-observation-vitalsignscode-namingsystem"/><text><status value="generated"/><div xmlns="http://www.w3.org/1999/xhtml"><h3>Summary</h3><table class="grid"><tr><td>Defining URL</td><td>http://jpfhir.jp/fhir/core/NamingSystem/jp-observation-vitalsignscode-namingsystem</td></tr><tr><td>Version</td><td>1.1.1</td></tr><tr><td>Name</td><td>JP_ObservationVitalSignsCode_NamingSystem</td></tr><tr><td>Status</td><td>active</td></tr><tr><td>Definition</td><td><div><p>JP Core Observation VitalSigns Code_NamingSystem</p>
</div></td></tr><tr><td>Publisher</td><td>FHIR Japanese implementation research working group in Japan Association of Medical Informatics (JAMI)</td></tr></table><h3>Identifiers</h3><table class="grid"><tr><td><b>Type</b></td><td><b>Value</b></td><td><b>Preferred</b></td></tr><tr><td>OID</td><td>1.2.392.200119.4.804</td><td/></tr><tr><td>URI</td><td>urn:oid:1.2.392.200119.4.804</td><td>true</td></tr><tr><td>URI</td><td>http://jpfhir.jp/fhir/core/CodeSystem/JP_ObservationVitalSignsCode_CS</td><td/></tr></table></div></text><name value="JP_ObservationVitalSignsCode_NamingSystem"/><status value="active"/><kind value="codesystem"/><date value="2022-10-24"/><publisher value="FHIR Japanese implementation research working group in Japan Association of Medical Informatics (JAMI)"/><contact><name value="FHIR Japanese implementation research working group in Japan Association of Medical Informatics (JAMI)"/><telecom><system value="url"/><value value="http://jpfhir.jp"/></telecom><telecom><system value="email"/><value value="office@hlfhir.jp"/></telecom></contact><description value="JP Core Observation VitalSigns Code_NamingSystem"/><jurisdiction><coding><system value="urn:iso:std:iso:3166"/><code value="JPN"/></coding></jurisdiction><uniqueId><type value="oid"/><value value="1.2.392.200119.4.804"/></uniqueId><uniqueId><type value="uri"/><value value="urn:oid:1.2.392.200119.4.804"/><preferred value="true"/></uniqueId><uniqueId><type value="uri"/><value value="http://jpfhir.jp/fhir/core/CodeSystem/JP_ObservationVitalSignsCode_CS"/></uniqueId></NamingSystem>