<?xml version="1.0" encoding="UTF-8"?><SearchParameter xmlns="http://hl7.org/fhir"><id value="jp-organization-insuranceorganizationcategory-sp"/><text><status value="generated"/><div xmlns="http://www.w3.org/1999/xhtml"><h2>JP_Organization_InsuranceOrganizationCategory_SP</h2><p>Parameter <code>jp-insurance-organizationcategory</code>:<code>token</code></p><div><p>OrganizationリソースのInsuranceOrganizationCategory(点数表コード)に関する検索を定義する。</p>
</div><table class="grid"><tr><td>Resource</td><td><a href="http://hl7.org/fhir/R4/organization.html">Organization</a></td></tr><tr><td>Expression</td><td><code>Organization.extension.where(url='http://jpfhir.jp/fhir/core/Extension/StructureDefinition/JP_Organization_InsuranceOrganizationCategory').value.as(code)</code></td></tr><tr><td>Processing Mode</td><td>Normal</td></tr><tr><td>Multiples</td><td>The parameter can repeat (and) and can have repeating values (or)</td></tr></table></div></text><url value="http://jpfhir.jp/fhir/core/SearchParameter/JP_Organization_InsuranceOrganizationCategory_SP"/><version value="1.1.1"/><name value="JP_Organization_InsuranceOrganizationCategory_SP"/><status value="active"/><date value="2022-10-24"/><publisher value="FHIR Japanese implementation research working group in Japan Association of Medical Informatics (JAMI)"/><contact><name value="FHIR Japanese implementation research working group in Japan Association of Medical Informatics (JAMI)"/><telecom><system value="url"/><value value="http://jpfhir.jp"/></telecom><telecom><system value="email"/><value value="office@hlfhir.jp"/></telecom></contact><description value="OrganizationリソースのInsuranceOrganizationCategory(点数表コード)に関する検索を定義する。"/><jurisdiction><coding><system value="urn:iso:std:iso:3166"/><code value="JP"/></coding></jurisdiction><code value="jp-insurance-organizationcategory"/><base value="Organization"/><type value="token"/><expression value="Organization.extension.where(url='http://jpfhir.jp/fhir/core/Extension/StructureDefinition/JP_Organization_InsuranceOrganizationCategory').value.as(code)"/><xpathUsage value="normal"/><multipleOr value="true"><extension url="http://hl7.org/fhir/StructureDefinition/capabilitystatement-expectation"><valueCode value="MAY"/></extension></multipleOr><multipleAnd value="true"><extension url="http://hl7.org/fhir/StructureDefinition/capabilitystatement-expectation"><valueCode value="MAY"/></extension></multipleAnd></SearchParameter>