<?xml version="1.0" encoding="UTF-8"?><ValueSet xmlns="http://hl7.org/fhir"><id value="jp-department-ssmix3digits-vs"/><text><status value="generated"/><div xmlns="http://www.w3.org/1999/xhtml"><ul><li>Include codes from <code>urn:oid:1.2.392.200250.2.2.2</code> where concept  descends from  3Digits</li></ul></div></text><url value="http://jpfhir.jp/fhir/core/ValueSet/JP_Department_SsMix3Digits_VS"/><version value="1.1.1"/><name value="JP_Department_SsMix3Digits_VS"/><title value="JP Core Department SS-MIX 3Digits ValueSet"/><status value="active"/><experimental value="false"/><date value="2022-10-24"/><publisher value="FHIR Japanese implementation research working group in Japan Association of Medical Informatics (JAMI)"/><contact><name value="FHIR Japanese implementation research working group in Japan Association of Medical Informatics (JAMI)"/><telecom><system value="url"/><value value="http://jpfhir.jp"/></telecom><telecom><system value="email"/><value value="office@hlfhir.jp"/></telecom></contact><description value="SS-MIX統一診療科コード(３桁)の値セット"/><jurisdiction><coding><system value="urn:iso:std:iso:3166"/><code value="JPN"/></coding></jurisdiction><copyright value="Copyright Japan Association of Medical Informatics (JAMI)  一般社団法人日本医療情報学会"/><compose><include><system value="urn:oid:1.2.392.200250.2.2.2"/><filter><property value="concept"/><op value="descendent-of"/><value value="3Digits"/></filter></include></compose></ValueSet>