<?xml version="1.0" encoding="UTF-8"?><ValueSet xmlns="http://hl7.org/fhir"><id value="jp-allergyintolerance-vs"/><text><status value="generated"/><div xmlns="http://www.w3.org/1999/xhtml"><p>This value set includes codes based on the following rules:</p><ul><li>Include all codes defined in <code>http://jpfhir.jp/fhir/core/CodeSystem/JP_JfagyFoodAllergen_CS</code></li><li>Include all codes defined in <code>http://jpfhir.jp/fhir/core/CodeSystem/JP_JfagyNonFoodNonMedicationAllergen_CS</code></li><li>Include all codes defined in <code>http://jpfhir.jp/fhir/core/CodeSystem/JP_JfagyMedicationAllergen_CS</code></li></ul></div></text><url value="http://jpfhir.jp/fhir/core/ValueSet/JP_AllergyIntolerance_VS"/><version value="1.1.0a"/><name value="JP_AllergyIntolerance_VS"/><title value="JP Core AllergyIntolerance ValueSet"/><status value="active"/><experimental value="false"/><date value="2022-09-26"/><publisher value="FHIR Japanese implementation research working group in Japan Association of Medical Informatics (JAMI)"/><contact><name value="FHIR Japanese implementation research working group in Japan Association of Medical Informatics (JAMI)"/><telecom><system value="url"/><value value="http://jpfhir.jp"/></telecom><telecom><system value="email"/><value value="office@hlfhir.jp"/></telecom></contact><description value="アレルギー・不耐症に関連するアレルゲン値セット"/><jurisdiction><coding><system value="urn:iso:std:iso:3166"/><code value="JP"/></coding></jurisdiction><copyright value="Copyright FHIR Japanese implementation research working group in Japan Association of Medical Informatics (JAMI) 一般社団法人日本医療情報学会NeXEHRS課題研究会FHIR日本実装検討WG"/><compose><include><system value="http://jpfhir.jp/fhir/core/CodeSystem/JP_JfagyFoodAllergen_CS"/></include><include><system value="http://jpfhir.jp/fhir/core/CodeSystem/JP_JfagyNonFoodNonMedicationAllergen_CS"/></include><include><system value="http://jpfhir.jp/fhir/core/CodeSystem/JP_JfagyMedicationAllergen_CS"/></include></compose></ValueSet>