<?xml version="1.0" encoding="UTF-8"?><ValueSet xmlns="http://hl7.org/fhir"><id value="jp-medication-route-hl70162-vs"/><text><status value="generated"/><div xmlns="http://www.w3.org/1999/xhtml"><ul><li>Include all codes defined in <a href="CodeSystem-jp-medication-route-hl70162-cs.html"><code>http://jpfhir.jp/fhir/Common/CodeSystem/route-codes</code></a></li></ul></div></text><url value="http://jpfhir.jp/fhir/Common/CodeSystem/JP_MedicationRouteHL70162_VS"/><version value="1.1.0a"/><name value="JP_MedicationRouteHL70162_VS"/><title value="JP Core Medication HL70162-based Route ValueSet"/><status value="draft"/><date value="2022-09-09T09:52:21+00:00"/><publisher value="FHIR Japanese implementation research working group in Japan Association of Medical Informatics (JAMI)"/><contact><name value="FHIR Japanese implementation research working group in Japan Association of Medical Informatics (JAMI)"/><telecom><system value="url"/><value value="http://jpfhir.jp"/></telecom><telecom><system value="email"/><value value="office@hlfhir.jp"/></telecom></contact><description value="HL7表0162をベースにした投与経路の値セット"/><jurisdiction><coding><system value="urn:iso:std:iso:3166"/><code value="JP"/></coding></jurisdiction><copyright value="FHIR Japanese implementation research working group in Japan Association of Medical Informatics (JAMI)"/><compose><include><system value="http://jpfhir.jp/fhir/Common/CodeSystem/route-codes"/></include></compose></ValueSet>