<?xml version="1.0" encoding="UTF-8"?><ValueSet xmlns="http://hl7.org/fhir"><id value="jp-medication-example-dosagecomment-vs"/><text><status value="generated"/><div xmlns="http://www.w3.org/1999/xhtml"><ul><li>Include all codes defined in <a href="CodeSystem-jp-medication-example-dosagecomment-cs.html"><code>http://jpfhir.jp/fhir/Examples/CodeSystem/JP_MedicationAdministrationDosageComment_CS</code></a></li></ul></div></text><url value="http://jpfhir.jp/fhir/Examples/ValueSet/JP_MedicationAdministrationDosageComment_VS"/><version value="1.1.0a"/><name value="JP_MedicationExampleDosageComment_VS"/><title value="JP Medication Example DosageComment"/><status value="draft"/><date value="2022-09-12T23:10:46+00:00"/><publisher value="FHIR Japanese implementation research working group in Japan Association of Medical Informatics (JAMI)"/><contact><name value="FHIR Japanese implementation research working group in Japan Association of Medical Informatics (JAMI)"/><telecom><system value="url"/><value value="http://jpfhir.jp"/></telecom><telecom><system value="email"/><value value="office@hlfhir.jp"/></telecom></contact><description value="注射用法コメントの値セット例"/><jurisdiction><coding><system value="urn:iso:std:iso:3166"/><code value="JP"/></coding></jurisdiction><copyright value="FHIR Japanese implementation research working group in Japan Association of Medical Informatics (JAMI)"/><compose><include><system value="http://jpfhir.jp/fhir/Examples/CodeSystem/JP_MedicationAdministrationDosageComment_CS"/></include></compose></ValueSet>