{
  "package": "hl7.fhir.jp.core",
  "version": "1.1.0a",
  "fhirVersion": "4.0.1",
  "jurisdiction": "JP",
  "extensions": [
    {
      "url": "http://jpfhir.jp/fhir/core/Extension/StructureDefinition/JP_Coverage_InsuredPersonNumber",
      "title": "JP Core Coverage InsuredPersonNumber Extension",
      "types": [
        "string"
      ]
    },
    {
      "url": "http://jpfhir.jp/fhir/core/Extension/StructureDefinition/JP_Coverage_InsuredPersonSubNumber",
      "title": "JP Core Coverage InsuredPersonSubNumber Extension",
      "types": [
        "string"
      ]
    },
    {
      "url": "http://jpfhir.jp/fhir/core/Extension/StructureDefinition/JP_Coverage_InsuredPersonSymbol",
      "title": "JP Core Coverage InsuredPersonSymbol Extension",
      "types": [
        "string"
      ]
    },
    {
      "url": "http://jpfhir.jp/fhir/core/Extension/StructureDefinition/JP_MedicationAdministration_DosageMethod_MethodComment",
      "title": "JP Core MedicationAdministration DosageMethod MethodComment Extension",
      "types": [
        "string",
        "CodeableConcept"
      ]
    },
    {
      "url": "http://jpfhir.jp/fhir/core/Extension/StructureDefinition/JP_MedicationAdministration_DosageRate_RateComment",
      "title": "JP Core MedicationAdministration DosageRate RateComment Extension",
      "types": [
        "string",
        "CodeableConcept"
      ]
    },
    {
      "url": "http://jpfhir.jp/fhir/core/Extension/StructureDefinition/JP_MedicationAdministration_DosageRoute_RouteComment",
      "title": "JP Core MedicationAdministration DosageRoute RouteComment Extension",
      "types": [
        "string",
        "CodeableConcept"
      ]
    },
    {
      "url": "http://jpfhir.jp/fhir/core/Extension/StructureDefinition/JP_MedicationAdministration_DosageSite_SiteComment",
      "title": "JP Core MedicationAdministration DosageSite SiteComment Extension",
      "types": [
        "string",
        "CodeableConcept"
      ]
    },
    {
      "url": "http://jpfhir.jp/fhir/core/Extension/StructureDefinition/JP_MedicationAdministration_Dosage_DosageComment",
      "title": "JP Core MedicationAdministration Dosage DosageComment Extension",
      "types": [
        "string",
        "CodeableConcept"
      ]
    },
    {
      "url": "http://jpfhir.jp/fhir/core/Extension/StructureDefinition/JP_MedicationAdministration_Dosage_LineComment",
      "title": "JP Core MedicationAdministration atDosage LineComment Extension",
      "types": [
        "string",
        "CodeableConcept"
      ]
    },
    {
      "url": "http://jpfhir.jp/fhir/core/Extension/StructureDefinition/JP_MedicationAdministration_Location",
      "title": "JP Core MedicationAdministration Location Extension",
      "types": [
        "Reference"
      ]
    },
    {
      "url": "http://jpfhir.jp/fhir/core/Extension/StructureDefinition/JP_MedicationAdministration_RequestAuthoredOn",
      "title": "JP Core MedicationAdministration RequestAuthoredOn Extension",
      "types": [
        "dateTime"
      ]
    },
    {
      "url": "http://jpfhir.jp/fhir/core/Extension/StructureDefinition/JP_MedicationAdministration_RequestDepartment",
      "title": "JP Core MedicationAdministration RequestDepartment Extension",
      "types": [
        "CodeableConcept"
      ]
    },
    {
      "url": "http://jpfhir.jp/fhir/core/Extension/StructureDefinition/JP_MedicationAdministration_Requester",
      "title": "JP Core MedicationAdministration Requester Extension",
      "types": [
        "Reference"
      ]
    },
    {
      "url": "http://jpfhir.jp/fhir/core/Extension/StructureDefinition/JP_MedicationAdministration_UncategorizedComment",
      "title": "JP Core MedicationAdministration UncategorizedComment Extension",
      "types": [
        "string",
        "CodeableConcept"
      ]
    },
    {
      "url": "http://jpfhir.jp/fhir/core/Extension/StructureDefinition/JP_MedicationDispense_Preparation",
      "title": "JP Core MedicationDispense Preparation Extension",
      "types": [
        "string",
        "CodeableConcept"
      ]
    },
    {
      "url": "http://jpfhir.jp/fhir/core/Extension/StructureDefinition/JP_MedicationRequest_DispenseRequest_ExpectedRepeatCount",
      "title": "JP Core MedicationRequest DispenseRequest ExpectedRepeatCount Extension",
      "types": [
        "integer"
      ]
    },
    {
      "url": "http://jpfhir.jp/fhir/core/Extension/StructureDefinition/JP_MedicationRequest_DispenseRequest_InstructionForDispense",
      "title": "JP Core MedicationRequest DispenseRequest InstructionForDispense Extension",
      "types": [
        "string",
        "CodeableConcept"
      ]
    },
    {
      "url": "http://jpfhir.jp/fhir/core/Extension/StructureDefinition/JP_MedicationRequest_DosageInstruction_Device",
      "title": "JP Core MedicationRequest DosageInstruction Device Extension",
      "types": [
        "Reference"
      ]
    },
    {
      "url": "http://jpfhir.jp/fhir/core/Extension/StructureDefinition/JP_MedicationRequest_DosageInstruction_Line",
      "title": "JP Core MedicationRequest DosageInstruction Line Extension",
      "types": [
        "CodeableConcept"
      ]
    },
    {
      "url": "http://jpfhir.jp/fhir/core/Extension/StructureDefinition/JP_MedicationRequest_DosageInstruction_PeriodOfUse",
      "title": "JP Core MedicationRequest DosageInstruction PeriodOfUse Extension",
      "types": [
        "Period",
        "string",
        "Extension",
        "dateTime",
        "dateTime"
      ]
    },
    {
      "url": "http://jpfhir.jp/fhir/core/Extension/StructureDefinition/JP_MedicationRequest_DosageInstruction_UsageDuration",
      "title": "JP MedicationRequest DosageInstruction UsageDuration Extension",
      "types": [
        "Duration",
        "string",
        "Extension",
        "decimal",
        "code",
        "string",
        "uri",
        "code"
      ]
    },
    {
      "url": "http://jpfhir.jp/fhir/core/Extension/StructureDefinition/JP_Medication_IngredientStrength_StrengthType",
      "title": "JP Core Medication IngredientStrength StrengthType Extension",
      "types": [
        "CodeableConcept"
      ]
    },
    {
      "url": "http://jpfhir.jp/fhir/core/Extension/StructureDefinition/JP_Medication_Ingredient_DrugNo",
      "title": "JP Core Medication Ingredient DrugNo Extension",
      "types": [
        "integer"
      ]
    },
    {
      "url": "http://jpfhir.jp/fhir/core/Extension/StructureDefinition/JP_Observation_BodySite_BodySitePosition",
      "title": "JP Core Observation BodySite BodySitePosition Extension",
      "types": [
        "string",
        "CodeableConcept"
      ]
    },
    {
      "url": "http://jpfhir.jp/fhir/core/Extension/StructureDefinition/JP_Organization_InsuranceOrganizationCategory",
      "title": "JP Core Organization InsuranceOrganizationCategory Extension",
      "types": [
        "Identifier",
        "string",
        "Extension",
        "code",
        "CodeableConcept",
        "uri",
        "string",
        "Period",
        "Reference"
      ]
    },
    {
      "url": "http://jpfhir.jp/fhir/core/Extension/StructureDefinition/JP_Organization_InsuranceOrganizationNo",
      "title": "JP Core Organization InsuranceOrganizationNo Extension",
      "types": [
        "Identifier",
        "string",
        "Extension",
        "code",
        "CodeableConcept",
        "uri",
        "string",
        "Period",
        "Reference"
      ]
    },
    {
      "url": "http://jpfhir.jp/fhir/core/Extension/StructureDefinition/JP_Organization_PrefectureNo",
      "title": "JP Core Organization PrefectureNo Extension",
      "types": [
        "Identifier",
        "string",
        "Extension",
        "code",
        "CodeableConcept",
        "uri",
        "string",
        "Period",
        "Reference"
      ]
    },
    {
      "url": "http://jpfhir.jp/fhir/core/Extension/StructureDefinition/JP_Patient_Race",
      "title": "JP Core Patient Race Extension",
      "types": [
        "Coding",
        "string",
        "Extension",
        "uri",
        "string",
        "code",
        "string",
        "boolean"
      ]
    }
  ],
  "profiles": {
    "AllergyIntolerance": [
      {
        "url": "http://jpfhir.jp/fhir/core/StructureDefinition/JP_AllergyIntolerance",
        "title": "JP Core AllergyIntolerance Profile"
      }
    ],
    "Condition": [
      {
        "url": "http://jpfhir.jp/fhir/core/StructureDefinition/JP_Condition",
        "title": "JP Core Condition Profile"
      }
    ],
    "Coverage": [
      {
        "url": "http://jpfhir.jp/fhir/core/StructureDefinition/JP_Coverage",
        "title": "JP Core Coverage Profile"
      }
    ],
    "DiagnosticReport": [
      {
        "url": "http://jpfhir.jp/fhir/core/StructureDefinition/JP_DiagnosticReport_Common",
        "title": "JP Core DiagnosticReport Common Profile"
      },
      {
        "url": "http://jpfhir.jp/fhir/core/StructureDefinition/JP_DiagnosticReport_LabResult",
        "title": "JP Core DiagnosticReport LabResult Profile"
      },
      {
        "url": "http://jpfhir.jp/fhir/core/StructureDefinition/JP_DiagnosticReport_Radiology",
        "title": "JP Core DiagnosticReport Radiology Profile"
      }
    ],
    "Encounter": [
      {
        "url": "http://jpfhir.jp/fhir/core/StructureDefinition/JP_Encounter",
        "title": "JP Core Encounter Profile"
      }
    ],
    "ImagingStudy": [
      {
        "url": "http://jpfhir.jp/fhir/core/StructureDefinition/JP_ImagingStudy_Radiology",
        "title": "JP Core ImagingStudy Radiology Profile"
      }
    ],
    "Location": [
      {
        "url": "http://jpfhir.jp/fhir/core/StructureDefinition/JP_Location",
        "title": "JP Core Location Profile"
      }
    ],
    "Medication": [
      {
        "url": "http://jpfhir.jp/fhir/core/StructureDefinition/JP_Medication",
        "title": "JP Core Medication Profile"
      }
    ],
    "MedicationAdministration": [
      {
        "url": "http://jpfhir.jp/fhir/core/StructureDefinition/JP_MedicationAdministration",
        "title": "JP Core MedicationAdministration Profile"
      },
      {
        "url": "http://jpfhir.jp/fhir/core/StructureDefinition/JP_MedicationAdministration_Injection",
        "title": "JP Core MedicationAdministration Injection Profile"
      }
    ],
    "MedicationDispense": [
      {
        "url": "http://jpfhir.jp/fhir/core/StructureDefinition/JP_MedicationDispense",
        "title": "JP Core MedicationDispense Profile"
      },
      {
        "url": "http://jpfhir.jp/fhir/core/StructureDefinition/JP_MedicationDispenseBase",
        "title": "JP Core MedicationDispenseBase Profile"
      },
      {
        "url": "http://jpfhir.jp/fhir/core/StructureDefinition/JP_MedicationDispense_Injection",
        "title": "JP Core MedicationDispense Injection Profile"
      }
    ],
    "MedicationRequest": [
      {
        "url": "http://jpfhir.jp/fhir/core/StructureDefinition/JP_MedicationRequest",
        "title": "JP Core MedicationRequest Profile"
      },
      {
        "url": "http://jpfhir.jp/fhir/core/StructureDefinition/JP_MedicationRequestBase",
        "title": "JP Core MedicationRequestBase Profile"
      },
      {
        "url": "http://jpfhir.jp/fhir/core/StructureDefinition/JP_MedicationRequest_Injection",
        "title": "JP Core MedicationRequest Injection Profile"
      }
    ],
    "Observation": [
      {
        "url": "http://jpfhir.jp/fhir/core/StructureDefinition/JP_Observation_BodyMeasurement",
        "title": "JP Core Observation BodyMeasurement Profile"
      },
      {
        "url": "http://jpfhir.jp/fhir/core/StructureDefinition/JP_Observation_Common",
        "title": "JP Core Observation Common Profile"
      },
      {
        "url": "http://jpfhir.jp/fhir/core/StructureDefinition/JP_Observation_LabResult",
        "title": "JP Core Observation LabResult Profile"
      },
      {
        "url": "http://jpfhir.jp/fhir/core/StructureDefinition/JP_Observation_PhysicalExam",
        "title": "JP Core Observation PhysicalExam Profile"
      },
      {
        "url": "http://jpfhir.jp/fhir/core/StructureDefinition/JP_Observation_SocialHistory",
        "title": "JP Core Observation SocialHistory Profile"
      },
      {
        "url": "http://jpfhir.jp/fhir/core/StructureDefinition/JP_Observation_VitalSigns",
        "title": "JP Core Observation VitalSigns Profile"
      }
    ],
    "Organization": [
      {
        "url": "http://jpfhir.jp/fhir/core/StructureDefinition/JP_Organization",
        "title": "JP Core Organization Profile"
      }
    ],
    "Patient": [
      {
        "url": "http://jpfhir.jp/fhir/core/StructureDefinition/JP_Patient",
        "title": "JP Core Patient Profile"
      }
    ],
    "Practitioner": [
      {
        "url": "http://jpfhir.jp/fhir/core/StructureDefinition/JP_Practitioner",
        "title": "JP Core Practitioner Profile"
      }
    ],
    "PractitionerRole": [
      {
        "url": "http://jpfhir.jp/fhir/core/StructureDefinition/JP_PractitionerRole",
        "title": "JP Core PractitionerRole Profile"
      }
    ],
    "Procedure": [
      {
        "url": "http://jpfhir.jp/fhir/core/StructureDefinition/JP_Procedure",
        "title": "JP Core Procedure Profile"
      }
    ]
  },
  "usage": {
    "http://hl7.org/fhir/StructureDefinition/capabilitystatement-expectation": [
      "CapabilityStatement.rest.interaction",
      "CapabilityStatement.rest.resource",
      "CapabilityStatement.rest.resource.interaction",
      "CapabilityStatement.rest.resource.searchParam",
      "CapabilityStatement.rest.resource.searchRevInclude",
      "CapabilityStatement.rest.resource.supportedProfile",
      "SearchParameter.multipleAnd",
      "SearchParameter.multipleOr"
    ],
    "http://hl7.org/fhir/StructureDefinition/capabilitystatement-search-parameter-combination": [
      "CapabilityStatement.rest.resource"
    ],
    "http://hl7.org/fhir/StructureDefinition/elementdefinition-bestpractice": [
      "StructureDefinition.snapshot.element.constraint"
    ],
    "http://hl7.org/fhir/StructureDefinition/elementdefinition-bestpractice-explanation": [
      "StructureDefinition.snapshot.element.constraint"
    ],
    "http://hl7.org/fhir/StructureDefinition/elementdefinition-bindingName": [
      "StructureDefinition.differential.element.binding",
      "StructureDefinition.snapshot.element.binding"
    ],
    "http://hl7.org/fhir/StructureDefinition/elementdefinition-isCommonBinding": [
      "StructureDefinition.snapshot.element.binding"
    ],
    "http://hl7.org/fhir/StructureDefinition/elementdefinition-maxValueSet": [
      "StructureDefinition.snapshot.element.binding"
    ],
    "http://hl7.org/fhir/StructureDefinition/elementdefinition-translatable": [
      "StructureDefinition.snapshot.element"
    ],
    "http://hl7.org/fhir/StructureDefinition/iso21090-EN-representation": [
      "HumanName"
    ],
    "http://hl7.org/fhir/StructureDefinition/patient-birthPlace": [
      "Patient"
    ],
    "http://hl7.org/fhir/StructureDefinition/patient-religion": [
      "Patient"
    ],
    "http://hl7.org/fhir/StructureDefinition/structuredefinition-category": [
      "StructureDefinition"
    ],
    "http://hl7.org/fhir/StructureDefinition/structuredefinition-display-hint": [
      "StructureDefinition.snapshot.element"
    ],
    "http://hl7.org/fhir/StructureDefinition/structuredefinition-explicit-type-name": [
      "StructureDefinition.snapshot.element"
    ],
    "http://hl7.org/fhir/StructureDefinition/structuredefinition-fhir-type": [
      "StructureDefinition.snapshot.element.type"
    ],
    "http://hl7.org/fhir/StructureDefinition/structuredefinition-hierarchy": [
      "StructureDefinition.snapshot.element.type"
    ],
    "http://hl7.org/fhir/StructureDefinition/structuredefinition-security-category": [
      "StructureDefinition"
    ],
    "http://hl7.org/fhir/tools/StructureDefinition/ig-parameter": [
      "ImplementationGuide.definition"
    ],
    "http://hl7.org/fhir/tools/StructureDefinition/resource-information": [
      "ImplementationGuide.definition.resource"
    ],
    "http://jpfhir.jp/fhir/core/Extension/StructureDefinition/JP_Coverage_InsuredPersonNumber": [
      "Coverage"
    ],
    "http://jpfhir.jp/fhir/core/Extension/StructureDefinition/JP_Coverage_InsuredPersonSubNumber": [
      "Coverage"
    ],
    "http://jpfhir.jp/fhir/core/Extension/StructureDefinition/JP_Coverage_InsuredPersonSymbol": [
      "Coverage"
    ],
    "http://jpfhir.jp/fhir/core/Extension/StructureDefinition/JP_MedicationAdministration_DosageMethod_MethodComment": [
      "MedicationAdministration.dosage.method"
    ],
    "http://jpfhir.jp/fhir/core/Extension/StructureDefinition/JP_MedicationAdministration_DosageRate_RateComment": [
      "MedicationAdministration.dosage.rate[x]"
    ],
    "http://jpfhir.jp/fhir/core/Extension/StructureDefinition/JP_MedicationAdministration_DosageRoute_RouteComment": [
      "MedicationAdministration.dosage.route"
    ],
    "http://jpfhir.jp/fhir/core/Extension/StructureDefinition/JP_MedicationAdministration_DosageSite_SiteComment": [
      "MedicationAdministration.dosage.site"
    ],
    "http://jpfhir.jp/fhir/core/Extension/StructureDefinition/JP_MedicationAdministration_Dosage_DosageComment": [
      "MedicationAdministration.dosage"
    ],
    "http://jpfhir.jp/fhir/core/Extension/StructureDefinition/JP_MedicationAdministration_Dosage_LineComment": [
      "MedicationAdministration.dosage"
    ],
    "http://jpfhir.jp/fhir/core/Extension/StructureDefinition/JP_MedicationAdministration_Location": [
      "MedicationAdministration"
    ],
    "http://jpfhir.jp/fhir/core/Extension/StructureDefinition/JP_MedicationAdministration_RequestAuthoredOn": [
      "MedicationAdministration"
    ],
    "http://jpfhir.jp/fhir/core/Extension/StructureDefinition/JP_MedicationAdministration_RequestDepartment": [
      "MedicationAdministration"
    ],
    "http://jpfhir.jp/fhir/core/Extension/StructureDefinition/JP_MedicationAdministration_Requester": [
      "MedicationAdministration"
    ],
    "http://jpfhir.jp/fhir/core/Extension/StructureDefinition/JP_MedicationAdministration_UncategorizedComment": [
      "MedicationAdministration"
    ],
    "http://jpfhir.jp/fhir/core/Extension/StructureDefinition/JP_MedicationDispense_Preparation": [
      "MedicationDispense",
      "MedicationRequest"
    ],
    "http://jpfhir.jp/fhir/core/Extension/StructureDefinition/JP_MedicationRequest_DispenseRequest_ExpectedRepeatCount": [
      "MedicationRequest.dispenseRequest"
    ],
    "http://jpfhir.jp/fhir/core/Extension/StructureDefinition/JP_MedicationRequest_DispenseRequest_InstructionForDispense": [
      "MedicationRequest.dispenseRequest"
    ],
    "http://jpfhir.jp/fhir/core/Extension/StructureDefinition/JP_MedicationRequest_DosageInstruction_Device": [
      "MedicationDispense.dosageInstruction",
      "MedicationRequest.dosageInstruction"
    ],
    "http://jpfhir.jp/fhir/core/Extension/StructureDefinition/JP_MedicationRequest_DosageInstruction_Line": [
      "MedicationAdministration.dosage",
      "MedicationDispense.dosageInstruction",
      "MedicationRequest.dosageInstruction"
    ],
    "http://jpfhir.jp/fhir/core/Extension/StructureDefinition/JP_MedicationRequest_DosageInstruction_PeriodOfUse": [
      "MedicationDispense.dosageInstruction",
      "MedicationRequest.dosageInstruction"
    ],
    "http://jpfhir.jp/fhir/core/Extension/StructureDefinition/JP_MedicationRequest_DosageInstruction_UsageDuration": [
      "MedicationDispense.dosageInstruction",
      "MedicationRequest.dosageInstruction"
    ],
    "http://jpfhir.jp/fhir/core/Extension/StructureDefinition/JP_Medication_IngredientStrength_StrengthType": [
      "Medication.ingredient.strength"
    ],
    "http://jpfhir.jp/fhir/core/Extension/StructureDefinition/JP_Medication_Ingredient_DrugNo": [
      "Medication.ingredient"
    ],
    "http://jpfhir.jp/fhir/core/Extension/StructureDefinition/JP_Observation_BodySite_BodySitePosition": [
      "Observation.bodySite"
    ],
    "http://jpfhir.jp/fhir/core/Extension/StructureDefinition/JP_Organization_InsuranceOrganizationCategory": [
      "Organization"
    ],
    "http://jpfhir.jp/fhir/core/Extension/StructureDefinition/JP_Organization_InsuranceOrganizationNo": [
      "Organization"
    ],
    "http://jpfhir.jp/fhir/core/Extension/StructureDefinition/JP_Organization_PrefectureNo": [
      "Organization"
    ],
    "http://jpfhir.jp/fhir/core/Extension/StructureDefinition/JP_Patient_Race": [
      "Patient"
    ]
  }
}