{
  "resourceType": "MedicationRequest",
  "id": "jp-medicationrequest-injection-example-2",
  "meta": {
    "profile": [
      "http://jpfhir.jp/fhir/core/StructureDefinition/JP_MedicationRequest_Injection"
    ]
  },
  "text": {
    "status": "generated",
    "div": "<div xmlns=\"http://www.w3.org/1999/xhtml\"><p><b>Generated Narrative</b></p><div style=\"display: inline-block; background-color: #d9e0e7; padding: 6px; margin: 4px; border: 1px solid #8da1b4; border-radius: 5px; line-height: 60%\"><p style=\"margin-bottom: 0px\">Resource \"jp-medicationrequest-injection-example-2\" </p><p style=\"margin-bottom: 0px\">Profile: <a href=\"StructureDefinition-jp-medicationrequest-injection.html\">JP Core MedicationRequest Injection Profile</a></p></div><p><b>identifier</b>: id: 123456789012345, id: 123456789012345_01_001</p><p><b>status</b>: active</p><p><b>intent</b>: order</p><p><b>category</b>: 入院患者オーダ <span style=\"background: LightGoldenRodYellow; margin: 4px; border: 1px solid khaki\"> (<a href=\"http://terminology.hl7.org/3.1.0/CodeSystem-v2-0482.html\">orderType</a>#I)</span>, 入院処方 <span style=\"background: LightGoldenRodYellow; margin: 4px; border: 1px solid khaki\"> (merit9-category#IHP)</span>, 定時処方 <span style=\"background: LightGoldenRodYellow; margin: 4px; border: 1px solid khaki\"> (JHSI0001#FTP)</span></p><p><b>medication</b>: <a name=\"jp-medicationrequest-injection-medication-example-2\"> </a></p><blockquote><div style=\"display: inline-block; background-color: #d9e0e7; padding: 6px; margin: 4px; border: 1px solid #8da1b4; border-radius: 5px; line-height: 60%\"><p style=\"margin-bottom: 0px\">Resource \"jp-medicationrequest-injection-medication-example-2\" </p></div><blockquote><p><b>ingredient</b></p><p><b>item</b>: ソリタ－Ｔ３号輸液５００ｍＬ <span style=\"background: LightGoldenRodYellow; margin: 4px; border: 1px solid khaki\"> (unknown#107750602)</span></p><p><b>strength</b>: 1 本<span style=\"background: LightGoldenRodYellow\"> (Details: urn:oid:1.2.392.100495.20.2.101 code HON = 'HON')</span>/1 回<span style=\"background: LightGoldenRodYellow\"> (Details: urn:oid:1.2.392.100495.20.2.101 code KAI = 'KAI')</span></p></blockquote><blockquote><p><b>ingredient</b></p><p><b>item</b>: アドナ注（静脈用）５０ｍｇ <span style=\"background: LightGoldenRodYellow; margin: 4px; border: 1px solid khaki\"> (unknown#108010001)</span></p><p><b>strength</b>: 1 アンプル<span style=\"background: LightGoldenRodYellow\"> (Details: urn:oid:1.2.392.100495.20.2.101 code AMP = 'AMP')</span>/1 回<span style=\"background: LightGoldenRodYellow\"> (Details: urn:oid:1.2.392.100495.20.2.101 code KAI = 'KAI')</span></p></blockquote></blockquote><p><b>subject</b>: <a href=\"Patient-jp-patient-example-1.html\">Patient/jp-patient-example-1</a> \" 山田\"</p><p><b>authoredOn</b>: 2016-07-01</p><p><b>requester</b>: <a href=\"urn:uuid:70c503af-b04b-4104-8c18-1bf97766927c\">urn:uuid:70c503af-b04b-4104-8c18-1bf97766927c</a></p><p><b>insurance</b>: <a href=\"urn:uuid:02222cfc-81c0-4a45-a8bd-50b814f885ae\">urn:uuid:02222cfc-81c0-4a45-a8bd-50b814f885ae</a></p></div>"
  },
  "contained": [
    {
      "resourceType": "Medication",
      "id": "jp-medicationrequest-injection-medication-example-2",
      "ingredient": [
        {
          "itemCodeableConcept": {
            "coding": [
              {
                "system": "urn:oid:1.2.392.100495.20.2.74",
                "code": "107750602",
                "display": "ソリタ－Ｔ３号輸液５００ｍＬ"
              }
            ]
          },
          "strength": {
            "numerator": {
              "value": 1,
              "unit": "本",
              "system": "urn:oid:1.2.392.100495.20.2.101",
              "code": "HON"
            },
            "denominator": {
              "value": 1,
              "unit": "回",
              "system": "urn:oid:1.2.392.100495.20.2.101",
              "code": "KAI"
            }
          }
        },
        {
          "itemCodeableConcept": {
            "coding": [
              {
                "system": "urn:oid:1.2.392.100495.20.2.74",
                "code": "108010001",
                "display": "アドナ注（静脈用）５０ｍｇ"
              }
            ]
          },
          "strength": {
            "numerator": {
              "value": 1,
              "unit": "アンプル",
              "system": "urn:oid:1.2.392.100495.20.2.101",
              "code": "AMP"
            },
            "denominator": {
              "value": 1,
              "unit": "回",
              "system": "urn:oid:1.2.392.100495.20.2.101",
              "code": "KAI"
            }
          }
        }
      ]
    },
    {
      "resourceType": "BodyStructure",
      "id": "jp-medicationrequest-injection-bodystructure-example-2",
      "location": {
        "coding": [
          {
            "system": "http://terminology.hl7.org/CodeSystem/v2-0550",
            "code": "ARM",
            "display": "腕"
          }
        ]
      },
      "locationQualifier": [
        {
          "coding": [
            {
              "system": "http://terminology.hl7.org/CodeSystem/v2-0495",
              "code": "L",
              "display": "左"
            }
          ]
        }
      ],
      "patient": {
        "reference": "Patient/jp-patient-example-1"
      }
    }
  ],
  "identifier": [
    {
      "system": "urn:oid:1.2.392.100495.20.3.11",
      "value": "123456789012345"
    },
    {
      "system": "urn:oid:1.2.392.100495.20.3.81",
      "value": "123456789012345_01_001"
    }
  ],
  "status": "active",
  "intent": "order",
  "category": [
    {
      "coding": [
        {
          "system": "http://terminology.hl7.org/CodeSystem/v2-0482",
          "code": "I",
          "display": "入院患者オーダ"
        }
      ]
    },
    {
      "coding": [
        {
          "system": "http://jpfhir.jp/Common/CodeSystem/merit9-category",
          "code": "IHP",
          "display": "入院処方"
        }
      ]
    },
    {
      "coding": [
        {
          "system": "http://jpfhir.jp/Common/CodeSystem/JHSI0001",
          "code": "FTP",
          "display": "定時処方"
        }
      ]
    }
  ],
  "medicationReference": {
    "reference": "#jp-medicationrequest-injection-medication-example-2",
    "type": "Medication"
  },
  "subject": {
    "reference": "Patient/jp-patient-example-1"
  },
  "authoredOn": "2016-07-01",
  "requester": {
    "reference": "urn:uuid:70c503af-b04b-4104-8c18-1bf97766927c",
    "type": "PractitionerRole"
  },
  "insurance": [
    {
      "reference": "urn:uuid:02222cfc-81c0-4a45-a8bd-50b814f885ae",
      "type": "Coverage"
    }
  ],
  "dosageInstruction": [
    {
      "extension": [
        {
          "url": "http://jpfhir.jp/fhir/core/StructureDefinition/JP_MedicationRequestLine",
          "valueCodeableConcept": {
            "coding": [
              {
                "system": "http://hl7fhir.jp/medication/99ILL",
                "code": "01",
                "display": "主管"
              }
            ]
          }
        }
      ],
      "timing": {
        "repeat": {
          "boundsPeriod": {
            "start": "2016-07-01T08:00:00+09:00",
            "end": "2016-07-01T13:00:00+09:00"
          }
        }
      },
      "site": {
        "extension": [
          {
            "url": "http://hl7.org/fhir/StructureDefinition/bodySite",
            "valueReference": {
              "reference": "urn:uuid:2726417c-4d80-4bd3-8175-109d8e26379b",
              "type": "BodyStructure"
            }
          }
        ]
      },
      "route": {
        "coding": [
          {
            "system": "urn:oid:1.2.392.100495.20.2.35",
            "code": "30",
            "display": "静脈注射"
          }
        ]
      },
      "method": {
        "coding": [
          {
            "system": "urn:oid:1.2.392.100495.20.2.34",
            "code": "3",
            "display": "注射"
          }
        ]
      },
      "doseAndRate": [
        {
          "doseQuantity": {
            "value": 510,
            "unit": "ミリリッター"
          }
        },
        {
          "rateRatio": {
            "numerator": {
              "value": 102,
              "unit": "ml"
            },
            "denominator": {
              "value": 1,
              "unit": "h"
            }
          }
        }
      ]
    }
  ]
}