{"resourceType":"NamingSystem","id":"jp-endoscopyterminology-codes-jed-ns","text":{"status":"generated","div":"<div xmlns=\"http://www.w3.org/1999/xhtml\"><p class=\"res-header-id\"><b>Generated Narrative: NamingSystem jp-endoscopyterminology-codes-jed-ns</b></p><a name=\"jp-endoscopyterminology-codes-jed-ns\"> </a><a name=\"hcjp-endoscopyterminology-codes-jed-ns\"> </a><a name=\"hcjp-endoscopyterminology-codes-jed-ns-ja\"> </a><h3>Summary</h3><table class=\"grid\"><tr><td>Defining URL</td><td>http://jpfhir.jp/fhir/core/NamingSystem/jp-endoscopyterminology-codes-jed-ns</td></tr><tr><td>Version</td><td>1.2.0-dev</td></tr><tr><td>Name</td><td>JP_Endoscopy_TerminologyCodes_JED_NamingSystem</td></tr><tr><td>Status</td><td>active</td></tr><tr><td>Definition</td><td><div><p>日本消化器内視鏡学会が推進するJED (Japan Endoscopy Database) Projectで定義されるコード</p>\n</div></td></tr><tr><td>Publisher</td><td>FHIR Japanese implementation research working group in Japan Association of Medical Informatics (JAMI)</td></tr><tr><td>Copyright</td><td><div><p>Copyright FHIR Japanese implementation research working group in Japan Association of Medical Informatics (JAMI) 一般社団法人日本医療情報学会NeXEHRS課題研究会FHIR日本実装検討WG</p>\n</div></td></tr></table><h3>Identifiers</h3><table class=\"grid\"><tr><td><b>Type</b></td><td><b>Value</b></td><td><b>Preferred</b></td></tr><tr><td>OID</td><td>1.2.392.200270.4.1000.1</td><td/></tr><tr><td>URI</td><td>urn:oid:1.2.392.200270.4.1000.1</td><td>true</td></tr><tr><td>URI</td><td>http://jpfhir.jp/fhir/core/CodeSystem/JP_EndoscopyTerminologyCodesJED_CS</td><td/></tr></table></div>"},"extension":[{"url":"http://hl7.org/fhir/5.0/StructureDefinition/extension-NamingSystem.url","valueUri":"http://jpfhir.jp/fhir/core/NamingSystem/jp-endoscopyterminology-codes-jed-ns"},{"url":"http://hl7.org/fhir/5.0/StructureDefinition/extension-NamingSystem.version","valueString":"1.2.0-dev"}],"name":"JP_Endoscopy_TerminologyCodes_JED_NamingSystem","status":"active","kind":"codesystem","date":"2023-10-31","publisher":"FHIR Japanese implementation research working group in Japan Association of Medical Informatics (JAMI)","contact":[{"name":"FHIR Japanese implementation research working group in Japan Association of Medical Informatics (JAMI)","telecom":[{"system":"url","value":"http://jpfhir.jp"},{"system":"email","value":"office@hlfhir.jp"}]}],"description":"日本消化器内視鏡学会が推進するJED (Japan Endoscopy Database) Projectで定義されるコード","jurisdiction":[{"coding":[{"system":"urn:iso:std:iso:3166","code":"JP"}]}],"uniqueId":[{"type":"oid","value":"1.2.392.200270.4.1000.1"},{"type":"uri","value":"urn:oid:1.2.392.200270.4.1000.1","preferred":true},{"type":"uri","value":"http://jpfhir.jp/fhir/core/CodeSystem/JP_EndoscopyTerminologyCodesJED_CS"}]}