<?xml version="1.0" encoding="UTF-8"?>

<CodeSystem xmlns="http://hl7.org/fhir">
  <id value="jp-observation-vitalsigns-code-cs"/>
  <text>
    <status value="generated"/><div xmlns="http://www.w3.org/1999/xhtml"><p>This code system http://jpfhir.jp/fhir/Common/CodeSystem/JP_ObservationVitalSignsCode_CS defines the following codes:</p><table class="codes"><tr><td style="white-space:nowrap"><b>Code</b></td><td><b>Display</b></td></tr><tr><td style="white-space:nowrap">31000001<a name="jp-observation-vitalsigns-code-cs-31000001"> </a></td><td>経皮的動脈血酸素飽和度（ＳＰＯ２）</td></tr><tr><td style="white-space:nowrap">31000525<a name="jp-observation-vitalsigns-code-cs-31000525"> </a></td><td>努力呼吸</td></tr><tr><td style="white-space:nowrap">31000526<a name="jp-observation-vitalsigns-code-cs-31000526"> </a></td><td>シーソー呼吸</td></tr><tr><td style="white-space:nowrap">31000527<a name="jp-observation-vitalsigns-code-cs-31000527"> </a></td><td>鼻翼呼吸</td></tr><tr><td style="white-space:nowrap">31000528<a name="jp-observation-vitalsigns-code-cs-31000528"> </a></td><td>浅表呼吸</td></tr><tr><td style="white-space:nowrap">31000529<a name="jp-observation-vitalsigns-code-cs-31000529"> </a></td><td>肩呼吸</td></tr><tr><td style="white-space:nowrap">31000530<a name="jp-observation-vitalsigns-code-cs-31000530"> </a></td><td>陥没呼吸</td></tr><tr><td style="white-space:nowrap">31000531<a name="jp-observation-vitalsigns-code-cs-31000531"> </a></td><td>ヒュージョーンズ</td></tr><tr><td style="white-space:nowrap">31000533<a name="jp-observation-vitalsigns-code-cs-31000533"> </a></td><td>呼吸数の異常</td></tr><tr><td style="white-space:nowrap">31000534<a name="jp-observation-vitalsigns-code-cs-31000534"> </a></td><td>呼吸の深さの異常</td></tr><tr><td style="white-space:nowrap">31000535<a name="jp-observation-vitalsigns-code-cs-31000535"> </a></td><td>呼吸リズム異常</td></tr><tr><td style="white-space:nowrap">31000537<a name="jp-observation-vitalsigns-code-cs-31000537"> </a></td><td>口すぼめ呼吸</td></tr><tr><td style="white-space:nowrap">31000538<a name="jp-observation-vitalsigns-code-cs-31000538"> </a></td><td>喘鳴</td></tr><tr><td style="white-space:nowrap">31000541<a name="jp-observation-vitalsigns-code-cs-31000541"> </a></td><td>呼吸音減弱</td></tr><tr><td style="white-space:nowrap">31000542<a name="jp-observation-vitalsigns-code-cs-31000542"> </a></td><td>呼吸音減弱（患側）</td></tr><tr><td style="white-space:nowrap">31000543<a name="jp-observation-vitalsigns-code-cs-31000543"> </a></td><td>呼気延長</td></tr><tr><td style="white-space:nowrap">31000546<a name="jp-observation-vitalsigns-code-cs-31000546"> </a></td><td>あえぎ呼吸</td></tr><tr><td style="white-space:nowrap">31000547<a name="jp-observation-vitalsigns-code-cs-31000547"> </a></td><td>呼吸狭窄音</td></tr><tr><td style="white-space:nowrap">31000549<a name="jp-observation-vitalsigns-code-cs-31000549"> </a></td><td>睡眠時無呼吸</td></tr><tr><td style="white-space:nowrap">31000550<a name="jp-observation-vitalsigns-code-cs-31000550"> </a></td><td>睡眠時無呼吸</td></tr><tr><td style="white-space:nowrap">31000552<a name="jp-observation-vitalsigns-code-cs-31000552"> </a></td><td>周期性呼吸</td></tr><tr><td style="white-space:nowrap">31000553<a name="jp-observation-vitalsigns-code-cs-31000553"> </a></td><td>失調性呼吸</td></tr><tr><td style="white-space:nowrap">31000554<a name="jp-observation-vitalsigns-code-cs-31000554"> </a></td><td>無呼吸</td></tr><tr><td style="white-space:nowrap">31000564<a name="jp-observation-vitalsigns-code-cs-31000564"> </a></td><td>呼気喘鳴</td></tr><tr><td style="white-space:nowrap">31000573<a name="jp-observation-vitalsigns-code-cs-31000573"> </a></td><td>動悸</td></tr><tr><td style="white-space:nowrap">31000575<a name="jp-observation-vitalsigns-code-cs-31000575"> </a></td><td>不整脈</td></tr><tr><td style="white-space:nowrap">31000576<a name="jp-observation-vitalsigns-code-cs-31000576"> </a></td><td>不整脈</td></tr><tr><td style="white-space:nowrap">31000577<a name="jp-observation-vitalsigns-code-cs-31000577"> </a></td><td>不整脈の種類</td></tr><tr><td style="white-space:nowrap">31000578<a name="jp-observation-vitalsigns-code-cs-31000578"> </a></td><td>不整脈の種類</td></tr><tr><td style="white-space:nowrap">31000579<a name="jp-observation-vitalsigns-code-cs-31000579"> </a></td><td>ＳＴ変化</td></tr><tr><td style="white-space:nowrap">31000595<a name="jp-observation-vitalsigns-code-cs-31000595"> </a></td><td>心拍数</td></tr><tr><td style="white-space:nowrap">31000596<a name="jp-observation-vitalsigns-code-cs-31000596"> </a></td><td>心拍リズム不整</td></tr><tr><td style="white-space:nowrap">31000597<a name="jp-observation-vitalsigns-code-cs-31000597"> </a></td><td>心雑音</td></tr><tr><td style="white-space:nowrap">31000598<a name="jp-observation-vitalsigns-code-cs-31000598"> </a></td><td>心雑音の種類</td></tr><tr><td style="white-space:nowrap">31000599<a name="jp-observation-vitalsigns-code-cs-31000599"> </a></td><td>心尖拍動</td></tr><tr><td style="white-space:nowrap">31000605<a name="jp-observation-vitalsigns-code-cs-31000605"> </a></td><td>起立性低血圧</td></tr><tr><td style="white-space:nowrap">31000620<a name="jp-observation-vitalsigns-code-cs-31000620"> </a></td><td>体表面皮膚温（前額部）</td></tr><tr><td style="white-space:nowrap">31000621<a name="jp-observation-vitalsigns-code-cs-31000621"> </a></td><td>体表面皮膚温（胸部）</td></tr><tr><td style="white-space:nowrap">31000622<a name="jp-observation-vitalsigns-code-cs-31000622"> </a></td><td>体表面皮膚温（左手掌部）</td></tr><tr><td style="white-space:nowrap">31000623<a name="jp-observation-vitalsigns-code-cs-31000623"> </a></td><td>体表面皮膚温（右手掌部）</td></tr><tr><td style="white-space:nowrap">31000624<a name="jp-observation-vitalsigns-code-cs-31000624"> </a></td><td>体表面皮膚温（左足底部）</td></tr><tr><td style="white-space:nowrap">31000625<a name="jp-observation-vitalsigns-code-cs-31000625"> </a></td><td>体表面皮膚温（右足底部）</td></tr><tr><td style="white-space:nowrap">31001222<a name="jp-observation-vitalsigns-code-cs-31001222"> </a></td><td>低血糖症状</td></tr><tr><td style="white-space:nowrap">31001234<a name="jp-observation-vitalsigns-code-cs-31001234"> </a></td><td>傾眠</td></tr><tr><td style="white-space:nowrap">31001238<a name="jp-observation-vitalsigns-code-cs-31001238"> </a></td><td>失見当識</td></tr><tr><td style="white-space:nowrap">31001246<a name="jp-observation-vitalsigns-code-cs-31001246"> </a></td><td>鎮静スコア（Ｒａｍｓａｙ Ｓｃｏｒｅ）</td></tr><tr><td style="white-space:nowrap">31001254<a name="jp-observation-vitalsigns-code-cs-31001254"> </a></td><td>意識障害</td></tr><tr><td style="white-space:nowrap">31001266<a name="jp-observation-vitalsigns-code-cs-31001266"> </a></td><td>胎児心拍数基線</td></tr><tr><td style="white-space:nowrap">31001368<a name="jp-observation-vitalsigns-code-cs-31001368"> </a></td><td>体温</td></tr><tr><td style="white-space:nowrap">31001369<a name="jp-observation-vitalsigns-code-cs-31001369"> </a></td><td>呼吸数</td></tr><tr><td style="white-space:nowrap">31001390<a name="jp-observation-vitalsigns-code-cs-31001390"> </a></td><td>脈拍数</td></tr><tr><td style="white-space:nowrap">31001551<a name="jp-observation-vitalsigns-code-cs-31001551"> </a></td><td>体温（スワンガンズ深部体温モニター）</td></tr><tr><td style="white-space:nowrap">31001552<a name="jp-observation-vitalsigns-code-cs-31001552"> </a></td><td>胎児心拍数</td></tr><tr><td style="white-space:nowrap">31001589<a name="jp-observation-vitalsigns-code-cs-31001589"> </a></td><td>動脈触知（切断断端部）</td></tr><tr><td style="white-space:nowrap">31001613<a name="jp-observation-vitalsigns-code-cs-31001613"> </a></td><td>動脈触知（ドプラー）</td></tr><tr><td style="white-space:nowrap">31001620<a name="jp-observation-vitalsigns-code-cs-31001620"> </a></td><td>意識評価（ＧＣＳ－Ｅ）</td></tr><tr><td style="white-space:nowrap">31001621<a name="jp-observation-vitalsigns-code-cs-31001621"> </a></td><td>意識評価（ＧＣＳ－Ｍ）</td></tr><tr><td style="white-space:nowrap">31001622<a name="jp-observation-vitalsigns-code-cs-31001622"> </a></td><td>意識評価（ＧＣＳ－Ｖ）</td></tr><tr><td style="white-space:nowrap">31001623<a name="jp-observation-vitalsigns-code-cs-31001623"> </a></td><td>意識評価（ＧＣＳ－合計）</td></tr><tr><td style="white-space:nowrap">31001657<a name="jp-observation-vitalsigns-code-cs-31001657"> </a></td><td>意識評価（ＪＣＳ）</td></tr><tr><td style="white-space:nowrap">31001658<a name="jp-observation-vitalsigns-code-cs-31001658"> </a></td><td>努力呼吸の種類</td></tr><tr><td style="white-space:nowrap">31001659<a name="jp-observation-vitalsigns-code-cs-31001659"> </a></td><td>下顎呼吸</td></tr><tr><td style="white-space:nowrap">31001683<a name="jp-observation-vitalsigns-code-cs-31001683"> </a></td><td>肺雑音（右）</td></tr><tr><td style="white-space:nowrap">31001684<a name="jp-observation-vitalsigns-code-cs-31001684"> </a></td><td>肺雑音（左）</td></tr><tr><td style="white-space:nowrap">31001685<a name="jp-observation-vitalsigns-code-cs-31001685"> </a></td><td>肺雑音（右上葉）</td></tr><tr><td style="white-space:nowrap">31001686<a name="jp-observation-vitalsigns-code-cs-31001686"> </a></td><td>肺雑音（右中葉）</td></tr><tr><td style="white-space:nowrap">31001687<a name="jp-observation-vitalsigns-code-cs-31001687"> </a></td><td>肺雑音（右下葉）</td></tr><tr><td style="white-space:nowrap">31001688<a name="jp-observation-vitalsigns-code-cs-31001688"> </a></td><td>肺雑音（左上葉）</td></tr><tr><td style="white-space:nowrap">31001689<a name="jp-observation-vitalsigns-code-cs-31001689"> </a></td><td>肺雑音（左下葉）</td></tr><tr><td style="white-space:nowrap">31001848<a name="jp-observation-vitalsigns-code-cs-31001848"> </a></td><td>収縮期血圧</td></tr><tr><td style="white-space:nowrap">31001849<a name="jp-observation-vitalsigns-code-cs-31001849"> </a></td><td>拡張期血圧</td></tr><tr><td style="white-space:nowrap">31001952<a name="jp-observation-vitalsigns-code-cs-31001952"> </a></td><td>心電図モニター波形</td></tr><tr><td style="white-space:nowrap">31001953<a name="jp-observation-vitalsigns-code-cs-31001953"> </a></td><td>Ａｆ（心房細動）</td></tr><tr><td style="white-space:nowrap">31001954<a name="jp-observation-vitalsigns-code-cs-31001954"> </a></td><td>Ａｆ（心房細動）</td></tr><tr><td style="white-space:nowrap">31001955<a name="jp-observation-vitalsigns-code-cs-31001955"> </a></td><td>ＡＦ（心房粗動）</td></tr><tr><td style="white-space:nowrap">31001956<a name="jp-observation-vitalsigns-code-cs-31001956"> </a></td><td>ＡＦ（心房粗動）</td></tr><tr><td style="white-space:nowrap">31001957<a name="jp-observation-vitalsigns-code-cs-31001957"> </a></td><td>ＶＦ（心室粗動）</td></tr><tr><td style="white-space:nowrap">31001958<a name="jp-observation-vitalsigns-code-cs-31001958"> </a></td><td>ＶＦ（心室粗動）</td></tr><tr><td style="white-space:nowrap">31001959<a name="jp-observation-vitalsigns-code-cs-31001959"> </a></td><td>Ｖｆ（心室細動）</td></tr><tr><td style="white-space:nowrap">31001960<a name="jp-observation-vitalsigns-code-cs-31001960"> </a></td><td>Ｖｆ（心室細動）</td></tr><tr><td style="white-space:nowrap">31001961<a name="jp-observation-vitalsigns-code-cs-31001961"> </a></td><td>ＶＴ（心室性頻拍）</td></tr><tr><td style="white-space:nowrap">31001962<a name="jp-observation-vitalsigns-code-cs-31001962"> </a></td><td>ＶＴ（心室性頻拍）</td></tr><tr><td style="white-space:nowrap">31001963<a name="jp-observation-vitalsigns-code-cs-31001963"> </a></td><td>ＰＳＶＴ（発作性上室性頻拍）</td></tr><tr><td style="white-space:nowrap">31001964<a name="jp-observation-vitalsigns-code-cs-31001964"> </a></td><td>ＰＳＶＴ（発作性上室性頻拍）</td></tr><tr><td style="white-space:nowrap">31001965<a name="jp-observation-vitalsigns-code-cs-31001965"> </a></td><td>ＰＶＣ（心室性期外収縮）</td></tr><tr><td style="white-space:nowrap">31001966<a name="jp-observation-vitalsigns-code-cs-31001966"> </a></td><td>ＰＶＣ（心室性期外収縮）</td></tr><tr><td style="white-space:nowrap">31001967<a name="jp-observation-vitalsigns-code-cs-31001967"> </a></td><td>ＰＶＣ（心室性期外収縮）回数</td></tr><tr><td style="white-space:nowrap">31001968<a name="jp-observation-vitalsigns-code-cs-31001968"> </a></td><td>ＰＶＣ（心室性期外収縮）連発</td></tr><tr><td style="white-space:nowrap">31001969<a name="jp-observation-vitalsigns-code-cs-31001969"> </a></td><td>ＰＡＣ（心房性期外収縮）</td></tr><tr><td style="white-space:nowrap">31001970<a name="jp-observation-vitalsigns-code-cs-31001970"> </a></td><td>洞停止</td></tr><tr><td style="white-space:nowrap">31001971<a name="jp-observation-vitalsigns-code-cs-31001971"> </a></td><td>二段脈</td></tr><tr><td style="white-space:nowrap">31001972<a name="jp-observation-vitalsigns-code-cs-31001972"> </a></td><td>三段脈</td></tr><tr><td style="white-space:nowrap">31001973<a name="jp-observation-vitalsigns-code-cs-31001973"> </a></td><td>ＲｏｎＴ現象</td></tr><tr><td style="white-space:nowrap">31001974<a name="jp-observation-vitalsigns-code-cs-31001974"> </a></td><td>ＲｏｎＴ現象</td></tr><tr><td style="white-space:nowrap">31001975<a name="jp-observation-vitalsigns-code-cs-31001975"> </a></td><td>ＷＰＷ症候群</td></tr><tr><td style="white-space:nowrap">31001976<a name="jp-observation-vitalsigns-code-cs-31001976"> </a></td><td>第１度房室ブロック</td></tr><tr><td style="white-space:nowrap">31001977<a name="jp-observation-vitalsigns-code-cs-31001977"> </a></td><td>第２度（モビッツＩ）房室ブロック</td></tr><tr><td style="white-space:nowrap">31001978<a name="jp-observation-vitalsigns-code-cs-31001978"> </a></td><td>第２度（モビッツⅡ）房室ブロック</td></tr><tr><td style="white-space:nowrap">31001979<a name="jp-observation-vitalsigns-code-cs-31001979"> </a></td><td>第３度房室ブロック</td></tr><tr><td style="white-space:nowrap">31001980<a name="jp-observation-vitalsigns-code-cs-31001980"> </a></td><td>洞性不整脈</td></tr><tr><td style="white-space:nowrap">31001981<a name="jp-observation-vitalsigns-code-cs-31001981"> </a></td><td>洞室ブロック</td></tr><tr><td style="white-space:nowrap">31001982<a name="jp-observation-vitalsigns-code-cs-31001982"> </a></td><td>補充収縮</td></tr><tr><td style="white-space:nowrap">31001983<a name="jp-observation-vitalsigns-code-cs-31001983"> </a></td><td>房室接合部性期外収縮</td></tr><tr><td style="white-space:nowrap">31001989<a name="jp-observation-vitalsigns-code-cs-31001989"> </a></td><td>動脈触知（左後脛骨動脈）</td></tr><tr><td style="white-space:nowrap">31001990<a name="jp-observation-vitalsigns-code-cs-31001990"> </a></td><td>動脈触知（右後脛骨動脈）</td></tr><tr><td style="white-space:nowrap">31001991<a name="jp-observation-vitalsigns-code-cs-31001991"> </a></td><td>動脈触知（左大腿動脈）</td></tr><tr><td style="white-space:nowrap">31001992<a name="jp-observation-vitalsigns-code-cs-31001992"> </a></td><td>動脈触知（右大腿動脈）</td></tr><tr><td style="white-space:nowrap">31001993<a name="jp-observation-vitalsigns-code-cs-31001993"> </a></td><td>動脈触知（左膝窩動脈）</td></tr><tr><td style="white-space:nowrap">31001994<a name="jp-observation-vitalsigns-code-cs-31001994"> </a></td><td>動脈触知（右膝窩動脈）</td></tr><tr><td style="white-space:nowrap">31001995<a name="jp-observation-vitalsigns-code-cs-31001995"> </a></td><td>動脈触知（左上腕動脈）</td></tr><tr><td style="white-space:nowrap">31001996<a name="jp-observation-vitalsigns-code-cs-31001996"> </a></td><td>動脈触知（右上腕動脈）</td></tr><tr><td style="white-space:nowrap">31001997<a name="jp-observation-vitalsigns-code-cs-31001997"> </a></td><td>動脈触知（左頚動脈）</td></tr><tr><td style="white-space:nowrap">31001998<a name="jp-observation-vitalsigns-code-cs-31001998"> </a></td><td>動脈触知（右頚動脈）</td></tr><tr><td style="white-space:nowrap">31002248<a name="jp-observation-vitalsigns-code-cs-31002248"> </a></td><td>胎児心拍数基線細変動</td></tr><tr><td style="white-space:nowrap">31002258<a name="jp-observation-vitalsigns-code-cs-31002258"> </a></td><td>胎児心音聴取部位</td></tr><tr><td style="white-space:nowrap">31002364<a name="jp-observation-vitalsigns-code-cs-31002364"> </a></td><td>血圧（動脈血）</td></tr><tr><td style="white-space:nowrap">31002365<a name="jp-observation-vitalsigns-code-cs-31002365"> </a></td><td>血圧</td></tr><tr><td style="white-space:nowrap">31002366<a name="jp-observation-vitalsigns-code-cs-31002366"> </a></td><td>血圧（右下肢）</td></tr><tr><td style="white-space:nowrap">31002367<a name="jp-observation-vitalsigns-code-cs-31002367"> </a></td><td>血圧（左下肢）</td></tr><tr><td style="white-space:nowrap">31002368<a name="jp-observation-vitalsigns-code-cs-31002368"> </a></td><td>血圧（左上肢）</td></tr><tr><td style="white-space:nowrap">31002369<a name="jp-observation-vitalsigns-code-cs-31002369"> </a></td><td>血圧（右上肢）</td></tr><tr><td style="white-space:nowrap">31002370<a name="jp-observation-vitalsigns-code-cs-31002370"> </a></td><td>血圧（非観血的モニター）</td></tr><tr><td style="white-space:nowrap">31002477<a name="jp-observation-vitalsigns-code-cs-31002477"> </a></td><td>肺雑音の種類</td></tr><tr><td style="white-space:nowrap">31002478<a name="jp-observation-vitalsigns-code-cs-31002478"> </a></td><td>肺雑音の種類</td></tr><tr><td style="white-space:nowrap">31002823<a name="jp-observation-vitalsigns-code-cs-31002823"> </a></td><td>一過性多呼吸</td></tr><tr><td style="white-space:nowrap">31002824<a name="jp-observation-vitalsigns-code-cs-31002824"> </a></td><td>分時換気量</td></tr><tr><td style="white-space:nowrap">31002825<a name="jp-observation-vitalsigns-code-cs-31002825"> </a></td><td>１回換気量</td></tr><tr><td style="white-space:nowrap">31002826<a name="jp-observation-vitalsigns-code-cs-31002826"> </a></td><td>副雑音（右）</td></tr><tr><td style="white-space:nowrap">31002827<a name="jp-observation-vitalsigns-code-cs-31002827"> </a></td><td>副雑音（左）</td></tr><tr><td style="white-space:nowrap">31002828<a name="jp-observation-vitalsigns-code-cs-31002828"> </a></td><td>副雑音（右上葉）</td></tr><tr><td style="white-space:nowrap">31002829<a name="jp-observation-vitalsigns-code-cs-31002829"> </a></td><td>副雑音（右中葉）</td></tr><tr><td style="white-space:nowrap">31002830<a name="jp-observation-vitalsigns-code-cs-31002830"> </a></td><td>副雑音（右下葉）</td></tr><tr><td style="white-space:nowrap">31002831<a name="jp-observation-vitalsigns-code-cs-31002831"> </a></td><td>副雑音（左上葉）</td></tr><tr><td style="white-space:nowrap">31002832<a name="jp-observation-vitalsigns-code-cs-31002832"> </a></td><td>副雑音（左下葉）</td></tr><tr><td style="white-space:nowrap">31002833<a name="jp-observation-vitalsigns-code-cs-31002833"> </a></td><td>副雑音の種類</td></tr><tr><td style="white-space:nowrap">31002834<a name="jp-observation-vitalsigns-code-cs-31002834"> </a></td><td>副雑音の種類</td></tr><tr><td style="white-space:nowrap">31002835<a name="jp-observation-vitalsigns-code-cs-31002835"> </a></td><td>肺音の種類</td></tr><tr><td style="white-space:nowrap">31002836<a name="jp-observation-vitalsigns-code-cs-31002836"> </a></td><td>高調性連続性ラ音</td></tr><tr><td style="white-space:nowrap">31002837<a name="jp-observation-vitalsigns-code-cs-31002837"> </a></td><td>低調性連続性ラ音</td></tr><tr><td style="white-space:nowrap">31002838<a name="jp-observation-vitalsigns-code-cs-31002838"> </a></td><td>高調性連続音</td></tr><tr><td style="white-space:nowrap">31002839<a name="jp-observation-vitalsigns-code-cs-31002839"> </a></td><td>低調性連続音</td></tr><tr><td style="white-space:nowrap">31002840<a name="jp-observation-vitalsigns-code-cs-31002840"> </a></td><td>粗い断続性ラ音</td></tr><tr><td style="white-space:nowrap">31002841<a name="jp-observation-vitalsigns-code-cs-31002841"> </a></td><td>細かい断続性ラ音</td></tr><tr><td style="white-space:nowrap">31002842<a name="jp-observation-vitalsigns-code-cs-31002842"> </a></td><td>粗い断続音</td></tr><tr><td style="white-space:nowrap">31002843<a name="jp-observation-vitalsigns-code-cs-31002843"> </a></td><td>細かい断続音</td></tr><tr><td style="white-space:nowrap">31002844<a name="jp-observation-vitalsigns-code-cs-31002844"> </a></td><td>笛声音</td></tr><tr><td style="white-space:nowrap">31002845<a name="jp-observation-vitalsigns-code-cs-31002845"> </a></td><td>いびき音</td></tr><tr><td style="white-space:nowrap">31002846<a name="jp-observation-vitalsigns-code-cs-31002846"> </a></td><td>水泡音</td></tr><tr><td style="white-space:nowrap">31002847<a name="jp-observation-vitalsigns-code-cs-31002847"> </a></td><td>捻髪音</td></tr><tr><td style="white-space:nowrap">31002848<a name="jp-observation-vitalsigns-code-cs-31002848"> </a></td><td>胸膜摩擦音</td></tr><tr><td style="white-space:nowrap">31002854<a name="jp-observation-vitalsigns-code-cs-31002854"> </a></td><td>体表面皮膚温（右上肢）</td></tr><tr><td style="white-space:nowrap">31002855<a name="jp-observation-vitalsigns-code-cs-31002855"> </a></td><td>体表面皮膚温（左上肢）</td></tr><tr><td style="white-space:nowrap">31002856<a name="jp-observation-vitalsigns-code-cs-31002856"> </a></td><td>体表面皮膚温（右下肢）</td></tr><tr><td style="white-space:nowrap">31002857<a name="jp-observation-vitalsigns-code-cs-31002857"> </a></td><td>体表面皮膚温（左下肢）</td></tr><tr><td style="white-space:nowrap">31002866<a name="jp-observation-vitalsigns-code-cs-31002866"> </a></td><td>自発呼吸</td></tr><tr><td style="white-space:nowrap">31002874<a name="jp-observation-vitalsigns-code-cs-31002874"> </a></td><td>動脈触知（内顆）</td></tr><tr><td style="white-space:nowrap">31002875<a name="jp-observation-vitalsigns-code-cs-31002875"> </a></td><td>動脈触知（右内顆）</td></tr><tr><td style="white-space:nowrap">31002876<a name="jp-observation-vitalsigns-code-cs-31002876"> </a></td><td>動脈触知（左内顆）</td></tr><tr><td style="white-space:nowrap">31002883<a name="jp-observation-vitalsigns-code-cs-31002883"> </a></td><td>直腸温</td></tr><tr><td style="white-space:nowrap">31002884<a name="jp-observation-vitalsigns-code-cs-31002884"> </a></td><td>口腔温</td></tr><tr><td style="white-space:nowrap">31002885<a name="jp-observation-vitalsigns-code-cs-31002885"> </a></td><td>膀胱温</td></tr><tr><td style="white-space:nowrap">31002886<a name="jp-observation-vitalsigns-code-cs-31002886"> </a></td><td>食道温</td></tr><tr><td style="white-space:nowrap">31002887<a name="jp-observation-vitalsigns-code-cs-31002887"> </a></td><td>腋窩温</td></tr><tr><td style="white-space:nowrap">31002888<a name="jp-observation-vitalsigns-code-cs-31002888"> </a></td><td>肺動脈温</td></tr><tr><td style="white-space:nowrap">31002889<a name="jp-observation-vitalsigns-code-cs-31002889"> </a></td><td>鼓膜温</td></tr><tr><td style="white-space:nowrap">31002903<a name="jp-observation-vitalsigns-code-cs-31002903"> </a></td><td>胎児心拍数一過性変動</td></tr><tr><td style="white-space:nowrap">31002904<a name="jp-observation-vitalsigns-code-cs-31002904"> </a></td><td>胎児の状態（ＣＴＧ）</td></tr><tr><td style="white-space:nowrap">31002954<a name="jp-observation-vitalsigns-code-cs-31002954"> </a></td><td>過呼吸</td></tr><tr><td style="white-space:nowrap">31003288<a name="jp-observation-vitalsigns-code-cs-31003288"> </a></td><td>動脈触知（後脛骨動脈）</td></tr><tr><td style="white-space:nowrap">31003289<a name="jp-observation-vitalsigns-code-cs-31003289"> </a></td><td>動脈触知（大腿動脈）</td></tr><tr><td style="white-space:nowrap">31003290<a name="jp-observation-vitalsigns-code-cs-31003290"> </a></td><td>動脈触知（膝窩動脈）</td></tr><tr><td style="white-space:nowrap">31003291<a name="jp-observation-vitalsigns-code-cs-31003291"> </a></td><td>動脈触知（上腕動脈）</td></tr><tr><td style="white-space:nowrap">31003292<a name="jp-observation-vitalsigns-code-cs-31003292"> </a></td><td>動脈触知（頚動脈）</td></tr><tr><td style="white-space:nowrap">31003952<a name="jp-observation-vitalsigns-code-cs-31003952"> </a></td><td>動脈血酸素飽和度（ＳＡＯ２）</td></tr><tr><td style="white-space:nowrap">31003953<a name="jp-observation-vitalsigns-code-cs-31003953"> </a></td><td>混合静脈血酸素飽和度（ＳＶＯ２）</td></tr><tr><td style="white-space:nowrap">31003954<a name="jp-observation-vitalsigns-code-cs-31003954"> </a></td><td>肺動脈圧（ＰＡＰ）</td></tr><tr><td style="white-space:nowrap">31003955<a name="jp-observation-vitalsigns-code-cs-31003955"> </a></td><td>平均肺動脈圧（МＰＡＰ）</td></tr><tr><td style="white-space:nowrap">31003956<a name="jp-observation-vitalsigns-code-cs-31003956"> </a></td><td>肺動脈楔入圧（ＰＣＷＰ）</td></tr><tr><td style="white-space:nowrap">31003957<a name="jp-observation-vitalsigns-code-cs-31003957"> </a></td><td>平均血圧（観血的モニター）</td></tr><tr><td style="white-space:nowrap">31003958<a name="jp-observation-vitalsigns-code-cs-31003958"> </a></td><td>平均血圧（非観血的モニター）</td></tr><tr><td style="white-space:nowrap">31003959<a name="jp-observation-vitalsigns-code-cs-31003959"> </a></td><td>血圧（観血的モニター）</td></tr><tr><td style="white-space:nowrap">31004100<a name="jp-observation-vitalsigns-code-cs-31004100"> </a></td><td>多呼吸</td></tr><tr><td style="white-space:nowrap">31004101<a name="jp-observation-vitalsigns-code-cs-31004101"> </a></td><td>頻呼吸</td></tr><tr><td style="white-space:nowrap">31004102<a name="jp-observation-vitalsigns-code-cs-31004102"> </a></td><td>徐呼吸</td></tr><tr><td style="white-space:nowrap">31004103<a name="jp-observation-vitalsigns-code-cs-31004103"> </a></td><td>チェーンストークス呼吸</td></tr><tr><td style="white-space:nowrap">31004104<a name="jp-observation-vitalsigns-code-cs-31004104"> </a></td><td>ビオー呼吸</td></tr><tr><td style="white-space:nowrap">31004105<a name="jp-observation-vitalsigns-code-cs-31004105"> </a></td><td>クスマウル呼吸</td></tr><tr><td style="white-space:nowrap">31005022<a name="jp-observation-vitalsigns-code-cs-31005022"> </a></td><td>皮弁皮膚温</td></tr><tr><td style="white-space:nowrap">31005195<a name="jp-observation-vitalsigns-code-cs-31005195"> </a></td><td>鎮静スコア（ＲＡＳＳ）</td></tr><tr><td style="white-space:nowrap">31006062<a name="jp-observation-vitalsigns-code-cs-31006062"> </a></td><td>気管呼吸音</td></tr><tr><td style="white-space:nowrap">31006063<a name="jp-observation-vitalsigns-code-cs-31006063"> </a></td><td>気管支呼吸音（右）</td></tr><tr><td style="white-space:nowrap">31006064<a name="jp-observation-vitalsigns-code-cs-31006064"> </a></td><td>気管支呼吸音（左）</td></tr><tr><td style="white-space:nowrap">31006065<a name="jp-observation-vitalsigns-code-cs-31006065"> </a></td><td>肺胞呼吸音（右）</td></tr><tr><td style="white-space:nowrap">31006066<a name="jp-observation-vitalsigns-code-cs-31006066"> </a></td><td>肺胞呼吸音（左）</td></tr><tr><td style="white-space:nowrap">31006067<a name="jp-observation-vitalsigns-code-cs-31006067"> </a></td><td>肺胞呼吸音（右上葉）</td></tr><tr><td style="white-space:nowrap">31006068<a name="jp-observation-vitalsigns-code-cs-31006068"> </a></td><td>肺胞呼吸音（右中葉）</td></tr><tr><td style="white-space:nowrap">31006069<a name="jp-observation-vitalsigns-code-cs-31006069"> </a></td><td>肺胞呼吸音（右下葉）</td></tr><tr><td style="white-space:nowrap">31006070<a name="jp-observation-vitalsigns-code-cs-31006070"> </a></td><td>肺胞呼吸音（左上葉）</td></tr><tr><td style="white-space:nowrap">31006071<a name="jp-observation-vitalsigns-code-cs-31006071"> </a></td><td>肺胞呼吸音（左下葉）</td></tr><tr><td style="white-space:nowrap">31006125<a name="jp-observation-vitalsigns-code-cs-31006125"> </a></td><td>収縮期血圧（右下肢）</td></tr><tr><td style="white-space:nowrap">31006126<a name="jp-observation-vitalsigns-code-cs-31006126"> </a></td><td>拡張期血圧（右下肢）</td></tr><tr><td style="white-space:nowrap">31006127<a name="jp-observation-vitalsigns-code-cs-31006127"> </a></td><td>収縮期血圧（左下肢）</td></tr><tr><td style="white-space:nowrap">31006128<a name="jp-observation-vitalsigns-code-cs-31006128"> </a></td><td>拡張期血圧（左下肢）</td></tr><tr><td style="white-space:nowrap">31006129<a name="jp-observation-vitalsigns-code-cs-31006129"> </a></td><td>収縮期血圧（左上肢）</td></tr><tr><td style="white-space:nowrap">31006130<a name="jp-observation-vitalsigns-code-cs-31006130"> </a></td><td>拡張期血圧（左上肢）</td></tr><tr><td style="white-space:nowrap">31006131<a name="jp-observation-vitalsigns-code-cs-31006131"> </a></td><td>収縮期血圧（右上肢）</td></tr><tr><td style="white-space:nowrap">31006132<a name="jp-observation-vitalsigns-code-cs-31006132"> </a></td><td>拡張期血圧（右上肢）</td></tr><tr><td style="white-space:nowrap">31006133<a name="jp-observation-vitalsigns-code-cs-31006133"> </a></td><td>収縮期血圧（動脈血）</td></tr><tr><td style="white-space:nowrap">31006134<a name="jp-observation-vitalsigns-code-cs-31006134"> </a></td><td>拡張期血圧（動脈血）</td></tr><tr><td style="white-space:nowrap">31006135<a name="jp-observation-vitalsigns-code-cs-31006135"> </a></td><td>収縮期血圧（非観血的モニター）</td></tr><tr><td style="white-space:nowrap">31006136<a name="jp-observation-vitalsigns-code-cs-31006136"> </a></td><td>拡張期血圧（非観血的モニター）</td></tr><tr><td style="white-space:nowrap">31006137<a name="jp-observation-vitalsigns-code-cs-31006137"> </a></td><td>収縮期血圧（観血的モニター）</td></tr><tr><td style="white-space:nowrap">31006138<a name="jp-observation-vitalsigns-code-cs-31006138"> </a></td><td>拡張期血圧（観血的モニター）</td></tr><tr><td style="white-space:nowrap">31006139<a name="jp-observation-vitalsigns-code-cs-31006139"> </a></td><td>収縮期血圧（立位）</td></tr><tr><td style="white-space:nowrap">31006140<a name="jp-observation-vitalsigns-code-cs-31006140"> </a></td><td>拡張期血圧（立位）</td></tr><tr><td style="white-space:nowrap">31006141<a name="jp-observation-vitalsigns-code-cs-31006141"> </a></td><td>収縮期血圧（座位）</td></tr><tr><td style="white-space:nowrap">31006142<a name="jp-observation-vitalsigns-code-cs-31006142"> </a></td><td>拡張期血圧（座位）</td></tr><tr><td style="white-space:nowrap">31006143<a name="jp-observation-vitalsigns-code-cs-31006143"> </a></td><td>収縮期血圧（臥位）</td></tr><tr><td style="white-space:nowrap">31006144<a name="jp-observation-vitalsigns-code-cs-31006144"> </a></td><td>拡張期血圧（臥位）</td></tr><tr><td style="white-space:nowrap">31006272<a name="jp-observation-vitalsigns-code-cs-31006272"> </a></td><td>肺雑音</td></tr><tr><td style="white-space:nowrap">31006273<a name="jp-observation-vitalsigns-code-cs-31006273"> </a></td><td>副雑音</td></tr><tr><td style="white-space:nowrap">31006274<a name="jp-observation-vitalsigns-code-cs-31006274"> </a></td><td>肺胞呼吸音</td></tr><tr><td style="white-space:nowrap">31006356<a name="jp-observation-vitalsigns-code-cs-31006356"> </a></td><td>胎児心拍数（ドプラー）</td></tr><tr><td style="white-space:nowrap">31006357<a name="jp-observation-vitalsigns-code-cs-31006357"> </a></td><td>第１胎児心拍数</td></tr><tr><td style="white-space:nowrap">31006358<a name="jp-observation-vitalsigns-code-cs-31006358"> </a></td><td>第１胎児心拍数（ドプラー）</td></tr><tr><td style="white-space:nowrap">31006359<a name="jp-observation-vitalsigns-code-cs-31006359"> </a></td><td>第１胎児心拍数基線</td></tr><tr><td style="white-space:nowrap">31006360<a name="jp-observation-vitalsigns-code-cs-31006360"> </a></td><td>第１胎児心拍数基線細変動</td></tr><tr><td style="white-space:nowrap">31006361<a name="jp-observation-vitalsigns-code-cs-31006361"> </a></td><td>第１胎児心音聴取部位</td></tr><tr><td style="white-space:nowrap">31006362<a name="jp-observation-vitalsigns-code-cs-31006362"> </a></td><td>第１胎児心拍数一過性変動</td></tr><tr><td style="white-space:nowrap">31006363<a name="jp-observation-vitalsigns-code-cs-31006363"> </a></td><td>第１胎児の状態（ＣＴＧ）</td></tr><tr><td style="white-space:nowrap">31006364<a name="jp-observation-vitalsigns-code-cs-31006364"> </a></td><td>第１胎児胎動</td></tr><tr><td style="white-space:nowrap">31006365<a name="jp-observation-vitalsigns-code-cs-31006365"> </a></td><td>第２胎児心拍数</td></tr><tr><td style="white-space:nowrap">31006366<a name="jp-observation-vitalsigns-code-cs-31006366"> </a></td><td>第２胎児心拍数（ドプラー）</td></tr><tr><td style="white-space:nowrap">31006367<a name="jp-observation-vitalsigns-code-cs-31006367"> </a></td><td>第２胎児心拍数基線</td></tr><tr><td style="white-space:nowrap">31006368<a name="jp-observation-vitalsigns-code-cs-31006368"> </a></td><td>第２胎児心拍数基線細変動</td></tr><tr><td style="white-space:nowrap">31006369<a name="jp-observation-vitalsigns-code-cs-31006369"> </a></td><td>第２胎児心音聴取部位</td></tr><tr><td style="white-space:nowrap">31006370<a name="jp-observation-vitalsigns-code-cs-31006370"> </a></td><td>第２胎児心拍数一過性変動</td></tr><tr><td style="white-space:nowrap">31006371<a name="jp-observation-vitalsigns-code-cs-31006371"> </a></td><td>第２胎児の状態（ＣＴＧ）</td></tr><tr><td style="white-space:nowrap">31006372<a name="jp-observation-vitalsigns-code-cs-31006372"> </a></td><td>第２胎児胎動</td></tr><tr><td style="white-space:nowrap">31006373<a name="jp-observation-vitalsigns-code-cs-31006373"> </a></td><td>第３胎児心拍数</td></tr><tr><td style="white-space:nowrap">31006374<a name="jp-observation-vitalsigns-code-cs-31006374"> </a></td><td>第３胎児心拍数（ドプラー）</td></tr><tr><td style="white-space:nowrap">31006375<a name="jp-observation-vitalsigns-code-cs-31006375"> </a></td><td>第３胎児心拍数基線</td></tr><tr><td style="white-space:nowrap">31006376<a name="jp-observation-vitalsigns-code-cs-31006376"> </a></td><td>第３胎児心拍数基線細変動</td></tr><tr><td style="white-space:nowrap">31006377<a name="jp-observation-vitalsigns-code-cs-31006377"> </a></td><td>第３胎児心音聴取部位</td></tr><tr><td style="white-space:nowrap">31006378<a name="jp-observation-vitalsigns-code-cs-31006378"> </a></td><td>第３胎児心拍数一過性変動</td></tr><tr><td style="white-space:nowrap">31006379<a name="jp-observation-vitalsigns-code-cs-31006379"> </a></td><td>第３胎児の状態（ＣＴＧ）</td></tr><tr><td style="white-space:nowrap">31006380<a name="jp-observation-vitalsigns-code-cs-31006380"> </a></td><td>第３胎児胎動</td></tr><tr><td style="white-space:nowrap">31006381<a name="jp-observation-vitalsigns-code-cs-31006381"> </a></td><td>第４胎児心拍数</td></tr><tr><td style="white-space:nowrap">31006382<a name="jp-observation-vitalsigns-code-cs-31006382"> </a></td><td>第４胎児心拍数（ドプラー）</td></tr><tr><td style="white-space:nowrap">31006383<a name="jp-observation-vitalsigns-code-cs-31006383"> </a></td><td>第４胎児心拍数基線</td></tr><tr><td style="white-space:nowrap">31006384<a name="jp-observation-vitalsigns-code-cs-31006384"> </a></td><td>第４胎児心拍数基線細変動</td></tr><tr><td style="white-space:nowrap">31006385<a name="jp-observation-vitalsigns-code-cs-31006385"> </a></td><td>第４胎児心音聴取部位</td></tr><tr><td style="white-space:nowrap">31006386<a name="jp-observation-vitalsigns-code-cs-31006386"> </a></td><td>第４胎児心拍数一過性変動</td></tr><tr><td style="white-space:nowrap">31006387<a name="jp-observation-vitalsigns-code-cs-31006387"> </a></td><td>第４胎児の状態（ＣＴＧ）</td></tr><tr><td style="white-space:nowrap">31006388<a name="jp-observation-vitalsigns-code-cs-31006388"> </a></td><td>第４胎児胎動</td></tr><tr><td style="white-space:nowrap">31006389<a name="jp-observation-vitalsigns-code-cs-31006389"> </a></td><td>第５胎児心拍数</td></tr><tr><td style="white-space:nowrap">31006390<a name="jp-observation-vitalsigns-code-cs-31006390"> </a></td><td>第５胎児心拍数（ドプラー）</td></tr><tr><td style="white-space:nowrap">31006391<a name="jp-observation-vitalsigns-code-cs-31006391"> </a></td><td>第５胎児心拍数基線</td></tr><tr><td style="white-space:nowrap">31006392<a name="jp-observation-vitalsigns-code-cs-31006392"> </a></td><td>第５胎児心拍数基線細変動</td></tr><tr><td style="white-space:nowrap">31006393<a name="jp-observation-vitalsigns-code-cs-31006393"> </a></td><td>第５胎児心音聴取部位</td></tr><tr><td style="white-space:nowrap">31006394<a name="jp-observation-vitalsigns-code-cs-31006394"> </a></td><td>第５胎児心拍数一過性変動</td></tr><tr><td style="white-space:nowrap">31006395<a name="jp-observation-vitalsigns-code-cs-31006395"> </a></td><td>第５胎児の状態（ＣＴＧ）</td></tr><tr><td style="white-space:nowrap">31006396<a name="jp-observation-vitalsigns-code-cs-31006396"> </a></td><td>第５胎児胎動</td></tr><tr><td style="white-space:nowrap">31006466<a name="jp-observation-vitalsigns-code-cs-31006466"> </a></td><td>血圧（立位）</td></tr><tr><td style="white-space:nowrap">31006467<a name="jp-observation-vitalsigns-code-cs-31006467"> </a></td><td>血圧（座位）</td></tr><tr><td style="white-space:nowrap">31006468<a name="jp-observation-vitalsigns-code-cs-31006468"> </a></td><td>血圧（臥位）</td></tr><tr><td style="white-space:nowrap">31006469<a name="jp-observation-vitalsigns-code-cs-31006469"> </a></td><td>収縮期肺動脈圧（ＰＡＰ）</td></tr><tr><td style="white-space:nowrap">31006470<a name="jp-observation-vitalsigns-code-cs-31006470"> </a></td><td>拡張期肺動脈圧（ＰＡＰ）</td></tr><tr><td style="white-space:nowrap">31006707<a name="jp-observation-vitalsigns-code-cs-31006707"> </a></td><td>動脈触知（右尺骨動脈）</td></tr><tr><td style="white-space:nowrap">31006708<a name="jp-observation-vitalsigns-code-cs-31006708"> </a></td><td>動脈触知（左尺骨動脈）</td></tr></table></div>
  </text>
  <url value="http://jpfhir.jp/fhir/Common/CodeSystem/JP_ObservationVitalSignsCode_CS"/>
  <version value="1.1.0a"/>
  <name value="JP_ObservationVitalSignsCode_CS"/>
  <title value="JP Core Observation VitalSigns Code CodeSystem"/>
  <status value="draft"/>
  <date value="2022-08-26T09:32:46+00:00"/>
  <publisher value="FHIR Japanese implementation research working group in Japan Association of Medical Informatics (JAMI)"/>
  <contact>
    <name value="FHIR Japanese implementation research working group in Japan Association of Medical Informatics (JAMI)"/>
    <telecom>
      <system value="url"/>
      <value value="http://jpfhir.jp"/>
    </telecom>
    <telecom>
      <system value="email"/>
      <value value="office@hlfhir.jp"/>
    </telecom>
  </contact>
  <description value="Observation（バイタルサイン）で使用する項目コード"/>
  <jurisdiction>
    <coding>
      <system value="urn:iso:std:iso:3166"/>
      <code value="JP"/>
    </coding>
  </jurisdiction>
  <copyright value="FHIR Japanese implementation research working group in Japan Association of Medical Informatics (JAMI)"/>
  <caseSensitive value="true"/>
  <valueSet value="http://jpfhir.jp/fhir/Common/ValueSet/JP_ObservationVitalSignsCode_VS"/>
  <content value="complete"/>
  <count value="270"/>
  <concept>
    <code value="31000001"/>
    <display value="経皮的動脈血酸素飽和度（ＳＰＯ２）"/>
  </concept>
  <concept>
    <code value="31000525"/>
    <display value="努力呼吸"/>
  </concept>
  <concept>
    <code value="31000526"/>
    <display value="シーソー呼吸"/>
  </concept>
  <concept>
    <code value="31000527"/>
    <display value="鼻翼呼吸"/>
  </concept>
  <concept>
    <code value="31000528"/>
    <display value="浅表呼吸"/>
  </concept>
  <concept>
    <code value="31000529"/>
    <display value="肩呼吸"/>
  </concept>
  <concept>
    <code value="31000530"/>
    <display value="陥没呼吸"/>
  </concept>
  <concept>
    <code value="31000531"/>
    <display value="ヒュージョーンズ"/>
  </concept>
  <concept>
    <code value="31000533"/>
    <display value="呼吸数の異常"/>
  </concept>
  <concept>
    <code value="31000534"/>
    <display value="呼吸の深さの異常"/>
  </concept>
  <concept>
    <code value="31000535"/>
    <display value="呼吸リズム異常"/>
  </concept>
  <concept>
    <code value="31000537"/>
    <display value="口すぼめ呼吸"/>
  </concept>
  <concept>
    <code value="31000538"/>
    <display value="喘鳴"/>
  </concept>
  <concept>
    <code value="31000541"/>
    <display value="呼吸音減弱"/>
  </concept>
  <concept>
    <code value="31000542"/>
    <display value="呼吸音減弱（患側）"/>
  </concept>
  <concept>
    <code value="31000543"/>
    <display value="呼気延長"/>
  </concept>
  <concept>
    <code value="31000546"/>
    <display value="あえぎ呼吸"/>
  </concept>
  <concept>
    <code value="31000547"/>
    <display value="呼吸狭窄音"/>
  </concept>
  <concept>
    <code value="31000549"/>
    <display value="睡眠時無呼吸"/>
  </concept>
  <concept>
    <code value="31000550"/>
    <display value="睡眠時無呼吸"/>
  </concept>
  <concept>
    <code value="31000552"/>
    <display value="周期性呼吸"/>
  </concept>
  <concept>
    <code value="31000553"/>
    <display value="失調性呼吸"/>
  </concept>
  <concept>
    <code value="31000554"/>
    <display value="無呼吸"/>
  </concept>
  <concept>
    <code value="31000564"/>
    <display value="呼気喘鳴"/>
  </concept>
  <concept>
    <code value="31000573"/>
    <display value="動悸"/>
  </concept>
  <concept>
    <code value="31000575"/>
    <display value="不整脈"/>
  </concept>
  <concept>
    <code value="31000576"/>
    <display value="不整脈"/>
  </concept>
  <concept>
    <code value="31000577"/>
    <display value="不整脈の種類"/>
  </concept>
  <concept>
    <code value="31000578"/>
    <display value="不整脈の種類"/>
  </concept>
  <concept>
    <code value="31000579"/>
    <display value="ＳＴ変化"/>
  </concept>
  <concept>
    <code value="31000595"/>
    <display value="心拍数"/>
  </concept>
  <concept>
    <code value="31000596"/>
    <display value="心拍リズム不整"/>
  </concept>
  <concept>
    <code value="31000597"/>
    <display value="心雑音"/>
  </concept>
  <concept>
    <code value="31000598"/>
    <display value="心雑音の種類"/>
  </concept>
  <concept>
    <code value="31000599"/>
    <display value="心尖拍動"/>
  </concept>
  <concept>
    <code value="31000605"/>
    <display value="起立性低血圧"/>
  </concept>
  <concept>
    <code value="31000620"/>
    <display value="体表面皮膚温（前額部）"/>
  </concept>
  <concept>
    <code value="31000621"/>
    <display value="体表面皮膚温（胸部）"/>
  </concept>
  <concept>
    <code value="31000622"/>
    <display value="体表面皮膚温（左手掌部）"/>
  </concept>
  <concept>
    <code value="31000623"/>
    <display value="体表面皮膚温（右手掌部）"/>
  </concept>
  <concept>
    <code value="31000624"/>
    <display value="体表面皮膚温（左足底部）"/>
  </concept>
  <concept>
    <code value="31000625"/>
    <display value="体表面皮膚温（右足底部）"/>
  </concept>
  <concept>
    <code value="31001222"/>
    <display value="低血糖症状"/>
  </concept>
  <concept>
    <code value="31001234"/>
    <display value="傾眠"/>
  </concept>
  <concept>
    <code value="31001238"/>
    <display value="失見当識"/>
  </concept>
  <concept>
    <code value="31001246"/>
    <display value="鎮静スコア（Ｒａｍｓａｙ Ｓｃｏｒｅ）"/>
  </concept>
  <concept>
    <code value="31001254"/>
    <display value="意識障害"/>
  </concept>
  <concept>
    <code value="31001266"/>
    <display value="胎児心拍数基線"/>
  </concept>
  <concept>
    <code value="31001368"/>
    <display value="体温"/>
  </concept>
  <concept>
    <code value="31001369"/>
    <display value="呼吸数"/>
  </concept>
  <concept>
    <code value="31001390"/>
    <display value="脈拍数"/>
  </concept>
  <concept>
    <code value="31001551"/>
    <display value="体温（スワンガンズ深部体温モニター）"/>
  </concept>
  <concept>
    <code value="31001552"/>
    <display value="胎児心拍数"/>
  </concept>
  <concept>
    <code value="31001589"/>
    <display value="動脈触知（切断断端部）"/>
  </concept>
  <concept>
    <code value="31001613"/>
    <display value="動脈触知（ドプラー）"/>
  </concept>
  <concept>
    <code value="31001620"/>
    <display value="意識評価（ＧＣＳ－Ｅ）"/>
  </concept>
  <concept>
    <code value="31001621"/>
    <display value="意識評価（ＧＣＳ－Ｍ）"/>
  </concept>
  <concept>
    <code value="31001622"/>
    <display value="意識評価（ＧＣＳ－Ｖ）"/>
  </concept>
  <concept>
    <code value="31001623"/>
    <display value="意識評価（ＧＣＳ－合計）"/>
  </concept>
  <concept>
    <code value="31001657"/>
    <display value="意識評価（ＪＣＳ）"/>
  </concept>
  <concept>
    <code value="31001658"/>
    <display value="努力呼吸の種類"/>
  </concept>
  <concept>
    <code value="31001659"/>
    <display value="下顎呼吸"/>
  </concept>
  <concept>
    <code value="31001683"/>
    <display value="肺雑音（右）"/>
  </concept>
  <concept>
    <code value="31001684"/>
    <display value="肺雑音（左）"/>
  </concept>
  <concept>
    <code value="31001685"/>
    <display value="肺雑音（右上葉）"/>
  </concept>
  <concept>
    <code value="31001686"/>
    <display value="肺雑音（右中葉）"/>
  </concept>
  <concept>
    <code value="31001687"/>
    <display value="肺雑音（右下葉）"/>
  </concept>
  <concept>
    <code value="31001688"/>
    <display value="肺雑音（左上葉）"/>
  </concept>
  <concept>
    <code value="31001689"/>
    <display value="肺雑音（左下葉）"/>
  </concept>
  <concept>
    <code value="31001848"/>
    <display value="収縮期血圧"/>
  </concept>
  <concept>
    <code value="31001849"/>
    <display value="拡張期血圧"/>
  </concept>
  <concept>
    <code value="31001952"/>
    <display value="心電図モニター波形"/>
  </concept>
  <concept>
    <code value="31001953"/>
    <display value="Ａｆ（心房細動）"/>
  </concept>
  <concept>
    <code value="31001954"/>
    <display value="Ａｆ（心房細動）"/>
  </concept>
  <concept>
    <code value="31001955"/>
    <display value="ＡＦ（心房粗動）"/>
  </concept>
  <concept>
    <code value="31001956"/>
    <display value="ＡＦ（心房粗動）"/>
  </concept>
  <concept>
    <code value="31001957"/>
    <display value="ＶＦ（心室粗動）"/>
  </concept>
  <concept>
    <code value="31001958"/>
    <display value="ＶＦ（心室粗動）"/>
  </concept>
  <concept>
    <code value="31001959"/>
    <display value="Ｖｆ（心室細動）"/>
  </concept>
  <concept>
    <code value="31001960"/>
    <display value="Ｖｆ（心室細動）"/>
  </concept>
  <concept>
    <code value="31001961"/>
    <display value="ＶＴ（心室性頻拍）"/>
  </concept>
  <concept>
    <code value="31001962"/>
    <display value="ＶＴ（心室性頻拍）"/>
  </concept>
  <concept>
    <code value="31001963"/>
    <display value="ＰＳＶＴ（発作性上室性頻拍）"/>
  </concept>
  <concept>
    <code value="31001964"/>
    <display value="ＰＳＶＴ（発作性上室性頻拍）"/>
  </concept>
  <concept>
    <code value="31001965"/>
    <display value="ＰＶＣ（心室性期外収縮）"/>
  </concept>
  <concept>
    <code value="31001966"/>
    <display value="ＰＶＣ（心室性期外収縮）"/>
  </concept>
  <concept>
    <code value="31001967"/>
    <display value="ＰＶＣ（心室性期外収縮）回数"/>
  </concept>
  <concept>
    <code value="31001968"/>
    <display value="ＰＶＣ（心室性期外収縮）連発"/>
  </concept>
  <concept>
    <code value="31001969"/>
    <display value="ＰＡＣ（心房性期外収縮）"/>
  </concept>
  <concept>
    <code value="31001970"/>
    <display value="洞停止"/>
  </concept>
  <concept>
    <code value="31001971"/>
    <display value="二段脈"/>
  </concept>
  <concept>
    <code value="31001972"/>
    <display value="三段脈"/>
  </concept>
  <concept>
    <code value="31001973"/>
    <display value="ＲｏｎＴ現象"/>
  </concept>
  <concept>
    <code value="31001974"/>
    <display value="ＲｏｎＴ現象"/>
  </concept>
  <concept>
    <code value="31001975"/>
    <display value="ＷＰＷ症候群"/>
  </concept>
  <concept>
    <code value="31001976"/>
    <display value="第１度房室ブロック"/>
  </concept>
  <concept>
    <code value="31001977"/>
    <display value="第２度（モビッツＩ）房室ブロック"/>
  </concept>
  <concept>
    <code value="31001978"/>
    <display value="第２度（モビッツⅡ）房室ブロック"/>
  </concept>
  <concept>
    <code value="31001979"/>
    <display value="第３度房室ブロック"/>
  </concept>
  <concept>
    <code value="31001980"/>
    <display value="洞性不整脈"/>
  </concept>
  <concept>
    <code value="31001981"/>
    <display value="洞室ブロック"/>
  </concept>
  <concept>
    <code value="31001982"/>
    <display value="補充収縮"/>
  </concept>
  <concept>
    <code value="31001983"/>
    <display value="房室接合部性期外収縮"/>
  </concept>
  <concept>
    <code value="31001989"/>
    <display value="動脈触知（左後脛骨動脈）"/>
  </concept>
  <concept>
    <code value="31001990"/>
    <display value="動脈触知（右後脛骨動脈）"/>
  </concept>
  <concept>
    <code value="31001991"/>
    <display value="動脈触知（左大腿動脈）"/>
  </concept>
  <concept>
    <code value="31001992"/>
    <display value="動脈触知（右大腿動脈）"/>
  </concept>
  <concept>
    <code value="31001993"/>
    <display value="動脈触知（左膝窩動脈）"/>
  </concept>
  <concept>
    <code value="31001994"/>
    <display value="動脈触知（右膝窩動脈）"/>
  </concept>
  <concept>
    <code value="31001995"/>
    <display value="動脈触知（左上腕動脈）"/>
  </concept>
  <concept>
    <code value="31001996"/>
    <display value="動脈触知（右上腕動脈）"/>
  </concept>
  <concept>
    <code value="31001997"/>
    <display value="動脈触知（左頚動脈）"/>
  </concept>
  <concept>
    <code value="31001998"/>
    <display value="動脈触知（右頚動脈）"/>
  </concept>
  <concept>
    <code value="31002248"/>
    <display value="胎児心拍数基線細変動"/>
  </concept>
  <concept>
    <code value="31002258"/>
    <display value="胎児心音聴取部位"/>
  </concept>
  <concept>
    <code value="31002364"/>
    <display value="血圧（動脈血）"/>
  </concept>
  <concept>
    <code value="31002365"/>
    <display value="血圧"/>
  </concept>
  <concept>
    <code value="31002366"/>
    <display value="血圧（右下肢）"/>
  </concept>
  <concept>
    <code value="31002367"/>
    <display value="血圧（左下肢）"/>
  </concept>
  <concept>
    <code value="31002368"/>
    <display value="血圧（左上肢）"/>
  </concept>
  <concept>
    <code value="31002369"/>
    <display value="血圧（右上肢）"/>
  </concept>
  <concept>
    <code value="31002370"/>
    <display value="血圧（非観血的モニター）"/>
  </concept>
  <concept>
    <code value="31002477"/>
    <display value="肺雑音の種類"/>
  </concept>
  <concept>
    <code value="31002478"/>
    <display value="肺雑音の種類"/>
  </concept>
  <concept>
    <code value="31002823"/>
    <display value="一過性多呼吸"/>
  </concept>
  <concept>
    <code value="31002824"/>
    <display value="分時換気量"/>
  </concept>
  <concept>
    <code value="31002825"/>
    <display value="１回換気量"/>
  </concept>
  <concept>
    <code value="31002826"/>
    <display value="副雑音（右）"/>
  </concept>
  <concept>
    <code value="31002827"/>
    <display value="副雑音（左）"/>
  </concept>
  <concept>
    <code value="31002828"/>
    <display value="副雑音（右上葉）"/>
  </concept>
  <concept>
    <code value="31002829"/>
    <display value="副雑音（右中葉）"/>
  </concept>
  <concept>
    <code value="31002830"/>
    <display value="副雑音（右下葉）"/>
  </concept>
  <concept>
    <code value="31002831"/>
    <display value="副雑音（左上葉）"/>
  </concept>
  <concept>
    <code value="31002832"/>
    <display value="副雑音（左下葉）"/>
  </concept>
  <concept>
    <code value="31002833"/>
    <display value="副雑音の種類"/>
  </concept>
  <concept>
    <code value="31002834"/>
    <display value="副雑音の種類"/>
  </concept>
  <concept>
    <code value="31002835"/>
    <display value="肺音の種類"/>
  </concept>
  <concept>
    <code value="31002836"/>
    <display value="高調性連続性ラ音"/>
  </concept>
  <concept>
    <code value="31002837"/>
    <display value="低調性連続性ラ音"/>
  </concept>
  <concept>
    <code value="31002838"/>
    <display value="高調性連続音"/>
  </concept>
  <concept>
    <code value="31002839"/>
    <display value="低調性連続音"/>
  </concept>
  <concept>
    <code value="31002840"/>
    <display value="粗い断続性ラ音"/>
  </concept>
  <concept>
    <code value="31002841"/>
    <display value="細かい断続性ラ音"/>
  </concept>
  <concept>
    <code value="31002842"/>
    <display value="粗い断続音"/>
  </concept>
  <concept>
    <code value="31002843"/>
    <display value="細かい断続音"/>
  </concept>
  <concept>
    <code value="31002844"/>
    <display value="笛声音"/>
  </concept>
  <concept>
    <code value="31002845"/>
    <display value="いびき音"/>
  </concept>
  <concept>
    <code value="31002846"/>
    <display value="水泡音"/>
  </concept>
  <concept>
    <code value="31002847"/>
    <display value="捻髪音"/>
  </concept>
  <concept>
    <code value="31002848"/>
    <display value="胸膜摩擦音"/>
  </concept>
  <concept>
    <code value="31002854"/>
    <display value="体表面皮膚温（右上肢）"/>
  </concept>
  <concept>
    <code value="31002855"/>
    <display value="体表面皮膚温（左上肢）"/>
  </concept>
  <concept>
    <code value="31002856"/>
    <display value="体表面皮膚温（右下肢）"/>
  </concept>
  <concept>
    <code value="31002857"/>
    <display value="体表面皮膚温（左下肢）"/>
  </concept>
  <concept>
    <code value="31002866"/>
    <display value="自発呼吸"/>
  </concept>
  <concept>
    <code value="31002874"/>
    <display value="動脈触知（内顆）"/>
  </concept>
  <concept>
    <code value="31002875"/>
    <display value="動脈触知（右内顆）"/>
  </concept>
  <concept>
    <code value="31002876"/>
    <display value="動脈触知（左内顆）"/>
  </concept>
  <concept>
    <code value="31002883"/>
    <display value="直腸温"/>
  </concept>
  <concept>
    <code value="31002884"/>
    <display value="口腔温"/>
  </concept>
  <concept>
    <code value="31002885"/>
    <display value="膀胱温"/>
  </concept>
  <concept>
    <code value="31002886"/>
    <display value="食道温"/>
  </concept>
  <concept>
    <code value="31002887"/>
    <display value="腋窩温"/>
  </concept>
  <concept>
    <code value="31002888"/>
    <display value="肺動脈温"/>
  </concept>
  <concept>
    <code value="31002889"/>
    <display value="鼓膜温"/>
  </concept>
  <concept>
    <code value="31002903"/>
    <display value="胎児心拍数一過性変動"/>
  </concept>
  <concept>
    <code value="31002904"/>
    <display value="胎児の状態（ＣＴＧ）"/>
  </concept>
  <concept>
    <code value="31002954"/>
    <display value="過呼吸"/>
  </concept>
  <concept>
    <code value="31003288"/>
    <display value="動脈触知（後脛骨動脈）"/>
  </concept>
  <concept>
    <code value="31003289"/>
    <display value="動脈触知（大腿動脈）"/>
  </concept>
  <concept>
    <code value="31003290"/>
    <display value="動脈触知（膝窩動脈）"/>
  </concept>
  <concept>
    <code value="31003291"/>
    <display value="動脈触知（上腕動脈）"/>
  </concept>
  <concept>
    <code value="31003292"/>
    <display value="動脈触知（頚動脈）"/>
  </concept>
  <concept>
    <code value="31003952"/>
    <display value="動脈血酸素飽和度（ＳＡＯ２）"/>
  </concept>
  <concept>
    <code value="31003953"/>
    <display value="混合静脈血酸素飽和度（ＳＶＯ２）"/>
  </concept>
  <concept>
    <code value="31003954"/>
    <display value="肺動脈圧（ＰＡＰ）"/>
  </concept>
  <concept>
    <code value="31003955"/>
    <display value="平均肺動脈圧（МＰＡＰ）"/>
  </concept>
  <concept>
    <code value="31003956"/>
    <display value="肺動脈楔入圧（ＰＣＷＰ）"/>
  </concept>
  <concept>
    <code value="31003957"/>
    <display value="平均血圧（観血的モニター）"/>
  </concept>
  <concept>
    <code value="31003958"/>
    <display value="平均血圧（非観血的モニター）"/>
  </concept>
  <concept>
    <code value="31003959"/>
    <display value="血圧（観血的モニター）"/>
  </concept>
  <concept>
    <code value="31004100"/>
    <display value="多呼吸"/>
  </concept>
  <concept>
    <code value="31004101"/>
    <display value="頻呼吸"/>
  </concept>
  <concept>
    <code value="31004102"/>
    <display value="徐呼吸"/>
  </concept>
  <concept>
    <code value="31004103"/>
    <display value="チェーンストークス呼吸"/>
  </concept>
  <concept>
    <code value="31004104"/>
    <display value="ビオー呼吸"/>
  </concept>
  <concept>
    <code value="31004105"/>
    <display value="クスマウル呼吸"/>
  </concept>
  <concept>
    <code value="31005022"/>
    <display value="皮弁皮膚温"/>
  </concept>
  <concept>
    <code value="31005195"/>
    <display value="鎮静スコア（ＲＡＳＳ）"/>
  </concept>
  <concept>
    <code value="31006062"/>
    <display value="気管呼吸音"/>
  </concept>
  <concept>
    <code value="31006063"/>
    <display value="気管支呼吸音（右）"/>
  </concept>
  <concept>
    <code value="31006064"/>
    <display value="気管支呼吸音（左）"/>
  </concept>
  <concept>
    <code value="31006065"/>
    <display value="肺胞呼吸音（右）"/>
  </concept>
  <concept>
    <code value="31006066"/>
    <display value="肺胞呼吸音（左）"/>
  </concept>
  <concept>
    <code value="31006067"/>
    <display value="肺胞呼吸音（右上葉）"/>
  </concept>
  <concept>
    <code value="31006068"/>
    <display value="肺胞呼吸音（右中葉）"/>
  </concept>
  <concept>
    <code value="31006069"/>
    <display value="肺胞呼吸音（右下葉）"/>
  </concept>
  <concept>
    <code value="31006070"/>
    <display value="肺胞呼吸音（左上葉）"/>
  </concept>
  <concept>
    <code value="31006071"/>
    <display value="肺胞呼吸音（左下葉）"/>
  </concept>
  <concept>
    <code value="31006125"/>
    <display value="収縮期血圧（右下肢）"/>
  </concept>
  <concept>
    <code value="31006126"/>
    <display value="拡張期血圧（右下肢）"/>
  </concept>
  <concept>
    <code value="31006127"/>
    <display value="収縮期血圧（左下肢）"/>
  </concept>
  <concept>
    <code value="31006128"/>
    <display value="拡張期血圧（左下肢）"/>
  </concept>
  <concept>
    <code value="31006129"/>
    <display value="収縮期血圧（左上肢）"/>
  </concept>
  <concept>
    <code value="31006130"/>
    <display value="拡張期血圧（左上肢）"/>
  </concept>
  <concept>
    <code value="31006131"/>
    <display value="収縮期血圧（右上肢）"/>
  </concept>
  <concept>
    <code value="31006132"/>
    <display value="拡張期血圧（右上肢）"/>
  </concept>
  <concept>
    <code value="31006133"/>
    <display value="収縮期血圧（動脈血）"/>
  </concept>
  <concept>
    <code value="31006134"/>
    <display value="拡張期血圧（動脈血）"/>
  </concept>
  <concept>
    <code value="31006135"/>
    <display value="収縮期血圧（非観血的モニター）"/>
  </concept>
  <concept>
    <code value="31006136"/>
    <display value="拡張期血圧（非観血的モニター）"/>
  </concept>
  <concept>
    <code value="31006137"/>
    <display value="収縮期血圧（観血的モニター）"/>
  </concept>
  <concept>
    <code value="31006138"/>
    <display value="拡張期血圧（観血的モニター）"/>
  </concept>
  <concept>
    <code value="31006139"/>
    <display value="収縮期血圧（立位）"/>
  </concept>
  <concept>
    <code value="31006140"/>
    <display value="拡張期血圧（立位）"/>
  </concept>
  <concept>
    <code value="31006141"/>
    <display value="収縮期血圧（座位）"/>
  </concept>
  <concept>
    <code value="31006142"/>
    <display value="拡張期血圧（座位）"/>
  </concept>
  <concept>
    <code value="31006143"/>
    <display value="収縮期血圧（臥位）"/>
  </concept>
  <concept>
    <code value="31006144"/>
    <display value="拡張期血圧（臥位）"/>
  </concept>
  <concept>
    <code value="31006272"/>
    <display value="肺雑音"/>
  </concept>
  <concept>
    <code value="31006273"/>
    <display value="副雑音"/>
  </concept>
  <concept>
    <code value="31006274"/>
    <display value="肺胞呼吸音"/>
  </concept>
  <concept>
    <code value="31006356"/>
    <display value="胎児心拍数（ドプラー）"/>
  </concept>
  <concept>
    <code value="31006357"/>
    <display value="第１胎児心拍数"/>
  </concept>
  <concept>
    <code value="31006358"/>
    <display value="第１胎児心拍数（ドプラー）"/>
  </concept>
  <concept>
    <code value="31006359"/>
    <display value="第１胎児心拍数基線"/>
  </concept>
  <concept>
    <code value="31006360"/>
    <display value="第１胎児心拍数基線細変動"/>
  </concept>
  <concept>
    <code value="31006361"/>
    <display value="第１胎児心音聴取部位"/>
  </concept>
  <concept>
    <code value="31006362"/>
    <display value="第１胎児心拍数一過性変動"/>
  </concept>
  <concept>
    <code value="31006363"/>
    <display value="第１胎児の状態（ＣＴＧ）"/>
  </concept>
  <concept>
    <code value="31006364"/>
    <display value="第１胎児胎動"/>
  </concept>
  <concept>
    <code value="31006365"/>
    <display value="第２胎児心拍数"/>
  </concept>
  <concept>
    <code value="31006366"/>
    <display value="第２胎児心拍数（ドプラー）"/>
  </concept>
  <concept>
    <code value="31006367"/>
    <display value="第２胎児心拍数基線"/>
  </concept>
  <concept>
    <code value="31006368"/>
    <display value="第２胎児心拍数基線細変動"/>
  </concept>
  <concept>
    <code value="31006369"/>
    <display value="第２胎児心音聴取部位"/>
  </concept>
  <concept>
    <code value="31006370"/>
    <display value="第２胎児心拍数一過性変動"/>
  </concept>
  <concept>
    <code value="31006371"/>
    <display value="第２胎児の状態（ＣＴＧ）"/>
  </concept>
  <concept>
    <code value="31006372"/>
    <display value="第２胎児胎動"/>
  </concept>
  <concept>
    <code value="31006373"/>
    <display value="第３胎児心拍数"/>
  </concept>
  <concept>
    <code value="31006374"/>
    <display value="第３胎児心拍数（ドプラー）"/>
  </concept>
  <concept>
    <code value="31006375"/>
    <display value="第３胎児心拍数基線"/>
  </concept>
  <concept>
    <code value="31006376"/>
    <display value="第３胎児心拍数基線細変動"/>
  </concept>
  <concept>
    <code value="31006377"/>
    <display value="第３胎児心音聴取部位"/>
  </concept>
  <concept>
    <code value="31006378"/>
    <display value="第３胎児心拍数一過性変動"/>
  </concept>
  <concept>
    <code value="31006379"/>
    <display value="第３胎児の状態（ＣＴＧ）"/>
  </concept>
  <concept>
    <code value="31006380"/>
    <display value="第３胎児胎動"/>
  </concept>
  <concept>
    <code value="31006381"/>
    <display value="第４胎児心拍数"/>
  </concept>
  <concept>
    <code value="31006382"/>
    <display value="第４胎児心拍数（ドプラー）"/>
  </concept>
  <concept>
    <code value="31006383"/>
    <display value="第４胎児心拍数基線"/>
  </concept>
  <concept>
    <code value="31006384"/>
    <display value="第４胎児心拍数基線細変動"/>
  </concept>
  <concept>
    <code value="31006385"/>
    <display value="第４胎児心音聴取部位"/>
  </concept>
  <concept>
    <code value="31006386"/>
    <display value="第４胎児心拍数一過性変動"/>
  </concept>
  <concept>
    <code value="31006387"/>
    <display value="第４胎児の状態（ＣＴＧ）"/>
  </concept>
  <concept>
    <code value="31006388"/>
    <display value="第４胎児胎動"/>
  </concept>
  <concept>
    <code value="31006389"/>
    <display value="第５胎児心拍数"/>
  </concept>
  <concept>
    <code value="31006390"/>
    <display value="第５胎児心拍数（ドプラー）"/>
  </concept>
  <concept>
    <code value="31006391"/>
    <display value="第５胎児心拍数基線"/>
  </concept>
  <concept>
    <code value="31006392"/>
    <display value="第５胎児心拍数基線細変動"/>
  </concept>
  <concept>
    <code value="31006393"/>
    <display value="第５胎児心音聴取部位"/>
  </concept>
  <concept>
    <code value="31006394"/>
    <display value="第５胎児心拍数一過性変動"/>
  </concept>
  <concept>
    <code value="31006395"/>
    <display value="第５胎児の状態（ＣＴＧ）"/>
  </concept>
  <concept>
    <code value="31006396"/>
    <display value="第５胎児胎動"/>
  </concept>
  <concept>
    <code value="31006466"/>
    <display value="血圧（立位）"/>
  </concept>
  <concept>
    <code value="31006467"/>
    <display value="血圧（座位）"/>
  </concept>
  <concept>
    <code value="31006468"/>
    <display value="血圧（臥位）"/>
  </concept>
  <concept>
    <code value="31006469"/>
    <display value="収縮期肺動脈圧（ＰＡＰ）"/>
  </concept>
  <concept>
    <code value="31006470"/>
    <display value="拡張期肺動脈圧（ＰＡＰ）"/>
  </concept>
  <concept>
    <code value="31006707"/>
    <display value="動脈触知（右尺骨動脈）"/>
  </concept>
  <concept>
    <code value="31006708"/>
    <display value="動脈触知（左尺骨動脈）"/>
  </concept>
</CodeSystem>