<?xml version="1.0" encoding="UTF-8"?>

<CodeSystem xmlns="http://hl7.org/fhir">
  <id value="jp-procedure-outcome-codes-cs"/>
  <text>
    <status value="generated"/><div xmlns="http://www.w3.org/1999/xhtml"><p>This code system http://jpfhir.jp/fhir/Common/ValueSet/JP_ProcedureOutcomeCodes_CS defines the following codes:</p><table class="codes"><tr><td style="white-space:nowrap"><b>Code</b></td><td><b>Display</b></td></tr><tr><td style="white-space:nowrap">JPPOC001<a name="jp-procedure-outcome-codes-cs-JPPOC001"> </a></td><td>成功</td></tr><tr><td style="white-space:nowrap">JPPOC002<a name="jp-procedure-outcome-codes-cs-JPPOC002"> </a></td><td>不成功</td></tr><tr><td style="white-space:nowrap">JPPOC003<a name="jp-procedure-outcome-codes-cs-JPPOC003"> </a></td><td>一部成功</td></tr></table></div>
  </text>
  <url value="http://jpfhir.jp/fhir/Common/ValueSet/JP_ProcedureOutcomeCodes_CS"/>
  <version value="1.1.0a"/>
  <name value="JP_ProcedureOutcomeCodes_CS"/>
  <title value="JP Core Procedure Outcome Codes"/>
  <status value="draft"/>
  <date value="2022-08-15T05:20:48+00:00"/>
  <publisher value="FHIR Japanese implementation research working group in Japan Association of Medical Informatics (JAMI)"/>
  <contact>
    <name value="FHIR Japanese implementation research working group in Japan Association of Medical Informatics (JAMI)"/>
    <telecom>
      <system value="url"/>
      <value value="http://jpfhir.jp"/>
    </telecom>
    <telecom>
      <system value="email"/>
      <value value="office@hlfhir.jp"/>
    </telecom>
  </contact>
  <description value="処置が実施されたアウトカムを示すコード"/>
  <jurisdiction>
    <coding>
      <system value="urn:iso:std:iso:3166"/>
      <code value="JP"/>
    </coding>
  </jurisdiction>
  <copyright value="FHIR Japanese implementation research working group in Japan Association of Medical Informatics (JAMI)"/>
  <caseSensitive value="true"/>
  <content value="complete"/>
  <count value="3"/>
  <concept>
    <code value="JPPOC001"/>
    <display value="成功"/>
  </concept>
  <concept>
    <code value="JPPOC002"/>
    <display value="不成功"/>
  </concept>
  <concept>
    <code value="JPPOC003"/>
    <display value="一部成功"/>
  </concept>
</CodeSystem>