{"resourceType":"ValueSet","id":"jp-procedure-code-stem7-vs","text":{"status":"generated","div":"<div xmlns=\"http://www.w3.org/1999/xhtml\"><ul><li>Include all codes defined in <code>http://jpfhir.jp/fhir/core/CodeSystem/JP_ProcedureCodesSTEM7_CS</code></li></ul></div>"},"url":"http://jpfhir.jp/fhir/core/ValueSet/JP_ProcedureCodesSTEM7_VS","version":"1.1.2rc","name":"JP_ProcedureCodesSTEM7_VS","title":"JP Core Procedure Codes STEM7 ValueSet","status":"active","experimental":false,"date":"2022-10-24","publisher":"FHIR Japanese implementation research working group in Japan Association of Medical Informatics (JAMI)","contact":[{"name":"FHIR Japanese implementation research working group in Japan Association of Medical Informatics (JAMI)","telecom":[{"system":"url","value":"http://jpfhir.jp"},{"system":"email","value":"office@hlfhir.jp"}]}],"description":"処置のコード:外保連手術基幹コード(STEM7)の値セット","jurisdiction":[{"coding":[{"system":"urn:iso:std:iso:3166","code":"JPN"}]}],"copyright":"厚生労働省、一般社団法人外科系学会社会保険委員会連合（外保連）","compose":{"include":[{"system":"http://jpfhir.jp/fhir/core/CodeSystem/JP_ProcedureCodesSTEM7_CS"}]}}