{"resourceType":"ValueSet","id":"jp-observation-method-vs","text":{"status":"generated","div":"<div xmlns=\"http://www.w3.org/1999/xhtml\"><ul><li>Include all codes defined in <a href=\"CodeSystem-jp-observation-method-cs.html\"><code>http://jpfhir.jp/fhir/core/CodeSystem/JP_ObservationMethod_CS</code></a></li></ul></div>"},"url":"http://jpfhir.jp/fhir/core/ValueSet/JP_ObservationMethod_VS","version":"1.1.2rc","name":"JP_ObservationMethod_VS","title":"JP Core Observation Method ValueSet","status":"active","experimental":false,"date":"2022-10-24","publisher":"FHIR Japanese implementation research working group in Japan Association of Medical Informatics (JAMI)","contact":[{"name":"FHIR Japanese implementation research working group in Japan Association of Medical Informatics (JAMI)","telecom":[{"system":"url","value":"http://jpfhir.jp"},{"system":"email","value":"office@hlfhir.jp"}]}],"description":"Observationで使用する診察方法の値セット","jurisdiction":[{"coding":[{"system":"urn:iso:std:iso:3166","code":"JPN"}]}],"copyright":"Copyright FHIR Japanese implementation research working group in Japan Association of Medical Informatics (JAMI) 一般社団法人日本医療情報学会NeXEHRS課題研究会FHIR日本実装検討WG","compose":{"include":[{"system":"http://jpfhir.jp/fhir/core/CodeSystem/JP_ObservationMethod_CS"}]}}