<?xml version="1.0" encoding="UTF-8"?><CodeSystem xmlns="http://hl7.org/fhir"><id value="jp-medication-unit-merit9-cs"/><text><status value="generated"/><div xmlns="http://www.w3.org/1999/xhtml"><p>This code system <code>http://jpfhir.jp/fhir/Common/CodeSystem/JP_MedicationUnitMERIT9_CS</code> defines the following codes:</p><table class="codes"><tr><td style="white-space:nowrap"><b>Code</b></td><td><b>Display</b></td></tr><tr><td style="white-space:nowrap">PART<a name="jp-medication-unit-merit9-cs-PART"> </a></td><td>分</td></tr><tr><td style="white-space:nowrap">TIME<a name="jp-medication-unit-merit9-cs-TIME"> </a></td><td>回</td></tr><tr><td style="white-space:nowrap">KIND<a name="jp-medication-unit-merit9-cs-KIND"> </a></td><td>種</td></tr><tr><td style="white-space:nowrap">BOX<a name="jp-medication-unit-merit9-cs-BOX"> </a></td><td>箱</td></tr><tr><td style="white-space:nowrap">ROLL<a name="jp-medication-unit-merit9-cs-ROLL"> </a></td><td>巻</td></tr><tr><td style="white-space:nowrap">SHT<a name="jp-medication-unit-merit9-cs-SHT"> </a></td><td>枚</td></tr><tr><td style="white-space:nowrap">HON<a name="jp-medication-unit-merit9-cs-HON"> </a></td><td>本</td></tr><tr><td style="white-space:nowrap">PARI<a name="jp-medication-unit-merit9-cs-PARI"> </a></td><td>組</td></tr><tr><td style="white-space:nowrap">SET<a name="jp-medication-unit-merit9-cs-SET"> </a></td><td>セット</td></tr><tr><td style="white-space:nowrap">KO<a name="jp-medication-unit-merit9-cs-KO"> </a></td><td>個</td></tr><tr><td style="white-space:nowrap">TEAR<a name="jp-medication-unit-merit9-cs-TEAR"> </a></td><td>裂</td></tr><tr><td style="white-space:nowrap">DIR<a name="jp-medication-unit-merit9-cs-DIR"> </a></td><td>方向</td></tr><tr><td style="white-space:nowrap">TROC<a name="jp-medication-unit-merit9-cs-TROC"> </a></td><td>トローチ</td></tr><tr><td style="white-space:nowrap">AMP<a name="jp-medication-unit-merit9-cs-AMP"> </a></td><td>アンプル</td></tr><tr><td style="white-space:nowrap">CAP<a name="jp-medication-unit-merit9-cs-CAP"> </a></td><td>カプセル</td></tr><tr><td style="white-space:nowrap">TAB<a name="jp-medication-unit-merit9-cs-TAB"> </a></td><td>錠</td></tr><tr><td style="white-space:nowrap">PILL<a name="jp-medication-unit-merit9-cs-PILL"> </a></td><td>丸</td></tr><tr><td style="white-space:nowrap">PCK<a name="jp-medication-unit-merit9-cs-PCK"> </a></td><td>包</td></tr><tr><td style="white-space:nowrap">BTL<a name="jp-medication-unit-merit9-cs-BTL"> </a></td><td>瓶</td></tr><tr><td style="white-space:nowrap">BAG<a name="jp-medication-unit-merit9-cs-BAG"> </a></td><td>袋</td></tr><tr><td style="white-space:nowrap">BTLB<a name="jp-medication-unit-merit9-cs-BTLB"> </a></td><td>瓶（袋）</td></tr><tr><td style="white-space:nowrap">TUBE<a name="jp-medication-unit-merit9-cs-TUBE"> </a></td><td>管</td></tr><tr><td style="white-space:nowrap">SYRG<a name="jp-medication-unit-merit9-cs-SYRG"> </a></td><td>シリンジ</td></tr><tr><td style="white-space:nowrap">DOSE<a name="jp-medication-unit-merit9-cs-DOSE"> </a></td><td>回分</td></tr><tr><td style="white-space:nowrap">TEST<a name="jp-medication-unit-merit9-cs-TEST"> </a></td><td>テスト分</td></tr><tr><td style="white-space:nowrap">GCYL<a name="jp-medication-unit-merit9-cs-GCYL"> </a></td><td>ガラス筒</td></tr><tr><td style="white-space:nowrap">RODT<a name="jp-medication-unit-merit9-cs-RODT"> </a></td><td>桿錠</td></tr><tr><td style="white-space:nowrap">UNT<a name="jp-medication-unit-merit9-cs-UNT"> </a></td><td>単位</td></tr><tr><td style="white-space:nowrap">TTUN<a name="jp-medication-unit-merit9-cs-TTUN"> </a></td><td>万単位</td></tr><tr><td style="white-space:nowrap">FEET<a name="jp-medication-unit-merit9-cs-FEET"> </a></td><td>フィート</td></tr><tr><td style="white-space:nowrap">DROP<a name="jp-medication-unit-merit9-cs-DROP"> </a></td><td>滴</td></tr><tr><td style="white-space:nowrap">MG<a name="jp-medication-unit-merit9-cs-MG"> </a></td><td>ｍｇ</td></tr><tr><td style="white-space:nowrap">G<a name="jp-medication-unit-merit9-cs-G"> </a></td><td>ｇ</td></tr><tr><td style="white-space:nowrap">KG<a name="jp-medication-unit-merit9-cs-KG"> </a></td><td>ｋｇ</td></tr><tr><td style="white-space:nowrap">CC<a name="jp-medication-unit-merit9-cs-CC"> </a></td><td>ｃｃ</td></tr><tr><td style="white-space:nowrap">ML<a name="jp-medication-unit-merit9-cs-ML"> </a></td><td>ｍＬ</td></tr><tr><td style="white-space:nowrap">L<a name="jp-medication-unit-merit9-cs-L"> </a></td><td>Ｌ</td></tr><tr><td style="white-space:nowrap">MLV<a name="jp-medication-unit-merit9-cs-MLV"> </a></td><td>ｍＬＶ</td></tr><tr><td style="white-space:nowrap">VIL<a name="jp-medication-unit-merit9-cs-VIL"> </a></td><td>バイアル</td></tr><tr><td style="white-space:nowrap">CM<a name="jp-medication-unit-merit9-cs-CM"> </a></td><td>ｃｍ</td></tr><tr><td style="white-space:nowrap">CM2<a name="jp-medication-unit-merit9-cs-CM2"> </a></td><td>ｃｍ２</td></tr><tr><td style="white-space:nowrap">M<a name="jp-medication-unit-merit9-cs-M"> </a></td><td>ｍ</td></tr><tr><td style="white-space:nowrap">MCCI<a name="jp-medication-unit-merit9-cs-MCCI"> </a></td><td>μＣｉ</td></tr><tr><td style="white-space:nowrap">MCI<a name="jp-medication-unit-merit9-cs-MCI"> </a></td><td>ｍＣｉ</td></tr><tr><td style="white-space:nowrap">MCG<a name="jp-medication-unit-merit9-cs-MCG"> </a></td><td>μｇ</td></tr><tr><td style="white-space:nowrap">BKR<a name="jp-medication-unit-merit9-cs-BKR"> </a></td><td>管（瓶）</td></tr><tr><td style="white-space:nowrap">PIPE<a name="jp-medication-unit-merit9-cs-PIPE"> </a></td><td>筒</td></tr><tr><td style="white-space:nowrap">GBQ<a name="jp-medication-unit-merit9-cs-GBQ"> </a></td><td>ＧＢｑ</td></tr><tr><td style="white-space:nowrap">MGBQ<a name="jp-medication-unit-merit9-cs-MGBQ"> </a></td><td>ＭＢｑ</td></tr><tr><td style="white-space:nowrap">KBQ<a name="jp-medication-unit-merit9-cs-KBQ"> </a></td><td>ＫＢｑ</td></tr><tr><td style="white-space:nowrap">KIT<a name="jp-medication-unit-merit9-cs-KIT"> </a></td><td>キット</td></tr><tr><td style="white-space:nowrap">IUNT<a name="jp-medication-unit-merit9-cs-IUNT"> </a></td><td>国際単位</td></tr><tr><td style="white-space:nowrap">PAT<a name="jp-medication-unit-merit9-cs-PAT"> </a></td><td>患者当り</td></tr><tr><td style="white-space:nowrap">ATM<a name="jp-medication-unit-merit9-cs-ATM"> </a></td><td>気圧</td></tr><tr><td style="white-space:nowrap">CAN<a name="jp-medication-unit-merit9-cs-CAN"> </a></td><td>缶</td></tr><tr><td style="white-space:nowrap">OPE<a name="jp-medication-unit-merit9-cs-OPE"> </a></td><td>手術当り</td></tr><tr><td style="white-space:nowrap">VSL<a name="jp-medication-unit-merit9-cs-VSL"> </a></td><td>容器</td></tr><tr><td style="white-space:nowrap">MLG<a name="jp-medication-unit-merit9-cs-MLG"> </a></td><td>ｍＬ（ｇ）</td></tr><tr><td style="white-space:nowrap">BLST<a name="jp-medication-unit-merit9-cs-BLST"> </a></td><td>ブリスター</td></tr><tr><td style="white-space:nowrap">SHET<a name="jp-medication-unit-merit9-cs-SHET"> </a></td><td>シート</td></tr><tr><td style="white-space:nowrap">TUNT<a name="jp-medication-unit-merit9-cs-TUNT"> </a></td><td>千単位</td></tr><tr><td style="white-space:nowrap">TTIU<a name="jp-medication-unit-merit9-cs-TTIU"> </a></td><td>万国際単位</td></tr><tr><td style="white-space:nowrap">MEQ<a name="jp-medication-unit-merit9-cs-MEQ"> </a></td><td>ｍＥｑ</td></tr><tr><td style="white-space:nowrap">MCL<a name="jp-medication-unit-merit9-cs-MCL"> </a></td><td>μＬ</td></tr></table></div></text><url value="http://jpfhir.jp/fhir/Common/CodeSystem/JP_MedicationUnitMERIT9_CS"/><identifier><system value="urn:ietf:rfc:3986"/><value value="urn:oid:1.2.392.100495.20.2.101"/></identifier><version value="1.1.0a"/><name value="JP_MedicationUnitMERIT9_CS"/><title value="JP Core Medication MERIT9 Unit CodeSystem"/><status value="draft"/><date value="2022-09-12T20:40:29+00:00"/><publisher value="FHIR Japanese implementation research working group in Japan Association of Medical Informatics (JAMI)"/><contact><name value="FHIR Japanese implementation research working group in Japan Association of Medical Informatics (JAMI)"/><telecom><system value="url"/><value value="http://jpfhir.jp"/></telecom><telecom><system value="email"/><value value="office@hlfhir.jp"/></telecom></contact><description value="MERIT9医薬品単位略号のコードシステム"/><jurisdiction><coding><system value="urn:iso:std:iso:3166"/><code value="JP"/></coding></jurisdiction><copyright value="FHIR Japanese implementation research working group in Japan Association of Medical Informatics (JAMI)"/><caseSensitive value="true"/><content value="complete"/><count value="64"/><concept><code value="PART"/><display value="分"/></concept><concept><code value="TIME"/><display value="回"/></concept><concept><code value="KIND"/><display value="種"/></concept><concept><code value="BOX"/><display value="箱"/></concept><concept><code value="ROLL"/><display value="巻"/></concept><concept><code value="SHT"/><display value="枚"/></concept><concept><code value="HON"/><display value="本"/></concept><concept><code value="PARI"/><display value="組"/></concept><concept><code value="SET"/><display value="セット"/></concept><concept><code value="KO"/><display value="個"/></concept><concept><code value="TEAR"/><display value="裂"/></concept><concept><code value="DIR"/><display value="方向"/></concept><concept><code value="TROC"/><display value="トローチ"/></concept><concept><code value="AMP"/><display value="アンプル"/></concept><concept><code value="CAP"/><display value="カプセル"/></concept><concept><code value="TAB"/><display value="錠"/></concept><concept><code value="PILL"/><display value="丸"/></concept><concept><code value="PCK"/><display value="包"/></concept><concept><code value="BTL"/><display value="瓶"/></concept><concept><code value="BAG"/><display value="袋"/></concept><concept><code value="BTLB"/><display value="瓶（袋）"/></concept><concept><code value="TUBE"/><display value="管"/></concept><concept><code value="SYRG"/><display value="シリンジ"/></concept><concept><code value="DOSE"/><display value="回分"/></concept><concept><code value="TEST"/><display value="テスト分"/></concept><concept><code value="GCYL"/><display value="ガラス筒"/></concept><concept><code value="RODT"/><display value="桿錠"/></concept><concept><code value="UNT"/><display value="単位"/></concept><concept><code value="TTUN"/><display value="万単位"/></concept><concept><code value="FEET"/><display value="フィート"/></concept><concept><code value="DROP"/><display value="滴"/></concept><concept><code value="MG"/><display value="ｍｇ"/></concept><concept><code value="G"/><display value="ｇ"/></concept><concept><code value="KG"/><display value="ｋｇ"/></concept><concept><code value="CC"/><display value="ｃｃ"/></concept><concept><code value="ML"/><display value="ｍＬ"/></concept><concept><code value="L"/><display value="Ｌ"/></concept><concept><code value="MLV"/><display value="ｍＬＶ"/></concept><concept><code value="VIL"/><display value="バイアル"/></concept><concept><code value="CM"/><display value="ｃｍ"/></concept><concept><code value="CM2"/><display value="ｃｍ２"/></concept><concept><code value="M"/><display value="ｍ"/></concept><concept><code value="MCCI"/><display value="μＣｉ"/></concept><concept><code value="MCI"/><display value="ｍＣｉ"/></concept><concept><code value="MCG"/><display value="μｇ"/></concept><concept><code value="BKR"/><display value="管（瓶）"/></concept><concept><code value="PIPE"/><display value="筒"/></concept><concept><code value="GBQ"/><display value="ＧＢｑ"/></concept><concept><code value="MGBQ"/><display value="ＭＢｑ"/></concept><concept><code value="KBQ"/><display value="ＫＢｑ"/></concept><concept><code value="KIT"/><display value="キット"/></concept><concept><code value="IUNT"/><display value="国際単位"/></concept><concept><code value="PAT"/><display value="患者当り"/></concept><concept><code value="ATM"/><display value="気圧"/></concept><concept><code value="CAN"/><display value="缶"/></concept><concept><code value="OPE"/><display value="手術当り"/></concept><concept><code value="VSL"/><display value="容器"/></concept><concept><code value="MLG"/><display value="ｍＬ（ｇ）"/></concept><concept><code value="BLST"/><display value="ブリスター"/></concept><concept><code value="SHET"/><display value="シート"/></concept><concept><code value="TUNT"/><display value="千単位"/></concept><concept><code value="TTIU"/><display value="万国際単位"/></concept><concept><code value="MEQ"/><display value="ｍＥｑ"/></concept><concept><code value="MCL"/><display value="μＬ"/></concept></CodeSystem>