"Id","Path","Slice Name","Alias(s)","Label","Min","Max","Must Support?","Is Modifier?","Is Summary?","Type(s)","Short","Definition","Comments","Requirements","Default Value","Meaning When Missing","Fixed Value","Pattern","Example","Minimum Value","Maximum Value","Maximum Length","Binding Strength","Binding Description","Binding Value Set","Code","Slicing Discriminator","Slicing Description","Slicing Ordered","Slicing Rules","Base Path","Base Min","Base Max","Condition(s)","Constraint(s)","Mapping: HL7 v2 Mapping","Mapping: RIM Mapping","Mapping: ServD","Mapping: FiveWs Pattern Mapping"
"Organization","Organization","","","",0,*,"","","","null {[]} {[]}
","共通の目的を持った人や組織の集まり【詳細参照】","集団行動の何らかの形での達成を目的として結成された、正式または非公式に認められた人々または組織のグループ。企業、機関、企業、部門、コミュニティグループ、医療実践グループ、支払者/保険者などが含まれる。","","","","","","","","","",,,,,"",,,,"Organization",0,*,"","dom-2:もしリソースが他のリソースに含まれている場合、そのリソースにはネストされたリソースを含めてはなりません (moshi risōsu ga hoka no risōsu ni fukumarete iru baai, sono risōsu ni wa nesuto sareta risōsu o fukumete wa narimasen). {contained.contained.empty()}
dom-3:もしリソースが他のリソースに含まれている場合、それはリソースの他の場所から参照されるか、含まれるリソースに参照されるべきです。 {contained.where((('#'+id in (%resource.descendants().reference | %resource.descendants().as(canonical) | %resource.descendants().as(uri) | %resource.descendants().as(url))) or descendants().where(reference = '#').exists() or descendants().where(as(canonical) = '#').exists() or descendants().where(as(canonical) = '#').exists()).not()).trace('unmatched', id).empty()}dom-4:もしリソースが別のリソースの中に含まれる場合、meta.versionIdまたはmeta.lastUpdatedを持つべきではありません。 {contained.meta.versionId.empty() and contained.meta.lastUpdated.empty()}dom-5:「もしリソースが他のリソースに含まれている場合、セキュリティラベルを持つべきではありません。」 {contained.meta.security.empty()}dom-6:「資源は堅牢な管理のために物語を持つべきである。」 {text.`div`.exists()}org-1:「組織は少なくとも名前または識別子を持つ必要があり、おそらく1つ以上のものもあるかもしれません」 {(identifier.count() + name.count()) > 0}","(also see master files messages)","Entity. Role, or Act","Organization(classCode=ORG, determinerCode=INST)","Organization"
"Organization.id","Organization.id","","","",0,1,"","","Y","id {[]} {[]}
","このアーティファクトの論理ID","「リソースのURLで使用される論理ID。一度割り当てられたら、この値は変更されません。」","「リソースにIDがないのは、作成操作を使用してサーバーに送信されているときだけです。」","","","","","","","","",,,,,"",,,,"Resource.id",0,1,"",""
"Organization.meta","Organization.meta","","","",0,1,"","","Y","Meta {[]} {[]}
","「リソースに関するメタデータ」","リソースに関するメタデータ。これはインフラストラクチャによって維持されるコンテンツです。 コンテンツの変更は、リソースのバージョン変更と常に関連しているわけではありません。","","","","","","","","","",,,,,"",,,,"Resource.meta",0,1,"","ele-1:すべてのFHIR要素は、@valueまたはchildrenを持っている必要があります。 {hasValue() or (children().count() > id.count())}
"
"Organization.implicitRules","Organization.implicitRules","","","",0,1,"","Y","Y","uri {[]} {[]}
","このコンテンツが作成されたルールセット","「リソース構築時に遵守された一連のルールを指すものであり、コンテンツを処理する際に理解する必要があります。しばしば、特別なルールを定義する実装ガイドとその他のプロファイルなどを含むものです。」","このルールセットを主張することで、取引先の限られた集団にしか内容を理解させることができず、長期的にはデータの有用性が制限されます。しかしながら、現存するヘルスエコシステムは高度に分断化しており、一般的に計算可能な形式でデータを定義、収集、交換する準備が整っていません。できる限り、実装者および/または仕様ライターはこの要素の使用を避けるべきです。使用する場合、URLは、そのナラティブとともに他のプロファイル、値セットなどを含む実装ガイドを定義する参照となります。","","","","","","","","",,,,,"",,,,"Resource.implicitRules",0,1,"","ele-1:すべてのFHIR要素は、@valueまたはchildrenを持っている必要があります。 {hasValue() or (children().count() > id.count())}
"
"Organization.language","Organization.language","","","",0,1,"","","","code {[]} {[]}
","「リソースコンテンツの言語」(Risōsukontentsu no gengo)","「リソースが書かれている基本言語。」","言語はインデックスとアクセシビリティをサポートするために提供されます（通常、テキスト読み上げなどのサービスは言語タグを使用します）。物語のHTML言語タグは、物語に適用されます。リソース上の言語タグは、リソース内のデータから生成される他のプレゼンテーションの言語を指定するために使用できます。すべてのコンテンツが基本言語である必要はありません。Resource.languageは自動的に物語に適用されたと想定してはいけません。言語が指定されている場合、HTMLのdiv要素にも指定する必要があります（xml：langとhtml lang属性の関係に関する情報はHTML5の規則を参照）。","","","","","","","","",,"preferred","「人間の言語。」(Ningen no gengo.)","http://hl7.org/fhir/ValueSet/languages","",,,,"Resource.language",0,1,"","ele-1:すべてのFHIR要素は、@valueまたはchildrenを持っている必要があります。 {hasValue() or (children().count() > id.count())}
"
"Organization.text","Organization.text","","narrative
htmlxhtmldisplay","",0,1,"","","","Narrative {[]} {[]}
","「人間の解釈のためのリソースのテキスト要約」","「リソースの要約を含む人が読めるナビゲーションであり、リソースの内容を人に表現するために使用できます。ナビゲーションはすべての構造化されたデータをエンコードする必要はありませんが、人間がナビゲーションを読むだけで「臨床的に安全」であるために十分な詳細を含む必要があります。リソース定義には、臨床的な安全性を確保するためにナビゲーションで表現する必要があるコンテンツが定義される場合があります。」","含まれるリソースには説明がありません。含まれないリソースには説明が必要です。場合によっては、リソースが少量のデータしか含まず、テキストだけで表現されることがあります（minOccurs = 1要素がすべて満たされている限り）。これは、情報が「テキストの塊」としてキャプチャされるレガシーシステムからのデータや、テキストが生またはナレーションされて符号化された情報が後で追加される場合に必要な場合があります。","","","","","","","","",,,,,"",,,,"DomainResource.text",0,1,"","ele-1:すべてのFHIR要素は、@valueまたはchildrenを持っている必要があります。 {hasValue() or (children().count() > id.count())}
","Act.text?"
"Organization.contained","Organization.contained","","inline resources
anonymous resourcescontained resources","",0,*,"","","","Resource {[]} {[]}
","「含まれている、インラインのリソース」(Fukuma rete iru, inrain no risōsu)","「これらのリソースは、それらを含むリソースから独立した存在を持ちません。それらは独立して識別することはできず、独自の独立したトランザクション範囲を持つこともできません。」","「コンテンツが適切に識別できる場合には、これを行うべきではありません。識別が失われると、再び復元することは非常に困難であり（文脈に依存します）、メタ要素にプロファイルとタグを持つことができますが、セキュリティのラベルを持っていてはいけません。」","","","","","","","","",,,,,"",,,,"DomainResource.contained",0,*,"","","N/A"
"Organization.extension","Organization.extension","","","",0,*,"","","","Extension {[]} {[]}
","Extension","An Extension","","","","","","","","","",,,,,"","value:url}
","",,"open","DomainResource.extension",0,*,"","ele-1:すべてのFHIR要素は、@valueまたはchildrenを持っている必要があります。 {hasValue() or (children().count() > id.count())}
ext-1:「拡張機能または値[x]のいずれかが必要です。両方ではありません。」 {extension.exists() != value.exists()}"
"Organization.extension:prefectureNo","Organization.extension","prefectureNo","","",0,1,"","","","Extension {[CanonicalType[http://jpfhir.jp/fhir/core/Extension/StructureDefinition/JP_Organization_PrefectureNo]]} {[]}
","都道府県番号２桁を表現するExtension","都道府県番号２桁を表現するためのExtension。
JP Core Organizationプロファイルで利用されることを想定しているが、他のリソースでも利用可能である","都道府県番号２桁。Identifier型の拡張を使用する。  
valueには都道府県番号2桁の値を格納し、systemには都道府県番号を表すOID「1.2.392.100495.20.3.21」を指定する。","","","","","","","","",,,,,"",,,,"DomainResource.extension",0,*,"ele-1
","ele-1:すべてのFHIR要素には、@valueまたは子供が必要です / All FHIR elements must have a @value or children {hasValue() or (children().count() > id.count())}
ext-1:両方ではなく、拡張または値[x]が必要です / Must have either extensions or value[x], not both {extension.exists() != value.exists()}"
"Organization.extension:organizationCategory","Organization.extension","organizationCategory","","",0,1,"","","","Extension {[CanonicalType[http://jpfhir.jp/fhir/core/Extension/StructureDefinition/JP_Organization_InsuranceOrganizationCategory]]} {[]}
","点数表コード１桁（医科１、非保険検診施設２、歯科３、調剤４、訪問看護ステーション６）を表現するExtension【詳細参照】","点数表コード１桁を表現するためのExtension。 JP Core Organizationプロファイルで利用されることを想定しているが、他のリソースでも利用可能である","点数表コード１桁（医科１、非保険検診施設２、歯科３、調剤４、訪問看護ステーション６）。systemには点数表番号を表すOID「1.2.392.100495.20.3.22」を指定する。","","","","","","","","",,,,,"",,,,"DomainResource.extension",0,*,"ele-1
","ele-1:すべてのFHIR要素には、@valueまたは子供が必要です / All FHIR elements must have a @value or children {hasValue() or (children().count() > id.count())}
ext-1:両方ではなく、拡張または値[x]が必要です / Must have either extensions or value[x], not both {extension.exists() != value.exists()}"
"Organization.extension:organizationNo","Organization.extension","organizationNo","","",0,1,"","","","Extension {[CanonicalType[http://jpfhir.jp/fhir/core/Extension/StructureDefinition/JP_Organization_InsuranceOrganizationNo]]} {[]}
","医療機関コード（７桁）を表現するExtension【詳細参照】","保険医療機関番号７桁を表現するためのExtension。 JP Core Organizationプロファイルで利用されることを想定しているが、他のリソースでも利用可能である","医療機関コード（７桁）。Identifier型の拡張「InsuranceOrganizationNo」を使用する。  
systemには医療機関コードを表すOID「1.2.392.100495.20.3.23」を指定する。
valueには下記の値を格納する。  
- 保険医療機関・保険薬局 : `医療機関コード（７桁）`
- 非保険の特定健診・特定保健指導機関 : `機関コード（７桁）`

医療機関コードの詳しい説明は、Organizationプロファイルの医療機関コード１０桁の説明を参照すること。  
なお上記に該当しない施設は、本拡張は使用しない。","","","","","","","","",,,,,"",,,,"DomainResource.extension",0,*,"ele-1
","ele-1:すべてのFHIR要素には、@valueまたは子供が必要です / All FHIR elements must have a @value or children {hasValue() or (children().count() > id.count())}
ext-1:両方ではなく、拡張または値[x]が必要です / Must have either extensions or value[x], not both {extension.exists() != value.exists()}"
"Organization.modifierExtension","Organization.modifierExtension","","extensions
user content","",0,*,"","Y","","Extension {[]} {[]}
","無視できない拡張機能 (Mushi dekinai kakuchou kinou)","「リソースの基本的な定義に含まれない、要素の理解や、それを含む要素の子孫の理解を修正する追加情報を表すためにも使用されることがあります。通常、修飾要素は否定や修飾を提供します。拡張機能の使用を安全で管理しやすくするために、拡張機能の定義と使用に対して厳格な統治が適用されます。実装者は拡張機能を定義することが許可されていますが、拡張機能の定義の一部として満たす必要がある要件があります。リソースを処理するアプリケーションは、修飾子拡張をチェックする必要があります。修飾子拡張は、リソースまたはドメインリソースの任意の要素の意味を変更してはなりません（修飾子拡張自体の意味も変更できません）。」","どのようなアプリケーション、プロジェクト、または標準が拡張機能を使用しているかに関わらず、拡張機能の使用には決して汚名が付くわけではありません - それらを使用または定義する機関または管轄区域に関係なく。拡張機能の使用こそが、FHIR仕様を誰にとっても簡単なコアレベルで維持することを可能にします。","Modifier extensions allow for extensions that *cannot* be safely ignored to be clearly distinguished from the vast majority of extensions which can be safely ignored.  This promotes interoperability by eliminating the need for implementers to prohibit the presence of extensions. For further information, see the [definition of modifier extensions](http://hl7.org/fhir/R4/extensibility.html#modifierExtension).","","","","","","","",,,,,"",,,,"DomainResource.modifierExtension",0,*,"","ele-1:すべてのFHIR要素は、@valueまたはchildrenを持っている必要があります。 {hasValue() or (children().count() > id.count())}
ext-1:「拡張機能または値[x]のいずれかが必要です。両方ではありません。」 {extension.exists() != value.exists()}","N/A"
"Organization.identifier","Organization.identifier","","","",0,*,"","","Y","Identifier {[]} {[]}
","複数のシステムでこの組織を識別【詳細参照】","複数の異種システムにまたがって組織を識別するための識別子","福祉医療関連施設と保険者組織はSlicingについてはJP Coreにて定義を行なっているため、定義に従いデータを格納すること。それ以外の組織については、利用する際には必要に応じて識別子を定義を行なうこと。","組織は様々な ID で知られている。いくつかの機関では複数のIDを保持しており、ほとんどの機関では、組織に関する他の組織との交換のためにIDを収集している。","","","","","","","",,,,,"","value:system}
","",,"open","Organization.identifier",0,*,"org-1
","ele-1:すべてのFHIR要素は、@valueまたはchildrenを持っている必要があります。 {hasValue() or (children().count() > id.count())}
","XON.10 / XON.3",".scopes[Role](classCode=IDENT)","./Identifiers","FiveWs.identifier"
"Organization.identifier.id","Organization.identifier.id","","","",0,1,"","","","string {[]} {[]}
","要素間参照のための一意のID / Unique id for inter-element referencing","リソース内の要素の一意のID（内部参照用）。これは、スペースを含まない文字列値である場合があります。 / Unique id for the element within a resource (for internal references). This may be any string value that does not contain spaces.","","","","","","","","","",,,,,"",,,,"Element.id",0,1,"","","n/a"
"Organization.identifier.extension","Organization.identifier.extension","","extensions
user content","",0,*,"","","","Extension {[]} {[]}
","実装で定義された追加のコンテンツ / Additional content defined by implementations","要素の基本的な定義の一部ではない追加情報を表すために使用できます。拡張機能を安全で管理しやすくするために、拡張機能の定義と使用に適用される厳格なガバナンスセットがあります。実装者は拡張機能を定義できますが、拡張機能の定義の一部として満たされる一連の要件があります。 / May be used to represent additional information that is not part of the basic definition of the element. To make the use of extensions safe and manageable, there is a strict set of governance  applied to the definition and use of extensions. Though any implementer can define an extension, there is a set of requirements that SHALL be met as part of the definition of the extension.","拡張機能を使用または定義する機関や管轄権に関係なく、アプリケーション、プロジェクト、または標準による拡張機能の使用に関連するスティグマはありません。拡張機能の使用は、FHIR仕様がすべての人にコアレベルのシンプルさを保持できるようにするものです。 / There can be no stigma associated with the use of extensions by any application, project, or standard - regardless of the institution or jurisdiction that uses or defines the extensions.  The use of extensions is what allows the FHIR specification to retain a core level of simplicity for everyone.","","","","","","","","",,,,,"","value:url}
","Extensions are always sliced by (at least) url",,"open","Element.extension",0,*,"","ele-1:すべてのFHIR要素には、@valueまたは子供が必要です / All FHIR elements must have a @value or children {hasValue() or (children().count() > id.count())}
ext-1:両方ではなく、拡張または値[x]が必要です / Must have either extensions or value[x], not both {extension.exists() != value.exists()}","n/a"
"Organization.identifier.use","Organization.identifier.use","","","",0,1,"","Y","Y","code {[]} {[]}
","通常|公式|一時的|セカンダリ|古い（知られている場合） / usual | official | temp | secondary | old (If known)","この識別子の目的。 / The purpose of this identifier.","アプリケーションは、識別子が一時的なものであると明示的に言っていない限り、永続的であると想定できます。 / Applications can assume that an identifier is permanent unless it explicitly says that it is temporary.","特定の使用のコンテキストが一連の識別子の中から選択される適切な識別子を許可します。 / Allows the appropriate identifier for a particular context of use to be selected from among a set of identifiers.","","","","","","","",,"required","既知の場合、この識別子の目的を識別します。 / Identifies the purpose for this identifier, if known .","http://hl7.org/fhir/ValueSet/identifier-use|4.0.1","",,,,"Identifier.use",0,1,"","ele-1:すべてのFHIR要素には、@valueまたは子供が必要です / All FHIR elements must have a @value or children {hasValue() or (children().count() > id.count())}
","N/A","Role.code or implied by context"
"Organization.identifier.type","Organization.identifier.type","","","",0,1,"","","Y","CodeableConcept {[]} {[]}
","識別子の説明 / Description of identifier","特定の目的に使用する識別子を決定するために使用できる識別子のコード化されたタイプ。 / A coded type for the identifier that can be used to determine which identifier to use for a specific purpose.","この要素は、識別子の一般的なカテゴリのみを扱います。識別子。システムに対応するコードに使用しないでください。一部の識別子は、一般的な使用法により複数のカテゴリに分類される場合があります。システムがわかっている場合、タイプは常にシステム定義の一部であるため、タイプは不要です。ただし、システムが不明な識別子を処理する必要があることがよくあります。多くの異なるシステムが同じタイプを持っているため、タイプとシステムの間に1：1の関係はありません。 / This element deals only with general categories of identifiers.  It SHOULD not be used for codes that correspond 1..1 with the Identifier.system. Some identifiers may fall into multiple categories due to common usage.   Where the system is known, a type is unnecessary because the type is always part of the system definition. However systems often need to handle identifiers where the system is not known. There is not a 1:1 relationship between type and system, since many different systems have the same type.","識別子システムが不明な場合、ユーザーは識別子を使用できます。 / Allows users to make use of identifiers when the identifier system is not known.","","","","","","","",,"extensible","特定の目的に使用する識別子を決定するために使用できる識別子のコード化されたタイプ。 / A coded type for an identifier that can be used to determine which identifier to use for a specific purpose.","http://hl7.org/fhir/ValueSet/identifier-type","",,,,"Identifier.type",0,1,"","ele-1:すべてのFHIR要素には、@valueまたは子供が必要です / All FHIR elements must have a @value or children {hasValue() or (children().count() > id.count())}
","CX.5","Role.code or implied by context"
"Organization.identifier.system","Organization.identifier.system","","","",0,1,"","","Y","uri {[]} {[]}
","識別子値の名前空間 / The namespace for the identifier value","値の名前空間、つまり一意のセット値を記述するURLを確立します。 / Establishes the namespace for the value - that is, a URL that describes a set values that are unique.","識別子。システムは常にケースに敏感です。 / Identifier.system is always case sensitive.","識別子のセットがたくさんあります。2つの識別子を一致させるには、どのセットを扱っているかを知る必要があります。システムは、特定の一意の識別子セットを識別します。 / There are many sets  of identifiers.  To perform matching of two identifiers, we need to know what set we're dealing with. The system identifies a particular set of unique identifiers.","","","","","","","",,,,,"",,,,"Identifier.system",0,1,"","ele-1:すべてのFHIR要素には、@valueまたは子供が必要です / All FHIR elements must have a @value or children {hasValue() or (children().count() > id.count())}
","CX.4 / EI-2-4","II.root or Role.id.root","./IdentifierType"
"Organization.identifier.value","Organization.identifier.value","","","",0,1,"","","Y","string {[]} {[]}
","一意の値 / The value that is unique","通常、識別子の部分はユーザーに関連し、システムのコンテキスト内で一意のユーザーに関連しています。 / The portion of the identifier typically relevant to the user and which is unique within the context of the system.","値が完全なURIの場合、システムはurn：ietf：rfc：3986でなければなりません。値の主な目的は、計算マッピングです。その結果、比較目的で正規化される可能性があります（例えば、有意でない白文字、ダッシュなどの削除）ヒューマンディスプレイ用の値は、[レンダリングされた値拡張]（拡張レンダリングValue.html）を使用して伝達できます。識別子。価値は、識別子の知識を使用しない限り、ケースに敏感なものとして扱われます。システムにより、プロセッサーは、非セイズに固有の処理が安全であると確信できます。 / If the value is a full URI, then the system SHALL be urn:ietf:rfc:3986.  The value's primary purpose is computational mapping.  As a result, it may be normalized for comparison purposes (e.g. removing non-significant whitespace, dashes, etc.)  A value formatted for human display can be conveyed using the [Rendered Value extension](http://hl7.org/fhir/R4/extension-rendered-value.html). Identifier.value is to be treated as case sensitive unless knowledge of the Identifier.system allows the processer to be confident that non-case-sensitive processing is safe.","","","","","","","","",,,,,"",,,,"Identifier.value",0,1,"","ele-1:すべてのFHIR要素には、@valueまたは子供が必要です / All FHIR elements must have a @value or children {hasValue() or (children().count() > id.count())}
","CX.1 / EI.1","II.extension or II.root if system indicates OID or GUID (Or Role.id.extension or root)","./Value"
"Organization.identifier.period","Organization.identifier.period","","","",0,1,"","","Y","Period {[]} {[]}
","IDが使用に有効だった時間期間 / Time period when id is/was valid for use","識別子が使用される/有効な期間。 / Time period during which identifier is/was valid for use.","","","","","","","","","",,,,,"",,,,"Identifier.period",0,1,"","ele-1:すべてのFHIR要素には、@valueまたは子供が必要です / All FHIR elements must have a @value or children {hasValue() or (children().count() > id.count())}
","CX.7 + CX.8","Role.effectiveTime or implied by context","./StartDate and ./EndDate"
"Organization.identifier.assigner","Organization.identifier.assigner","","","",0,1,"","","Y","Reference {[]} {[CanonicalType[http://jpfhir.jp/fhir/core/StructureDefinition/JP_Organization]]}
","IDを発行した組織（単なるテキストである可能性があります） / Organization that issued id (may be just text)","識別子を発行/管理する組織。 / Organization that issued/manages the identifier.","識別子は、.reference要素を省略し、割り当て組織に関する名前またはその他のテキスト情報を反映した.display要素のみを含む場合があります。 / The Identifier.assigner may omit the .reference element and only contain a .display element reflecting the name or other textual information about the assigning organization.","","","","","","","","",,,,,"",,,,"Identifier.assigner",0,1,"","ele-1:すべてのFHIR要素には、@valueまたは子供が必要です / All FHIR elements must have a @value or children {hasValue() or (children().count() > id.count())}
","CX.4 / (CX.4,CX.9,CX.10)","II.assigningAuthorityName but note that this is an improper use by the definition of the field.  Also Role.scoper","./IdentifierIssuingAuthority"
"Organization.identifier:medicalInstitutionCode","Organization.identifier","medicalInstitutionCode","","",0,*,"","","Y","Identifier {[]} {[]}
","施設が福祉医療関連機関である場合に利用する識別子【詳細参照】","福祉医療施設を区別するため医療機関コード（１０桁）を格納するためのIdentifier/Slicing定義。","systemはFixed Valueの```http://jpfhir.jp/fhir/core/IdSystem/insurance-medical-institution-no```を使用する。　
value : ```医療機関コード（１０桁）```を使用する。 
医療機関コード（１０桁）の詳細はOrganizationプロファイルの医療機関コード１０桁の説明を参照すること。 ","Organizations are known by a variety of ids. Some institutions maintain several, and most collect identifiers for exchange with other organizations concerning the organization.","","","","","","","",,,,,"",,,,"Organization.identifier",0,*,"org-1
","ele-1:すべてのFHIR要素は、@valueまたはchildrenを持っている必要があります。 {hasValue() or (children().count() > id.count())}
","XON.10 / XON.3",".scopes[Role](classCode=IDENT)","./Identifiers","FiveWs.identifier"
"Organization.identifier:medicalInstitutionCode.id","Organization.identifier.id","","","",0,1,"","","","string {[]} {[]}
","要素間参照のための一意のID / Unique id for inter-element referencing","リソース内の要素の一意のID（内部参照用）。これは、スペースを含まない文字列値である場合があります。 / Unique id for the element within a resource (for internal references). This may be any string value that does not contain spaces.","","","","","","","","","",,,,,"",,,,"Element.id",0,1,"","","n/a"
"Organization.identifier:medicalInstitutionCode.extension","Organization.identifier.extension","","extensions
user content","",0,*,"","","","Extension {[]} {[]}
","実装で定義された追加のコンテンツ / Additional content defined by implementations","要素の基本的な定義の一部ではない追加情報を表すために使用できます。拡張機能を安全で管理しやすくするために、拡張機能の定義と使用に適用される厳格なガバナンスセットがあります。実装者は拡張機能を定義できますが、拡張機能の定義の一部として満たされる一連の要件があります。 / May be used to represent additional information that is not part of the basic definition of the element. To make the use of extensions safe and manageable, there is a strict set of governance  applied to the definition and use of extensions. Though any implementer can define an extension, there is a set of requirements that SHALL be met as part of the definition of the extension.","拡張機能を使用または定義する機関や管轄権に関係なく、アプリケーション、プロジェクト、または標準による拡張機能の使用に関連するスティグマはありません。拡張機能の使用は、FHIR仕様がすべての人にコアレベルのシンプルさを保持できるようにするものです。 / There can be no stigma associated with the use of extensions by any application, project, or standard - regardless of the institution or jurisdiction that uses or defines the extensions.  The use of extensions is what allows the FHIR specification to retain a core level of simplicity for everyone.","","","","","","","","",,,,,"","value:url}
","Extensions are always sliced by (at least) url",,"open","Element.extension",0,*,"","ele-1:すべてのFHIR要素には、@valueまたは子供が必要です / All FHIR elements must have a @value or children {hasValue() or (children().count() > id.count())}
ext-1:両方ではなく、拡張または値[x]が必要です / Must have either extensions or value[x], not both {extension.exists() != value.exists()}","n/a"
"Organization.identifier:medicalInstitutionCode.use","Organization.identifier.use","","","",0,1,"","Y","Y","code {[]} {[]}
","通常|公式|一時的|セカンダリ|古い（知られている場合） / usual | official | temp | secondary | old (If known)","この識別子の目的。 / The purpose of this identifier.","アプリケーションは、識別子が一時的なものであると明示的に言っていない限り、永続的であると想定できます。 / Applications can assume that an identifier is permanent unless it explicitly says that it is temporary.","特定の使用のコンテキストが一連の識別子の中から選択される適切な識別子を許可します。 / Allows the appropriate identifier for a particular context of use to be selected from among a set of identifiers.","","","","","","","",,"required","既知の場合、この識別子の目的を識別します。 / Identifies the purpose for this identifier, if known .","http://hl7.org/fhir/ValueSet/identifier-use|4.0.1","",,,,"Identifier.use",0,1,"","ele-1:すべてのFHIR要素には、@valueまたは子供が必要です / All FHIR elements must have a @value or children {hasValue() or (children().count() > id.count())}
","N/A","Role.code or implied by context"
"Organization.identifier:medicalInstitutionCode.type","Organization.identifier.type","","","",0,1,"","","Y","CodeableConcept {[]} {[]}
","識別子の説明 / Description of identifier","特定の目的に使用する識別子を決定するために使用できる識別子のコード化されたタイプ。 / A coded type for the identifier that can be used to determine which identifier to use for a specific purpose.","この要素は、識別子の一般的なカテゴリのみを扱います。識別子。システムに対応するコードに使用しないでください。一部の識別子は、一般的な使用法により複数のカテゴリに分類される場合があります。システムがわかっている場合、タイプは常にシステム定義の一部であるため、タイプは不要です。ただし、システムが不明な識別子を処理する必要があることがよくあります。多くの異なるシステムが同じタイプを持っているため、タイプとシステムの間に1：1の関係はありません。 / This element deals only with general categories of identifiers.  It SHOULD not be used for codes that correspond 1..1 with the Identifier.system. Some identifiers may fall into multiple categories due to common usage.   Where the system is known, a type is unnecessary because the type is always part of the system definition. However systems often need to handle identifiers where the system is not known. There is not a 1:1 relationship between type and system, since many different systems have the same type.","識別子システムが不明な場合、ユーザーは識別子を使用できます。 / Allows users to make use of identifiers when the identifier system is not known.","","","","","","","",,"extensible","特定の目的に使用する識別子を決定するために使用できる識別子のコード化されたタイプ。 / A coded type for an identifier that can be used to determine which identifier to use for a specific purpose.","http://hl7.org/fhir/ValueSet/identifier-type","",,,,"Identifier.type",0,1,"","ele-1:すべてのFHIR要素には、@valueまたは子供が必要です / All FHIR elements must have a @value or children {hasValue() or (children().count() > id.count())}
","CX.5","Role.code or implied by context"
"Organization.identifier:medicalInstitutionCode.system","Organization.identifier.system","","","",1,1,"","","Y","uri {[]} {[]}
","識別子値の名前空間 / The namespace for the identifier value","値の名前空間、つまり一意のセット値を記述するURLを確立します。 / Establishes the namespace for the value - that is, a URL that describes a set values that are unique.","識別子。システムは常にケースに敏感です。 / Identifier.system is always case sensitive.","識別子のセットがたくさんあります。2つの識別子を一致させるには、どのセットを扱っているかを知る必要があります。システムは、特定の一意の識別子セットを識別します。 / There are many sets  of identifiers.  To perform matching of two identifiers, we need to know what set we're dealing with. The system identifies a particular set of unique identifiers.","","","<valueUri xmlns=""http://hl7.org/fhir"" value=""http://jpfhir.jp/fhir/core/IdSystem/insurance-medical-institution-no""/>","","","","",,,,,"",,,,"Identifier.system",0,1,"","ele-1:すべてのFHIR要素には、@valueまたは子供が必要です / All FHIR elements must have a @value or children {hasValue() or (children().count() > id.count())}
","CX.4 / EI-2-4","II.root or Role.id.root","./IdentifierType"
"Organization.identifier:medicalInstitutionCode.value","Organization.identifier.value","","","",0,1,"","","Y","string {[]} {[]}
","一意の値 / The value that is unique","通常、識別子の部分はユーザーに関連し、システムのコンテキスト内で一意のユーザーに関連しています。 / The portion of the identifier typically relevant to the user and which is unique within the context of the system.","値が完全なURIの場合、システムはurn：ietf：rfc：3986でなければなりません。値の主な目的は、計算マッピングです。その結果、比較目的で正規化される可能性があります（例えば、有意でない白文字、ダッシュなどの削除）ヒューマンディスプレイ用の値は、[レンダリングされた値拡張]（拡張レンダリングValue.html）を使用して伝達できます。識別子。価値は、識別子の知識を使用しない限り、ケースに敏感なものとして扱われます。システムにより、プロセッサーは、非セイズに固有の処理が安全であると確信できます。 / If the value is a full URI, then the system SHALL be urn:ietf:rfc:3986.  The value's primary purpose is computational mapping.  As a result, it may be normalized for comparison purposes (e.g. removing non-significant whitespace, dashes, etc.)  A value formatted for human display can be conveyed using the [Rendered Value extension](http://hl7.org/fhir/R4/extension-rendered-value.html). Identifier.value is to be treated as case sensitive unless knowledge of the Identifier.system allows the processer to be confident that non-case-sensitive processing is safe.","","","","","","","","",,,,,"",,,,"Identifier.value",0,1,"","ele-1:すべてのFHIR要素には、@valueまたは子供が必要です / All FHIR elements must have a @value or children {hasValue() or (children().count() > id.count())}
","CX.1 / EI.1","II.extension or II.root if system indicates OID or GUID (Or Role.id.extension or root)","./Value"
"Organization.identifier:medicalInstitutionCode.period","Organization.identifier.period","","","",0,1,"","","Y","Period {[]} {[]}
","IDが使用に有効だった時間期間 / Time period when id is/was valid for use","識別子が使用される/有効な期間。 / Time period during which identifier is/was valid for use.","","","","","","","","","",,,,,"",,,,"Identifier.period",0,1,"","ele-1:すべてのFHIR要素には、@valueまたは子供が必要です / All FHIR elements must have a @value or children {hasValue() or (children().count() > id.count())}
","CX.7 + CX.8","Role.effectiveTime or implied by context","./StartDate and ./EndDate"
"Organization.identifier:medicalInstitutionCode.assigner","Organization.identifier.assigner","","","",0,1,"","","Y","Reference {[]} {[CanonicalType[http://hl7.org/fhir/StructureDefinition/Organization]]}
","IDを発行した組織（単なるテキストである可能性があります） / Organization that issued id (may be just text)","識別子を発行/管理する組織。 / Organization that issued/manages the identifier.","識別子は、.reference要素を省略し、割り当て組織に関する名前またはその他のテキスト情報を反映した.display要素のみを含む場合があります。 / The Identifier.assigner may omit the .reference element and only contain a .display element reflecting the name or other textual information about the assigning organization.","","","","","","","","",,,,,"",,,,"Identifier.assigner",0,1,"","ele-1:すべてのFHIR要素には、@valueまたは子供が必要です / All FHIR elements must have a @value or children {hasValue() or (children().count() > id.count())}
","CX.4 / (CX.4,CX.9,CX.10)","II.assigningAuthorityName but note that this is an improper use by the definition of the field.  Also Role.scoper","./IdentifierIssuingAuthority"
"Organization.identifier:insurerNumber","Organization.identifier","insurerNumber","","",0,*,"","","Y","Identifier {[]} {[]}
","「この組織を複数のシステムで識別する」","「異なる複数のシステム上で組織を識別するために使用される組織の識別子」","健康保険組合などの保険者の保険者番号を表現する際のIdentifier表現に使用する
system要素には保険者番号を示すOID""urn:oid:1.2.392.100495.20.3.61""を指定する。","Organizations are known by a variety of ids. Some institutions maintain several, and most collect identifiers for exchange with other organizations concerning the organization.","","","","","","","",,,,,"",,,,"Organization.identifier",0,*,"org-1
","ele-1:すべてのFHIR要素は、@valueまたはchildrenを持っている必要があります。 {hasValue() or (children().count() > id.count())}
","XON.10 / XON.3",".scopes[Role](classCode=IDENT)","./Identifiers","FiveWs.identifier"
"Organization.identifier:insurerNumber.id","Organization.identifier.id","","","",0,1,"","","","string {[]} {[]}
","要素間参照のための一意のID / Unique id for inter-element referencing","リソース内の要素の一意のID（内部参照用）。これは、スペースを含まない文字列値である場合があります。 / Unique id for the element within a resource (for internal references). This may be any string value that does not contain spaces.","","","","","","","","","",,,,,"",,,,"Element.id",0,1,"","","n/a"
"Organization.identifier:insurerNumber.extension","Organization.identifier.extension","","extensions
user content","",0,*,"","","","Extension {[]} {[]}
","実装で定義された追加のコンテンツ / Additional content defined by implementations","要素の基本的な定義の一部ではない追加情報を表すために使用できます。拡張機能を安全で管理しやすくするために、拡張機能の定義と使用に適用される厳格なガバナンスセットがあります。実装者は拡張機能を定義できますが、拡張機能の定義の一部として満たされる一連の要件があります。 / May be used to represent additional information that is not part of the basic definition of the element. To make the use of extensions safe and manageable, there is a strict set of governance  applied to the definition and use of extensions. Though any implementer can define an extension, there is a set of requirements that SHALL be met as part of the definition of the extension.","拡張機能を使用または定義する機関や管轄権に関係なく、アプリケーション、プロジェクト、または標準による拡張機能の使用に関連するスティグマはありません。拡張機能の使用は、FHIR仕様がすべての人にコアレベルのシンプルさを保持できるようにするものです。 / There can be no stigma associated with the use of extensions by any application, project, or standard - regardless of the institution or jurisdiction that uses or defines the extensions.  The use of extensions is what allows the FHIR specification to retain a core level of simplicity for everyone.","","","","","","","","",,,,,"","value:url}
","Extensions are always sliced by (at least) url",,"open","Element.extension",0,*,"","ele-1:すべてのFHIR要素には、@valueまたは子供が必要です / All FHIR elements must have a @value or children {hasValue() or (children().count() > id.count())}
ext-1:両方ではなく、拡張または値[x]が必要です / Must have either extensions or value[x], not both {extension.exists() != value.exists()}","n/a"
"Organization.identifier:insurerNumber.use","Organization.identifier.use","","","",0,1,"","Y","Y","code {[]} {[]}
","通常|公式|一時的|セカンダリ|古い（知られている場合） / usual | official | temp | secondary | old (If known)","この識別子の目的。 / The purpose of this identifier.","アプリケーションは、識別子が一時的なものであると明示的に言っていない限り、永続的であると想定できます。 / Applications can assume that an identifier is permanent unless it explicitly says that it is temporary.","特定の使用のコンテキストが一連の識別子の中から選択される適切な識別子を許可します。 / Allows the appropriate identifier for a particular context of use to be selected from among a set of identifiers.","","","","","","","",,"required","既知の場合、この識別子の目的を識別します。 / Identifies the purpose for this identifier, if known .","http://hl7.org/fhir/ValueSet/identifier-use|4.0.1","",,,,"Identifier.use",0,1,"","ele-1:すべてのFHIR要素には、@valueまたは子供が必要です / All FHIR elements must have a @value or children {hasValue() or (children().count() > id.count())}
","N/A","Role.code or implied by context"
"Organization.identifier:insurerNumber.type","Organization.identifier.type","","","",0,1,"","","Y","CodeableConcept {[]} {[]}
","識別子の説明 / Description of identifier","特定の目的に使用する識別子を決定するために使用できる識別子のコード化されたタイプ。 / A coded type for the identifier that can be used to determine which identifier to use for a specific purpose.","この要素は、識別子の一般的なカテゴリのみを扱います。識別子。システムに対応するコードに使用しないでください。一部の識別子は、一般的な使用法により複数のカテゴリに分類される場合があります。システムがわかっている場合、タイプは常にシステム定義の一部であるため、タイプは不要です。ただし、システムが不明な識別子を処理する必要があることがよくあります。多くの異なるシステムが同じタイプを持っているため、タイプとシステムの間に1：1の関係はありません。 / This element deals only with general categories of identifiers.  It SHOULD not be used for codes that correspond 1..1 with the Identifier.system. Some identifiers may fall into multiple categories due to common usage.   Where the system is known, a type is unnecessary because the type is always part of the system definition. However systems often need to handle identifiers where the system is not known. There is not a 1:1 relationship between type and system, since many different systems have the same type.","識別子システムが不明な場合、ユーザーは識別子を使用できます。 / Allows users to make use of identifiers when the identifier system is not known.","","","","","","","",,"extensible","特定の目的に使用する識別子を決定するために使用できる識別子のコード化されたタイプ。 / A coded type for an identifier that can be used to determine which identifier to use for a specific purpose.","http://hl7.org/fhir/ValueSet/identifier-type","",,,,"Identifier.type",0,1,"","ele-1:すべてのFHIR要素には、@valueまたは子供が必要です / All FHIR elements must have a @value or children {hasValue() or (children().count() > id.count())}
","CX.5","Role.code or implied by context"
"Organization.identifier:insurerNumber.system","Organization.identifier.system","","","",1,1,"","","Y","uri {[]} {[]}
","識別子値の名前空間 / The namespace for the identifier value","値の名前空間、つまり一意のセット値を記述するURLを確立します。 / Establishes the namespace for the value - that is, a URL that describes a set values that are unique.","識別子。システムは常にケースに敏感です。 / Identifier.system is always case sensitive.","識別子のセットがたくさんあります。2つの識別子を一致させるには、どのセットを扱っているかを知る必要があります。システムは、特定の一意の識別子セットを識別します。 / There are many sets  of identifiers.  To perform matching of two identifiers, we need to know what set we're dealing with. The system identifies a particular set of unique identifiers.","","","<valueUri xmlns=""http://hl7.org/fhir"" value=""urn:oid:1.2.392.100495.20.3.61""/>","","","","",,,,,"",,,,"Identifier.system",0,1,"","ele-1:すべてのFHIR要素には、@valueまたは子供が必要です / All FHIR elements must have a @value or children {hasValue() or (children().count() > id.count())}
","CX.4 / EI-2-4","II.root or Role.id.root","./IdentifierType"
"Organization.identifier:insurerNumber.value","Organization.identifier.value","","","",0,1,"","","Y","string {[]} {[]}
","一意の値 / The value that is unique","通常、識別子の部分はユーザーに関連し、システムのコンテキスト内で一意のユーザーに関連しています。 / The portion of the identifier typically relevant to the user and which is unique within the context of the system.","値が完全なURIの場合、システムはurn：ietf：rfc：3986でなければなりません。値の主な目的は、計算マッピングです。その結果、比較目的で正規化される可能性があります（例えば、有意でない白文字、ダッシュなどの削除）ヒューマンディスプレイ用の値は、[レンダリングされた値拡張]（拡張レンダリングValue.html）を使用して伝達できます。識別子。価値は、識別子の知識を使用しない限り、ケースに敏感なものとして扱われます。システムにより、プロセッサーは、非セイズに固有の処理が安全であると確信できます。 / If the value is a full URI, then the system SHALL be urn:ietf:rfc:3986.  The value's primary purpose is computational mapping.  As a result, it may be normalized for comparison purposes (e.g. removing non-significant whitespace, dashes, etc.)  A value formatted for human display can be conveyed using the [Rendered Value extension](http://hl7.org/fhir/R4/extension-rendered-value.html). Identifier.value is to be treated as case sensitive unless knowledge of the Identifier.system allows the processer to be confident that non-case-sensitive processing is safe.","","","","","","","","",,,,,"",,,,"Identifier.value",0,1,"","ele-1:すべてのFHIR要素には、@valueまたは子供が必要です / All FHIR elements must have a @value or children {hasValue() or (children().count() > id.count())}
","CX.1 / EI.1","II.extension or II.root if system indicates OID or GUID (Or Role.id.extension or root)","./Value"
"Organization.identifier:insurerNumber.period","Organization.identifier.period","","","",0,1,"","","Y","Period {[]} {[]}
","IDが使用に有効だった時間期間 / Time period when id is/was valid for use","識別子が使用される/有効な期間。 / Time period during which identifier is/was valid for use.","","","","","","","","","",,,,,"",,,,"Identifier.period",0,1,"","ele-1:すべてのFHIR要素には、@valueまたは子供が必要です / All FHIR elements must have a @value or children {hasValue() or (children().count() > id.count())}
","CX.7 + CX.8","Role.effectiveTime or implied by context","./StartDate and ./EndDate"
"Organization.identifier:insurerNumber.assigner","Organization.identifier.assigner","","","",0,1,"","","Y","Reference {[]} {[CanonicalType[http://hl7.org/fhir/StructureDefinition/Organization]]}
","IDを発行した組織（単なるテキストである可能性があります） / Organization that issued id (may be just text)","識別子を発行/管理する組織。 / Organization that issued/manages the identifier.","識別子は、.reference要素を省略し、割り当て組織に関する名前またはその他のテキスト情報を反映した.display要素のみを含む場合があります。 / The Identifier.assigner may omit the .reference element and only contain a .display element reflecting the name or other textual information about the assigning organization.","","","","","","","","",,,,,"",,,,"Identifier.assigner",0,1,"","ele-1:すべてのFHIR要素には、@valueまたは子供が必要です / All FHIR elements must have a @value or children {hasValue() or (children().count() > id.count())}
","CX.4 / (CX.4,CX.9,CX.10)","II.assigningAuthorityName but note that this is an improper use by the definition of the field.  Also Role.scoper","./IdentifierIssuingAuthority"
"Organization.active","Organization.active","","","",0,1,"","Y","Y","boolean {[]} {[]}
","組織の記録がまだ有効に使われているかどうか【詳細参照】","このアクティブフラグは、組織を一時的に閉鎖したり、工事中であることを示すために使用されることを意図していない。代わりに、組織内の場所(複数可)は、中断されたステータスを持っている必要がある。一時停止の理由の詳細が必要な場合は、この要素の拡張子を使用する必要がある。

この要素は、リソースがエラーで作成されたことをマークするために使用される可能性があるため、修飾子としてラベル付けされている。","このアクティブなフラグは、組織を一時的に閉鎖したり、建設中のマークとして使用するために意図されていません。代わりに、組織内の場所に中断ステータスを設定する必要があります。中断の理由の詳細が必要な場合は、この要素の拡張機能を使用する必要があります。

この要素は修飾子としてラベル付けされています。これは、リソースが誤って作成されたことを示すために使用できるためです。","レコードが使用されなくなったことを示すためのフラグが必要で、一般的にUIではユーザのために非表示にする必要がある。","","This resource is generally assumed to be active if no value is provided for the active element","","","","","",,,,,"",,,,"Organization.active",0,1,"","ele-1:すべてのFHIR要素は、@valueまたはchildrenを持っている必要があります。 {hasValue() or (children().count() > id.count())}
","No equivalent in HL7 v2",".status","./Status (however this concept in ServD more covers why the organization is active or not, could be delisted, deregistered, not operational yet) this could alternatively be derived from ./StartDate and ./EndDate and given a context date.","FiveWs.status"
"Organization.type","Organization.type","","","",0,*,"","","Y","CodeableConcept {[]} {[]}
","組織の種類【詳細参照】","その種類の組織。","n組織は、企業、病棟、セクション、臨床チーム、政府部門などにすることができる。多くのアプリケーションでは、コードは、特定の組織を識別するために使用されている（と言う、病棟）別の同じタイプのものとは対照的に - これらは識別子ではなく、コードである。

複数のタイプが適切かどうかを検討する際には、異なるタイプが組織の異なるサブ領域に存在する可能性が高いため、子どもの組織の方がより適切な使用法であるかどうかを評価する必要がある。これは、宗教、学術、医療センターのように、タイプの価値観が直交する場合に使用される可能性が高い。

いくつかの法域では、このオプション性を単一のカーディナリティとしてプロファイルすると予想される。","これがある組織の種類を追跡することができる必要がある - 異なる組織の種類は、異なる用途を持っている。","","","","","","","",,"example","「組織を分類するために使用されます。」","http://hl7.org/fhir/ValueSet/organization-type","",,,,"Organization.type",0,*,"","ele-1:すべてのFHIR要素は、@valueまたはchildrenを持っている必要があります。 {hasValue() or (children().count() > id.count())}
","No equivalent in v2",".code","n/a","FiveWs.class"
"Organization.name","Organization.name","","","",0,1,"","","Y","string {[]} {[]}
","組織に使用されている名称【詳細参照】","組織に関連付けられた名前。","組織名が変更された場合は、旧名称をエイリアス欄に入れて検索で見つけられるようにすることを検討すべきである。","組織のラベルとして名前を使用する必要がある。","","","","","","","",,,,,"",,,,"Organization.name",0,1,"org-1
","ele-1:すべてのFHIR要素は、@valueまたはchildrenを持っている必要があります。 {hasValue() or (children().count() > id.count())}
","XON.1",".name",".PreferredName/Name"
"Organization.alias","Organization.alias","","","",0,*,"","","","string {[]} {[]}
","組織が知られている、または過去に知られていた別名のリスト【詳細参照】","組織がその名で知られている、または過去にその名で知られていた代替名のリスト。","これは、名前がいつ使用されたかを追跡することを目的としたものではなく、古い名前でも組織を特定できるように検索を支援することを目的としているため、別名や歴史的な名前に関連付けられた日付はない。","時間の経過とともに、場所や組織はさまざまな変化を経て、さまざまな名前で知ることができる。

組織が知っている前の名前を知るための検索には、非常に便利なことができる。","","","","","","","",,,,,"",,,,"Organization.alias",0,*,"","ele-1:すべてのFHIR要素は、@valueまたはchildrenを持っている必要があります。 {hasValue() or (children().count() > id.count())}
",".name"
"Organization.telecom","Organization.telecom","","","",0,*,"","","","ContactPoint {[]} {[]}
","組織の連絡先詳細【詳細参照】","組織の連絡先詳細","使用コード「home」は使用しないこと。これらの連絡先は、組織に雇用されている人や組織を代表する人の連絡先ではなく、組織自体の公式な連絡先であることに注意すること。","組織のヒューマンコンタクト。","","","","","","","",,,,,"",,,,"Organization.telecom",0,*,"org-3
","ele-1:すべてのFHIR要素は、@valueまたはchildrenを持っている必要があります。 {hasValue() or (children().count() > id.count())}
org-3:組織のテレコムは、家庭で使用することはできません。 {where(use = 'home').empty()}","ORC-22?",".telecom","./ContactPoints"
"Organization.telecom.id","Organization.telecom.id","","","",0,1,"","","","string {[]} {[]}
","エレメント相互参照のためのユニークID","リソース内の要素の固有ID（内部参照用）。これは、スペースを含まない任意の文字列値である可能性があります。","","","","","","","","","",,,,,"",,,,"Element.id",0,1,"","","n/a"
"Organization.telecom.extension","Organization.telecom.extension","","extensions
user content","",0,*,"","","","Extension {[]} {[]}
","実装によって定義される追加コンテンツ","「要素の基本的な定義に含まれない追加情報を表すために使用されることがあります。拡張機能の使用を安全かつ管理しやすくするために、定義および使用に適用される厳格なガバナンスのセットがあります。実装者は拡張機能を定義できますが、拡張機能の定義の一部として満たす必要のある要件のセットがあります。」","どのようなアプリケーション、プロジェクト、または標準が拡張機能を使用しているかに関わらず、拡張機能の使用には決して汚名が付くわけではありません - それらを使用または定義する機関または管轄区域に関係なく。拡張機能の使用こそが、FHIR仕様を誰にとっても簡単なコアレベルで維持することを可能にします。","","","","","","","","",,,,,"","value:url}
","拡張子は常にURLで切り片にされます。",,"open","Element.extension",0,*,"","ele-1:すべてのFHIR要素は、@valueまたはchildrenを持っている必要があります。 {hasValue() or (children().count() > id.count())}
ext-1:「拡張機能または値[x]のいずれかが必要です。両方ではありません。」 {extension.exists() != value.exists()}","n/a"
"Organization.telecom.system","Organization.telecom.system","","","",0,1,"","","Y","code {[]} {[]}
","phone | fax | email | pager | url | sms | other 【JP_Patient.telecomを参照。】","連絡先用通信フォーム - どの通信システムを使用するには接点が必要ですか。","連絡先の種別をValueSet(ContactPointSystem)より選択する。  　- phone : 電話　- fax : Fax 　- email : 電子メール　- pager : ポケットベル　- url : 電話、ファックス、ポケットベル、または電子メールアドレスではなく、URLとして表される連絡先。これはWebサイト、ブログ、Skype、Twitter、Facebookなどのさまざまな機関または個人の連絡先を対象としている。電子メールアドレスには使用しないこと。　- sms : SMSメッセージの送信に使用できる連絡先（携帯電話、一部の固定電話など）  　- other : 電話、Fax、ポケットベル、または電子メールアドレスではなく、URLとして表現できない連絡先。例：内部メールアドレス。これは、URLとして表現できる連絡先（Skype、Twitter、Facebookなど）には使用しないこと。","","","","","","","","",,"required","「連絡先のための通信フォーム。」","http://hl7.org/fhir/ValueSet/contact-point-system|4.0.1","",,,,"ContactPoint.system",0,1,"cpt-2
","ele-1:すべてのFHIR要素は、@valueまたはchildrenを持っている必要があります。 {hasValue() or (children().count() > id.count())}
","XTN.3","./scheme","./ContactPointType"
"Organization.telecom.value","Organization.telecom.value","","","",0,1,"","","Y","string {[]} {[]}
","実際の連絡先の詳細","指定されたコミュニケーションシステムに意味がある形式での実際の連絡先の詳細（電話番号または電子メールアドレス）を提供してください。","連絡先の番号やメールアドレス","Need to support legacy numbers that are not in a tightly controlled format.","","","","","","","",,,,,"",,,,"ContactPoint.value",0,1,"","ele-1:すべてのFHIR要素は、@valueまたはchildrenを持っている必要があります。 {hasValue() or (children().count() > id.count())}
","XTN.1 (or XTN.12)","./url","./Value"
"Organization.telecom.use","Organization.telecom.use","","","",0,1,"","Y","Y","code {[]} {[]}
"," work | temp | old | mobile - 連絡先の用途等 【JP_Patient.telecomを参照。】homeは使用しないこと。","「接点の目的を特定する。」(Setten no mokuteki wo tokutei suru.)","患者の連絡先の種別をValueSet(ContactPointUse)より選択する。  一時的なものまたは古いものであると明示しない限り、連絡先が最新とみなされる。
　- work : 職場
　- temp : 一時的
　- old : 以前の
　- mobile : モバイル機器","Need to track the way a person uses this contact, so a user can choose which is appropriate for their purpose.","","","","","","","",,"required","「接点の使用。」(Setten no shiyō.)","http://hl7.org/fhir/ValueSet/contact-point-use|4.0.1","",,,,"ContactPoint.use",0,1,"","ele-1:すべてのFHIR要素は、@valueまたはchildrenを持っている必要があります。 {hasValue() or (children().count() > id.count())}
","XTN.2 - but often indicated by field","unique(./use)","./ContactPointPurpose"
"Organization.telecom.rank","Organization.telecom.rank","","","",0,1,"","","Y","positiveInt {[]} {[]}
","「使用の優先順位を指定してください（1が最も優先度が高い）」","「一連のコンタクトを使う上で好ましい順序を指定します。ランク値が低いContactPointsの方が、ランク値が高いものよりも優先されます。」","連絡先の使用順序（1 = 最高）","","","","","","","","",,,,,"",,,,"ContactPoint.rank",0,1,"","ele-1:すべてのFHIR要素は、@valueまたはchildrenを持っている必要があります。 {hasValue() or (children().count() > id.count())}
","n/a","n/a"
"Organization.telecom.period","Organization.telecom.period","","","",0,1,"","","Y","Period {[]} {[]}
","「コンタクトポイントが使用されている時間帯」","「接点が使用されていた/現在使用中である時間期間」","連絡先が使用されていた/されている期間","","","","","","","","",,,,,"",,,,"ContactPoint.period",0,1,"","ele-1:すべてのFHIR要素は、@valueまたはchildrenを持っている必要があります。 {hasValue() or (children().count() > id.count())}
","N/A","./usablePeriod[type=""IVL<TS>""]","./StartDate and ./EndDate"
"Organization.address","Organization.address","","","",0,*,"","","","Address {[]} {[]}
","組織の住所【詳細参照】","組織の住所","組織は、用途や適用期間が異なる複数の住所を持っている場合がある。使用コード「home」は使用しないこと。","連絡、請求、または報告のために、組織のアドレスを追跡する必要がある場合がある。","","","","","","","",,,,,"",,,,"Organization.address",0,*,"org-2
","ele-1:すべてのFHIR要素は、@valueまたはchildrenを持っている必要があります。 {hasValue() or (children().count() > id.count())}
org-2:組織の住所は「家」として使用することはできません。 (Soshiki no juusho wa ""ie"" to shite shiyō suru koto wa dekimasen.) {where(use = 'home').empty()}","ORC-23?",".address","./PrimaryAddress and ./OtherAddresses"
"Organization.address.id","Organization.address.id","","","",0,1,"","","","string {[]} {[]}
","要素間参照のための一意のID / Unique id for inter-element referencing","リソース内の要素の一意のID（内部参照用）。これは、スペースを含まない文字列値である場合があります。 / Unique id for the element within a resource (for internal references). This may be any string value that does not contain spaces.","","","","","","","","","",,,,,"",,,,"Element.id",0,1,"","","n/a"
"Organization.address.extension","Organization.address.extension","","extensions
user content","",0,*,"","","","Extension {[]} {[]}
","実装で定義された追加のコンテンツ / Additional content defined by implementations","要素の基本的な定義の一部ではない追加情報を表すために使用できます。拡張機能を安全で管理しやすくするために、拡張機能の定義と使用に適用される厳格なガバナンスセットがあります。実装者は拡張機能を定義できますが、拡張機能の定義の一部として満たされる一連の要件があります。 / May be used to represent additional information that is not part of the basic definition of the element. To make the use of extensions safe and manageable, there is a strict set of governance  applied to the definition and use of extensions. Though any implementer can define an extension, there is a set of requirements that SHALL be met as part of the definition of the extension.","拡張機能を使用または定義する機関や管轄権に関係なく、アプリケーション、プロジェクト、または標準による拡張機能の使用に関連するスティグマはありません。拡張機能の使用は、FHIR仕様がすべての人にコアレベルのシンプルさを保持できるようにするものです。 / There can be no stigma associated with the use of extensions by any application, project, or standard - regardless of the institution or jurisdiction that uses or defines the extensions.  The use of extensions is what allows the FHIR specification to retain a core level of simplicity for everyone.","","","","","","","","",,,,,"","value:url}
","Extensions are always sliced by (at least) url",,"open","Element.extension",0,*,"","ele-1:すべてのFHIR要素には、@valueまたは子供が必要です / All FHIR elements must have a @value or children {hasValue() or (children().count() > id.count())}
ext-1:両方ではなく、拡張または値[x]が必要です / Must have either extensions or value[x], not both {extension.exists() != value.exists()}","n/a"
"Organization.address.use","Organization.address.use","","","",0,1,"","Y","Y","code {[]} {[]}
"," work | temp | old | billing - purpose of this address　住所の用途 【JP_Patient.address参照】使用コード「home」は使用しない。","The purpose of this address.
住所の用途","住所の用途をValueSet(AddressUse)より選択する。  
- work : 職場
- temp : 一時的
- old : 以前の
- billing : 請求書、インボイス、領収書などの送付用","多くのリストから適切なアドレスを選択できるようにします。 / Allows an appropriate address to be chosen from a list of many.","","","","","","","",,"required","アドレスの使用。 / The use of an address.","http://hl7.org/fhir/ValueSet/address-use|4.0.1","",,,,"Address.use",0,1,"","ele-1:すべてのFHIR要素には、@valueまたは子供が必要です / All FHIR elements must have a @value or children {hasValue() or (children().count() > id.count())}
","XAD.7","unique(./use)","./AddressPurpose"
"Organization.address.type","Organization.address.type","","","",0,1,"","","Y","code {[]} {[]}
","postal | physical | both 【JP_Patient.address参照】","住所（訪問できる住所）と郵送先住所（私書箱や気付住所など）を区別する。ほとんどのアドレスは両方。","住所の種類をValueSet(AddressType)より選択する。  
- postal : 郵送先 - 私書箱、気付の住所
- physical : 訪れることのできる物理的な住所
- both : postalとphysicalの両方","","","","","","","","",,"required","アドレスのタイプ（物理 /郵便）。 / The type of an address (physical / postal).","http://hl7.org/fhir/ValueSet/address-type|4.0.1","",,,,"Address.type",0,1,"","ele-1:すべてのFHIR要素には、@valueまたは子供が必要です / All FHIR elements must have a @value or children {hasValue() or (children().count() > id.count())}
","XAD.18","unique(./use)"
"Organization.address.text","Organization.address.text","","","",0,1,"","","Y","string {[]} {[]}
","住所のテキスト表現 【JP_Patient.address参照】","表示するアドレス全体を指定する  
例：郵便ラベル。これは、特定の部品の代わりに、または特定の部品と同様に提供される場合がある。","テキスト表現とパーツの両方を提供できる。アドレスを更新するアプリケーションは、テキストとパーツの両方が存在する場合、パーツにないコンテンツはテキストに含まれないようにする必要がある。  
- 住所を(都道府県や市町村などに)分離して管理していない場合は、textに入れる。  
- 住所を(都道府県や市町村などに)分離して管理している場合でも、まとめてtextに入れること。  
- 郵便番号は含めない。  

例：東京都文京区本郷7-3-1","レンダリング可能で、不コード化されていないフォーム。 / A renderable, unencoded form.","","","","","<valueString xmlns=""http://hl7.org/fhir"" value=""東京都文京区本郷7-3-1""/>","","",,,,,"",,,,"Address.text",0,1,"","ele-1:すべてのFHIR要素には、@valueまたは子供が必要です / All FHIR elements must have a @value or children {hasValue() or (children().count() > id.count())}
","XAD.1 + XAD.2 + XAD.3 + XAD.4 + XAD.5 + XAD.6","./formatted"
"Organization.address.line","Organization.address.line","","","",0,*,"","","Y","string {[]} {[]}
","ストリート名や番地など 【JP_Patient.address参照】","このコンポーネントには、家番号、アパート番号、通りの名前、通りの方向、P.O。が含まれる。ボックス番号、配達のヒント、および同様の住所情報など。","【JP Core仕様】state要素とcity要素で表現しなかったそのあとの住所部分を番地以降の部分も含めてすべていれる。  
英数字は半角でも全角でもよい。文字列の前後および途中に空白文字を含めないこと。  
繰り返し要素が許されているので、区切りを表現したい場合には、複数要素に分けて格納してもよい。  

例：本郷7-3-1  
例：大字石神９７６  
例：藤崎町大字藤崎字西村1-2 春山荘201号室","","","","","","<valueString xmlns=""http://hl7.org/fhir"" value=""本郷7-3-1""/>","","",,,,,"",,,,"Address.line",0,*,"","ele-1:すべてのFHIR要素には、@valueまたは子供が必要です / All FHIR elements must have a @value or children {hasValue() or (children().count() > id.count())}
","XAD.1 + XAD.2 (note: XAD.1 and XAD.2 have different meanings for a company address than for a person address)","AD.part[parttype = AL]","./StreetAddress (newline delimitted)"
"Organization.address.city","Organization.address.city","","Municpality
","",0,1,"","","Y","string {[]} {[]}
","市区町村名 【JP_Patient.address参照】","n市、町、郊外、村、その他のコミュニティまたは配達センターの名前。","１MBを超えないこと。  【JP Core仕様】郡市区町村部分だけを「郡」「市」「区」「町」「村」などの文字を含めて設定する。 例：文京区","","","","","","<valueString xmlns=""http://hl7.org/fhir"" value=""文京区""/>","","",,,,,"",,,,"Address.city",0,1,"","ele-1:すべてのFHIR要素には、@valueまたは子供が必要です / All FHIR elements must have a @value or children {hasValue() or (children().count() > id.count())}
","XAD.3","AD.part[parttype = CTY]","./Jurisdiction"
"Organization.address.district","Organization.address.district","","County
","",0,1,"","","Y","string {[]} {[]}
","地区名 【JP_Patient.address参照】","管理エリア（郡）の名前。 / The name of the administrative area (county).","【JP Core仕様】日本の住所では使用しない。","","","","","","","","",,,,,"",,,,"Address.district",0,1,"","ele-1:すべてのFHIR要素には、@valueまたは子供が必要です / All FHIR elements must have a @value or children {hasValue() or (children().count() > id.count())}
","XAD.9","AD.part[parttype = CNT | CPA]"
"Organization.address.state","Organization.address.state","","Province
Territory","",0,1,"","","Y","string {[]} {[]}
","国の次の地区単位 【JP_Patient.address参照】","国の主権が制限されている国のサブユニット。日本の場合、都道府県名。","１MBを超えないこと。  都道府県名。「都」「道」「府」「県」のそれぞれの文字を含める。 例：東京都","","","","","","<valueString xmlns=""http://hl7.org/fhir"" value=""東京都""/>","","",,,,,"",,,,"Address.state",0,1,"","ele-1:すべてのFHIR要素には、@valueまたは子供が必要です / All FHIR elements must have a @value or children {hasValue() or (children().count() > id.count())}
","XAD.4","AD.part[parttype = STA]","./Region"
"Organization.address.postalCode","Organization.address.postalCode","","Zip
","",0,1,"","","Y","string {[]} {[]}
","郵便番号 【JP_Patient.address参照】","郵便サービスによって定義された地域を指定する郵便番号。 / A postal code designating a region defined by the postal service.","郵便番号。日本の郵便番号の場合には3桁数字とハイフン1文字と4桁数字からなる半角８文字、または最初の3桁だけの3文字のいずれかとする。 例：113-8655","","","","","","<valueString xmlns=""http://hl7.org/fhir"" value=""113-8655""/>","","",,,,,"",,,,"Address.postalCode",0,1,"","ele-1:すべてのFHIR要素には、@valueまたは子供が必要です / All FHIR elements must have a @value or children {hasValue() or (children().count() > id.count())}
","XAD.5","AD.part[parttype = ZIP]","./PostalIdentificationCode"
"Organization.address.country","Organization.address.country","","","",0,1,"","","Y","string {[]} {[]}
","国名またはISO 3166コード　(ISO 3166 2 or 3文字こーど)","国-一般的に理解されている、または一般的に受け入れられている国の国名かコード。","ISO 3166 3文字コードは、人間が読める国名の代わりに使用する。  ISO 3166の2文字または3文字のコード.  日本であれば、jpまたはjpn","","","","","","","","",,,,,"",,,,"Address.country",0,1,"","ele-1:すべてのFHIR要素には、@valueまたは子供が必要です / All FHIR elements must have a @value or children {hasValue() or (children().count() > id.count())}
","XAD.6","AD.part[parttype = CNT]","./Country"
"Organization.address.period","Organization.address.period","","","",0,1,"","","Y","Period {[]} {[]}
","住所が使用されていた（いる）期間","住所が使用されていた（いる）期間","住所が使用されていた/されている期間。 期間は時間の範囲を指定する。使用状況はその期間全体に適用されるか、範囲から1つの値が適用される。  期間は、時間間隔（経過時間の測定値）には使用されない。","アドレスを履歴上の文脈に配置できるようにします。 / Allows addresses to be placed in historical context.","","","","","","","",,,,,"",,,,"Address.period",0,1,"","ele-1:すべてのFHIR要素には、@valueまたは子供が必要です / All FHIR elements must have a @value or children {hasValue() or (children().count() > id.count())}
","XAD.12 / XAD.13 + XAD.14","./usablePeriod[type=""IVL<TS>""]","./StartDate and ./EndDate"
"Organization.partOf","Organization.partOf","","","",0,1,"","","Y","Reference {[]} {[CanonicalType[http://jpfhir.jp/fhir/core/StructureDefinition/JP_Organization]]}
","【詳細参照】","この組織が一部を構成する組織","参照は、実際のFHIRリソースへの参照である必要があり、内容に辿り着ける（解決できる）必要がある（アクセス制御、一時的な使用不可などを考慮に入れる）。解決は、URLから取得するか、リソースタイプによって該当する場合は、絶対参照を正規URLとして扱い、ローカルレジストリ/リポジトリで検索することによって行うことができる。","Need to be able to track the hierarchy of organizations within an organization.","","","","","","","",,,,,"",,,,"Organization.partOf",0,1,"","ele-1:すべてのFHIR要素は、@valueまたはchildrenを持っている必要があります。 {hasValue() or (children().count() > id.count())}
","No equivalent in HL7 v2",".playedBy[classCode=Part].scoper","n/a"
"Organization.contact","Organization.contact","","","",0,*,"","","","BackboneElement {[]} {[]}
","特定の目的のための組織の連絡先【詳細参照】","特定の目的のための組織の連絡先","同じ目的で複数の連絡先が提供されている場合、どの連絡先を使用するのが好ましいかを判断するために使用できる標準の拡張extension がある。","より大きな組織内で割り当てられた連絡先を追跡する必要がある。","","","","","","","",,,,,"",,,,"Organization.contact",0,*,"","ele-1:すべてのFHIR要素は、@valueまたはchildrenを持っている必要があります。 {hasValue() or (children().count() > id.count())}
",".contactParty"
"Organization.contact.id","Organization.contact.id","","","",0,1,"","","","string {[]} {[]}
","エレメント相互参照のためのユニークID","リソース内の要素の固有ID（内部参照用）。これは、スペースを含まない任意の文字列値である可能性があります。","","","","","","","","","",,,,,"",,,,"Element.id",0,1,"","","n/a"
"Organization.contact.extension","Organization.contact.extension","","extensions
user content","",0,*,"","","","Extension {[]} {[]}
","実装によって定義される追加コンテンツ","「要素の基本的な定義に含まれない追加情報を表すために使用されることがあります。拡張機能の使用を安全かつ管理しやすくするために、定義および使用に適用される厳格なガバナンスのセットがあります。実装者は拡張機能を定義できますが、拡張機能の定義の一部として満たす必要のある要件のセットがあります。」","どのようなアプリケーション、プロジェクト、または標準が拡張機能を使用しているかに関わらず、拡張機能の使用には決して汚名が付くわけではありません - それらを使用または定義する機関または管轄区域に関係なく。拡張機能の使用こそが、FHIR仕様を誰にとっても簡単なコアレベルで維持することを可能にします。","","","","","","","","",,,,,"",,,,"Element.extension",0,*,"","ele-1:すべてのFHIR要素は、@valueまたはchildrenを持っている必要があります。 {hasValue() or (children().count() > id.count())}
ext-1:「拡張機能または値[x]のいずれかが必要です。両方ではありません。」 {extension.exists() != value.exists()}","n/a"
"Organization.contact.modifierExtension","Organization.contact.modifierExtension","","extensions
user contentmodifiers","",0,*,"","Y","Y","Extension {[]} {[]}
","「認識されなくても無視できない拡張機能」(Ninshiki sarenakutemo mushi dekinai kakuchou kinou)","「基本的な要素の定義に含まれない追加情報を表すために使用されることがあり、それによって、その要素自体または取り込んでいる要素の子孫の理解を修正する。修飾子要素は通常、否定または修飾を提供します。拡張機能の安全で管理しやすい使用を実現するために、定義および使用に厳しいガバナンスセットが適用されています。どの実装者でも拡張機能を定義できますが、拡張機能の定義の一部として満たす必要がある要件があります。リソースを処理するアプリケーションは、修飾子拡張子をチェックする必要があります。

修飾子拡張機能は、リソースまたはドメインリソースの任意の要素の意味を変更してはなりません（修飾子拡張自体の意味を変更することもできません）。」","どのようなアプリケーション、プロジェクト、または標準が拡張機能を使用しているかに関わらず、拡張機能の使用には決して汚名が付くわけではありません - それらを使用または定義する機関または管轄区域に関係なく。拡張機能の使用こそが、FHIR仕様を誰にとっても簡単なコアレベルで維持することを可能にします。","Modifier extensions allow for extensions that *cannot* be safely ignored to be clearly distinguished from the vast majority of extensions which can be safely ignored.  This promotes interoperability by eliminating the need for implementers to prohibit the presence of extensions. For further information, see the [definition of modifier extensions](http://hl7.org/fhir/R4/extensibility.html#modifierExtension).","","","","","","","",,,,,"",,,,"BackboneElement.modifierExtension",0,*,"","ele-1:すべてのFHIR要素は、@valueまたはchildrenを持っている必要があります。 {hasValue() or (children().count() > id.count())}
ext-1:「拡張機能または値[x]のいずれかが必要です。両方ではありません。」 {extension.exists() != value.exists()}","N/A"
"Organization.contact.purpose","Organization.contact.purpose","","","",0,1,"","","","CodeableConcept {[]} {[]}
","""接触の種類"" (Sesshoku no shurui)","「連絡先に到達できる目的を示しています。」","","Need to distinguish between multiple contact persons.","","","","","","","",,"extensible","「連絡を取りたい目的のための連絡先」となります。","http://hl7.org/fhir/ValueSet/contactentity-type","",,,,"Organization.contact.purpose",0,1,"","ele-1:すべてのFHIR要素は、@valueまたはchildrenを持っている必要があります。 {hasValue() or (children().count() > id.count())}
","./type"
"Organization.contact.name","Organization.contact.name","","","",0,1,"","","","HumanName {[CanonicalType[http://jpfhir.jp/fhir/core/StructureDefinition/JP_HumanName]]} {[]}
","人の名前情報、その一部分と使い方","識別のための人の名前情報","名前が変更されたり、違っていると指摘されたり、コンテキストによって使われる名前が異なる場合がある。名前は、コンテキストに応じて重要性が異なるさまざまなタイプの部分に分割される場合があり、部分への分割は必ずしも重要ではない。個人名の場合、さまざまな部分に暗黙の意味が含まれている場合と含まれていない場合がある。さまざまな文化が名前の部分にさまざまな重要性を関連付けており、システムが世界中の名前の部分を気にする必要がある程度は大きく異なる。","Need to be able to track the person by name.","","","","","","","",,,,,"",,,,"Organization.contact.name",0,1,"ele-1
","ele-1:すべてのFHIR要素には、@valueまたは子供が必要です / All FHIR elements must have a @value or children {hasValue() or (children().count() > id.count())}
","XPN","n/a","EN (actually, PN)","ProviderName"
"Organization.contact.telecom","Organization.contact.telecom","","","",0,*,"","","","ContactPoint {[]} {[]}
","「連絡先詳細（電話、メールなど）連絡先のため」","当該のパーティーと連絡を取るための連絡先情報（例：電話番号やメールアドレス）","","People have (primary) ways to contact them in some way such as phone, email.","","","","","","","",,,,,"",,,,"Organization.contact.telecom",0,*,"","ele-1:すべてのFHIR要素は、@valueまたはchildrenを持っている必要があります。 {hasValue() or (children().count() > id.count())}
","PID-13, PID-14","./telecom"
"Organization.contact.address","Organization.contact.address","","","",0,1,"","","","Address {[]} {[]}
","「連絡のための訪問先または郵送先の住所」","「連絡先の訪問または郵便送付先」","","May need to keep track of a contact party's address for contacting, billing or reporting requirements.","","","","","","","",,,,,"",,,,"Organization.contact.address",0,1,"","ele-1:すべてのFHIR要素は、@valueまたはchildrenを持っている必要があります。 {hasValue() or (children().count() > id.count())}
","PID-11","./addr"
"Organization.endpoint","Organization.endpoint","","","",0,*,"","","","Reference {[]} {[CanonicalType[http://hl7.org/fhir/StructureDefinition/Endpoint]]}
","組織のために運営されているサービスへのアクセスを提供する技術的エンドポイント【詳細参照】","組織のために運営されているサービスへのアクセスを提供する技術的エンドポイント","参照は、実際のFHIRリソースへの参照である必要があり、内容に辿り着ける（解決できる）必要がある（アクセス制御、一時的な使用不可などを考慮に入れる）。解決は、URLから取得するか、リソースタイプによって該当する場合は、絶対参照を正規URLとして扱い、ローカルレジストリ/リポジトリで検索することによって行うことができる。","組織にはさまざまなサービスを提供する複数のシステムがあり、それらに接続する方法と目的について、技術的な接続の詳細を定義できる必要がある。","","","","","","","",,,,,"",,,,"Organization.endpoint",0,*,"","ele-1:すべてのFHIR要素は、@valueまたはchildrenを持っている必要があります。 {hasValue() or (children().count() > id.count())}
","n/a"
