"Id","Path","Slice Name","Alias(s)","Label","Min","Max","Must Support?","Is Modifier?","Is Summary?","Type(s)","Short","Definition","Comments","Requirements","Default Value","Meaning When Missing","Fixed Value","Pattern","Example","Minimum Value","Maximum Value","Maximum Length","Binding Strength","Binding Description","Binding Value Set","Code","Slicing Discriminator","Slicing Description","Slicing Ordered","Slicing Rules","Base Path","Base Min","Base Max","Condition(s)","Constraint(s)","Mapping: Workflow Pattern","Mapping: RIM Mapping","Mapping: FiveWs Pattern Mapping","Mapping: Canadian Dental Association eclaims standard","Mapping: HL7 v2 Mapping","Mapping: Canadian Pharmacy Associaiton eclaims standard"
"Coverage","Coverage","","","",0,*,"","","","null {[]} {[]}
","Insurance or medical plan or a payment agreement　保険または医療費支払いプラン、または合意された支払い方法","Financial instrument which may be used to reimburse or pay for health care products and services. Includes both insurance and self-payment.  
ヘルスケア製品およびサービスの償還または支払いに使用される可能性のある金融商品。 保険と自己負担の両方が含まれる。","The Coverage resource contains the insurance card level information, which is customary to provide on claims and other communications between providers and insurers.  
Coverageには、保険証レベルの情報が含まれている。これは、保険金請求やプロバイダと保険会社間のその他の通信で提供するのが通例である。","","","","","","","","",,,,,"",,,,"Coverage",0,*,"","dom-2:リソースが別のリソースに含まれている場合、ネストされたリソースを含めてはなりません / If the resource is contained in another resource, it SHALL NOT contain nested Resources {contained.contained.empty()}
dom-3:リソースが別のリソースに含まれている場合、それはリソースの他の場所から参照されるか、含有リソースを参照するものとします / If the resource is contained in another resource, it SHALL be referred to from elsewhere in the resource or SHALL refer to the containing resource {contained.where((('#'+id in (%resource.descendants().reference | %resource.descendants().as(canonical) | %resource.descendants().as(uri) | %resource.descendants().as(url))) or descendants().where(reference = '#').exists() or descendants().where(as(canonical) = '#').exists() or descendants().where(as(canonical) = '#').exists()).not()).trace('unmatched', id).empty()}dom-4:リソースが別のリソースに含まれている場合、meta.versionidまたはmeta.lastupdatedを持たないものとします / If a resource is contained in another resource, it SHALL NOT have a meta.versionId or a meta.lastUpdated {contained.meta.versionId.empty() and contained.meta.lastUpdated.empty()}dom-5:別のリソースにリソースが含まれている場合、セキュリティラベルはありません / If a resource is contained in another resource, it SHALL NOT have a security label {contained.meta.security.empty()}dom-6:リソースには、堅牢な管理のための叙述(Narative)が必要です / A resource should have narrative for robust management {text.`div`.exists()}","Event","Entity. Role, or Act","Coverage"
"Coverage.id","Coverage.id","","","",0,1,"","","Y","id {[]} {[]}
","このアーティファクトの論理ID / Logical id of this artifact","リソースのURLで使用されるリソースの論理ID。割り当てられたら、この値は変更されません。 / The logical id of the resource, as used in the URL for the resource. Once assigned, this value never changes.","リソースにIDがないのは、IDが作成操作を使用してサーバーに送信されている場合です。 / The only time that a resource does not have an id is when it is being submitted to the server using a create operation.","","","","","","","","",,,,,"",,,,"Resource.id",0,1,"",""
"Coverage.meta","Coverage.meta","","","",0,1,"","","Y","Meta {[]} {[]}
","リソースに関するメタデータ / Metadata about the resource","リソースに関するメタデータ。これは、インフラストラクチャによって維持されるコンテンツです。コンテンツの変更は、常にリソースのバージョンの変更に関連付けられているとは限りません。 / The metadata about the resource. This is content that is maintained by the infrastructure. Changes to the content might not always be associated with version changes to the resource.","","","","","","","","","",,,,,"",,,,"Resource.meta",0,1,"","ele-1:すべてのFHIR要素には、@valueまたは子供が必要です / All FHIR elements must have a @value or children {hasValue() or (children().count() > id.count())}
"
"Coverage.implicitRules","Coverage.implicitRules","","","",0,1,"","Y","Y","uri {[]} {[]}
","このコンテンツが作成されたルールのセット / A set of rules under which this content was created","リソースが構築されたときに従った一連のルールへの参照。コンテンツの処理時に理解する必要があります。多くの場合、これは他のプロファイルなどとともに特別なルールを定義する実装ガイドへの参照です。 / A reference to a set of rules that were followed when the resource was constructed, and which must be understood when processing the content. Often, this is a reference to an implementation guide that defines the special rules along with other profiles etc.","このルールセットを主張することは、コンテンツが限られた取引パートナーのセットによってのみ理解されることを制限します。これにより、本質的に長期的にデータの有用性が制限されます。ただし、既存の健康エコシステムは非常に破壊されており、一般的に計算可能な意味でデータを定義、収集、交換する準備ができていません。可能な限り、実装者や仕様ライターはこの要素の使用を避ける必要があります。多くの場合、使用する場合、URLは、これらの特別なルールを他のプロファイル、バリューセットなどとともに叙述(Narative)の一部として定義する実装ガイドへの参照です。 / Asserting this rule set restricts the content to be only understood by a limited set of trading partners. This inherently limits the usefulness of the data in the long term. However, the existing health eco-system is highly fractured, and not yet ready to define, collect, and exchange data in a generally computable sense. Wherever possible, implementers and/or specification writers should avoid using this element. Often, when used, the URL is a reference to an implementation guide that defines these special rules as part of it's narrative along with other profiles, value sets, etc.","","","","","","","","",,,,,"",,,,"Resource.implicitRules",0,1,"","ele-1:すべてのFHIR要素には、@valueまたは子供が必要です / All FHIR elements must have a @value or children {hasValue() or (children().count() > id.count())}
"
"Coverage.language","Coverage.language","","","",0,1,"","","","code {[]} {[]}
","リソースコンテンツの言語 / Language of the resource content","リソースが書かれている基本言語。 / The base language in which the resource is written.","言語は、インデックス作成とアクセシビリティをサポートするために提供されます（通常、テキストから音声までのサービスなどのサービスが言語タグを使用します）。叙述(Narative)のHTML言語タグは、叙述(Narative)に適用されます。リソース上の言語タグを使用して、リソース内のデータから生成された他のプレゼンテーションの言語を指定できます。すべてのコンテンツが基本言語である必要はありません。リソース。言語は、叙述(Narative)に自動的に適用されると想定されるべきではありません。言語が指定されている場合、HTMLのDIV要素にも指定されている場合（XML：LangとHTML Lang属性の関係については、HTML5のルールを参照してください）。 / Language is provided to support indexing and accessibility (typically, services such as text to speech use the language tag). The html language tag in the narrative applies  to the narrative. The language tag on the resource may be used to specify the language of other presentations generated from the data in the resource. Not all the content has to be in the base language. The Resource.language should not be assumed to apply to the narrative automatically. If a language is specified, it should it also be specified on the div element in the html (see rules in HTML5 for information about the relationship between xml:lang and the html lang attribute).","","","","","","","","",,"preferred","人間の言語。 / A human language.","http://hl7.org/fhir/ValueSet/languages","",,,,"Resource.language",0,1,"","ele-1:すべてのFHIR要素には、@valueまたは子供が必要です / All FHIR elements must have a @value or children {hasValue() or (children().count() > id.count())}
"
"Coverage.text","Coverage.text","","narrative
htmlxhtmldisplay","",0,1,"","","","Narrative {[]} {[]}
","人間の解釈のためのリソースのテキスト概要 / Text summary of the resource, for human interpretation","リソースの概要を含み、人間へのリソースの内容を表すために使用できる人間の読み取り可能な叙述(Narative)。叙述(Narative)はすべての構造化されたデータをエンコードする必要はありませんが、人間が叙述(Narative)を読むだけで「臨床的に安全」にするために十分な詳細を含める必要があります。リソースの定義は、臨床的安全を確保するために、叙述(Narative)で表現するコンテンツを定義する場合があります。 / A human-readable narrative that contains a summary of the resource and can be used to represent the content of the resource to a human. The narrative need not encode all the structured data, but is required to contain sufficient detail to make it ""clinically safe"" for a human to just read the narrative. Resource definitions may define what content should be represented in the narrative to ensure clinical safety.","含まれるリソースには叙述(Narative)がありません。含まれていないリソースには叙述(Narative)が必要です。場合によっては、リソースには、追加の個別のデータがほとんどまたはまったくないテキストのみがあります（すべてのMinoccur = 1要素が満たされている限り）。これは、情報がtext blob (バイナリー ラージ オブジェクト)としてキャプチャされるレガシーシステムからのデータ、またはテキストが生またはナレーションされ、エンコードされた情報が後で追加される場合に必要になる場合があります。 / Contained resources do not have narrative. Resources that are not contained SHOULD have a narrative. In some cases, a resource may only have text with little or no additional discrete data (as long as all minOccurs=1 elements are satisfied).  This may be necessary for data from legacy systems where information is captured as a ""text blob"" or where text is additionally entered raw or narrated and encoded information is added later.","","","","","","","","",,,,,"",,,,"DomainResource.text",0,1,"","ele-1:すべてのFHIR要素には、@valueまたは子供が必要です / All FHIR elements must have a @value or children {hasValue() or (children().count() > id.count())}
","Act.text?"
"Coverage.contained","Coverage.contained","","inline resources
anonymous resourcescontained resources","",0,*,"","","","Resource {[]} {[]}
","インラインリソースが含まれています / Contained, inline Resources","これらのリソースには、それらを含むリソースを除いて独立した存在はありません - 独立して特定することはできず、独自の独立したトランザクションスコープを持つこともできません。 / These resources do not have an independent existence apart from the resource that contains them - they cannot be identified independently, and nor can they have their own independent transaction scope.","識別が失われると、コンテンツを適切に識別できる場合は、これを行うべきではありません。含まれるリソースには、メタ要素にプロファイルとタグがある場合がありますが、セキュリティラベルはありません。 / This should never be done when the content can be identified properly, as once identification is lost, it is extremely difficult (and context dependent) to restore it again. Contained resources may have profiles and tags In their meta elements, but SHALL NOT have security labels.","","","","","","","","",,,,,"",,,,"DomainResource.contained",0,*,"","","N/A"
"Coverage.extension","Coverage.extension","","","",0,*,"","","","Extension {[]} {[]}
","Extension","An Extension","","","","","","","","","",,,,,"","value:url}
","",,"open","DomainResource.extension",0,*,"","ele-1:すべてのFHIR要素には、@valueまたは子供が必要です / All FHIR elements must have a @value or children {hasValue() or (children().count() > id.count())}
ext-1:両方ではなく、拡張または値[x]が必要です / Must have either extensions or value[x], not both {extension.exists() != value.exists()}"
"Coverage.extension:insuredPersonSymbol","Coverage.extension","insuredPersonSymbol","","",0,*,"","","","Extension {[CanonicalType[http://jpfhir.jp/fhir/core/Extension/StructureDefinition/JP_Coverage_InsuredPersonSymbol]]} {[]}
","健康保険における被保険者証記号","健康保険における被保険者証記号を示す拡張","健康保険における被保険者証記号を示す拡張。被保険者記号の全角文字列。","","","","","","","","",,,,,"",,,,"DomainResource.extension",0,*,"ele-1
","ele-1:すべてのFHIR要素には、@valueまたは子供が必要です / All FHIR elements must have a @value or children {hasValue() or (children().count() > id.count())}
ext-1:両方ではなく、拡張または値[x]が必要です / Must have either extensions or value[x], not both {extension.exists() != value.exists()}"
"Coverage.extension:insuredPersonNumber","Coverage.extension","insuredPersonNumber","","",0,*,"","","","Extension {[CanonicalType[http://jpfhir.jp/fhir/core/Extension/StructureDefinition/JP_Coverage_InsuredPersonNumber]]} {[]}
","健康保険における被保険者証番号","健康保険における被保険者証番号を示す拡張","健康保険における被保険者証番号を示す拡張。被保険者記号の全角文字列。","","","","","","","","",,,,,"",,,,"DomainResource.extension",0,*,"ele-1
","ele-1:すべてのFHIR要素には、@valueまたは子供が必要です / All FHIR elements must have a @value or children {hasValue() or (children().count() > id.count())}
ext-1:両方ではなく、拡張または値[x]が必要です / Must have either extensions or value[x], not both {extension.exists() != value.exists()}"
"Coverage.extension:insuredPersonSubNumber","Coverage.extension","insuredPersonSubNumber","","",0,*,"","","","Extension {[CanonicalType[http://jpfhir.jp/fhir/core/Extension/StructureDefinition/JP_Coverage_InsuredPersonSubNumber]]} {[]}
","健康保険における被保険者証番号の枝番","健康保険における被保険者証番号の枝番を示す拡張","健康保険における被保険者証番号を示す拡張。2桁の全角数字文字列。一桁の場合には先頭に０をつけて2桁にする。","","","","","","","","",,,,,"",,,,"DomainResource.extension",0,*,"ele-1
","ele-1:すべてのFHIR要素には、@valueまたは子供が必要です / All FHIR elements must have a @value or children {hasValue() or (children().count() > id.count())}
ext-1:両方ではなく、拡張または値[x]が必要です / Must have either extensions or value[x], not both {extension.exists() != value.exists()}"
"Coverage.modifierExtension","Coverage.modifierExtension","","extensions
user content","",0,*,"","Y","","Extension {[]} {[]}
","無視できない拡張機能 / Extensions that cannot be ignored","リソースの基本的な定義の一部ではなく、それを含む要素の理解および/または含有要素の子孫の理解を変更するために使用される場合があります。通常、修飾子要素は否定または資格を提供します。拡張機能を安全で管理しやすくするために、拡張機能の定義と使用に適用される厳格なガバナンスセットがあります。実装者は拡張機能を定義することが許可されていますが、拡張機能の定義の一部として満たされる一連の要件があります。アプリケーションの処理リソースは、修飾子拡張機能をチェックする必要があります。

モディファイア拡張は、リソースまたはdomainResource上の要素の意味を変更してはなりません（修飾軸自体の意味を変更することはできません）。 / May be used to represent additional information that is not part of the basic definition of the resource and that modifies the understanding of the element that contains it and/or the understanding of the containing element's descendants. Usually modifier elements provide negation or qualification. To make the use of extensions safe and manageable, there is a strict set of governance applied to the definition and use of extensions. Though any implementer is allowed to define an extension, there is a set of requirements that SHALL be met as part of the definition of the extension. Applications processing a resource are required to check for modifier extensions.

Modifier extensions SHALL NOT change the meaning of any elements on Resource or DomainResource (including cannot change the meaning of modifierExtension itself).","拡張機能を使用または定義する機関や管轄権に関係なく、アプリケーション、プロジェクト、または標準による拡張機能の使用に関連するスティグマはありません。拡張機能の使用は、FHIR仕様がすべての人にコアレベルのシンプルさを保持できるようにするものです。 / There can be no stigma associated with the use of extensions by any application, project, or standard - regardless of the institution or jurisdiction that uses or defines the extensions.  The use of extensions is what allows the FHIR specification to retain a core level of simplicity for everyone.","修飾子拡張機能により、安全に無視できる大部分の拡張機能と明確に区別できるように、安全に無視できない拡張機能が可能になります。これにより、実装者が拡張の存在を禁止する必要性を排除することにより、相互運用性が促進されます。詳細については、[修飾子拡張の定義]（拡張性.html＃modifierextension）を参照してください。 / Modifier extensions allow for extensions that *cannot* be safely ignored to be clearly distinguished from the vast majority of extensions which can be safely ignored.  This promotes interoperability by eliminating the need for implementers to prohibit the presence of extensions. For further information, see the [definition of modifier extensions](http://hl7.org/fhir/R4/extensibility.html#modifierExtension).","","","","","","","",,,,,"",,,,"DomainResource.modifierExtension",0,*,"","ele-1:すべてのFHIR要素には、@valueまたは子供が必要です / All FHIR elements must have a @value or children {hasValue() or (children().count() > id.count())}
ext-1:両方ではなく、拡張または値[x]が必要です / Must have either extensions or value[x], not both {extension.exists() != value.exists()}","N/A"
"Coverage.identifier","Coverage.identifier","","","",0,*,"","","Y","Identifier {[]} {[]}
","Business Identifier for the coverage　このカバレッジに割り当てられた一意の識別子【詳細参照】","A unique identifier assigned to this coverage.  
このカバレッジに割り当てられた一意の識別子。","The main (and possibly only) identifier for the coverage - often referred to as a Member Id, Certificate number, Personal Health Number or Case ID. May be constructed as the concatenation of the Coverage.SubscriberID and the Coverage.dependent.  
カバレッジのメイン（および場合によっては唯一の）識別子-多くの場合、メンバID、証明書番号、個人の健康番号、またはケースIDと呼ばれる。  
【JP Core仕様】被保険者記号と番号と枝番を全角にした上でダブルコーテーションで囲い、カンマ区切りで連結する。  
ルール：""{被保険者記号}"",""{被保険者番号}"",""{枝番}""  
例：""１２－３４"",""５６７８"",""００""","Allows coverages to be distinguished and referenced.  
カバレッジを区別して参照できるようにする。","","","","","","","",,,,,"",,,,"Coverage.identifier",0,*,"","ele-1:すべてのFHIR要素には、@valueまたは子供が必要です / All FHIR elements must have a @value or children {hasValue() or (children().count() > id.count())}
","Event.identifier",".id","FiveWs.identifier","C02","IN1-2","C.32, C.33, C.39"
"Coverage.status","Coverage.status","","","",1,1,"","Y","Y","code {[]} {[]}
","アクティブ|キャンセル|ドラフト|エラーに入った / active | cancelled | draft | entered-in-error","The status of the resource instance.  
リソースインスタンスのステータス。","This element is labeled as a modifier because the status contains the code entered-in-error that marks the coverage as not currently valid.  
ステータスには、カバレッジが現在無効であることを示すエラー入力されたコードが含まれているため、この要素は修飾子としてラベル付けされる。","Need to track the status of the resource as 'draft' resources may undergo further edits while 'active' resources are immutable and may only have their status changed to 'cancelled'.  
「ドラフト」リソースはさらに編集される可能性があり、「アクティブ」リソースは不変であり、ステータスが「キャンセル」に変更されるだけである可能性があるため、リソースのステータスを追跡する必要がある。","","","","","","","",,"required","リソースインスタンスの状態を指定するコード。 / A code specifying the state of the resource instance.","http://hl7.org/fhir/ValueSet/fm-status|4.0.1","",,,,"Coverage.status",1,1,"","ele-1:すべてのFHIR要素には、@valueまたは子供が必要です / All FHIR elements must have a @value or children {hasValue() or (children().count() > id.count())}
","Event.status","Act.status","FiveWs.status"
"Coverage.type","Coverage.type","","","",0,1,"","","Y","CodeableConcept {[]} {[]}
","Coverage category such as medical or accident　医療保険や事故補償のような分類","The type of coverage: social program, medical plan, accident coverage (workers compensation, auto), group health or payment by an individual or organization.  
補償の種類：社会プログラム、医療計画、事故補償（労働者災害補償、自動車）、グループの健康、または個人または組織による支払い。","Not all terminology uses fit this general pattern. In some cases, models should not use CodeableConcept and use Coding directly and provide their own structure for managing text, codings, translations and the relationship between elements and pre- and post-coordination.  
すべてのターミノロジの使用がこの一般的なパターンに適合するわけではない。場合によっては、モデルはCodeableConceptを使用せず、コーディングを直接使用して、テキスト、コーディング、翻訳、および要素間の関係とpre-coordinationとpost-coordinationの用語関係を管理するための独自の構造を提供する必要がある。  
【JP Core仕様】「[処方情報 HL7FHIR 記述仕様](https://std.jpfhir.jp/stddoc/ePrescriptionDataFHIR_v1x.pdf)」等で使用される保険種別コード（system=”http://jpfhir.jp/fhir/core/mhlw/IdSystem/medicalRegistrationNumber”）として、https://www.mhlw.go.jp/content/10800000/000342368.pdf　の別表１１が使用している例があげられている。JP Coreとして本項目に対する用語のバインドは現時点では定義するまでに至っていない。","The order of application of coverages is dependent on the types of coverage.  
カバレッジの適用順序は、カバレッジのタイプによって異なる。","","","","","","","",,"preferred","保険の種類：公衆衛生、労働者補償。個人的な事故、自動車、民間の健康など）または個人または組織による直接支払い。 / The type of insurance: public health, worker compensation; private accident, auto, private health, etc.) or a direct payment by an individual or organization.","http://hl7.org/fhir/ValueSet/coverage-type","",,,,"Coverage.type",0,1,"","ele-1:すべてのFHIR要素には、@valueまたは子供が必要です / All FHIR elements must have a @value or children {hasValue() or (children().count() > id.count())}
","FiveWs.class","IN1-15"
"Coverage.policyHolder","Coverage.policyHolder","","","",0,1,"","","Y","Reference {[]} {[CanonicalType[http://jpfhir.jp/fhir/core/StructureDefinition/JP_Patient], CanonicalType[http://hl7.org/fhir/StructureDefinition/RelatedPerson], CanonicalType[http://jpfhir.jp/fhir/core/StructureDefinition/JP_Organization]]}
","Owner of the policy　ポリシの所有者","The party who 'owns' the insurance policy.  
保険証券を「所有する」当事者。","For example: may be an individual, corporation or the subscriber's employer.  
例：個人、企業、または加入者の雇用主である可能性がある。","This provides employer information in the case of Worker's Compensation and other policies.  
これは、労働者災害補償およびその他のポリシの場合に雇用者情報を提供する。","","","","","","","",,,,,"",,,,"Coverage.policyHolder",0,1,"","ele-1:すべてのFHIR要素には、@valueまたは子供が必要です / All FHIR elements must have a @value or children {hasValue() or (children().count() > id.count())}
","FiveWs.subject[x]","FiveWs.subject","D01 through D09","IN1-16, 18,  19-name of insured, address, date of birth","C.35"
"Coverage.subscriber","Coverage.subscriber","","","",0,1,"","","Y","Reference {[]} {[CanonicalType[http://jpfhir.jp/fhir/core/StructureDefinition/JP_Patient], CanonicalType[http://hl7.org/fhir/StructureDefinition/RelatedPerson]]}
","Subscriber to the policy　被保険者","The party who has signed-up for or 'owns' the contractual relationship to the policy or to whom the benefit of the policy for services rendered to them or their family is due.  
ポリシにサインアップした、またはポリシとの契約関係を「所有」している当事者、またはポリシの利益が彼らまたはその家族に提供されることになっている当事者。","May be self or a parent in the case of dependents.  
扶養家族の場合、自己または親である可能性がある。","This is the party who is entitled to the benefits under the policy.  
これは、ポリシに基づいて給付を受ける権利を有する当事者である。","","","","","","","",,,,,"",,,,"Coverage.subscriber",0,1,"","ele-1:すべてのFHIR要素には、@valueまたは子供が必要です / All FHIR elements must have a @value or children {hasValue() or (children().count() > id.count())}
","FiveWs.subject[x]","FiveWs.subject","D01 through D09","IN1-16, 18,  19-name of insured, address, date of birth","C.35"
"Coverage.subscriberId","Coverage.subscriberId","","","",0,1,"","","Y","string {[]} {[]}
","ID assigned to the subscriber　被保険者に割り当てられたID","The insurer assigned ID for the Subscriber.  
被保険者に保険者が割り当てたID","","The insurer requires this identifier on correspondence and claims (digital and otherwise).  
保険者は、連絡や請求（デジタルおよびその他）でこの識別子を要求する。  
保険会社は、通信および請求（デジタルおよびその他）でこの識別子を要求する。  
【JP Core仕様】被保険者記号と番号を全角にした上でダブルコーテーションで囲い、カンマ区切りで連結する。  
ルール：""{被保険者記号}"",""{被保険者番号}""  
例：""１２－３４"",""５６７８""","","","","","","","",,,,,"",,,,"Coverage.subscriberId",0,1,"","ele-1:すべてのFHIR要素には、@valueまたは子供が必要です / All FHIR elements must have a @value or children {hasValue() or (children().count() > id.count())}
","FiveWs.subject[x]","FiveWs.subject","D01 through D09","IN1-16, 18,  19-name of insured, address, date of birth","C.35"
"Coverage.beneficiary","Coverage.beneficiary","","","",1,1,"","","Y","Reference {[]} {[CanonicalType[http://jpfhir.jp/fhir/core/StructureDefinition/JP_Patient]]}
","受益者を計画します / Plan beneficiary","The party who benefits from the insurance coverage; the patient when products and/or services are provided.  
保険適用から利益を得る当事者、製品および／またはサービスが提供される際の患者。","References SHALL be a reference to an actual FHIR resource, and SHALL be resolvable (allowing for access control, temporary unavailability, etc.). Resolution can be either by retrieval from the URL, or, where applicable by resource type, by treating an absolute reference as a canonical URL and looking it up in a local registry/repository.  
参照は、実際のFHIRリソースへの参照である必要があり、解決可能（内容に到達可能）である必要がある（アクセス制御、一時的な使用不可などを考慮に入れる）。解決は、URLから取得するか、リソースタイプによって該当する場合は、絶対参照を正規URLとして扱い、ローカルレジストリ/リポジトリで検索することによって行うことができる。  
【JP Core仕様】患者Patientリソースへの参照。","This is the party who receives treatment for which the costs are reimbursed under the coverage.  
これは、補償の下で費用が償還される治療を受ける側のことである。","","","","","","","",,,,,"",,,,"Coverage.beneficiary",1,1,"","ele-1:すべてのFHIR要素には、@valueまたは子供が必要です / All FHIR elements must have a @value or children {hasValue() or (children().count() > id.count())}
","Event.subject","FiveWs.subject[x]","FiveWs.subject","D01 through D09","IN1-16, 18,  19-name of insured, address, date of birth","C.35"
"Coverage.dependent","Coverage.dependent","","","",0,1,"","","Y","string {[]} {[]}
","被保険者証 枝番","A unique identifier for a dependent under the coverage.  
被保険者証の枝番。","Periodically the member number is constructed from the subscriberId and the dependent number.  
被保険者証の枝番を全角で格納する。","For some coverages a single identifier is issued to the Subscriber and then a unique dependent number is issued to each beneficiary.  
一部の補償では、単一の識別子が加入者に発行され、次に一意の従属番号が各受益者に発行される。  
一部の保険では、単一の識別子が加入者に発行され、その後、各受益者に固有の扶養番号が発行される。  
【JP Core仕様】医療保険で本リソースを使用する場合には、この要素に拡張 InsuredPersonSubNumberに設定した値と同じ、被保険者番号の枝番号全角2桁を設定する。  
例：""００""","","","","","","","",,,,,"",,,,"Coverage.dependent",0,1,"","ele-1:すべてのFHIR要素には、@valueまたは子供が必要です / All FHIR elements must have a @value or children {hasValue() or (children().count() > id.count())}
","C17","- No exact HL7 v2 equivalent concept seems to exist;"
"Coverage.relationship","Coverage.relationship","","","",0,1,"","","","CodeableConcept {[]} {[]}
","Beneficiary relationship to the subscriber　加入者との受益者関係","The relationship of beneficiary (patient) to the subscriber.  
受益者（患者）と加入者の関係。","Typically, an individual uses policies which are theirs (relationship='self') before policies owned by others.  
一般的に、個人は、他人が所有するポリシよりも、自分のポリシ（relationship='self'）を使用する。","To determine relationship between the patient and the subscriber to determine coordination of benefits.  
患者と加入者の関係を決定し、給付の調整を決定する。  
【JP Core仕様】「[処方情報 HL7FHIR 記述仕様](https://std.jpfhir.jp/stddoc/ePrescriptionDataFHIR_v1x.pdf)」等で使用される被保険者区分コード（system=”http://jpfhir.jp/fhir/core/mhlw/CodeSystem/InsuredPersonCategory”）として、https://www.mhlw.go.jp/content/10800000/000342368.pdf　の別表１２が使用できる。  
　1 被保険者  
　2 被扶養者","","","","","","","",,"extensible","加入者と受益者（被保険者/対象当事者/患者）の関係。 / The relationship between the Subscriber and the Beneficiary (insured/covered party/patient).","http://hl7.org/fhir/ValueSet/subscriber-relationship","",,,,"Coverage.relationship",0,1,"","ele-1:すべてのFHIR要素には、@valueまたは子供が必要です / All FHIR elements must have a @value or children {hasValue() or (children().count() > id.count())}
","C03"
"Coverage.period","Coverage.period","","","",0,1,"","","Y","Period {[]} {[]}
","カバレッジの開始日と終了日 / Coverage start and end dates","Time period during which the coverage is in force. A missing start date indicates the start date isn't known, a missing end date means the coverage is continuing to be in force.  
補償範囲が有効である期間。開始日が欠落している場合は、開始日が不明であることを示す。終了日が欠落している場合は、補償範囲が引き続き有効であることを意味する。","A Period specifies a range of time; the context of use will specify whether the entire range applies (e.g. ""the patient was an inpatient of the hospital for this time range"") or one value from the range applies (e.g. ""give to the patient between these two times"").
Period is not used for a duration (a measure of elapsed time). See [Duration](http://hl7.org/fhir/R4/datatypes.html#Duration).  
Period（期間）は時間の範囲を指定する。使用状況は、範囲全体が適用されるか（たとえば、「患者はこの時間範囲で入院していた」）、範囲から1つの値が適用されるか（たとえば、「この2回の間に患者に投与する」）を指定する。  
Period（期間）は、Duration（時間区間＝経過時間の測定値）には使用されない。 [Duration]（datatypes.html＃Duration）を参照のこと。  
This is not a duration - that's a measure of time (a separate type), but a duration that occurs at a fixed value of time. A Period specifies a range of time; the context of use will specify whether the entire range applies (e.g. ""the patient was an inpatient of the hospital for this time range"") or one value from the range applies (e.g. ""give to the patient between these two times""). If duration is required, specify the type as Interval|Duration.  
これはDuration（時間区間）ではない-　Durationは時間の尺度（別のタイプ）だが、時間の固定値で発生する時間区間である。Period（期間）は時間の範囲を指定する。使用状況は、範囲全体が適用されるか（たとえば、「患者はこの時間範囲で入院していた」）、範囲から1つの値が適用されるか（たとえば、「この2回の間に患者に投与する」）を指定する。もし、Duration（時間区間）が必要な場合は、タイプをInterval | Durationとして指定する。  
これは期間ではなく-これは時間の尺度（別のタイプ）あるが、時間の固定値で発生する期間である。期間は時間の範囲を指定する。使用状況は、範囲全体が適用されるか（たとえば、「患者はこの時間範囲で入院していた」）、または範囲から1つの値が適用されるか（たとえば、「これら2回の間に患者に与える」）を指定する。期間が必要な場合は、タイプをInterval | Durationとして指定する。  
【JP Core仕様】医療保険、公費で本リソースを使用する場合には、保険証または公費の有効期間の開始日、終了日をstart とendに yyyy-mm-dd形式で設定する。","Some insurers require the submission of the coverage term.  
保険会社によっては、補償期間の提出を義務付けているところもある。","","","","","","","",,,,,"",,,,"Coverage.period",0,1,"","ele-1:すべてのFHIR要素には、@valueまたは子供が必要です / All FHIR elements must have a @value or children {hasValue() or (children().count() > id.count())}
","Event.occurrence[x]","Act.effectiveTime","FiveWs.done[x]","IN1-12 / IN1-13"
"Coverage.payor","Coverage.payor","","","",1,*,"","","Y","Reference {[]} {[CanonicalType[http://jpfhir.jp/fhir/core/StructureDefinition/JP_Organization], CanonicalType[http://jpfhir.jp/fhir/core/StructureDefinition/JP_Patient], CanonicalType[http://hl7.org/fhir/StructureDefinition/RelatedPerson]]}
","ポリシーの発行者 / Issuer of the policy","The program or plan underwriter or payor including both insurance and non-insurance agreements, such as patient-pay agreements.  
患者負担契約などの保険契約と保険外契約の両方を含むプログラムまたはプランの引受人または支払人。","May provide multiple identifiers such as insurance company identifier or business identifier (BIN number).
For selfpay it may provide multiple paying persons and/or organizations.  
保険会社の識別子や事業者の識別子（BIN番号）など、複数の識別子を提供してもよい。自己負担の場合は、複数の支払者および/または組織を提供してもよい。","Need to identify the issuer to target for claim processing and for coordination of benefit processing.  
請求処理および給付処理の調整の対象となる発行者を特定する必要がある。  
【JP Core仕様】医療保険で本リソースを使用する場合には、保険者組織Organizationリソースへの参照。自費の場合には、患者Patientリソースへの参照。公費の場合には、公費負担者組織Organizationリソースへの参照。","","","","","","","",,,,,"",,,,"Coverage.payor",1,*,"","ele-1:すべてのFHIR要素には、@valueまたは子供が必要です / All FHIR elements must have a @value or children {hasValue() or (children().count() > id.count())}
","FiveWs.author","A05","IN1-3","C.30"
"Coverage.class","Coverage.class","","","",0,*,"","","","BackboneElement {[]} {[]}
","追加のカバレッジ分類 / Additional coverage classifications","A suite of underwriter specific classifiers.  
保険事業者の分類子","For example may be used to identify a class of coverage or employer group, Policy, Plan.  
例えば、保険の種類または雇用者グループ、保険契約、Planを識別するために使用することができる。","The codes provided on the health card which identify or confirm the specific policy for the insurer.  
健康カードに記載されているコードで、保険者の特定の保険契約を識別または確認するもの。","","","","","","","",,,,,"",,,,"Coverage.class",0,*,"","ele-1:すべてのFHIR要素には、@valueまたは子供が必要です / All FHIR elements must have a @value or children {hasValue() or (children().count() > id.count())}
"
"Coverage.class.id","Coverage.class.id","","","",0,1,"","","","string {[]} {[]}
","要素間参照のための一意のID / Unique id for inter-element referencing","リソース内の要素の一意のID（内部参照用）。これは、スペースを含まない文字列値である場合があります。 / Unique id for the element within a resource (for internal references). This may be any string value that does not contain spaces.","","","","","","","","","",,,,,"",,,,"Element.id",0,1,"","","n/a"
"Coverage.class.extension","Coverage.class.extension","","extensions
user content","",0,*,"","","","Extension {[]} {[]}
","実装で定義された追加のコンテンツ / Additional content defined by implementations","要素の基本的な定義の一部ではない追加情報を表すために使用できます。拡張機能を安全で管理しやすくするために、拡張機能の定義と使用に適用される厳格なガバナンスセットがあります。実装者は拡張機能を定義できますが、拡張機能の定義の一部として満たされる一連の要件があります。 / May be used to represent additional information that is not part of the basic definition of the element. To make the use of extensions safe and manageable, there is a strict set of governance  applied to the definition and use of extensions. Though any implementer can define an extension, there is a set of requirements that SHALL be met as part of the definition of the extension.","拡張機能を使用または定義する機関や管轄権に関係なく、アプリケーション、プロジェクト、または標準による拡張機能の使用に関連するスティグマはありません。拡張機能の使用は、FHIR仕様がすべての人にコアレベルのシンプルさを保持できるようにするものです。 / There can be no stigma associated with the use of extensions by any application, project, or standard - regardless of the institution or jurisdiction that uses or defines the extensions.  The use of extensions is what allows the FHIR specification to retain a core level of simplicity for everyone.","","","","","","","","",,,,,"",,,,"Element.extension",0,*,"","ele-1:すべてのFHIR要素には、@valueまたは子供が必要です / All FHIR elements must have a @value or children {hasValue() or (children().count() > id.count())}
ext-1:両方ではなく、拡張または値[x]が必要です / Must have either extensions or value[x], not both {extension.exists() != value.exists()}","n/a"
"Coverage.class.modifierExtension","Coverage.class.modifierExtension","","extensions
user contentmodifiers","",0,*,"","Y","Y","Extension {[]} {[]}
","認識されていなくても無視できない拡張機能 / Extensions that cannot be ignored even if unrecognized","要素の基本的な定義の一部ではなく、それが含まれている要素の理解、および/または含まれる要素の子孫の理解を変更するために使用される場合があります。通常、修飾子要素は否定または資格を提供します。拡張機能を安全で管理しやすくするために、拡張機能の定義と使用に適用される厳格なガバナンスセットがあります。実装者は拡張機能を定義できますが、拡張機能の定義の一部として満たされる一連の要件があります。アプリケーションの処理リソースは、修飾子拡張機能をチェックする必要があります。

モディファイア拡張は、リソースまたはdomainResource上の要素の意味を変更してはなりません（修飾軸自体の意味を変更することはできません）。 / May be used to represent additional information that is not part of the basic definition of the element and that modifies the understanding of the element in which it is contained and/or the understanding of the containing element's descendants. Usually modifier elements provide negation or qualification. To make the use of extensions safe and manageable, there is a strict set of governance applied to the definition and use of extensions. Though any implementer can define an extension, there is a set of requirements that SHALL be met as part of the definition of the extension. Applications processing a resource are required to check for modifier extensions.

Modifier extensions SHALL NOT change the meaning of any elements on Resource or DomainResource (including cannot change the meaning of modifierExtension itself).","拡張機能を使用または定義する機関や管轄権に関係なく、アプリケーション、プロジェクト、または標準による拡張機能の使用に関連するスティグマはありません。拡張機能の使用は、FHIR仕様がすべての人にコアレベルのシンプルさを保持できるようにするものです。 / There can be no stigma associated with the use of extensions by any application, project, or standard - regardless of the institution or jurisdiction that uses or defines the extensions.  The use of extensions is what allows the FHIR specification to retain a core level of simplicity for everyone.","修飾子拡張機能により、安全に無視できる大部分の拡張機能と明確に区別できるように、安全に無視できない拡張機能が可能になります。これにより、実装者が拡張の存在を禁止する必要性を排除することにより、相互運用性が促進されます。詳細については、[修飾子拡張の定義]（拡張性.html＃modifierextension）を参照してください。 / Modifier extensions allow for extensions that *cannot* be safely ignored to be clearly distinguished from the vast majority of extensions which can be safely ignored.  This promotes interoperability by eliminating the need for implementers to prohibit the presence of extensions. For further information, see the [definition of modifier extensions](http://hl7.org/fhir/R4/extensibility.html#modifierExtension).","","","","","","","",,,,,"",,,,"BackboneElement.modifierExtension",0,*,"","ele-1:すべてのFHIR要素には、@valueまたは子供が必要です / All FHIR elements must have a @value or children {hasValue() or (children().count() > id.count())}
ext-1:両方ではなく、拡張または値[x]が必要です / Must have either extensions or value[x], not both {extension.exists() != value.exists()}","N/A"
"Coverage.class.type","Coverage.class.type","","","",1,1,"","","Y","CodeableConcept {[]} {[]}
","「グループ」や「計画」などのクラスのタイプ / Type of class such as 'group' or 'plan'","The type of classification for which an insurer-specific class label or number and optional name is provided, for example may be used to identify a class of coverage or employer group, Policy, Plan.  
保険者固有のクラスラベルまたは番号、任意の名前が提供されている分類のタイプを表す。例えば、保険のクラスまたは雇用者グループ、保険契約、Planを識別するために使用することができる。","Not all terminology uses fit this general pattern. In some cases, models should not use CodeableConcept and use Coding directly and provide their own structure for managing text, codings, translations and the relationship between elements and pre- and post-coordination.  
すべての用語の使用がこの一般的なパターンに適合するわけではない。いくつかのケースでは、モデルはCodeableConceptを使用せず、Codingを直接使用し、テキスト、コーディング、翻訳、要素間の関係、および前後の調整を管理するための独自の構造を提供することが望ましい。","The insurer issued label for a specific health card value.  
保険者が発行した特定の健康カード番号のラベル。","","","","","","","",,"extensible","ポリシー分類、例。グループ、プラン、クラスなど / The policy classifications, eg. Group, Plan, Class, etc.","http://hl7.org/fhir/ValueSet/coverage-class","",,,,"Coverage.class.type",1,1,"","ele-1:すべてのFHIR要素には、@valueまたは子供が必要です / All FHIR elements must have a @value or children {hasValue() or (children().count() > id.count())}
"
"Coverage.class.value","Coverage.class.value","","","",1,1,"","","Y","string {[]} {[]}
","タイプに関連付けられた値 / Value associated with the type","The alphanumeric string value associated with the insurer issued label.  
保険者が発行したラベルに関連付けられた英数字の文字列値。","For example, the Group or Plan number.  
例えば、グループ番号やプラン番号など。","The insurer issued label and value are necessary to identify the specific policy.  
保険者が発行したラベルと値は、特定の保険契約を識別するために必要なものである。","","","","","","","",,,,,"",,,,"Coverage.class.value",1,1,"","ele-1:すべてのFHIR要素には、@valueまたは子供が必要です / All FHIR elements must have a @value or children {hasValue() or (children().count() > id.count())}
","C11 (Division,Section)","IN1-8","C.31"
"Coverage.class.name","Coverage.class.name","","","",0,1,"","","Y","string {[]} {[]}
","タイプと価値の人間の読み取り可能な説明 / Human readable description of the type and value","A short description for the class.  
保険種類の簡単な説明。","","Used to provide a meaningful description in correspondence to the patient.  
患者に対応するのに意味のある説明をするために使用する。","","","","","","","",,,,,"",,,,"Coverage.class.name",0,1,"","ele-1:すべてのFHIR要素には、@valueまたは子供が必要です / All FHIR elements must have a @value or children {hasValue() or (children().count() > id.count())}
","C11 (Division,Section)","IN1-8","C.31"
"Coverage.order","Coverage.order","","","",0,1,"","","Y","positiveInt {[]} {[]}
","カバレッジの相対順序 / Relative order of the coverage","The order of applicability of this coverage relative to other coverages which are currently in force. Note, there may be gaps in the numbering and this does not imply primary, secondary etc. as the specific positioning of coverages depends upon the episode of care.  
現在適用されている他の保障と比較して、この保障の適用可能性が高い順に記載されている。なお、ナンバリングにギャップがある場合があり、カバーの具体的な位置づけはケアのエピソードに依存するため、一次、二次などを意味するものではない。","32 bit number; for values larger than this, use decimal  
32 ビットの数値、これより大きい値の場合は 10 進数を使用する。","Used in managing the coordination of benefits.  
保険給付の調整管理に使用する。  
【JP Core仕様】公費情報で本リソースを使用する場合で、複数の公費負担情報がある場合に、その適用順序番号を示す１，２，３．．．を設定する。","","","","","","","",,,,,"",,,,"Coverage.order",0,1,"","ele-1:すべてのFHIR要素には、@valueまたは子供が必要です / All FHIR elements must have a @value or children {hasValue() or (children().count() > id.count())}
","- No exact HL7 v2 equivalent concept seems to exist;"
"Coverage.network","Coverage.network","","","",0,1,"","","Y","string {[]} {[]}
","保険会社ネットワーク / Insurer network","The insurer-specific identifier for the insurer-defined network of providers to which the beneficiary may seek treatment which will be covered at the 'in-network' rate, otherwise 'out of network' terms and conditions apply.  
保険者が定義したプロバイダの保険者定義ネットワークの保険者固有の識別子で、被保険者が「ネットワーク内」の料金でカバーされる治療を受けることができるが、そうでなければ「ネットワーク外」の条件が適用される。","","Used in referral for treatment and in claims processing.  
治療のための紹介や請求処理の際に使用する。","","","","","","","",,,,,"",,,,"Coverage.network",0,1,"","ele-1:すべてのFHIR要素には、@valueまたは子供が必要です / All FHIR elements must have a @value or children {hasValue() or (children().count() > id.count())}
","D10"
"Coverage.costToBeneficiary","Coverage.costToBeneficiary","","CoPay
DeductibleExceptions","",0,*,"","","","BackboneElement {[]} {[]}
","Patient payments for services/products　サービスやプロダクトに対する患者支払い","A suite of codes indicating the cost category and associated amount which have been detailed in the policy and may have been  included on the health card.  
ポリシに詳細が記載されており、ヘルスカードに含まれている可能性のあるコストカテゴリと関連する金額を示す一連のコード。","For example by knowing the patient visit co-pay, the provider can collect the amount prior to undertaking treatment.  
例えば、患者の訪問時の自己負担額を知ることで、医療提供者は治療を行う前にその金額を回収することができる。  
【JP Core仕様】公費の場合には自己負担率。判明している場合のみ設定する。","Required by providers to manage financial transaction with the patient.  
事業者が患者との金銭的な取引を管理するために必要となる。","","","","","","","",,,,,"",,,,"Coverage.costToBeneficiary",0,*,"","ele-1:すべてのFHIR要素には、@valueまたは子供が必要です / All FHIR elements must have a @value or children {hasValue() or (children().count() > id.count())}
"
"Coverage.costToBeneficiary.id","Coverage.costToBeneficiary.id","","","",0,1,"","","","string {[]} {[]}
","要素間参照のための一意のID / Unique id for inter-element referencing","リソース内の要素の一意のID（内部参照用）。これは、スペースを含まない文字列値である場合があります。 / Unique id for the element within a resource (for internal references). This may be any string value that does not contain spaces.","","","","","","","","","",,,,,"",,,,"Element.id",0,1,"","","n/a"
"Coverage.costToBeneficiary.extension","Coverage.costToBeneficiary.extension","","extensions
user content","",0,*,"","","","Extension {[]} {[]}
","実装で定義された追加のコンテンツ / Additional content defined by implementations","要素の基本的な定義の一部ではない追加情報を表すために使用できます。拡張機能を安全で管理しやすくするために、拡張機能の定義と使用に適用される厳格なガバナンスセットがあります。実装者は拡張機能を定義できますが、拡張機能の定義の一部として満たされる一連の要件があります。 / May be used to represent additional information that is not part of the basic definition of the element. To make the use of extensions safe and manageable, there is a strict set of governance  applied to the definition and use of extensions. Though any implementer can define an extension, there is a set of requirements that SHALL be met as part of the definition of the extension.","拡張機能を使用または定義する機関や管轄権に関係なく、アプリケーション、プロジェクト、または標準による拡張機能の使用に関連するスティグマはありません。拡張機能の使用は、FHIR仕様がすべての人にコアレベルのシンプルさを保持できるようにするものです。 / There can be no stigma associated with the use of extensions by any application, project, or standard - regardless of the institution or jurisdiction that uses or defines the extensions.  The use of extensions is what allows the FHIR specification to retain a core level of simplicity for everyone.","","","","","","","","",,,,,"",,,,"Element.extension",0,*,"","ele-1:すべてのFHIR要素には、@valueまたは子供が必要です / All FHIR elements must have a @value or children {hasValue() or (children().count() > id.count())}
ext-1:両方ではなく、拡張または値[x]が必要です / Must have either extensions or value[x], not both {extension.exists() != value.exists()}","n/a"
"Coverage.costToBeneficiary.modifierExtension","Coverage.costToBeneficiary.modifierExtension","","extensions
user contentmodifiers","",0,*,"","Y","Y","Extension {[]} {[]}
","認識されていなくても無視できない拡張機能 / Extensions that cannot be ignored even if unrecognized","要素の基本的な定義の一部ではなく、それが含まれている要素の理解、および/または含まれる要素の子孫の理解を変更するために使用される場合があります。通常、修飾子要素は否定または資格を提供します。拡張機能を安全で管理しやすくするために、拡張機能の定義と使用に適用される厳格なガバナンスセットがあります。実装者は拡張機能を定義できますが、拡張機能の定義の一部として満たされる一連の要件があります。アプリケーションの処理リソースは、修飾子拡張機能をチェックする必要があります。

モディファイア拡張は、リソースまたはdomainResource上の要素の意味を変更してはなりません（修飾軸自体の意味を変更することはできません）。 / May be used to represent additional information that is not part of the basic definition of the element and that modifies the understanding of the element in which it is contained and/or the understanding of the containing element's descendants. Usually modifier elements provide negation or qualification. To make the use of extensions safe and manageable, there is a strict set of governance applied to the definition and use of extensions. Though any implementer can define an extension, there is a set of requirements that SHALL be met as part of the definition of the extension. Applications processing a resource are required to check for modifier extensions.

Modifier extensions SHALL NOT change the meaning of any elements on Resource or DomainResource (including cannot change the meaning of modifierExtension itself).","拡張機能を使用または定義する機関や管轄権に関係なく、アプリケーション、プロジェクト、または標準による拡張機能の使用に関連するスティグマはありません。拡張機能の使用は、FHIR仕様がすべての人にコアレベルのシンプルさを保持できるようにするものです。 / There can be no stigma associated with the use of extensions by any application, project, or standard - regardless of the institution or jurisdiction that uses or defines the extensions.  The use of extensions is what allows the FHIR specification to retain a core level of simplicity for everyone.","修飾子拡張機能により、安全に無視できる大部分の拡張機能と明確に区別できるように、安全に無視できない拡張機能が可能になります。これにより、実装者が拡張の存在を禁止する必要性を排除することにより、相互運用性が促進されます。詳細については、[修飾子拡張の定義]（拡張性.html＃modifierextension）を参照してください。 / Modifier extensions allow for extensions that *cannot* be safely ignored to be clearly distinguished from the vast majority of extensions which can be safely ignored.  This promotes interoperability by eliminating the need for implementers to prohibit the presence of extensions. For further information, see the [definition of modifier extensions](http://hl7.org/fhir/R4/extensibility.html#modifierExtension).","","","","","","","",,,,,"",,,,"BackboneElement.modifierExtension",0,*,"","ele-1:すべてのFHIR要素には、@valueまたは子供が必要です / All FHIR elements must have a @value or children {hasValue() or (children().count() > id.count())}
ext-1:両方ではなく、拡張または値[x]が必要です / Must have either extensions or value[x], not both {extension.exists() != value.exists()}","N/A"
"Coverage.costToBeneficiary.type","Coverage.costToBeneficiary.type","","","",0,1,"","","Y","CodeableConcept {[]} {[]}
","コストカテゴリ / Cost category","The category of patient centric costs associated with treatment.  
治療に伴う患者中心の費用のカテゴリー。","For example visit, specialist visits, emergency, inpatient care, etc.  
例えば、訪問診療、専門医の訪問診療、救急診療、入院診療など。","Needed to identify the category associated with the amount for the patient.  
患者の金額に関連するカテゴリーを特定する必要があった。","","","","","","","",,"extensible","患者の自己負担が指定されているサービスの種類。 / The types of services to which patient copayments are specified.","http://hl7.org/fhir/ValueSet/coverage-copay-type","",,,,"Coverage.costToBeneficiary.type",0,1,"","ele-1:すべてのFHIR要素には、@valueまたは子供が必要です / All FHIR elements must have a @value or children {hasValue() or (children().count() > id.count())}
"
"Coverage.costToBeneficiary.type.id","Coverage.costToBeneficiary.type.id","","","",0,1,"","","","string {[]} {[]}
","要素間参照のための一意のID / Unique id for inter-element referencing","リソース内の要素の一意のID（内部参照用）。これは、スペースを含まない文字列値である場合があります。 / Unique id for the element within a resource (for internal references). This may be any string value that does not contain spaces.","","","","","","","","","",,,,,"",,,,"Element.id",0,1,"","","n/a"
"Coverage.costToBeneficiary.type.extension","Coverage.costToBeneficiary.type.extension","","extensions
user content","",0,*,"","","","Extension {[]} {[]}
","実装で定義された追加のコンテンツ / Additional content defined by implementations","要素の基本的な定義の一部ではない追加情報を表すために使用できます。拡張機能を安全で管理しやすくするために、拡張機能の定義と使用に適用される厳格なガバナンスセットがあります。実装者は拡張機能を定義できますが、拡張機能の定義の一部として満たされる一連の要件があります。 / May be used to represent additional information that is not part of the basic definition of the element. To make the use of extensions safe and manageable, there is a strict set of governance  applied to the definition and use of extensions. Though any implementer can define an extension, there is a set of requirements that SHALL be met as part of the definition of the extension.","拡張機能を使用または定義する機関や管轄権に関係なく、アプリケーション、プロジェクト、または標準による拡張機能の使用に関連するスティグマはありません。拡張機能の使用は、FHIR仕様がすべての人にコアレベルのシンプルさを保持できるようにするものです。 / There can be no stigma associated with the use of extensions by any application, project, or standard - regardless of the institution or jurisdiction that uses or defines the extensions.  The use of extensions is what allows the FHIR specification to retain a core level of simplicity for everyone.","","","","","","","","",,,,,"","value:url}
","Extensions are always sliced by (at least) url",,"open","Element.extension",0,*,"","ele-1:すべてのFHIR要素には、@valueまたは子供が必要です / All FHIR elements must have a @value or children {hasValue() or (children().count() > id.count())}
ext-1:両方ではなく、拡張または値[x]が必要です / Must have either extensions or value[x], not both {extension.exists() != value.exists()}","n/a"
"Coverage.costToBeneficiary.type.coding","Coverage.costToBeneficiary.type.coding","","","",0,*,"","","Y","Coding {[]} {[]}
","用語システムによって定義されたコード / Code defined by a terminology system","用語システムによって定義されたコードへの参照。 / A reference to a code defined by a terminology system.","コードは、列挙されたCTなどの非常に正式な定義まで、列挙またはコードリストで非常にさりげなく定義される場合があります。詳細については、HL7 V3コアプリンシップを参照してください。コーディングの順序付けは未定義であり、意味を推測するために使用されません。一般に、せいぜい、コーディング値の1つのみがuserselected = trueとしてラベル付けされます。 / Codes may be defined very casually in enumerations, or code lists, up to very formal definitions such as SNOMED CT - see the HL7 v3 Core Principles for more information.  Ordering of codings is undefined and SHALL NOT be used to infer meaning. Generally, at most only one of the coding values will be labeled as UserSelected = true.","コードシステム内の代替エンコーディング、および他のコードシステムへの翻訳が可能になります。 / Allows for alternative encodings within a code system, and translations to other code systems.","","","","","","","",,,,,"",,,,"CodeableConcept.coding",0,*,"","ele-1:すべてのFHIR要素には、@valueまたは子供が必要です / All FHIR elements must have a @value or children {hasValue() or (children().count() > id.count())}
","union(., ./translation)","C*E.1-8, C*E.10-22"
"Coverage.costToBeneficiary.type.coding.id","Coverage.costToBeneficiary.type.coding.id","","","",0,1,"","","","string {[]} {[]}
","要素間参照のための一意のID / Unique id for inter-element referencing","リソース内の要素の一意のID（内部参照用）。これは、スペースを含まない文字列値である場合があります。 / Unique id for the element within a resource (for internal references). This may be any string value that does not contain spaces.","","","","","","","","","",,,,,"",,,,"Element.id",0,1,"","","n/a"
"Coverage.costToBeneficiary.type.coding.extension","Coverage.costToBeneficiary.type.coding.extension","","extensions
user content","",0,*,"","","","Extension {[]} {[]}
","実装で定義された追加のコンテンツ / Additional content defined by implementations","要素の基本的な定義の一部ではない追加情報を表すために使用できます。拡張機能を安全で管理しやすくするために、拡張機能の定義と使用に適用される厳格なガバナンスセットがあります。実装者は拡張機能を定義できますが、拡張機能の定義の一部として満たされる一連の要件があります。 / May be used to represent additional information that is not part of the basic definition of the element. To make the use of extensions safe and manageable, there is a strict set of governance  applied to the definition and use of extensions. Though any implementer can define an extension, there is a set of requirements that SHALL be met as part of the definition of the extension.","拡張機能を使用または定義する機関や管轄権に関係なく、アプリケーション、プロジェクト、または標準による拡張機能の使用に関連するスティグマはありません。拡張機能の使用は、FHIR仕様がすべての人にコアレベルのシンプルさを保持できるようにするものです。 / There can be no stigma associated with the use of extensions by any application, project, or standard - regardless of the institution or jurisdiction that uses or defines the extensions.  The use of extensions is what allows the FHIR specification to retain a core level of simplicity for everyone.","","","","","","","","",,,,,"","value:url}
","Extensions are always sliced by (at least) url",,"open","Element.extension",0,*,"","ele-1:すべてのFHIR要素には、@valueまたは子供が必要です / All FHIR elements must have a @value or children {hasValue() or (children().count() > id.count())}
ext-1:両方ではなく、拡張または値[x]が必要です / Must have either extensions or value[x], not both {extension.exists() != value.exists()}","n/a"
"Coverage.costToBeneficiary.type.coding.system","Coverage.costToBeneficiary.type.coding.system","","","",0,1,"","","Y","uri {[]} {[]}
","用語システムのアイデンティティ / Identity of the terminology system","コード内のシンボルの意味を定義するコードシステムの識別。 / The identification of the code system that defines the meaning of the symbol in the code.","The URI may be an OID (urn:oid:...) or a UUID (urn:uuid:...).  OIDs and UUIDs SHALL be references to the HL7 OID registry. Otherwise, the URI should come from HL7's list of FHIR defined special URIs or it should reference to some definition that establishes the system clearly and unambiguously.  
保険や公費における自己負担率の種別を識別するコード体系のコード。  
""http://terminology.hl7.org/CodeSystem/coverage-copay-type""","シンボルの定義のソースについて明確である必要があります。 / Need to be unambiguous about the source of the definition of the symbol.","","","","","","","",,,,,"",,,,"Coding.system",0,1,"","ele-1:すべてのFHIR要素には、@valueまたは子供が必要です / All FHIR elements must have a @value or children {hasValue() or (children().count() > id.count())}
","./codeSystem","C*E.3"
"Coverage.costToBeneficiary.type.coding.version","Coverage.costToBeneficiary.type.coding.version","","","",0,1,"","","Y","string {[]} {[]}
","システムのバージョン - 関連する場合 / Version of the system - if relevant","このコードを選択するときに使用されたコードシステムのバージョン。コードの意味がバージョン全体で一貫しているため、適切にメンテナンスしたコードシステムでは報告されたバージョンを必要としないことに注意してください。ただし、これは一貫して保証することはできず、意味が一貫していることが保証されていない場合、バージョンを交換する必要があります。 / The version of the code system which was used when choosing this code. Note that a well-maintained code system does not need the version reported, because the meaning of codes is consistent across versions. However this cannot consistently be assured, and when the meaning is not guaranteed to be consistent, the version SHOULD be exchanged.","用語がコードシステムバージョンを識別するために使用する文字列を明確に定義していない場合、推奨は、そのバージョンがバージョンの日付として公式に公開された日付（FHIR日付形式で表現）を使用することです。 / Where the terminology does not clearly define what string should be used to identify code system versions, the recommendation is to use the date (expressed in FHIR date format) on which that version was officially published as the version date.","","","","","","","","",,,,,"",,,,"Coding.version",0,1,"","ele-1:すべてのFHIR要素には、@valueまたは子供が必要です / All FHIR elements must have a @value or children {hasValue() or (children().count() > id.count())}
","./codeSystemVersion","C*E.7"
"Coverage.costToBeneficiary.type.coding.code","Coverage.costToBeneficiary.type.coding.code","","","",0,1,"","","Y","code {[]} {[]}
","システムによって定義された構文のシンボル / Symbol in syntax defined by the system","システムによって定義された構文のシンボル。シンボルは、定義されたコードまたはコーディングシステムによって定義された構文の式（例：調整後）である場合があります。 / A symbol in syntax defined by the system. The symbol may be a predefined code or an expression in a syntax defined by the coding system (e.g. post-coordination).","Note that FHIR strings SHALL NOT exceed 1MB in size  
自己負担率を表すコード　""copaypct""","システム内の特定のコードを参照する必要があります。 / Need to refer to a particular code in the system.","","","","","","","",,,,,"",,,,"Coding.code",0,1,"","ele-1:すべてのFHIR要素には、@valueまたは子供が必要です / All FHIR elements must have a @value or children {hasValue() or (children().count() > id.count())}
","./code","C*E.1"
"Coverage.costToBeneficiary.type.coding.display","Coverage.costToBeneficiary.type.coding.display","","","",0,1,"","","Y","string {[]} {[]}
","システムによって定義された表現 / Representation defined by the system","システムのルールに従って、システム内のコードの意味の表現。 / A representation of the meaning of the code in the system, following the rules of the system.","","システムを知らない読者のために、コードの人間の読み取り可能な意味を持ち込むことができる必要があります。 / Need to be able to carry a human-readable meaning of the code for readers that do not know  the system.","","","","","","","",,,,,"",,,,"Coding.display",0,1,"","ele-1:すべてのFHIR要素には、@valueまたは子供が必要です / All FHIR elements must have a @value or children {hasValue() or (children().count() > id.count())}
","CV.displayName","C*E.2 - but note this is not well followed"
"Coverage.costToBeneficiary.type.coding.userSelected","Coverage.costToBeneficiary.type.coding.userSelected","","","",0,1,"","","Y","boolean {[]} {[]}
","このコーディングがユーザーによって直接選択された場合 / If this coding was chosen directly by the user","このコーディングがユーザーによって直接選択されたことを示します。利用可能なアイテムのピックリスト（コードまたはディスプレイ）。 / Indicates that this coding was chosen by a user directly - e.g. off a pick list of available items (codes or displays).","一連の代替案の中で、直接選択されたコードが新しい翻訳の最も適切な出発点です。この要素の使用とその結果をより完全に明確にするためには、「直接選択された」ことについては曖昧さがあり、取引パートナー契約が必要になる場合があります。 / Amongst a set of alternatives, a directly chosen code is the most appropriate starting point for new translations. There is some ambiguity about what exactly 'directly chosen' implies, and trading partner agreement may be needed to clarify the use of this element and its consequences more completely.","これは、臨床安全基準として特定されています - この正確なシステム/コードペアは、いくつかのルールまたは言語処理に基づいてシステムによって推測されるのではなく、明示的に選択されたことです。 / This has been identified as a clinical safety criterium - that this exact system/code pair was chosen explicitly, rather than inferred by the system based on some rules or language processing.","","","","","","","",,,,,"",,,,"Coding.userSelected",0,1,"","ele-1:すべてのFHIR要素には、@valueまたは子供が必要です / All FHIR elements must have a @value or children {hasValue() or (children().count() > id.count())}
","CD.codingRationale","Sometimes implied by being first"
"Coverage.costToBeneficiary.type.text","Coverage.costToBeneficiary.type.text","","","",0,1,"","","Y","string {[]} {[]}
","コンセプトの単純なテキスト表現 / Plain text representation of the concept","データを入力したユーザー、および/またはユーザーの意図された意味を表すユーザーによって見られる/選択/発言された概念の人間の言語表現。 / A human language representation of the concept as seen/selected/uttered by the user who entered the data and/or which represents the intended meaning of the user.","多くの場合、テキストはコーディングの1つの表示名と同じです。 / Very often the text is the same as a displayName of one of the codings.","用語からのコードは、それらを使用する人間のすべてのニュアンスを使用して、常に正しい意味をキャプチャするとは限りません。または、適切なコードがまったくない場合があります。これらの場合、テキストはソースの完全な意味をキャプチャするために使用されます。 / The codes from the terminologies do not always capture the correct meaning with all the nuances of the human using them, or sometimes there is no appropriate code at all. In these cases, the text is used to capture the full meaning of the source.","","","","","","","",,,,,"",,,,"CodeableConcept.text",0,1,"","ele-1:すべてのFHIR要素には、@valueまたは子供が必要です / All FHIR elements must have a @value or children {hasValue() or (children().count() > id.count())}
","./originalText[mediaType/code=""text/plain""]/data","C*E.9. But note many systems use C*E.2 for this"
"Coverage.costToBeneficiary.value[x]","Coverage.costToBeneficiary.value[x]","","","",1,1,"","","Y","Quantity {[CanonicalType[http://hl7.org/fhir/StructureDefinition/SimpleQuantity]]} {[]}
Money {[]} {[]}","受益者からの金額または割合 / The amount or percentage due from the beneficiary","The amount due from the patient for the cost category.  
費用区分の患者からの支払額。","Amount may be expressed as a percentage of the service/product cost or a fixed amount of currency.  
金額は、サービス/製品のコストに対する割合で表現される場合と、通貨の固定額で表現される場合がある。","Needed to identify the amount for the patient associated with the category.  
カテゴリーに関連する患者の支払い金額を特定する必要があった","","","","","","","",,,,,"",,,,"Coverage.costToBeneficiary.value[x]",1,1,"","ele-1:すべてのFHIR要素には、@valueまたは子供が必要です / All FHIR elements must have a @value or children {hasValue() or (children().count() > id.count())}
","C11 (Division,Section)","IN1-8","C.31"
"Coverage.costToBeneficiary.exception","Coverage.costToBeneficiary.exception","","","",0,*,"","","","BackboneElement {[]} {[]}
","患者の支払いの例外 / Exceptions for patient payments","A suite of codes indicating exceptions or reductions to patient costs and their effective periods.  
患者費用の例外または削減を示すコードとその有効期間を示すコード群。","","Required by providers to manage financial transaction with the patient.  
事業者が患者との金銭的な取引を管理するために必要となる。","","","","","","","",,,,,"",,,,"Coverage.costToBeneficiary.exception",0,*,"","ele-1:すべてのFHIR要素には、@valueまたは子供が必要です / All FHIR elements must have a @value or children {hasValue() or (children().count() > id.count())}
"
"Coverage.costToBeneficiary.exception.id","Coverage.costToBeneficiary.exception.id","","","",0,1,"","","","string {[]} {[]}
","要素間参照のための一意のID / Unique id for inter-element referencing","リソース内の要素の一意のID（内部参照用）。これは、スペースを含まない文字列値である場合があります。 / Unique id for the element within a resource (for internal references). This may be any string value that does not contain spaces.","","","","","","","","","",,,,,"",,,,"Element.id",0,1,"","","n/a"
"Coverage.costToBeneficiary.exception.extension","Coverage.costToBeneficiary.exception.extension","","extensions
user content","",0,*,"","","","Extension {[]} {[]}
","実装で定義された追加のコンテンツ / Additional content defined by implementations","要素の基本的な定義の一部ではない追加情報を表すために使用できます。拡張機能を安全で管理しやすくするために、拡張機能の定義と使用に適用される厳格なガバナンスセットがあります。実装者は拡張機能を定義できますが、拡張機能の定義の一部として満たされる一連の要件があります。 / May be used to represent additional information that is not part of the basic definition of the element. To make the use of extensions safe and manageable, there is a strict set of governance  applied to the definition and use of extensions. Though any implementer can define an extension, there is a set of requirements that SHALL be met as part of the definition of the extension.","拡張機能を使用または定義する機関や管轄権に関係なく、アプリケーション、プロジェクト、または標準による拡張機能の使用に関連するスティグマはありません。拡張機能の使用は、FHIR仕様がすべての人にコアレベルのシンプルさを保持できるようにするものです。 / There can be no stigma associated with the use of extensions by any application, project, or standard - regardless of the institution or jurisdiction that uses or defines the extensions.  The use of extensions is what allows the FHIR specification to retain a core level of simplicity for everyone.","","","","","","","","",,,,,"",,,,"Element.extension",0,*,"","ele-1:すべてのFHIR要素には、@valueまたは子供が必要です / All FHIR elements must have a @value or children {hasValue() or (children().count() > id.count())}
ext-1:両方ではなく、拡張または値[x]が必要です / Must have either extensions or value[x], not both {extension.exists() != value.exists()}","n/a"
"Coverage.costToBeneficiary.exception.modifierExtension","Coverage.costToBeneficiary.exception.modifierExtension","","extensions
user contentmodifiers","",0,*,"","Y","Y","Extension {[]} {[]}
","認識されていなくても無視できない拡張機能 / Extensions that cannot be ignored even if unrecognized","要素の基本的な定義の一部ではなく、それが含まれている要素の理解、および/または含まれる要素の子孫の理解を変更するために使用される場合があります。通常、修飾子要素は否定または資格を提供します。拡張機能を安全で管理しやすくするために、拡張機能の定義と使用に適用される厳格なガバナンスセットがあります。実装者は拡張機能を定義できますが、拡張機能の定義の一部として満たされる一連の要件があります。アプリケーションの処理リソースは、修飾子拡張機能をチェックする必要があります。

モディファイア拡張は、リソースまたはdomainResource上の要素の意味を変更してはなりません（修飾軸自体の意味を変更することはできません）。 / May be used to represent additional information that is not part of the basic definition of the element and that modifies the understanding of the element in which it is contained and/or the understanding of the containing element's descendants. Usually modifier elements provide negation or qualification. To make the use of extensions safe and manageable, there is a strict set of governance applied to the definition and use of extensions. Though any implementer can define an extension, there is a set of requirements that SHALL be met as part of the definition of the extension. Applications processing a resource are required to check for modifier extensions.

Modifier extensions SHALL NOT change the meaning of any elements on Resource or DomainResource (including cannot change the meaning of modifierExtension itself).","拡張機能を使用または定義する機関や管轄権に関係なく、アプリケーション、プロジェクト、または標準による拡張機能の使用に関連するスティグマはありません。拡張機能の使用は、FHIR仕様がすべての人にコアレベルのシンプルさを保持できるようにするものです。 / There can be no stigma associated with the use of extensions by any application, project, or standard - regardless of the institution or jurisdiction that uses or defines the extensions.  The use of extensions is what allows the FHIR specification to retain a core level of simplicity for everyone.","修飾子拡張機能により、安全に無視できる大部分の拡張機能と明確に区別できるように、安全に無視できない拡張機能が可能になります。これにより、実装者が拡張の存在を禁止する必要性を排除することにより、相互運用性が促進されます。詳細については、[修飾子拡張の定義]（拡張性.html＃modifierextension）を参照してください。 / Modifier extensions allow for extensions that *cannot* be safely ignored to be clearly distinguished from the vast majority of extensions which can be safely ignored.  This promotes interoperability by eliminating the need for implementers to prohibit the presence of extensions. For further information, see the [definition of modifier extensions](http://hl7.org/fhir/R4/extensibility.html#modifierExtension).","","","","","","","",,,,,"",,,,"BackboneElement.modifierExtension",0,*,"","ele-1:すべてのFHIR要素には、@valueまたは子供が必要です / All FHIR elements must have a @value or children {hasValue() or (children().count() > id.count())}
ext-1:両方ではなく、拡張または値[x]が必要です / Must have either extensions or value[x], not both {extension.exists() != value.exists()}","N/A"
"Coverage.costToBeneficiary.exception.type","Coverage.costToBeneficiary.exception.type","","","",1,1,"","","Y","CodeableConcept {[]} {[]}
","例外カテゴリ / Exception category","The code for the specific exception.  
特定の例外のコード。","","Needed to identify the exception associated with the amount for the patient.  
患者の金額に関連する例外を特定する必要があった。","","","","","","","",,"example","部品からの例外の種類またはCopaysなどの財務義務の完全な価値。 / The types of exceptions from the part or full value of financial obligations such as copays.","http://hl7.org/fhir/ValueSet/coverage-financial-exception","",,,,"Coverage.costToBeneficiary.exception.type",1,1,"","ele-1:すべてのFHIR要素には、@valueまたは子供が必要です / All FHIR elements must have a @value or children {hasValue() or (children().count() > id.count())}
"
"Coverage.costToBeneficiary.exception.period","Coverage.costToBeneficiary.exception.period","","","",0,1,"","","Y","Period {[]} {[]}
","例外の有効期間 / The effective period of the exception","The timeframe during when the exception is in force.  
例外が発生している間の時間枠。","","Needed to identify the applicable timeframe for the exception for the correct calculation of patient costs.  
患者の費用を正しく計算するための例外の適用時期を特定する必要があった。","","","","","","","",,,,,"",,,,"Coverage.costToBeneficiary.exception.period",0,1,"","ele-1:すべてのFHIR要素には、@valueまたは子供が必要です / All FHIR elements must have a @value or children {hasValue() or (children().count() > id.count())}
"
"Coverage.subrogation","Coverage.subrogation","","","",0,1,"","","","boolean {[]} {[]}
","Reimbursement to insurer　保険者への償還","When 'subrogation=true' this insurance instance has been included not for adjudication but to provide insurers with the details to recover costs.  
subrogation=trueの場合、この保険インスタンスは裁定のためではなく、保険者に費用回収のための詳細を提供するために含まれている。 (subrogation=代位、subrogation payment=代位納付)","Typically, automotive and worker's compensation policies would be flagged with 'subrogation=true' to enable healthcare payors to collect against accident claims.  
一般的に、自動車保険や労災保険では、医療費支払い者が事故請求に対して回収できるように、subrogation＝true というフラグが立てられている。","See definition for when to be used.  
使用時期については定義を参照すること。","","","","","","","",,,,,"",,,,"Coverage.subrogation",0,1,"","ele-1:すべてのFHIR要素には、@valueまたは子供が必要です / All FHIR elements must have a @value or children {hasValue() or (children().count() > id.count())}
"
"Coverage.contract","Coverage.contract","","","",0,*,"","","","Reference {[]} {[CanonicalType[http://hl7.org/fhir/StructureDefinition/Contract]]}
","Contract details　契約の詳細","The policy(s) which constitute this insurance coverage.  
この保険の適用範囲を構成するポリシ。","References SHALL be a reference to an actual FHIR resource, and SHALL be resolvable (allowing for access control, temporary unavailability, etc.). Resolution can be either by retrieval from the URL, or, where applicable by resource type, by treating an absolute reference as a canonical URL and looking it up in a local registry/repository.  
参照は、実際のFHIRリソースへの参照である必要があり、解決可能（内容に到達可能）である必要がある（アクセス制御、一時的な使用不可などを考慮に入れる）。解決は、URLから取得するか、リソースタイプによって該当する場合は、絶対参照を正規URLとして扱い、ローカルレジストリ/リポジトリで検索することによって行うことができる。","To reference the legally binding contract between the policy holder and the insurer.  
契約者と保険者との間の法的拘束力のある契約を参照するため。","","","","","","","",,,,,"",,,,"Coverage.contract",0,*,"","ele-1:すべてのFHIR要素には、@valueまたは子供が必要です / All FHIR elements must have a @value or children {hasValue() or (children().count() > id.count())}
","n/a","D01 through D09","IN1-16, 18,  19","C.35"
