<?xml version="1.0" encoding="UTF-8"?><ValueSet xmlns="http://hl7.org/fhir"><id value="jp-medication-category-jhsp0007-vs"/><text><status value="generated"/><div xmlns="http://www.w3.org/1999/xhtml"><ul><li>Include all codes defined in <a href="CodeSystem-jp-medication-category-jhsp0007-cs.html"><code>http://jpfhir.jp/fhir/Common/CodeSystem/JHSP0007</code></a></li></ul></div></text><url value="http://jpfhir.jp/fhir/Common/ValueSet/JP_MedicationCategoryJHSP0007_VS"/><version value="1.1.0a"/><name value="JP_MedicationCategoryJHSP0007_VS"/><title value="JP Core Medication JHSP0007 Category ValueSet"/><status value="draft"/><date value="2022-09-12T15:12:10+00:00"/><publisher value="FHIR Japanese implementation research working group in Japan Association of Medical Informatics (JAMI)"/><contact><name value="FHIR Japanese implementation research working group in Japan Association of Medical Informatics (JAMI)"/><telecom><system value="url"/><value value="http://jpfhir.jp"/></telecom><telecom><system value="email"/><value value="office@hlfhir.jp"/></telecom></contact><description value="JAHIS処方データ交換規約Ver.3.0C JHSP表0007処方区分コードの値セット"/><jurisdiction><coding><system value="urn:iso:std:iso:3166"/><code value="JP"/></coding></jurisdiction><copyright value="FHIR Japanese implementation research working group in Japan Association of Medical Informatics (JAMI)"/><compose><include><system value="http://jpfhir.jp/fhir/Common/CodeSystem/JHSP0007"/></include></compose></ValueSet>