{
  "resourceType": "CodeSystem",
  "id": "jp-department-ssmix-2digits-cs",
  "text": {
    "status": "generated",
    "div": "<div xmlns=\"http://www.w3.org/1999/xhtml\"><p>This code system http://jpfhir.jp/fhir/Common/CodeSystem/JP_Department_SsMix2Digits_CS defines the following codes:</p><table class=\"codes\"><tr><td style=\"white-space:nowrap\"><b>Code</b></td><td><b>Display</b></td></tr><tr><td style=\"white-space:nowrap\">01<a name=\"jp-department-ssmix-2digits-cs-01\"> </a></td><td>内科</td></tr><tr><td style=\"white-space:nowrap\">02<a name=\"jp-department-ssmix-2digits-cs-02\"> </a></td><td>精神科</td></tr><tr><td style=\"white-space:nowrap\">03<a name=\"jp-department-ssmix-2digits-cs-03\"> </a></td><td>神経科</td></tr><tr><td style=\"white-space:nowrap\">04<a name=\"jp-department-ssmix-2digits-cs-04\"> </a></td><td>神経内科</td></tr><tr><td style=\"white-space:nowrap\">05<a name=\"jp-department-ssmix-2digits-cs-05\"> </a></td><td>呼吸器科</td></tr><tr><td style=\"white-space:nowrap\">06<a name=\"jp-department-ssmix-2digits-cs-06\"> </a></td><td>消化器科</td></tr><tr><td style=\"white-space:nowrap\">07<a name=\"jp-department-ssmix-2digits-cs-07\"> </a></td><td>胃腸科</td></tr><tr><td style=\"white-space:nowrap\">08<a name=\"jp-department-ssmix-2digits-cs-08\"> </a></td><td>循環器科</td></tr><tr><td style=\"white-space:nowrap\">09<a name=\"jp-department-ssmix-2digits-cs-09\"> </a></td><td>小児科</td></tr><tr><td style=\"white-space:nowrap\">10<a name=\"jp-department-ssmix-2digits-cs-10\"> </a></td><td>外科</td></tr><tr><td style=\"white-space:nowrap\">11<a name=\"jp-department-ssmix-2digits-cs-11\"> </a></td><td>整形外科</td></tr><tr><td style=\"white-space:nowrap\">12<a name=\"jp-department-ssmix-2digits-cs-12\"> </a></td><td>形成外科</td></tr><tr><td style=\"white-space:nowrap\">13<a name=\"jp-department-ssmix-2digits-cs-13\"> </a></td><td>美容外科</td></tr><tr><td style=\"white-space:nowrap\">14<a name=\"jp-department-ssmix-2digits-cs-14\"> </a></td><td>脳神経外科</td></tr><tr><td style=\"white-space:nowrap\">15<a name=\"jp-department-ssmix-2digits-cs-15\"> </a></td><td>呼吸器外科</td></tr><tr><td style=\"white-space:nowrap\">16<a name=\"jp-department-ssmix-2digits-cs-16\"> </a></td><td>心臓血管外科</td></tr><tr><td style=\"white-space:nowrap\">17<a name=\"jp-department-ssmix-2digits-cs-17\"> </a></td><td>小児外科</td></tr><tr><td style=\"white-space:nowrap\">18<a name=\"jp-department-ssmix-2digits-cs-18\"> </a></td><td>皮膚泌尿器科</td></tr><tr><td style=\"white-space:nowrap\">19<a name=\"jp-department-ssmix-2digits-cs-19\"> </a></td><td>皮膚科</td></tr><tr><td style=\"white-space:nowrap\">20<a name=\"jp-department-ssmix-2digits-cs-20\"> </a></td><td>泌尿器科</td></tr><tr><td style=\"white-space:nowrap\">21<a name=\"jp-department-ssmix-2digits-cs-21\"> </a></td><td>性病科</td></tr><tr><td style=\"white-space:nowrap\">22<a name=\"jp-department-ssmix-2digits-cs-22\"> </a></td><td>肛門科</td></tr><tr><td style=\"white-space:nowrap\">23<a name=\"jp-department-ssmix-2digits-cs-23\"> </a></td><td>産婦人科</td></tr><tr><td style=\"white-space:nowrap\">24<a name=\"jp-department-ssmix-2digits-cs-24\"> </a></td><td>産科</td></tr><tr><td style=\"white-space:nowrap\">25<a name=\"jp-department-ssmix-2digits-cs-25\"> </a></td><td>婦人科</td></tr><tr><td style=\"white-space:nowrap\">26<a name=\"jp-department-ssmix-2digits-cs-26\"> </a></td><td>眼科</td></tr><tr><td style=\"white-space:nowrap\">27<a name=\"jp-department-ssmix-2digits-cs-27\"> </a></td><td>耳鼻咽喉科</td></tr><tr><td style=\"white-space:nowrap\">28<a name=\"jp-department-ssmix-2digits-cs-28\"> </a></td><td>気管食道科</td></tr><tr><td style=\"white-space:nowrap\">30<a name=\"jp-department-ssmix-2digits-cs-30\"> </a></td><td>放射線科</td></tr><tr><td style=\"white-space:nowrap\">31<a name=\"jp-department-ssmix-2digits-cs-31\"> </a></td><td>麻酔科</td></tr><tr><td style=\"white-space:nowrap\">33<a name=\"jp-department-ssmix-2digits-cs-33\"> </a></td><td>心療内科</td></tr><tr><td style=\"white-space:nowrap\">34<a name=\"jp-department-ssmix-2digits-cs-34\"> </a></td><td>アレルギー科</td></tr><tr><td style=\"white-space:nowrap\">35<a name=\"jp-department-ssmix-2digits-cs-35\"> </a></td><td>リウマチ科</td></tr><tr><td style=\"white-space:nowrap\">36<a name=\"jp-department-ssmix-2digits-cs-36\"> </a></td><td>リハビリテーション科</td></tr><tr><td style=\"white-space:nowrap\">37<a name=\"jp-department-ssmix-2digits-cs-37\"> </a></td><td>病理診断科</td></tr><tr><td style=\"white-space:nowrap\">38<a name=\"jp-department-ssmix-2digits-cs-38\"> </a></td><td>臨床検査科</td></tr><tr><td style=\"white-space:nowrap\">39<a name=\"jp-department-ssmix-2digits-cs-39\"> </a></td><td>救急科</td></tr><tr><td style=\"white-space:nowrap\">40<a name=\"jp-department-ssmix-2digits-cs-40\"> </a></td><td>遺伝科</td></tr><tr><td style=\"white-space:nowrap\">41<a name=\"jp-department-ssmix-2digits-cs-41\"> </a></td><td>血液内科</td></tr><tr><td style=\"white-space:nowrap\">42<a name=\"jp-department-ssmix-2digits-cs-42\"> </a></td><td>血液腫瘍内科</td></tr><tr><td style=\"white-space:nowrap\">43<a name=\"jp-department-ssmix-2digits-cs-43\"> </a></td><td>血液透析科</td></tr><tr><td style=\"white-space:nowrap\">44<a name=\"jp-department-ssmix-2digits-cs-44\"> </a></td><td>健診科</td></tr><tr><td style=\"white-space:nowrap\">45<a name=\"jp-department-ssmix-2digits-cs-45\"> </a></td><td>呼吸器内科</td></tr><tr><td style=\"white-space:nowrap\">46<a name=\"jp-department-ssmix-2digits-cs-46\"> </a></td><td>在宅診療科</td></tr><tr><td style=\"white-space:nowrap\">47<a name=\"jp-department-ssmix-2digits-cs-47\"> </a></td><td>腫瘍診療科</td></tr><tr><td style=\"white-space:nowrap\">48<a name=\"jp-department-ssmix-2digits-cs-48\"> </a></td><td>腎臓内科</td></tr><tr><td style=\"white-space:nowrap\">49<a name=\"jp-department-ssmix-2digits-cs-49\"> </a></td><td>睡眠診療部</td></tr><tr><td style=\"white-space:nowrap\">50<a name=\"jp-department-ssmix-2digits-cs-50\"> </a></td><td>精神神経科</td></tr><tr><td style=\"white-space:nowrap\">51<a name=\"jp-department-ssmix-2digits-cs-51\"> </a></td><td>総合診療科</td></tr><tr><td style=\"white-space:nowrap\">52<a name=\"jp-department-ssmix-2digits-cs-52\"> </a></td><td>内視鏡診療部</td></tr><tr><td style=\"white-space:nowrap\">53<a name=\"jp-department-ssmix-2digits-cs-53\"> </a></td><td>内分泌・代謝科</td></tr><tr><td style=\"white-space:nowrap\">54<a name=\"jp-department-ssmix-2digits-cs-54\"> </a></td><td>膠原病科</td></tr><tr><td style=\"white-space:nowrap\">70<a name=\"jp-department-ssmix-2digits-cs-70\"> </a></td><td>消化器内科</td></tr><tr><td style=\"white-space:nowrap\">71<a name=\"jp-department-ssmix-2digits-cs-71\"> </a></td><td>内分泌内科</td></tr><tr><td style=\"white-space:nowrap\">72<a name=\"jp-department-ssmix-2digits-cs-72\"> </a></td><td>代謝内科</td></tr><tr><td style=\"white-space:nowrap\">73<a name=\"jp-department-ssmix-2digits-cs-73\"> </a></td><td>糖尿病内科</td></tr><tr><td style=\"white-space:nowrap\">74<a name=\"jp-department-ssmix-2digits-cs-74\"> </a></td><td>腎臓・内分泌内科</td></tr><tr><td style=\"white-space:nowrap\">75<a name=\"jp-department-ssmix-2digits-cs-75\"> </a></td><td>感染症科</td></tr><tr><td style=\"white-space:nowrap\">76<a name=\"jp-department-ssmix-2digits-cs-76\"> </a></td><td>漢方科</td></tr><tr><td style=\"white-space:nowrap\">77<a name=\"jp-department-ssmix-2digits-cs-77\"> </a></td><td>老年科</td></tr><tr><td style=\"white-space:nowrap\">78<a name=\"jp-department-ssmix-2digits-cs-78\"> </a></td><td>血管外科</td></tr><tr><td style=\"white-space:nowrap\">79<a name=\"jp-department-ssmix-2digits-cs-79\"> </a></td><td>血管内治療科</td></tr><tr><td style=\"white-space:nowrap\">7A<a name=\"jp-department-ssmix-2digits-cs-7A\"> </a></td><td>消化器外科</td></tr><tr><td style=\"white-space:nowrap\">7B<a name=\"jp-department-ssmix-2digits-cs-7B\"> </a></td><td>上部消化管外科</td></tr><tr><td style=\"white-space:nowrap\">7C<a name=\"jp-department-ssmix-2digits-cs-7C\"> </a></td><td>下部消化管外科</td></tr><tr><td style=\"white-space:nowrap\">80<a name=\"jp-department-ssmix-2digits-cs-80\"> </a></td><td>肝胆膵外科</td></tr><tr><td style=\"white-space:nowrap\">81<a name=\"jp-department-ssmix-2digits-cs-81\"> </a></td><td>移植外科</td></tr><tr><td style=\"white-space:nowrap\">82<a name=\"jp-department-ssmix-2digits-cs-82\"> </a></td><td>乳腺外科</td></tr><tr><td style=\"white-space:nowrap\">83<a name=\"jp-department-ssmix-2digits-cs-83\"> </a></td><td>緩和ケア科</td></tr><tr><td style=\"white-space:nowrap\">84<a name=\"jp-department-ssmix-2digits-cs-84\"> </a></td><td>集中治療部</td></tr><tr><td style=\"white-space:nowrap\">85<a name=\"jp-department-ssmix-2digits-cs-85\"> </a></td><td>遺伝子診療部</td></tr><tr><td style=\"white-space:nowrap\">86<a name=\"jp-department-ssmix-2digits-cs-86\"> </a></td><td>顎口腔診療科</td></tr><tr><td style=\"white-space:nowrap\">87<a name=\"jp-department-ssmix-2digits-cs-87\"> </a></td><td>輸血診療部</td></tr><tr><td style=\"white-space:nowrap\">88<a name=\"jp-department-ssmix-2digits-cs-88\"> </a></td><td>予防医学診療部</td></tr><tr><td style=\"white-space:nowrap\">89<a name=\"jp-department-ssmix-2digits-cs-89\"> </a></td><td>予防接種科</td></tr><tr><td style=\"white-space:nowrap\">8A<a name=\"jp-department-ssmix-2digits-cs-8A\"> </a></td><td>先端医療開発診療</td></tr><tr><td style=\"white-space:nowrap\">8B<a name=\"jp-department-ssmix-2digits-cs-8B\"> </a></td><td>分子診療・細胞治療</td></tr><tr><td style=\"white-space:nowrap\">8C<a name=\"jp-department-ssmix-2digits-cs-8C\"> </a></td><td>特殊外来</td></tr><tr><td style=\"white-space:nowrap\">8D<a name=\"jp-department-ssmix-2digits-cs-8D\"> </a></td><td>手術部</td></tr><tr><td style=\"white-space:nowrap\">8E<a name=\"jp-department-ssmix-2digits-cs-8E\"> </a></td><td>薬剤部</td></tr><tr><td style=\"white-space:nowrap\">8G<a name=\"jp-department-ssmix-2digits-cs-8G\"> </a></td><td>栄養指導科</td></tr><tr><td style=\"white-space:nowrap\">8H<a name=\"jp-department-ssmix-2digits-cs-8H\"> </a></td><td>看護部</td></tr><tr><td style=\"white-space:nowrap\">8J<a name=\"jp-department-ssmix-2digits-cs-8J\"> </a></td><td>地域医療連携部</td></tr><tr><td style=\"white-space:nowrap\">8K<a name=\"jp-department-ssmix-2digits-cs-8K\"> </a></td><td>治験センター</td></tr><tr><td style=\"white-space:nowrap\">90<a name=\"jp-department-ssmix-2digits-cs-90\"> </a></td><td>歯科</td></tr><tr><td style=\"white-space:nowrap\">98<a name=\"jp-department-ssmix-2digits-cs-98\"> </a></td><td>医事・事務</td></tr><tr><td style=\"white-space:nowrap\">9Z<a name=\"jp-department-ssmix-2digits-cs-9Z\"> </a></td><td>その他</td></tr></table></div>"
  },
  "url": "http://jpfhir.jp/fhir/Common/CodeSystem/JP_Department_SsMix2Digits_CS",
  "version": "1.1.0a",
  "name": "JP_Department_SsMix2Digits_CS",
  "title": "JP Core Department SS-MIX2 2Digits CodeSystem",
  "status": "draft",
  "date": "2022-08-29T03:12:38+00:00",
  "publisher": "FHIR Japanese implementation research working group in Japan Association of Medical Informatics (JAMI)",
  "contact": [
    {
      "name": "FHIR Japanese implementation research working group in Japan Association of Medical Informatics (JAMI)",
      "telecom": [
        {
          "system": "url",
          "value": "http://jpfhir.jp"
        },
        {
          "system": "email",
          "value": "office@hlfhir.jp"
        }
      ]
    }
  ],
  "description": "SS-MIX統一診療科コード（２桁）",
  "jurisdiction": [
    {
      "coding": [
        {
          "system": "urn:iso:std:iso:3166",
          "code": "JP"
        }
      ]
    }
  ],
  "copyright": "FHIR Japanese implementation research working group in Japan Association of Medical Informatics (JAMI)",
  "caseSensitive": true,
  "content": "complete",
  "count": 87,
  "concept": [
    {
      "code": "01",
      "display": "内科"
    },
    {
      "code": "02",
      "display": "精神科"
    },
    {
      "code": "03",
      "display": "神経科"
    },
    {
      "code": "04",
      "display": "神経内科"
    },
    {
      "code": "05",
      "display": "呼吸器科"
    },
    {
      "code": "06",
      "display": "消化器科"
    },
    {
      "code": "07",
      "display": "胃腸科"
    },
    {
      "code": "08",
      "display": "循環器科"
    },
    {
      "code": "09",
      "display": "小児科"
    },
    {
      "code": "10",
      "display": "外科"
    },
    {
      "code": "11",
      "display": "整形外科"
    },
    {
      "code": "12",
      "display": "形成外科"
    },
    {
      "code": "13",
      "display": "美容外科"
    },
    {
      "code": "14",
      "display": "脳神経外科"
    },
    {
      "code": "15",
      "display": "呼吸器外科"
    },
    {
      "code": "16",
      "display": "心臓血管外科"
    },
    {
      "code": "17",
      "display": "小児外科"
    },
    {
      "code": "18",
      "display": "皮膚泌尿器科"
    },
    {
      "code": "19",
      "display": "皮膚科"
    },
    {
      "code": "20",
      "display": "泌尿器科"
    },
    {
      "code": "21",
      "display": "性病科"
    },
    {
      "code": "22",
      "display": "肛門科"
    },
    {
      "code": "23",
      "display": "産婦人科"
    },
    {
      "code": "24",
      "display": "産科"
    },
    {
      "code": "25",
      "display": "婦人科"
    },
    {
      "code": "26",
      "display": "眼科"
    },
    {
      "code": "27",
      "display": "耳鼻咽喉科"
    },
    {
      "code": "28",
      "display": "気管食道科"
    },
    {
      "code": "30",
      "display": "放射線科"
    },
    {
      "code": "31",
      "display": "麻酔科"
    },
    {
      "code": "33",
      "display": "心療内科"
    },
    {
      "code": "34",
      "display": "アレルギー科"
    },
    {
      "code": "35",
      "display": "リウマチ科"
    },
    {
      "code": "36",
      "display": "リハビリテーション科"
    },
    {
      "code": "37",
      "display": "病理診断科"
    },
    {
      "code": "38",
      "display": "臨床検査科"
    },
    {
      "code": "39",
      "display": "救急科"
    },
    {
      "code": "40",
      "display": "遺伝科"
    },
    {
      "code": "41",
      "display": "血液内科"
    },
    {
      "code": "42",
      "display": "血液腫瘍内科"
    },
    {
      "code": "43",
      "display": "血液透析科"
    },
    {
      "code": "44",
      "display": "健診科"
    },
    {
      "code": "45",
      "display": "呼吸器内科"
    },
    {
      "code": "46",
      "display": "在宅診療科"
    },
    {
      "code": "47",
      "display": "腫瘍診療科"
    },
    {
      "code": "48",
      "display": "腎臓内科"
    },
    {
      "code": "49",
      "display": "睡眠診療部"
    },
    {
      "code": "50",
      "display": "精神神経科"
    },
    {
      "code": "51",
      "display": "総合診療科"
    },
    {
      "code": "52",
      "display": "内視鏡診療部"
    },
    {
      "code": "53",
      "display": "内分泌・代謝科"
    },
    {
      "code": "54",
      "display": "膠原病科"
    },
    {
      "code": "70",
      "display": "消化器内科"
    },
    {
      "code": "71",
      "display": "内分泌内科"
    },
    {
      "code": "72",
      "display": "代謝内科"
    },
    {
      "code": "73",
      "display": "糖尿病内科"
    },
    {
      "code": "74",
      "display": "腎臓・内分泌内科"
    },
    {
      "code": "75",
      "display": "感染症科"
    },
    {
      "code": "76",
      "display": "漢方科"
    },
    {
      "code": "77",
      "display": "老年科"
    },
    {
      "code": "78",
      "display": "血管外科"
    },
    {
      "code": "79",
      "display": "血管内治療科"
    },
    {
      "code": "7A",
      "display": "消化器外科"
    },
    {
      "code": "7B",
      "display": "上部消化管外科"
    },
    {
      "code": "7C",
      "display": "下部消化管外科"
    },
    {
      "code": "80",
      "display": "肝胆膵外科"
    },
    {
      "code": "81",
      "display": "移植外科"
    },
    {
      "code": "82",
      "display": "乳腺外科"
    },
    {
      "code": "83",
      "display": "緩和ケア科"
    },
    {
      "code": "84",
      "display": "集中治療部"
    },
    {
      "code": "85",
      "display": "遺伝子診療部"
    },
    {
      "code": "86",
      "display": "顎口腔診療科"
    },
    {
      "code": "87",
      "display": "輸血診療部"
    },
    {
      "code": "88",
      "display": "予防医学診療部"
    },
    {
      "code": "89",
      "display": "予防接種科"
    },
    {
      "code": "8A",
      "display": "先端医療開発診療"
    },
    {
      "code": "8B",
      "display": "分子診療・細胞治療"
    },
    {
      "code": "8C",
      "display": "特殊外来"
    },
    {
      "code": "8D",
      "display": "手術部"
    },
    {
      "code": "8E",
      "display": "薬剤部"
    },
    {
      "code": "8G",
      "display": "栄養指導科"
    },
    {
      "code": "8H",
      "display": "看護部"
    },
    {
      "code": "8J",
      "display": "地域医療連携部"
    },
    {
      "code": "8K",
      "display": "治験センター"
    },
    {
      "code": "90",
      "display": "歯科"
    },
    {
      "code": "98",
      "display": "医事・事務"
    },
    {
      "code": "9Z",
      "display": "その他"
    }
  ]
}