<?xml version="1.0" encoding="UTF-8"?>

<NamingSystem xmlns="http://hl7.org/fhir">
  <id value="jp-medicationcodehot13-namingsystem"/>
  <text>
    <status value="generated"/><div xmlns="http://www.w3.org/1999/xhtml"><p class="res-header-id"><b>Generated Narrative: NamingSystem jp-medicationcodehot13-namingsystem</b></p><a name="jp-medicationcodehot13-namingsystem"> </a><a name="hcjp-medicationcodehot13-namingsystem"> </a><a name="hcjp-medicationcodehot13-namingsystem-ja"> </a><h3>Summary</h3><table class="grid"><tr><td>Defining URL</td><td>http://jpfhir.jp/fhir/core/NamingSystem/jp-medicationcodehot13-namingsystem</td></tr><tr><td>Version</td><td>1.2.0-dev</td></tr><tr><td>Name</td><td>JP_MedicationCodeHOT13_NamingSystem</td></tr><tr><td>Status</td><td>active</td></tr><tr><td>Definition</td><td><div><p>JP Core MedicationCode HOT13 NamingSystem</p>
</div></td></tr><tr><td>Publisher</td><td>FHIR Japanese implementation research working group in Japan Association of Medical Informatics (JAMI)</td></tr><tr><td>Copyright</td><td><div><p>Copyright FHIR Japanese implementation research working group in Japan Association of Medical Informatics (JAMI) 一般社団法人日本医療情報学会NeXEHRS課題研究会FHIR日本実装検討WG</p>
</div></td></tr></table><h3>Identifiers</h3><table class="grid"><tr><td><b>Type</b></td><td><b>Value</b></td><td><b>Preferred</b></td></tr><tr><td>OID</td><td>1.2.392.200119.4.402.1</td><td/></tr><tr><td>URI</td><td>urn:oid:1.2.392.200119.4.402.1</td><td>true</td></tr><tr><td>URI</td><td>http://jpfhir.jp/fhir/core/CodeSystem/JP_MedicationCodeHOT13_CS</td><td/></tr></table></div>
  </text>
  <extension url="http://hl7.org/fhir/5.0/StructureDefinition/extension-NamingSystem.url">
    <valueUri value="http://jpfhir.jp/fhir/core/NamingSystem/jp-medicationcodehot13-namingsystem"/>
  </extension>
  <extension url="http://hl7.org/fhir/5.0/StructureDefinition/extension-NamingSystem.version">
    <valueString value="1.2.0-dev"/>
  </extension>
  <name value="JP_MedicationCodeHOT13_NamingSystem"/>
  <status value="active"/>
  <kind value="codesystem"/>
  <date value="2023-10-31"/>
  <publisher value="FHIR Japanese implementation research working group in Japan Association of Medical Informatics (JAMI)"/>
  <contact>
    <name value="FHIR Japanese implementation research working group in Japan Association of Medical Informatics (JAMI)"/>
    <telecom>
      <system value="url"/>
      <value value="http://jpfhir.jp"/>
    </telecom>
    <telecom>
      <system value="email"/>
      <value value="office@hlfhir.jp"/>
    </telecom>
  </contact>
  <description value="JP Core MedicationCode HOT13 NamingSystem"/>
  <jurisdiction>
    <coding>
      <system value="urn:iso:std:iso:3166"/>
      <code value="JP"/>
      <display value="Japan"/>
    </coding>
  </jurisdiction>
  <uniqueId>
    <type value="oid"/>
    <value value="1.2.392.200119.4.402.1"/>
  </uniqueId>
  <uniqueId>
    <type value="uri"/>
    <value value="urn:oid:1.2.392.200119.4.402.1"/>
    <preferred value="true"/>
  </uniqueId>
  <uniqueId>
    <type value="uri"/>
    <value value="http://jpfhir.jp/fhir/core/CodeSystem/JP_MedicationCodeHOT13_CS"/>
  </uniqueId>
</NamingSystem>