<?xml version="1.0" encoding="UTF-8"?>

<ValueSet xmlns="http://hl7.org/fhir">
  <id value="jp-documentcodes-diagnosticreport-vs"/>
  <text>
    <status value="generated"/><div xmlns="http://www.w3.org/1999/xhtml"><p class="res-header-id"><b>Generated Narrative: ValueSet jp-documentcodes-diagnosticreport-vs</b></p><a name="jp-documentcodes-diagnosticreport-vs"> </a><a name="hcjp-documentcodes-diagnosticreport-vs"> </a><a name="hcjp-documentcodes-diagnosticreport-vs-ja"> </a><ul><li>Include these codes as defined in <a href="CodeSystem-jp-documentcodes-cs.html"><code>http://jpfhir.jp/fhir/core/CodeSystem/JP_DocumentCodes_CS</code></a><table class="none"><tr><td style="white-space:nowrap"><b>Code</b></td><td><b>Display</b></td></tr><tr><td><a href="CodeSystem-jp-documentcodes-cs.html#jp-documentcodes-cs-28010-7">28010-7</a></td><td>心電図報告書</td></tr><tr><td><a href="CodeSystem-jp-documentcodes-cs.html#jp-documentcodes-cs-12132-7">12132-7</a></td><td>超音波検査報告書</td></tr><tr><td><a href="CodeSystem-jp-documentcodes-cs.html#jp-documentcodes-cs-18759-1">18759-1</a></td><td>スパイロメトリー検査報告書</td></tr><tr><td><a href="CodeSystem-jp-documentcodes-cs.html#jp-documentcodes-cs-58477-1">58477-1</a></td><td>肺機能検査報告書</td></tr><tr><td><a href="CodeSystem-jp-documentcodes-cs.html#jp-documentcodes-cs-76641-0">76641-0</a></td><td>脳神経検査報告書</td></tr><tr><td><a href="CodeSystem-jp-documentcodes-cs.html#jp-documentcodes-cs-77199-8">77199-8</a></td><td>PWV-CABI-ABI 報告書</td></tr><tr><td><a href="CodeSystem-jp-documentcodes-cs.html#jp-documentcodes-cs-18745-0">18745-0</a></td><td>心カテ報告書</td></tr><tr><td><a href="CodeSystem-jp-documentcodes-cs.html#jp-documentcodes-cs-18748-4">18748-4</a></td><td>画像検査報告書</td></tr><tr><td><a href="CodeSystem-jp-documentcodes-cs.html#jp-documentcodes-cs-39712-5">39712-5</a></td><td>心筋血流 SPECT 検査報告書</td></tr><tr><td><a href="CodeSystem-jp-documentcodes-cs.html#jp-documentcodes-cs-39650-7">39650-7</a></td><td>心臓核医学検査報告書</td></tr><tr><td><a href="CodeSystem-jp-documentcodes-cs.html#jp-documentcodes-cs-11526-1">11526-1</a></td><td>病理検査報告書</td></tr><tr><td><a href="CodeSystem-jp-documentcodes-cs.html#jp-documentcodes-cs-47526-9">47526-9</a></td><td>細胞診報告書</td></tr><tr><td><a href="CodeSystem-jp-documentcodes-cs.html#jp-documentcodes-cs-18743-5">18743-5</a></td><td>剖検報告書</td></tr><tr><td><a href="CodeSystem-jp-documentcodes-cs.html#jp-documentcodes-cs-47048-4">47048-4</a></td><td>IVR 報告書</td></tr><tr><td><a href="CodeSystem-jp-documentcodes-cs.html#jp-documentcodes-cs-59281-6">59281-6</a></td><td>心エコー報告書</td></tr><tr><td><a href="CodeSystem-jp-documentcodes-cs.html#jp-documentcodes-cs-59282-4">59282-4</a></td><td>ストレス心エコー報告書</td></tr><tr><td><a href="CodeSystem-jp-documentcodes-cs.html#jp-documentcodes-cs-77198-0">77198-0</a></td><td>動脈硬化検査報告書</td></tr><tr><td><a href="CodeSystem-jp-documentcodes-cs.html#jp-documentcodes-cs-75218-8">75218-8</a></td><td>研究報告書</td></tr><tr><td><a href="CodeSystem-jp-documentcodes-cs.html#jp-documentcodes-cs-18747-6">18747-6</a></td><td>CT 検査報告書</td></tr><tr><td><a href="CodeSystem-jp-documentcodes-cs.html#jp-documentcodes-cs-18755-9">18755-9</a></td><td>MRI 検査報告書</td></tr><tr><td><a href="CodeSystem-jp-documentcodes-cs.html#jp-documentcodes-cs-18751-8">18751-8</a></td><td>上部消化管内視鏡報告書</td></tr><tr><td><a href="CodeSystem-jp-documentcodes-cs.html#jp-documentcodes-cs-18746-8">18746-8</a></td><td>下部消化管内視鏡報告書</td></tr><tr><td><a href="CodeSystem-jp-documentcodes-cs.html#jp-documentcodes-cs-28018-0">28018-0</a></td><td>小腸内視鏡報告書</td></tr><tr><td><a href="CodeSystem-jp-documentcodes-cs.html#jp-documentcodes-cs-28016-4">28016-4</a></td><td>ERCP 報告書</td></tr><tr><td><a href="CodeSystem-jp-documentcodes-cs.html#jp-documentcodes-cs-18744-3">18744-3</a></td><td>気管支鏡検査報告書</td></tr><tr><td><a href="CodeSystem-jp-documentcodes-cs.html#jp-documentcodes-cs-19805-1">19805-1</a></td><td>内視鏡検査報告書</td></tr><tr><td><a href="CodeSystem-jp-documentcodes-cs.html#jp-documentcodes-cs-55750-4">55750-4</a></td><td>医療安全報告書</td></tr><tr><td><a href="CodeSystem-jp-documentcodes-cs.html#jp-documentcodes-cs-51896-9">51896-9</a></td><td>感染症報告書</td></tr><tr><td><a href="CodeSystem-jp-documentcodes-cs.html#jp-documentcodes-cs-18758-3">18758-3</a></td><td>PET 検査報告書</td></tr><tr><td><a href="CodeSystem-jp-documentcodes-cs.html#jp-documentcodes-cs-17787-3">17787-3</a></td><td>核医学検査報告書</td></tr><tr><td><a href="CodeSystem-jp-documentcodes-cs.html#jp-documentcodes-cs-53576-5">53576-5</a></td><td>検診・健診報告書</td></tr><tr><td><a href="CodeSystem-jp-documentcodes-cs.html#jp-documentcodes-cs-11502-2">11502-2</a></td><td>検体検査報告書</td></tr><tr><td><a href="CodeSystem-jp-documentcodes-cs.html#jp-documentcodes-cs-18725-2">18725-2</a></td><td>微生物学的検査報告書</td></tr></table></li></ul></div>
  </text>
  <url value="http://jpfhir.jp/fhir/core/ValueSet/JP_DocumentCodes_DiagnosticReport_VS"/>
  <version value="1.2.0-dev"/>
  <name value="JP_DocumentCodes_DiagnosticReport_VS"/>
  <title value="JP Core Document Codes DiagnosticReport ValueSet"/>
  <status value="active"/>
  <experimental value="false"/>
  <date value="2023-10-31"/>
  <publisher value="FHIR Japanese implementation research working group in Japan Association of Medical Informatics (JAMI)"/>
  <contact>
    <name value="FHIR Japanese implementation research working group in Japan Association of Medical Informatics (JAMI)"/>
    <telecom>
      <system value="url"/>
      <value value="http://jpfhir.jp"/>
    </telecom>
    <telecom>
      <system value="email"/>
      <value value="office@hlfhir.jp"/>
    </telecom>
  </contact>
  <description value="Document Codes DiagnosticReport 値セット"/>
  <jurisdiction>
    <coding>
      <system value="urn:iso:std:iso:3166"/>
      <code value="JPN"/>
      <display value="Japan"/>
    </coding>
  </jurisdiction>
  <copyright value="Copyright FHIR Japanese implementation research working group in Japan Association of Medical Informatics (JAMI) 一般社団法人日本医療情報学会NeXEHRS課題研究会FHIR日本実装検討WG"/>
  <compose>
    <include>
      <system value="http://jpfhir.jp/fhir/core/CodeSystem/JP_DocumentCodes_CS"/>
      <concept>
        <code value="28010-7"/>
        <display value="心電図報告書"/>
      </concept>
      <concept>
        <code value="12132-7"/>
        <display value="超音波検査報告書"/>
      </concept>
      <concept>
        <code value="18759-1"/>
        <display value="スパイロメトリー検査報告書"/>
      </concept>
      <concept>
        <code value="58477-1"/>
        <display value="肺機能検査報告書"/>
      </concept>
      <concept>
        <code value="76641-0"/>
        <display value="脳神経検査報告書"/>
      </concept>
      <concept>
        <code value="77199-8"/>
        <display value="PWV-CABI-ABI 報告書"/>
      </concept>
      <concept>
        <code value="18745-0"/>
        <display value="心カテ報告書"/>
      </concept>
      <concept>
        <code value="18748-4"/>
        <display value="画像検査報告書"/>
      </concept>
      <concept>
        <code value="39712-5"/>
        <display value="心筋血流 SPECT 検査報告書"/>
      </concept>
      <concept>
        <code value="39650-7"/>
        <display value="心臓核医学検査報告書"/>
      </concept>
      <concept>
        <code value="11526-1"/>
        <display value="病理検査報告書"/>
      </concept>
      <concept>
        <code value="47526-9"/>
        <display value="細胞診報告書"/>
      </concept>
      <concept>
        <code value="18743-5"/>
        <display value="剖検報告書"/>
      </concept>
      <concept>
        <code value="47048-4"/>
        <display value="IVR 報告書"/>
      </concept>
      <concept>
        <code value="59281-6"/>
        <display value="心エコー報告書"/>
      </concept>
      <concept>
        <code value="59282-4"/>
        <display value="ストレス心エコー報告書"/>
      </concept>
      <concept>
        <code value="77198-0"/>
        <display value="動脈硬化検査報告書"/>
      </concept>
      <concept>
        <code value="75218-8"/>
        <display value="研究報告書"/>
      </concept>
      <concept>
        <code value="18747-6"/>
        <display value="CT 検査報告書"/>
      </concept>
      <concept>
        <code value="18755-9"/>
        <display value="MRI 検査報告書"/>
      </concept>
      <concept>
        <code value="18751-8"/>
        <display value="上部消化管内視鏡報告書"/>
      </concept>
      <concept>
        <code value="18746-8"/>
        <display value="下部消化管内視鏡報告書"/>
      </concept>
      <concept>
        <code value="28018-0"/>
        <display value="小腸内視鏡報告書"/>
      </concept>
      <concept>
        <code value="28016-4"/>
        <display value="ERCP 報告書"/>
      </concept>
      <concept>
        <code value="18744-3"/>
        <display value="気管支鏡検査報告書"/>
      </concept>
      <concept>
        <code value="19805-1"/>
        <display value="内視鏡検査報告書"/>
      </concept>
      <concept>
        <code value="55750-4"/>
        <display value="医療安全報告書"/>
      </concept>
      <concept>
        <code value="51896-9"/>
        <display value="感染症報告書"/>
      </concept>
      <concept>
        <code value="18758-3"/>
        <display value="PET 検査報告書"/>
      </concept>
      <concept>
        <code value="17787-3"/>
        <display value="核医学検査報告書"/>
      </concept>
      <concept>
        <code value="53576-5"/>
        <display value="検診・健診報告書"/>
      </concept>
      <concept>
        <code value="11502-2"/>
        <display value="検体検査報告書"/>
      </concept>
      <concept>
        <code value="18725-2"/>
        <display value="微生物学的検査報告書"/>
      </concept>
    </include>
  </compose>
</ValueSet>