<?xml version="1.0" encoding="UTF-8"?>

<ValueSet xmlns="http://hl7.org/fhir">
  <id value="jp-medication-example-routecomment-vs"/>
  <text>
    <status value="generated"/><div xmlns="http://www.w3.org/1999/xhtml"><p class="res-header-id"><b>Generated Narrative: ValueSet jp-medication-example-routecomment-vs</b></p><a name="jp-medication-example-routecomment-vs"> </a><a name="hcjp-medication-example-routecomment-vs"> </a><a name="hcjp-medication-example-routecomment-vs-ja"> </a><ul><li>Include all codes defined in <a href="CodeSystem-jp-medication-example-routecomment-cs.html"><code>http://jpfhir.jp/fhir/Examples/CodeSystem/JP_MedicationAdministrationDosageRouteComment_CS</code></a></li></ul></div>
  </text>
  <url value="http://jpfhir.jp/fhir/Examples/ValueSet/JP_MedicationAdministrationDosageRouteComment_VS"/>
  <version value="1.2.0-dev"/>
  <name value="JP_MedicationExampleRouteComment_VS"/>
  <title value="JP Core Medication Example RouteComment ValueSet"/>
  <status value="active"/>
  <experimental value="false"/>
  <date value="2023-10-31"/>
  <publisher value="FHIR Japanese implementation research working group in Japan Association of Medical Informatics (JAMI)"/>
  <contact>
    <name value="FHIR Japanese implementation research working group in Japan Association of Medical Informatics (JAMI)"/>
    <telecom>
      <system value="url"/>
      <value value="http://jpfhir.jp"/>
    </telecom>
    <telecom>
      <system value="email"/>
      <value value="office@hlfhir.jp"/>
    </telecom>
  </contact>
  <description value="注射投与経路コメントの値セット例"/>
  <jurisdiction>
    <coding>
      <system value="urn:iso:std:iso:3166"/>
      <code value="JPN"/>
      <display value="Japan"/>
    </coding>
  </jurisdiction>
  <copyright value="Copyright FHIR Japanese implementation research working group in Japan Association of Medical Informatics (JAMI) 一般社団法人日本医療情報学会NeXEHRS課題研究会FHIR日本実装検討WG"/>
  <compose>
    <include>
      <system value="http://jpfhir.jp/fhir/Examples/CodeSystem/JP_MedicationAdministrationDosageRouteComment_CS"/>
    </include>
  </compose>
</ValueSet>