{
  "resourceType" : "CodeSystem",
  "id" : "jp-medication-example-linecomment-cs",
  "url" : "http://jpfhir.jp/fhir/Examples/CodeSystem/JP_MedicationAdministrationDosageLineComment_CS",
  "version" : "1.2.0-dev",
  "name" : "JP_MedicationExampleLineComment_CS",
  "title" : "JP Core Medication Example LineComment CodeSystem",
  "status" : "active",
  "experimental" : false,
  "date" : "2023-10-31",
  "publisher" : "FHIR Japanese implementation research working group in Japan Association of Medical Informatics (JAMI)",
  "contact" : [{
    "name" : "FHIR Japanese implementation research working group in Japan Association of Medical Informatics (JAMI)",
    "telecom" : [{
      "system" : "url",
      "value" : "http://jpfhir.jp"
    },
    {
      "system" : "email",
      "value" : "office@hlfhir.jp"
    }]
  }],
  "description" : "注射ラインコメントのコードシステム例",
  "jurisdiction" : [{
    "coding" : [{
      "system" : "http://unstats.un.org/unsd/methods/m49/m49.htm",
      "code" : "392",
      "display" : "JPN"
    }]
  }],
  "copyright" : "Copyright FHIR Japanese implementation research working group in Japan Association of Medical Informatics (JAMI) 一般社団法人日本医療情報学会NeXEHRS課題研究会FHIR日本実装検討WG",
  "caseSensitive" : true,
  "content" : "fragment",
  "concept" : [{
    "code" : "01",
    "display" : "末梢キープ"
  },
  {
    "code" : "02",
    "display" : "生食ロック"
  },
  {
    "code" : "03",
    "display" : "ヘパリンロック"
  }]
}