{
  "resourceType" : "ValueSet",
  "id" : "jp-procedure-outcome-vs",
  "text" : {
    "status" : "generated",
    "div" : "<div xmlns=\"http://www.w3.org/1999/xhtml\"><p class=\"res-header-id\"><b>Generated Narrative: ValueSet jp-procedure-outcome-vs</b></p><a name=\"jp-procedure-outcome-vs\"> </a><a name=\"hcjp-procedure-outcome-vs\"> </a><a name=\"hcjp-procedure-outcome-vs-ja\"> </a><ul><li>Include all codes defined in <a href=\"CodeSystem-jp-procedure-outcome-cs.html\"><code>http://jpfhir.jp/fhir/core/CodeSystem/JP_ProcedureOutcome_CS</code></a></li></ul></div>"
  },
  "url" : "http://jpfhir.jp/fhir/core/ValueSet/JP_ProcedureOutcome_VS",
  "version" : "1.2.0-dev",
  "name" : "JP_ProcedureOutcome_VS",
  "title" : "JP Core Procedure Outcome ValueSet",
  "status" : "active",
  "experimental" : false,
  "date" : "2023-10-31",
  "publisher" : "FHIR Japanese implementation research working group in Japan Association of Medical Informatics (JAMI)",
  "contact" : [{
    "name" : "FHIR Japanese implementation research working group in Japan Association of Medical Informatics (JAMI)",
    "telecom" : [{
      "system" : "url",
      "value" : "http://jpfhir.jp"
    },
    {
      "system" : "email",
      "value" : "office@hlfhir.jp"
    }]
  }],
  "description" : "処置が実施されたアウトカムを示す値セット",
  "jurisdiction" : [{
    "coding" : [{
      "system" : "http://unstats.un.org/unsd/methods/m49/m49.htm",
      "code" : "392",
      "display" : "JPN"
    }]
  }],
  "copyright" : "Copyright FHIR Japanese implementation research working group in Japan Association of Medical Informatics (JAMI) 一般社団法人日本医療情報学会NeXEHRS課題研究会FHIR日本実装検討WG",
  "compose" : {
    "include" : [{
      "system" : "http://jpfhir.jp/fhir/core/CodeSystem/JP_ProcedureOutcome_CS"
    }]
  }
}