"Id","Path","Slice Name","Alias(s)","Label","Min","Max","Must Support?","Is Modifier?","Is Summary?","Type(s)","Short","Definition","Comments","Requirements","Default Value","Meaning When Missing","Fixed Value","Pattern","Example","Minimum Value","Maximum Value","Maximum Length","Binding Strength","Binding Description","Binding Value Set","Code","Slicing Discriminator","Slicing Description","Slicing Ordered","Slicing Rules","Base Path","Base Min","Base Max","Condition(s)","Constraint(s)","Mapping: RIM Mapping","Mapping: FiveWs Pattern Mapping","Mapping: HL7 v2 Mapping"
"AllergyIntolerance","AllergyIntolerance","","Allergy
IntoleranceAdverse Reaction","",0,*,"","","","null {[]} {[]}
","Allergy or Intolerance (generally: Risk of adverse reaction to a substance). アレルギー不耐症 (特定の物質への暴露で生じた有害反応)","Risk of harmful or undesirable, physiological response which is unique to an individual and associated with exposure to a substance.  
このリソースは患者のアレルギー不耐症を表現する。具体的には、特定の物質または物質群への暴露によって生じる有害反応の傾向や、潜在的なリスクを表現する。","物質には、個人に適切な投与量で正しく投与される治療物質が含まれますが、これらに限定されません。食物;植物または動物に由来する材料。または昆虫の刺し傷からの毒。 / Substances include, but are not limited to: a therapeutic substance administered correctly at an appropriate dosage for the individual; food; material derived from plants or animals; or venom from insect stings.","","","","","","","","",,,,,"",,,,"AllergyIntolerance",0,*,"","","Entity. Role, or Act","Observation[classCode=OBS, moodCode=EVN]"
"AllergyIntolerance.id","AllergyIntolerance.id","","","",0,1,"","","Y","id {[]} {[]}
","このアーティファクトの論理ID / Logical id of this artifact","リソースのURLで使用されるリソースの論理ID。割り当てられたら、この値は変更されません。 / The logical id of the resource, as used in the URL for the resource. Once assigned, this value never changes.","リソースにIDがないのは、IDが作成操作を使用してサーバーに送信されている場合です。 / The only time that a resource does not have an id is when it is being submitted to the server using a create operation.","","","","","","","","",,,,,"",,,,"Resource.id",0,1,"",""
"AllergyIntolerance.meta","AllergyIntolerance.meta","","","",0,1,"","","Y","Meta {[]} {[]}
","リソースに関するメタデータ / Metadata about the resource","リソースに関するメタデータ。これは、インフラストラクチャによって維持されるコンテンツです。コンテンツの変更は、常にリソースのバージョンの変更に関連付けられているとは限りません。 / The metadata about the resource. This is content that is maintained by the infrastructure. Changes to the content might not always be associated with version changes to the resource.","","","","","","","","","",,,,,"",,,,"Resource.meta",0,1,"","ele-1:すべてのFHIR要素には、@valueまたは子供が必要です / All FHIR elements must have a @value or children {hasValue() or (children().count() > id.count())}
"
"AllergyIntolerance.implicitRules","AllergyIntolerance.implicitRules","","","",0,1,"","Y","Y","uri {[]} {[]}
","このコンテンツが作成されたルールのセット / A set of rules under which this content was created","リソースが構築されたときに従った一連のルールへの参照。コンテンツの処理時に理解する必要があります。多くの場合、これは他のプロファイルなどとともに特別なルールを定義する実装ガイドへの参照です。 / A reference to a set of rules that were followed when the resource was constructed, and which must be understood when processing the content. Often, this is a reference to an implementation guide that defines the special rules along with other profiles etc.","このルールセットを主張することは、コンテンツが限られた取引パートナーのセットによってのみ理解されることを制限します。これにより、本質的に長期的にデータの有用性が制限されます。ただし、既存の健康エコシステムは非常に破壊されており、一般的に計算可能な意味でデータを定義、収集、交換する準備ができていません。可能な限り、実装者や仕様ライターはこの要素の使用を避ける必要があります。多くの場合、使用する場合、URLは、これらの特別なルールを他のプロファイル、バリューセットなどとともに叙述(Narative)の一部として定義する実装ガイドへの参照です。 / Asserting this rule set restricts the content to be only understood by a limited set of trading partners. This inherently limits the usefulness of the data in the long term. However, the existing health eco-system is highly fractured, and not yet ready to define, collect, and exchange data in a generally computable sense. Wherever possible, implementers and/or specification writers should avoid using this element. Often, when used, the URL is a reference to an implementation guide that defines these special rules as part of it's narrative along with other profiles, value sets, etc.","","","","","","","","",,,,,"",,,,"Resource.implicitRules",0,1,"","ele-1:すべてのFHIR要素には、@valueまたは子供が必要です / All FHIR elements must have a @value or children {hasValue() or (children().count() > id.count())}
"
"AllergyIntolerance.language","AllergyIntolerance.language","","","",0,1,"","","","code {[]} {[]}
","リソースコンテンツの言語 / Language of the resource content","リソースが書かれている基本言語。 / The base language in which the resource is written.","言語は、インデックス作成とアクセシビリティをサポートするために提供されます（通常、テキストから音声までのサービスなどのサービスが言語タグを使用します）。叙述(Narative)のHTML言語タグは、叙述(Narative)に適用されます。リソース上の言語タグを使用して、リソース内のデータから生成された他のプレゼンテーションの言語を指定できます。すべてのコンテンツが基本言語である必要はありません。リソース。言語は、叙述(Narative)に自動的に適用されると想定されるべきではありません。言語が指定されている場合、HTMLのDIV要素にも指定されている場合（XML：LangとHTML Lang属性の関係については、HTML5のルールを参照してください）。 / Language is provided to support indexing and accessibility (typically, services such as text to speech use the language tag). The html language tag in the narrative applies  to the narrative. The language tag on the resource may be used to specify the language of other presentations generated from the data in the resource. Not all the content has to be in the base language. The Resource.language should not be assumed to apply to the narrative automatically. If a language is specified, it should it also be specified on the div element in the html (see rules in HTML5 for information about the relationship between xml:lang and the html lang attribute).","","","","","","","","",,"preferred","人間の言語。 / A human language.","http://hl7.org/fhir/ValueSet/languages","",,,,"Resource.language",0,1,"","ele-1:すべてのFHIR要素には、@valueまたは子供が必要です / All FHIR elements must have a @value or children {hasValue() or (children().count() > id.count())}
"
"AllergyIntolerance.text","AllergyIntolerance.text","","narrative
htmlxhtmldisplay","",0,1,"","","","Narrative {[]} {[]}
","Text summary of the resource, for human interpretation. このリソースを人間が解釈するためのテキスト要約","リソースの概要を含み、人間へのリソースの内容を表すために使用できる人間の読み取り可能な叙述(Narative)。叙述(Narative)はすべての構造化されたデータをエンコードする必要はありませんが、人間が叙述(Narative)を読むだけで「臨床的に安全」にするために十分な詳細を含める必要があります。リソースの定義は、臨床的安全を確保するために、叙述(Narative)で表現するコンテンツを定義する場合があります。 / A human-readable narrative that contains a summary of the resource and can be used to represent the content of the resource to a human. The narrative need not encode all the structured data, but is required to contain sufficient detail to make it ""clinically safe"" for a human to just read the narrative. Resource definitions may define what content should be represented in the narrative to ensure clinical safety.","含まれるリソースには叙述(Narative)がありません。含まれていないリソースには叙述(Narative)が必要です。場合によっては、リソースには、追加の個別のデータがほとんどまたはまったくないテキストのみがあります（すべてのMinoccur = 1要素が満たされている限り）。これは、情報がtext blob (バイナリー ラージ オブジェクト)としてキャプチャされるレガシーシステムからのデータ、またはテキストが生またはナレーションされ、エンコードされた情報が後で追加される場合に必要になる場合があります。 / Contained resources do not have narrative. Resources that are not contained SHOULD have a narrative. In some cases, a resource may only have text with little or no additional discrete data (as long as all minOccurs=1 elements are satisfied).  This may be necessary for data from legacy systems where information is captured as a ""text blob"" or where text is additionally entered raw or narrated and encoded information is added later.","","","","","","","","",,,,,"",,,,"DomainResource.text",0,1,"","ele-1:すべてのFHIR要素には、@valueまたは子供が必要です / All FHIR elements must have a @value or children {hasValue() or (children().count() > id.count())}
","Act.text?"
"AllergyIntolerance.contained","AllergyIntolerance.contained","","inline resources
anonymous resourcescontained resources","",0,*,"","","","Resource {[]} {[]}
","インラインリソースが含まれています / Contained, inline Resources","これらのリソースには、それらを含むリソースを除いて独立した存在はありません - 独立して特定することはできず、独自の独立したトランザクションスコープを持つこともできません。 / These resources do not have an independent existence apart from the resource that contains them - they cannot be identified independently, and nor can they have their own independent transaction scope.","識別が失われると、コンテンツを適切に識別できる場合は、これを行うべきではありません。含まれるリソースには、メタ要素にプロファイルとタグがある場合がありますが、セキュリティラベルはありません。 / This should never be done when the content can be identified properly, as once identification is lost, it is extremely difficult (and context dependent) to restore it again. Contained resources may have profiles and tags In their meta elements, but SHALL NOT have security labels.","","","","","","","","",,,,,"",,,,"DomainResource.contained",0,*,"","","N/A"
"AllergyIntolerance.extension","AllergyIntolerance.extension","","extensions
user content","",0,*,"","","","Extension {[]} {[]}
","実装で定義された追加のコンテンツ / Additional content defined by implementations","リソースの基本的な定義の一部ではない追加情報を表すために使用できます。拡張機能を安全で管理しやすくするために、拡張機能の定義と使用に適用される厳格なガバナンスセットがあります。実装者は拡張機能を定義できますが、拡張機能の定義の一部として満たされる一連の要件があります。 / May be used to represent additional information that is not part of the basic definition of the resource. To make the use of extensions safe and manageable, there is a strict set of governance  applied to the definition and use of extensions. Though any implementer can define an extension, there is a set of requirements that SHALL be met as part of the definition of the extension.","拡張機能を使用または定義する機関や管轄権に関係なく、アプリケーション、プロジェクト、または標準による拡張機能の使用に関連するスティグマはありません。拡張機能の使用は、FHIR仕様がすべての人にコアレベルのシンプルさを保持できるようにするものです。 / There can be no stigma associated with the use of extensions by any application, project, or standard - regardless of the institution or jurisdiction that uses or defines the extensions.  The use of extensions is what allows the FHIR specification to retain a core level of simplicity for everyone.","","","","","","","","",,,,,"",,,,"DomainResource.extension",0,*,"","ele-1:すべてのFHIR要素には、@valueまたは子供が必要です / All FHIR elements must have a @value or children {hasValue() or (children().count() > id.count())}
ext-1:両方ではなく、拡張または値[x]が必要です / Must have either extensions or value[x], not both {extension.exists() != value.exists()}","N/A"
"AllergyIntolerance.modifierExtension","AllergyIntolerance.modifierExtension","","extensions
user content","",0,*,"","Y","","Extension {[]} {[]}
","無視できない拡張機能 / Extensions that cannot be ignored","リソースの基本的な定義の一部ではなく、それを含む要素の理解および/または含有要素の子孫の理解を変更するために使用される場合があります。通常、修飾子要素は否定または資格を提供します。拡張機能を安全で管理しやすくするために、拡張機能の定義と使用に適用される厳格なガバナンスセットがあります。実装者は拡張機能を定義することが許可されていますが、拡張機能の定義の一部として満たされる一連の要件があります。アプリケーションの処理リソースは、修飾子拡張機能をチェックする必要があります。

モディファイア拡張は、リソースまたはdomainResource上の要素の意味を変更してはなりません（修飾軸自体の意味を変更することはできません）。 / May be used to represent additional information that is not part of the basic definition of the resource and that modifies the understanding of the element that contains it and/or the understanding of the containing element's descendants. Usually modifier elements provide negation or qualification. To make the use of extensions safe and manageable, there is a strict set of governance applied to the definition and use of extensions. Though any implementer is allowed to define an extension, there is a set of requirements that SHALL be met as part of the definition of the extension. Applications processing a resource are required to check for modifier extensions.

Modifier extensions SHALL NOT change the meaning of any elements on Resource or DomainResource (including cannot change the meaning of modifierExtension itself).","拡張機能を使用または定義する機関や管轄権に関係なく、アプリケーション、プロジェクト、または標準による拡張機能の使用に関連するスティグマはありません。拡張機能の使用は、FHIR仕様がすべての人にコアレベルのシンプルさを保持できるようにするものです。 / There can be no stigma associated with the use of extensions by any application, project, or standard - regardless of the institution or jurisdiction that uses or defines the extensions.  The use of extensions is what allows the FHIR specification to retain a core level of simplicity for everyone.","修飾子拡張機能により、安全に無視できる大部分の拡張機能と明確に区別できるように、安全に無視できない拡張機能が可能になります。これにより、実装者が拡張の存在を禁止する必要性を排除することにより、相互運用性が促進されます。詳細については、[修飾子拡張の定義]（拡張性.html＃modifierextension）を参照してください。 / Modifier extensions allow for extensions that *cannot* be safely ignored to be clearly distinguished from the vast majority of extensions which can be safely ignored.  This promotes interoperability by eliminating the need for implementers to prohibit the presence of extensions. For further information, see the [definition of modifier extensions](http://hl7.org/fhir/R4/extensibility.html#modifierExtension).","","","","","","","",,,,,"",,,,"DomainResource.modifierExtension",0,*,"","ele-1:すべてのFHIR要素には、@valueまたは子供が必要です / All FHIR elements must have a @value or children {hasValue() or (children().count() > id.count())}
ext-1:両方ではなく、拡張または値[x]が必要です / Must have either extensions or value[x], not both {extension.exists() != value.exists()}","N/A"
"AllergyIntolerance.identifier","AllergyIntolerance.identifier","","","",0,*,"","","Y","Identifier {[]} {[]}
","このアイテムの外部ID / External ids for this item","リソースが更新され、サーバーからサーバーに伝播するにつれて一定のままであるパフォーマーまたは他のシステムによってこのアレルギー耐性に割り当てられたビジネス識別子。 / Business identifiers assigned to this AllergyIntolerance by the performer or other systems which remain constant as the resource is updated and propagates from server to server.","これはビジネス識別子であり、リソース識別子ではありません（[ディスカッション]（Resource.html＃識別子を参照））。識別子が単一のリソースインスタンスにのみ表示することがベストプラクティスですが、ビジネス慣行は、同じ識別子を持つ複数のリソースインスタンスが存在する可能性があることを時々決定する場合があります。たとえば、複数の患者と個人のリソースインスタンスは、同じ社会保険番号を共有する場合があります。 / This is a business identifier, not a resource identifier (see [discussion](http://hl7.org/fhir/R4/resource.html#identifiers)).  It is best practice for the identifier to only appear on a single resource instance, however business practices may occasionally dictate that multiple resource instances with the same identifier can exist - possibly even with different resource types.  For example, multiple Patient and a Person resource instance might share the same social insurance number.","さまざまな参加システムで知られており、サーバー全体で一貫している方法でアレルギー耐性を識別できるようにします。 / Allows identification of the AllergyIntolerance as it is known by various participating systems and in a way that remains consistent across servers.","","","","","","","",,,,,"",,,,"AllergyIntolerance.identifier",0,*,"","ele-1:すべてのFHIR要素には、@valueまたは子供が必要です / All FHIR elements must have a @value or children {hasValue() or (children().count() > id.count())}
","id","FiveWs.identifier","IAM-7"
"AllergyIntolerance.clinicalStatus","AllergyIntolerance.clinicalStatus","","","",0,1,"","Y","Y","CodeableConcept {[]} {[]}
","active | inactive | resolved (アクティブ | 非アクティブ | 解決済み)","The clinical status of the allergy or intolerance.  
このアレルギー不耐症のステータス。","Clincalstatusのデータが欠落している場合は、[Discussion]（Extensibility.html＃Special-Case）を参照してください。
ClinicalStatusには臨床的判断が関与しているため、データ型はCodeAbleconceptです。そのため、必要なFHIR値セットが許可するよりも特異性が必要になる場合があります。たとえば、スノムコーディングにより、追加の特異性が可能になる場合があります。 / Refer to [discussion](http://hl7.org/fhir/R4/extensibility.html#Special-Case) if clincalStatus is missing data.
The data type is CodeableConcept because clinicalStatus has some clinical judgment involved, such that there might need to be more specificity than the required FHIR value set allows. For example, a SNOMED coding might allow for additional specificity.","","","","","","","","",,"required","アレルギーまたは不耐性の臨床状態。 / The clinical status of the allergy or intolerance.","http://hl7.org/fhir/ValueSet/allergyintolerance-clinical|4.0.1","",,,,"AllergyIntolerance.clinicalStatus",0,1,"ait-1
ait-2","ele-1:すべてのFHIR要素には、@valueまたは子供が必要です / All FHIR elements must have a @value or children {hasValue() or (children().count() > id.count())}
","Observation ACT .inboundRelationship[typeCode=COMP].source[classCode=OBS, code=""clinicalStatus"", moodCode=EVN].value","FiveWs.status"
"AllergyIntolerance.verificationStatus","AllergyIntolerance.verificationStatus","","","",0,1,"","Y","Y","CodeableConcept {[]} {[]}
","unconfirmed | confirmed | refuted | entered-in-error (未確認 | 確認済み | 否定された | 入力エラー)","Assertion about certainty associated with the propensity, or potential risk, of a reaction to the identified substance (including pharmaceutical product).  
特定された物質（医薬品を含む）が有害反応を誘発する確実性の度合い。","検証型には臨床的判断が含まれているため、データ型はCodeAbleconceptです。そのため、必要なFHIR値セットが許可するよりも特異性が必要になる場合があります。たとえば、スノムコーディングにより、追加の特異性が可能になる場合があります。 / The data type is CodeableConcept because verificationStatus has some clinical judgment involved, such that there might need to be more specificity than the required FHIR value set allows. For example, a SNOMED coding might allow for additional specificity.","","","","","","","","",,"required","特定された物質に対する反応の傾向または潜在的なリスクに関連する確実性に関する主張。 / Assertion about certainty associated with a propensity, or potential risk, of a reaction to the identified substance.","http://hl7.org/fhir/ValueSet/allergyintolerance-verification|4.0.1","",,,,"AllergyIntolerance.verificationStatus",0,1,"ait-1
ait-2","ele-1:すべてのFHIR要素には、@valueまたは子供が必要です / All FHIR elements must have a @value or children {hasValue() or (children().count() > id.count())}
","Observation ACT .inboundRelationship[typeCode=COMP].source[classCode=OBS, code=""verificationStatus"", moodCode=EVN].value","FiveWs.status"
"AllergyIntolerance.type","AllergyIntolerance.type","","Category
Class","",0,1,"","","Y","code {[]} {[]}
","allergy | intolerance - Underlying mechanism (if known) （アレルギー | 不耐症）","Identification of the underlying physiological mechanism for the reaction risk.  
有害反応を誘発する生理的なメカニズムが特定できる場合にアレルギーか不耐性かを区別する。","アレルギー性（通常は免疫媒介）反応は、伝統的に、重大な将来のリスクへの潜在的なエスカレーションの指標と見なされてきました。現代の知識は、以前は免疫媒介であると考えられていたいくつかの反応は、実際には非免疫であるが、場合によっては生命を脅かすリスクをもたらす可能性があることを示唆しています。多くの臨床医が特定の反応のメカニズムを区別する立場にない可能性があることが認められています。多くの場合、「アレルギー」という用語はかなり一般的に使用され、「不寛容」の使用と重複する場合があります。実際には、これら2つの概念の境界は明確に定義されたり理解されたりしない場合があります。それでも、多くのレガシーシステムがこの属性をキャプチャしているため、このデータ要素が含まれています。免疫学的検査は、反応と原因物質の基礎についての支持的な証拠を提供する可能性がありますが、特定の物質に対する感受性に対して100％感度または特異的である検査はありません。一般的にそうであるように、反応がアレルギーまたは不耐性によるものであるかどうかが不明である場合、タイプ要素はリソースから省略する必要があります。 / Allergic (typically immune-mediated) reactions have been traditionally regarded as an indicator for potential escalation to significant future risk. Contemporary knowledge suggests that some reactions previously thought to be immune-mediated are, in fact, non-immune, but in some cases can still pose a life threatening risk. It is acknowledged that many clinicians might not be in a position to distinguish the mechanism of a particular reaction. Often the term ""allergy"" is used rather generically and may overlap with the use of ""intolerance"" - in practice the boundaries between these two concepts might not be well-defined or understood. This data element is included nevertheless, because many legacy systems have captured this attribute. Immunologic testing may provide supporting evidence for the basis of the reaction and the causative substance, but no tests are 100% sensitive or specific for sensitivity to a particular substance. If, as is commonly the case, it is unclear whether the reaction is due to an allergy or an intolerance, then the type element should be omitted from the resource.","","","","","","","","",,"required","反応リスクの基礎となる生理学的メカニズムの特定。 / Identification of the underlying physiological mechanism for a Reaction Risk.","http://hl7.org/fhir/ValueSet/allergy-intolerance-type|4.0.1","",,,,"AllergyIntolerance.type",0,1,"","ele-1:すべてのFHIR要素には、@valueまたは子供が必要です / All FHIR elements must have a @value or children {hasValue() or (children().count() > id.count())}
","code","FiveWs.class","IAM-9"
"AllergyIntolerance.category","AllergyIntolerance.category","","Category
TypeReaction TypeClass","",0,*,"","","Y","code {[]} {[]}
","food | medication | environment | biologic (食品 | 薬品 | 環境 | 生体)","Category of the identified substance.  
同定された物質のカテゴリー。","このデータ要素は、現在いくつかの臨床システムでキャプチャされているため、含まれています。このデータは、コーディングシステムが使用されている物質から導き出すことができ、その状況では効果的に冗長です。カテゴリを検索するときは、カテゴリなしでアレルギー耐性リソースの意味を考慮してください。たとえば、カテゴリ=薬で検索すると、評価されていないカテゴリがない薬物療法は返されません。[検索]（Search.html）を参照してください。カテゴリを失ったカテゴリを使用してカテゴリを検索する方法の詳細については、カテゴリを持たないアレルギーを取得します。さらに、カテゴリは送信者に基づいて主観的である可能性があるため、カテゴリは注意して使用する必要があります。 / This data element has been included because it is currently being captured in some clinical systems. This data can be derived from the substance where coding systems are used, and is effectively redundant in that situation.  When searching on category, consider the implications of AllergyIntolerance resources without a category.  For example, when searching on category = medication, medication allergies that don't have a category valued will not be returned.  Refer to [search](http://hl7.org/fhir/R4/search.html) for more information on how to search category with a :missing modifier to get allergies that don't have a category.  Additionally, category should be used with caution because category can be subjective based on the sender.","","","","","","","","",,"required","アレルギーまたは不耐性に関連する同定された物質のカテゴリ。 / Category of an identified substance associated with allergies or intolerances.","http://hl7.org/fhir/ValueSet/allergy-intolerance-category|4.0.1","",,,,"AllergyIntolerance.category",0,*,"","ele-1:すべてのFHIR要素には、@valueまたは子供が必要です / All FHIR elements must have a @value or children {hasValue() or (children().count() > id.count())}
","value < IntoleranceValue (Agent)","FiveWs.class","AL1-2"
"AllergyIntolerance.criticality","AllergyIntolerance.criticality","","Severity
SeriousnessContra-indicationRisk","",0,1,"","","Y","code {[]} {[]}
","low | high | unable-to-assess (低い | 高い | 評価できない)","Estimate of the potential clinical harm, or seriousness, of the reaction to the identified substance.  
同定された物質が誘発する有害反応の臨床的な重要度。","副作用に対するあらゆる傾向のデフォルトのクリティカリティ値は「低リスク」である必要があり、少なくとも物質への意図的または自発的な暴露に対する相対的な禁忌を示しています。臨床医がアナフィラキシーなどのより深刻または潜在的に生命を脅かす反応の傾向を特定し、物質への意図的または自発的な暴露に対する絶対的な禁忌を暗示している場合、「高リスク」にフラグが立てられます。この要素が欠落している場合、臨界性は不明です（ただし、他の場所で知られている場合があります）。条件レベルで重症度をキャプチャするシステムは、実際には臨界の概念を表していますが、反応レベルで文書化された重大度は真の反応の重症度を表しています。条件の臨界性と反応の重症度の両方をキャプチャしている既存のシステムは、「重大度」という用語を使用して両方を表す場合があります。臨界性は、将来的には最悪です（つまり、状況に依存しない）が、重大度は状況に依存します。 / The default criticality value for any propensity to an adverse reaction should be 'Low Risk', indicating at the very least a relative contraindication to deliberate or voluntary exposure to the substance. 'High Risk' is flagged if the clinician has identified a propensity for a more serious or potentially life-threatening reaction, such as anaphylaxis, and implies an absolute contraindication to deliberate or voluntary exposure to the substance. If this element is missing, the criticality is unknown (though it may be known elsewhere).  Systems that capture a severity at the condition level are actually representing the concept of criticality whereas the severity documented at the reaction level is representing the true reaction severity.  Existing systems that are capturing both condition criticality and reaction severity may use the term ""severity"" to represent both.  Criticality is the worst it could be in the future (i.e. situation-agnostic) whereas severity is situation-dependent.","","","","","","","","",,"required","特定された物質に対する反応の潜在的な臨床的危害または深刻さの推定。 / Estimate of the potential clinical harm, or seriousness, of a reaction to an identified substance.","http://hl7.org/fhir/ValueSet/allergy-intolerance-criticality|4.0.1","",,,,"AllergyIntolerance.criticality",0,1,"","ele-1:すべてのFHIR要素には、@valueまたは子供が必要です / All FHIR elements must have a @value or children {hasValue() or (children().count() > id.count())}
","inboundRelationship[typeCode=SUBJ].source[classCode=OBS, moodCode=EVN, code=SEV, value <= SeverityObservation (Severity Level)]","FiveWs.grade","AL1-4"
"AllergyIntolerance.code","AllergyIntolerance.code","","Code
","",0,1,"","","Y","CodeableConcept {[]} {[]}
","Code that identifies the allergy or intolerance. このアレルギー不耐症の識別コード","Code for an allergy or intolerance statement (either a positive or a negated/excluded statement). This may be a code for a substance or pharmaceutical product that is considered to be responsible for the adverse reaction risk (e.g., ""Latex""), an allergy or intolerance condition (e.g., ""Latex allergy""), or a negated/excluded code for a specific substance or class (e.g., ""No latex allergy"") or a general or categorical negated statement (e.g., ""No known allergy"", ""No known drug allergies""). Note: the substance for a specific reaction may be different from the substance identified as the cause of the risk, but it must be consistent with it. For instance, it may be a more specific substance (e.g. a brand medication) or a composite product that includes the identified substance. It must be clinically safe to only process the 'code' and ignore the 'reaction.substance'. If a receiving system is unable to confirm that AllergyIntolerance.reaction.substance falls within the semantic scope of AllergyIntolerance.code, then the receiving system should ignore AllergyIntolerance.reaction.substance.   
アレルギー不耐症を識別するためのコード（肯定または否定・除外の両者を含む）。このコードは、アレルゲンとなる物資（例:Latex）、状態としてのアレルギー不耐性（例:Latex allergy）、特定の物質やクラスに対する否定・除外コード（例: No latex allergy）、物質やクラス全般に対する否定・除外コード（例: No known allergy, No known drug allergies）などが考えられる。  
注: 特定の有害反応を誘発する物質は、原因として特定された物質と異なっていてもよいが、整合がとれていなければならない。たとえば、より具体的な物質（ブランド薬など）や、特定された物質を含む複合製品の場合がある。  
AllergyIntolerance.codeのみを処理し、AllergyIntolerance.reaction.substanceを無視しても、臨床的に安全でなければならない。  
受信システムがAllergyIntolerance.reaction.substanceがAllergyIntolerance.codeのセマンティックスコープ内に（前者が後者の意味的な下位概念にあること）を確認できない場合、受信システムはAllergyIntolerance.reaction.substanceを無視する必要がある。","このプロファイルを利用するにあたっては注意事項も参照のこと。[JP Core Allergyintoleranceプロファイル 注意事項](StructureDefinition-jp-allergyintolerance.html#%E6%B3%A8%E6%84%8F%E4%BA%8B%E9%A0%85)","","","","","","","","",,"example","","http://jpfhir.jp/fhir/core/ValueSet/JP_AllergyIntolerance_VS","",,,,"AllergyIntolerance.code",0,1,"","ele-1:すべてのFHIR要素には、@valueまたは子供が必要です / All FHIR elements must have a @value or children {hasValue() or (children().count() > id.count())}
","substance/product:.participation[typeCode=CAGNT].role[classCode=ADMM].player[classCode=MAT, determinerCode=KIND, code <= ExposureAgentEntityType]negated/excluded substance/product:.participation[typeCode=CAGNT, negationInd=true].role[classCode=ADMM].player[classCode=MAT, determinerCode=KIND, code <= ExposureAgentEntityType]positive or negated/excluded condition/situation:Observation.code=ASSERTION; Observation.value","FiveWs.what[x]","AL1-3 / IAM-3"
"AllergyIntolerance.patient","AllergyIntolerance.patient","","Patient
","",1,1,"","","Y","Reference {[]} {[CanonicalType[http://jpfhir.jp/fhir/core/StructureDefinition/JP_Patient]]}
","Who the sensitivity is for. このアレルギー不耐症を有する患者","The patient who has the allergy or intolerance.  
このアレルギー不耐症を有する患者。","","","","","","","","","",,,,,"",,,,"AllergyIntolerance.patient",1,1,"","ele-1:すべてのFHIR要素には、@valueまたは子供が必要です / All FHIR elements must have a @value or children {hasValue() or (children().count() > id.count())}
",".participation[typeCode=SBJ].role[classCode=PAT]","FiveWs.subject[x]","FiveWs.subject","(PID-3)"
"AllergyIntolerance.encounter","AllergyIntolerance.encounter","","","",0,1,"","","","Reference {[]} {[CanonicalType[http://jpfhir.jp/fhir/core/StructureDefinition/JP_Encounter]]}
","Encounter when the allergy or intolerance was asserted. このアレルギー不耐症が判明した受療の状況（外来、入院、救急、在宅など）","The encounter when the allergy or intolerance was asserted.  
このアレルギー不耐症が判明した受療の状況（外来、入院、救急、在宅など）","","","","","","","","","",,,,,"",,,,"AllergyIntolerance.encounter",0,1,"","ele-1:すべてのFHIR要素には、@valueまたは子供が必要です / All FHIR elements must have a @value or children {hasValue() or (children().count() > id.count())}
",".inboundRelationship[typeCode=COMP].source[classCode=ENC, moodCode=EVN]","FiveWs.context"
"AllergyIntolerance.onset[x]","AllergyIntolerance.onset[x]","","","",0,1,"","","","dateTime {[]} {[]}
Age {[]} {[]}Period {[]} {[]}Range {[]} {[]}string {[]} {[]}","When allergy or intolerance was identified. このアレルギー不耐症のオンセット","Estimated or actual date, date-time, or age when allergy or intolerance was identified.  
このアレルギー不耐症が同定された事実もしくは推定された時期（日付、日時、年齢）。","","","","","","","","","",,,,,"",,,,"AllergyIntolerance.onset[x]",0,1,"","ele-1:すべてのFHIR要素には、@valueまたは子供が必要です / All FHIR elements must have a @value or children {hasValue() or (children().count() > id.count())}
","effectiveTime.low","FiveWs.init"
"AllergyIntolerance.recordedDate","AllergyIntolerance.recordedDate","","","",0,1,"","","","dateTime {[]} {[]}
","Date first version of the resource instance was recorded. このアレルギー不耐症が初めて記録された日時","The recordedDate represents when this particular AllergyIntolerance record was created in the system, which is often a system-generated date. このアレルギー不耐症の記録がシステムで作成された日時を表し、多くの場合、システムが生成した日付である。","","","","","","","","","",,,,,"",,,,"AllergyIntolerance.recordedDate",0,1,"","ele-1:すべてのFHIR要素には、@valueまたは子供が必要です / All FHIR elements must have a @value or children {hasValue() or (children().count() > id.count())}
",".participation[typeCode=AUT].time","FiveWs.recorded","IAM-13"
"AllergyIntolerance.recorder","AllergyIntolerance.recorder","","Author
","",0,1,"","","","Reference {[]} {[CanonicalType[http://jpfhir.jp/fhir/core/StructureDefinition/JP_Practitioner], CanonicalType[http://jpfhir.jp/fhir/core/StructureDefinition/JP_PractitionerRole], CanonicalType[http://jpfhir.jp/fhir/core/StructureDefinition/JP_Patient], CanonicalType[http://hl7.org/fhir/StructureDefinition/RelatedPerson]]}
","Who recorded the sensitivity. 誰がこのアレルギー不耐症を記録したか","Individual who recorded the record and takes responsibility for its content.  
このアレルギー不耐症を記録しその内容に責任を持つ個人。","","","","","","","","","",,,,,"",,,,"AllergyIntolerance.recorder",0,1,"","ele-1:すべてのFHIR要素には、@valueまたは子供が必要です / All FHIR elements must have a @value or children {hasValue() or (children().count() > id.count())}
",".participation[typeCode=AUT].role","FiveWs.author"
"AllergyIntolerance.asserter","AllergyIntolerance.asserter","","Source
Informant","",0,1,"","","Y","Reference {[]} {[CanonicalType[http://jpfhir.jp/fhir/core/StructureDefinition/JP_Patient], CanonicalType[http://hl7.org/fhir/StructureDefinition/RelatedPerson], CanonicalType[http://jpfhir.jp/fhir/core/StructureDefinition/JP_Practitioner], CanonicalType[http://jpfhir.jp/fhir/core/StructureDefinition/JP_PractitionerRole]]}
","Source of the information about the allergy. このアレルギー不耐症の情報源","The source of the information about the allergy that is recorded.  
このアレルギー不耐症に関する情報の発生源または取得元。","レコーダーはコンテンツに対して責任を負いますが、入手した場所からソースを参照できます。 / The recorder takes responsibility for the content, but can reference the source from where they got it.","","","","","","","","",,,,,"",,,,"AllergyIntolerance.asserter",0,1,"","ele-1:すべてのFHIR要素には、@valueまたは子供が必要です / All FHIR elements must have a @value or children {hasValue() or (children().count() > id.count())}
",".participation[typeCode=INF].role","FiveWs.source","IAM-14 (if patient) / IAM-18 (if practitioner)"
"AllergyIntolerance.lastOccurrence","AllergyIntolerance.lastOccurrence","","","",0,1,"","","","dateTime {[]} {[]}
","Date(/time) of last known occurrence of a reaction. このアレルギー不耐症が最も直近に発生した日時","Represents the date and/or time of the last known occurrence of a reaction event.  
最も直近に発生した日時を表す。","この日付は、反応日の開始の1つによって複製される場合があります。最後の発生の日付のテキスト表現が必要な場合。「10年前の幼少期に」コメント要素を使用する必要があります。 / This date may be replicated by one of the Onset of Reaction dates. Where a textual representation of the date of last occurrence is required e.g. 'In Childhood, '10 years ago' the Comment element should be used.","","","","","","","","",,,,,"",,,,"AllergyIntolerance.lastOccurrence",0,1,"","ele-1:すべてのFHIR要素には、@valueまたは子供が必要です / All FHIR elements must have a @value or children {hasValue() or (children().count() > id.count())}
","outBoundRelationship[typeCode=SUBJ].target[classCode=OBS, moodCode=EVN, code <= CommonClinicalObservationType, value <= ObservationValue (Reaction Type)].effectiveTime"
"AllergyIntolerance.note","AllergyIntolerance.note","","","",0,*,"","","","Annotation {[]} {[]}
","Additional text not captured in other fields. 他のフィールド要素では記述できない追加テキスト","Additional narrative about the propensity for the Adverse Reaction, not captured in other fields.  
他のフィールド要素では表現できない、このアレルギー不耐症に関する追加的な記述。","例：「高リスク」の深刻さにフラグを立てる理由を含む。集中治療室内またはコルチコステロイドカバーの下での投与など、将来の曝露または物質の投与に関連する指示。メモは、一般的な条件としてのアレルギーまたは不耐性に関連しており、その特定のエピソードとは関係ありません。エピソードノートと説明には、allergyIntolerance.event.descriptionとallergyIntolerance.event.notesを使用します。 / For example: including reason for flagging a seriousness of 'High Risk'; and instructions related to future exposure or administration of the substance, such as administration within an Intensive Care Unit or under corticosteroid cover. The notes should be related to an allergy or intolerance as a condition in general and not related to any particular episode of it. For episode notes and descriptions, use AllergyIntolerance.event.description and  AllergyIntolerance.event.notes.","","","","","","","","",,,,,"",,,,"AllergyIntolerance.note",0,*,"","ele-1:すべてのFHIR要素には、@valueまたは子供が必要です / All FHIR elements must have a @value or children {hasValue() or (children().count() > id.count())}
","subjectOf.observationEvent[code=""annotation""].value"
"AllergyIntolerance.reaction","AllergyIntolerance.reaction","","","",0,*,"","","","BackboneElement {[]} {[]}
","Adverse Reaction Events linked to exposure to substance. このアレルゲンへの暴露に関連する有害反応","Details about each adverse reaction event linked to exposure to the identified substance.  
同定された物質への暴露に関連する個々の有害反応に関する詳細情報。","","","","","","","","","",,,,,"",,,,"AllergyIntolerance.reaction",0,*,"","ele-1:すべてのFHIR要素には、@valueまたは子供が必要です / All FHIR elements must have a @value or children {hasValue() or (children().count() > id.count())}
","outBoundRelationship[typeCode=SUBJ].target[classCode=OBS, moodCode=EVN, code <= CommonClinicalObservationType, value <= ObservationValue (Reaction Type)]"
"AllergyIntolerance.reaction.id","AllergyIntolerance.reaction.id","","","",0,1,"","","","string {[]} {[]}
","要素間参照のための一意のID / Unique id for inter-element referencing","リソース内の要素の一意のID（内部参照用）。これは、スペースを含まない文字列値である場合があります。 / Unique id for the element within a resource (for internal references). This may be any string value that does not contain spaces.","","","","","","","","","",,,,,"",,,,"Element.id",0,1,"","","n/a"
"AllergyIntolerance.reaction.extension","AllergyIntolerance.reaction.extension","","extensions
user content","",0,*,"","","","Extension {[]} {[]}
","実装で定義された追加のコンテンツ / Additional content defined by implementations","要素の基本的な定義の一部ではない追加情報を表すために使用できます。拡張機能を安全で管理しやすくするために、拡張機能の定義と使用に適用される厳格なガバナンスセットがあります。実装者は拡張機能を定義できますが、拡張機能の定義の一部として満たされる一連の要件があります。 / May be used to represent additional information that is not part of the basic definition of the element. To make the use of extensions safe and manageable, there is a strict set of governance  applied to the definition and use of extensions. Though any implementer can define an extension, there is a set of requirements that SHALL be met as part of the definition of the extension.","拡張機能を使用または定義する機関や管轄権に関係なく、アプリケーション、プロジェクト、または標準による拡張機能の使用に関連するスティグマはありません。拡張機能の使用は、FHIR仕様がすべての人にコアレベルのシンプルさを保持できるようにするものです。 / There can be no stigma associated with the use of extensions by any application, project, or standard - regardless of the institution or jurisdiction that uses or defines the extensions.  The use of extensions is what allows the FHIR specification to retain a core level of simplicity for everyone.","","","","","","","","",,,,,"",,,,"Element.extension",0,*,"","ele-1:すべてのFHIR要素には、@valueまたは子供が必要です / All FHIR elements must have a @value or children {hasValue() or (children().count() > id.count())}
ext-1:両方ではなく、拡張または値[x]が必要です / Must have either extensions or value[x], not both {extension.exists() != value.exists()}","n/a"
"AllergyIntolerance.reaction.modifierExtension","AllergyIntolerance.reaction.modifierExtension","","extensions
user contentmodifiers","",0,*,"","Y","Y","Extension {[]} {[]}
","認識されていなくても無視できない拡張機能 / Extensions that cannot be ignored even if unrecognized","要素の基本的な定義の一部ではなく、それが含まれている要素の理解、および/または含まれる要素の子孫の理解を変更するために使用される場合があります。通常、修飾子要素は否定または資格を提供します。拡張機能を安全で管理しやすくするために、拡張機能の定義と使用に適用される厳格なガバナンスセットがあります。実装者は拡張機能を定義できますが、拡張機能の定義の一部として満たされる一連の要件があります。アプリケーションの処理リソースは、修飾子拡張機能をチェックする必要があります。

モディファイア拡張は、リソースまたはdomainResource上の要素の意味を変更してはなりません（修飾軸自体の意味を変更することはできません）。 / May be used to represent additional information that is not part of the basic definition of the element and that modifies the understanding of the element in which it is contained and/or the understanding of the containing element's descendants. Usually modifier elements provide negation or qualification. To make the use of extensions safe and manageable, there is a strict set of governance applied to the definition and use of extensions. Though any implementer can define an extension, there is a set of requirements that SHALL be met as part of the definition of the extension. Applications processing a resource are required to check for modifier extensions.

Modifier extensions SHALL NOT change the meaning of any elements on Resource or DomainResource (including cannot change the meaning of modifierExtension itself).","拡張機能を使用または定義する機関や管轄権に関係なく、アプリケーション、プロジェクト、または標準による拡張機能の使用に関連するスティグマはありません。拡張機能の使用は、FHIR仕様がすべての人にコアレベルのシンプルさを保持できるようにするものです。 / There can be no stigma associated with the use of extensions by any application, project, or standard - regardless of the institution or jurisdiction that uses or defines the extensions.  The use of extensions is what allows the FHIR specification to retain a core level of simplicity for everyone.","修飾子拡張機能により、安全に無視できる大部分の拡張機能と明確に区別できるように、安全に無視できない拡張機能が可能になります。これにより、実装者が拡張の存在を禁止する必要性を排除することにより、相互運用性が促進されます。詳細については、[修飾子拡張の定義]（拡張性.html＃modifierextension）を参照してください。 / Modifier extensions allow for extensions that *cannot* be safely ignored to be clearly distinguished from the vast majority of extensions which can be safely ignored.  This promotes interoperability by eliminating the need for implementers to prohibit the presence of extensions. For further information, see the [definition of modifier extensions](http://hl7.org/fhir/R4/extensibility.html#modifierExtension).","","","","","","","",,,,,"",,,,"BackboneElement.modifierExtension",0,*,"","ele-1:すべてのFHIR要素には、@valueまたは子供が必要です / All FHIR elements must have a @value or children {hasValue() or (children().count() > id.count())}
ext-1:両方ではなく、拡張または値[x]が必要です / Must have either extensions or value[x], not both {extension.exists() != value.exists()}","N/A"
"AllergyIntolerance.reaction.substance","AllergyIntolerance.reaction.substance","","","",0,1,"","","","CodeableConcept {[]} {[]}
","Specific substance or pharmaceutical product considered to be responsible for event. 有害反応の原因と考えられる特定の物質または医薬品","Identification of the specific substance (or pharmaceutical product) considered to be responsible for the Adverse Reaction event. Note: the substance for a specific reaction may be different from the substance identified as the cause of the risk, but it must be consistent with it. For instance, it may be a more specific substance (e.g. a brand medication) or a composite product that includes the identified substance. It must be clinically safe to only process the 'code' and ignore the 'reaction.substance'.  If a receiving system is unable to confirm that AllergyIntolerance.reaction.substance falls within the semantic scope of AllergyIntolerance.code, then the receiving system should ignore AllergyIntolerance.reaction.substance.  
有害反応の原因と考えられる物質（または医薬品）。  
注：特定の有害反応を誘発する物質は、原因として特定された物質と異なっていてもよいが、整合がとれていなければならない。たとえば、より具体的な物質（ブランド薬など）や、特定された物質を含む複合製品の場合がある。  
AllergyIntolerance.codeのみを処理し、AllergyIntolerance.reaction.substanceを無視しても、臨床的に安全でなければならない。  
受信システムがAllergyIntolerance.reaction.substanceがAllergyIntolerance.codeのセマンティックスコープ内に（前者が後者の意味的な下位概念にあること）を確認できない場合、受信システムはAllergyIntolerance.reaction.substanceを無視する必要がある。","特定の物質（または医薬品）のコード化は、可能な限り、意思決定サポートをトリガーできる用語で使用する必要があります。「コード」要素は、特定の物質または医薬品、またはグループまたはクラスの物質を使用できるようにします。物質のクラスに対するアレルギーまたは不耐性の場合（たとえば、「ペニシリン」）、「反応」要素を使用して、反応を引き起こしたと特定された特定の物質をコーディングすることができます（たとえば、例えば、「アモキシシリン」）。「コード」と「反応」要素の値の複製は、特定の物質が「コード」に記録されている場合に受け入れられます。 / Coding of the specific substance (or pharmaceutical product) with a terminology capable of triggering decision support should be used wherever possible.  The 'code' element allows for the use of a specific substance or pharmaceutical product, or a group or class of substances. In the case of an allergy or intolerance to a class of substances, (for example, ""penicillins""), the 'reaction.substance' element could be used to code the specific substance that was identified as having caused the reaction (for example, ""amoxycillin""). Duplication of the value in the 'code' and 'reaction.substance' elements is acceptable when a specific substance has been recorded in 'code'.","","","","","","","","",,"example","物質のタイプを定義するコード（医薬品を含む）。 / Codes defining the type of the substance (including pharmaceutical products).","http://hl7.org/fhir/ValueSet/substance-code","",,,,"AllergyIntolerance.reaction.substance",0,1,"","ele-1:すべてのFHIR要素には、@valueまたは子供が必要です / All FHIR elements must have a @value or children {hasValue() or (children().count() > id.count())}
","outBoundRelationship[typeCode=SAS].target[classCode=SBADM, code <= ExposureCode].participation[typeCode=CSM].role[classCode=ADMM].player[classCode=MAT, determinerCode=KIND, code <= ExposureAgentEntityType]"
"AllergyIntolerance.reaction.manifestation","AllergyIntolerance.reaction.manifestation","","Symptoms
Signs","",1,*,"","","","CodeableConcept {[]} {[]}
","Clinical symptoms/signs associated with the Event. この有害反応に関連する症状や兆候","Clinical symptoms and/or signs that are observed or associated with the adverse reaction event.  
この有害反応に関連する症状や兆候。","顕現は、単語、フレーズ、または簡単な説明として表現できます。例：吐き気、発疹、または反応なし。可能であれば、症状は用語でコード化することが望ましい。ここに入力された値は、英国NHS CUIガイドラインで推奨されるように、副作用のリストの一部としてアプリケーション画面に表示するために使用できます。一般的に使用される用語には、Snomed CTまたはICD10が含まれますが、これらに限定されません。 / Manifestation can be expressed as a single word, phrase or brief description. For example: nausea, rash or no reaction. It is preferable that manifestation should be coded with a terminology, where possible. The values entered here may be used to display on an application screen as part of a list of adverse reactions, as recommended in the UK NHS CUI guidelines.  Terminologies commonly used include, but are not limited to, SNOMED CT or ICD10.","","","","","","","","",,"example","有害反応イベントに観察または関連する臨床症状および/または徴候。 / Clinical symptoms and/or signs that are observed or associated with an Adverse Reaction Event.","http://hl7.org/fhir/ValueSet/clinical-findings","",,,,"AllergyIntolerance.reaction.manifestation",1,*,"","ele-1:すべてのFHIR要素には、@valueまたは子供が必要です / All FHIR elements must have a @value or children {hasValue() or (children().count() > id.count())}
","code","AL1-5"
"AllergyIntolerance.reaction.description","AllergyIntolerance.reaction.description","","Narrative
Text","",0,1,"","","","string {[]} {[]}
","Description of the event as a whole. この有害反応に関する全般的な記述","Text description about the reaction as a whole, including details of the manifestation if required.  
必要であれば症状兆候の詳細も含めた、有害反応全体に関するテキストによる記述。","説明を使用して、状況、反応の詳細、前後に起こったことなど、発生した反応の特定のイベントの詳細を提供します。イベントに関連する情報ですが、特定のケアを説明しない情報は、コメントフィールドに把握する必要があります。たとえば、4歳で、患者に連鎖球菌のペニシリンを投与され、その後重度のじんましんを発症しました。 / Use the description to provide any details of a particular event of the occurred reaction such as circumstances, reaction specifics, what happened before/after. Information, related to the event, but not describing a particular care should be captured in the comment field. For example: at the age of four, the patient was given penicillin for strep throat and subsequently developed severe hives.","","","","","","","","",,,,,"",,,,"AllergyIntolerance.reaction.description",0,1,"","ele-1:すべてのFHIR要素には、@valueまたは子供が必要です / All FHIR elements must have a @value or children {hasValue() or (children().count() > id.count())}
","text"
"AllergyIntolerance.reaction.onset","AllergyIntolerance.reaction.onset","","","",0,1,"","","","dateTime {[]} {[]}
","Date(/time) when manifestations showed. この有害反応がみられた日時","Record of the date and/or time of the onset of the Reaction.  
この有害反応の開始の日付もしくは日時の記録。","","","","","","","","","",,,,,"",,,,"AllergyIntolerance.reaction.onset",0,1,"","ele-1:すべてのFHIR要素には、@valueまたは子供が必要です / All FHIR elements must have a @value or children {hasValue() or (children().count() > id.count())}
","effectiveTime.low","AL1-6"
"AllergyIntolerance.reaction.severity","AllergyIntolerance.reaction.severity","","","",0,1,"","","","code {[]} {[]}
","mild | moderate | severe (of event as a whole) （軽度 | 中度 | 重度）","Clinical assessment of the severity of the reaction event as a whole, potentially considering multiple different manifestations.  
有害反応の重症度の全体としての臨床的な評価で、潜在的には複数の異なる症状兆候を考慮して決める。","この評価は非常に主観的であることが認められています。客観的なスケールが適用されている特定の実践ドメインがある場合があります。このモデルには、拡張機能として目的スケールを含めることができます。 / It is acknowledged that this assessment is very subjective. There may be some specific practice domains where objective scales have been applied. Objective scales can be included in this model as extensions.","","","","","","","","",,"required","反応イベント全体の重症度の臨床評価は、潜在的に複数の異なる症状を考慮しています。 / Clinical assessment of the severity of a reaction event as a whole, potentially considering multiple different manifestations.","http://hl7.org/fhir/ValueSet/reaction-event-severity|4.0.1","",,,,"AllergyIntolerance.reaction.severity",0,1,"","ele-1:すべてのFHIR要素には、@valueまたは子供が必要です / All FHIR elements must have a @value or children {hasValue() or (children().count() > id.count())}
","inboundRelationship[typeCode=SUBJ].source[classCode=OBS, moodCode=EVN, code=SEV, value <= SeverityObservation (Severity Level)]"
"AllergyIntolerance.reaction.exposureRoute","AllergyIntolerance.reaction.exposureRoute","","","",0,1,"","","","CodeableConcept {[]} {[]}
","How the subject was exposed to the substance. 患者がこの物質にどのように暴露したか","Identification of the route by which the subject was exposed to the substance.  
患者がどのような経路でこの物質に暴露したかの同定。","可能な限り、用語による露出経路のコーディングは、可能な限り使用する必要があります。 / Coding of the route of exposure with a terminology should be used wherever possible.","","","","","","","","",,"example","被験者の体への、またはそれへの治療剤の投与の経路または生理学的経路を説明するコード化された概念。 / A coded concept describing the route or physiological path of administration of a therapeutic agent into or onto the body of a subject.","http://hl7.org/fhir/ValueSet/route-codes","",,,,"AllergyIntolerance.reaction.exposureRoute",0,1,"","ele-1:すべてのFHIR要素には、@valueまたは子供が必要です / All FHIR elements must have a @value or children {hasValue() or (children().count() > id.count())}
","outBoundRelationship[typeCode=SAS].target[classCode=SBADM, code <= ExposureCode].routeCode"
"AllergyIntolerance.reaction.note","AllergyIntolerance.reaction.note","","","",0,*,"","","","Annotation {[]} {[]}
","Text about event not captured in other fields. 他のフィールド要素では記述できない追加テキスト","Additional text about the adverse reaction event not captured in other fields.  
他のフィールド要素では記述できない、有害反応に関する追加テキスト。","このフィールドを使用して、特定のイベントに間接的に関連する情報を記録し、説明に記載されていません。たとえば、臨床記録は利用できなくなり、母親と母親が患者に提供した情報に基づいて記録されています。 / Use this field to record information indirectly related to a particular event and not captured in the description. For example: Clinical records are no longer available, recorded based on information provided to the patient by her mother and her mother is deceased.","","","","","","","","",,,,,"",,,,"AllergyIntolerance.reaction.note",0,*,"","ele-1:すべてのFHIR要素には、@valueまたは子供が必要です / All FHIR elements must have a @value or children {hasValue() or (children().count() > id.count())}
","subjectOf.observationEvent[code=""annotation""].value"
