{
  "resourceType": "CapabilityStatement",
  "id": "jp-client-capabilitystatement",
  "text": {
    "status": "extensions",
    "div": "<div xmlns=\"http://www.w3.org/1999/xhtml\"><h2>JP_Client_CapabilityStatement</h2><div><p>JP Core Clientの期待される機能について説明する。JP Core Clientは、ローカルなユースケースやその他の文脈上の要件に基づいて、必要なデータにアクセスするために、このリストから選択することができる。</p>\n</div><table><tr><td>Mode</td><td>CLIENT</td></tr><tr><td>Description</td><td/></tr><tr><td>Transaction</td><td>y</td></tr><tr><td>System History</td><td>y</td></tr><tr><td>System Search</td><td>y</td></tr></table><table><tr><th><b>Resource Type</b></th><th><b>Profile</b></th><th><b title=\"GET a resource (read interaction)\">Read</b></th><th><b title=\"GET past versions of resources (vread interaction)\">V-Read</b></th><th><b title=\"GET all set of resources of the type (search interaction)\">Search</b></th><th><b title=\"PUT a new resource version (update interaction)\">Update</b></th><th><b title=\"PATCH a new resource version (patch interaction)\">Patch</b></th><th><b title=\"POST a new resource (create interaction)\">Create</b></th><th><b title=\"DELETE a resource (delete interaction)\">Delete</b></th><th><b title=\"GET changes to a resource (history interaction on instance)\">Updates</b></th><th><b title=\"GET changes for all resources of the type (history interaction on type)\">History</b></th></tr><tr><td>Patient</td><td>Supported profiles:<br/>  <a href=\"http://jpfhir.jp/fhir/core/StructureDefinition/JP_Patient\">http://jpfhir.jp/fhir/core/StructureDefinition/JP_Patient</a></td><td>y</td><td>y</td><td>y</td><td>y</td><td>y</td><td>y</td><td>y</td><td>y</td><td>y</td></tr><tr><td>Coverage</td><td>Supported profiles:<br/>  <a href=\"http://jpfhir.jp/fhir/core/StructureDefinition/JP_Coverage\">http://jpfhir.jp/fhir/core/StructureDefinition/JP_Coverage</a></td><td>y</td><td>y</td><td>y</td><td>y</td><td>y</td><td>y</td><td>y</td><td>y</td><td>y</td></tr><tr><td>Encounter</td><td>Supported profiles:<br/>  <a href=\"http://jpfhir.jp/fhir/core/StructureDefinition/JP_Encounter\">http://jpfhir.jp/fhir/core/StructureDefinition/JP_Encounter</a></td><td>y</td><td>y</td><td>y</td><td>y</td><td>y</td><td>y</td><td>y</td><td>y</td><td>y</td></tr><tr><td>Location</td><td>Supported profiles:<br/>  <a href=\"http://jpfhir.jp/fhir/core/StructureDefinition/JP_Location\">http://jpfhir.jp/fhir/core/StructureDefinition/JP_Location</a></td><td>y</td><td>y</td><td>y</td><td>y</td><td>y</td><td>y</td><td>y</td><td>y</td><td>y</td></tr><tr><td>Organization</td><td>Supported profiles:<br/>  <a href=\"http://jpfhir.jp/fhir/core/StructureDefinition/JP_Organization\">http://jpfhir.jp/fhir/core/StructureDefinition/JP_Organization</a></td><td>y</td><td>y</td><td>y</td><td>y</td><td>y</td><td>y</td><td>y</td><td>y</td><td>y</td></tr><tr><td>Practitioner</td><td>Supported profiles:<br/>  <a href=\"http://jpfhir.jp/fhir/core/StructureDefinition/JP_Practitioner\">http://jpfhir.jp/fhir/core/StructureDefinition/JP_Practitioner</a></td><td>y</td><td>y</td><td>y</td><td>y</td><td>y</td><td>y</td><td>y</td><td>y</td><td>y</td></tr><tr><td>PractitionerRole</td><td>Supported profiles:<br/>  <a href=\"http://jpfhir.jp/fhir/core/StructureDefinition/JP_PractitionerRole\">http://jpfhir.jp/fhir/core/StructureDefinition/JP_PractitionerRole</a></td><td>y</td><td>y</td><td>y</td><td>y</td><td>y</td><td>y</td><td>y</td><td>y</td><td>y</td></tr><tr><td>Medication</td><td>Supported profiles:<br/>  <a href=\"http://jpfhir.jp/fhir/core/StructureDefinition/JP_Medication\">http://jpfhir.jp/fhir/core/StructureDefinition/JP_Medication</a></td><td>y</td><td>y</td><td>y</td><td>y</td><td>y</td><td>y</td><td>y</td><td>y</td><td>y</td></tr><tr><td>MedicationRequest</td><td>Supported profiles:<br/>  <a href=\"http://jpfhir.jp/fhir/core/StructureDefinition/JP_MedicationRequest\">http://jpfhir.jp/fhir/core/StructureDefinition/JP_MedicationRequest</a><br/>  <a href=\"http://jpfhir.jp/fhir/core/StructureDefinition/JP_MedicationRequest_Injection\">http://jpfhir.jp/fhir/core/StructureDefinition/JP_MedicationRequest_Injection</a></td><td>y</td><td>y</td><td>y</td><td>y</td><td>y</td><td>y</td><td>y</td><td>y</td><td>y</td></tr><tr><td>MedicationDispense</td><td>Supported profiles:<br/>  <a href=\"http://jpfhir.jp/fhir/core/StructureDefinition/JP_MedicationDispense\">http://jpfhir.jp/fhir/core/StructureDefinition/JP_MedicationDispense</a><br/>  <a href=\"http://jpfhir.jp/fhir/core/StructureDefinition/JP_MedicationDispense_Injection\">http://jpfhir.jp/fhir/core/StructureDefinition/JP_MedicationDispense_Injection</a></td><td>y</td><td>y</td><td>y</td><td>y</td><td>y</td><td>y</td><td>y</td><td>y</td><td>y</td></tr><tr><td>MedicationAdministration</td><td>Supported profiles:<br/>  <a href=\"http://jpfhir.jp/fhir/core/StructureDefinition/JP_MedicationAdministration\">http://jpfhir.jp/fhir/core/StructureDefinition/JP_MedicationAdministration</a><br/>  <a href=\"http://jpfhir.jp/fhir/core/StructureDefinition/JP_MedicationAdministration_Injection\">http://jpfhir.jp/fhir/core/StructureDefinition/JP_MedicationAdministration_Injection</a></td><td>y</td><td>y</td><td>y</td><td>y</td><td>y</td><td>y</td><td>y</td><td>y</td><td>y</td></tr><tr><td>Immunization</td><td>Supported profiles:<br/>  <a href=\"http://jpfhir.jp/fhir/core/StructureDefinition/JP_Immunization\">http://jpfhir.jp/fhir/core/StructureDefinition/JP_Immunization</a></td><td>y</td><td>y</td><td>y</td><td>y</td><td>y</td><td>y</td><td>y</td><td>y</td><td>y</td></tr><tr><td>Observation</td><td>Supported profiles:<br/>  <a href=\"http://jpfhir.jp/fhir/core/StructureDefinition/JP_Observation_Common\">http://jpfhir.jp/fhir/core/StructureDefinition/JP_Observation_Common</a><br/>  <a href=\"http://jpfhir.jp/fhir/core/StructureDefinition/JP_Observation_LabResult\">http://jpfhir.jp/fhir/core/StructureDefinition/JP_Observation_LabResult</a><br/>  <a href=\"http://jpfhir.jp/fhir/core/StructureDefinition/JP_Observation_VitalSigns\">http://jpfhir.jp/fhir/core/StructureDefinition/JP_Observation_VitalSigns</a><br/>  <a href=\"http://jpfhir.jp/fhir/core/StructureDefinition/JP_Observation_BodyMeasurement\">http://jpfhir.jp/fhir/core/StructureDefinition/JP_Observation_BodyMeasurement</a><br/>  <a href=\"http://jpfhir.jp/fhir/core/StructureDefinition/JP_Observation_PhysicalExam\">http://jpfhir.jp/fhir/core/StructureDefinition/JP_Observation_PhysicalExam</a><br/>  <a href=\"http://jpfhir.jp/fhir/core/StructureDefinition/JP_Observation_SocialHistory\">http://jpfhir.jp/fhir/core/StructureDefinition/JP_Observation_SocialHistory</a></td><td>y</td><td>y</td><td>y</td><td>y</td><td>y</td><td>y</td><td>y</td><td>y</td><td>y</td></tr><tr><td>ImagingStudy</td><td>Supported profiles:<br/>  <a href=\"http://jpfhir.jp/fhir/core/StructureDefinition/JP_ImagingStudy_Radiology\">http://jpfhir.jp/fhir/core/StructureDefinition/JP_ImagingStudy_Radiology</a></td><td>y</td><td>y</td><td>y</td><td>y</td><td>y</td><td>y</td><td>y</td><td>y</td><td>y</td></tr><tr><td>DiagnosticReport</td><td>Supported profiles:<br/>  <a href=\"http://jpfhir.jp/fhir/core/StructureDefinition/JP_DiagnosticReport_Common\">http://jpfhir.jp/fhir/core/StructureDefinition/JP_DiagnosticReport_Common</a><br/>  <a href=\"http://jpfhir.jp/fhir/core/StructureDefinition/JP_DiagnosticReport_LabResult\">http://jpfhir.jp/fhir/core/StructureDefinition/JP_DiagnosticReport_LabResult</a><br/>  <a href=\"http://jpfhir.jp/fhir/core/StructureDefinition/JP_DiagnosticReport_Radiology\">http://jpfhir.jp/fhir/core/StructureDefinition/JP_DiagnosticReport_Radiology</a></td><td>y</td><td>y</td><td>y</td><td>y</td><td>y</td><td>y</td><td>y</td><td>y</td><td>y</td></tr><tr><td>AllergyIntolerance</td><td>Supported profiles:<br/>  <a href=\"http://jpfhir.jp/fhir/core/StructureDefinition/JP_AllergyIntolerance\">http://jpfhir.jp/fhir/core/StructureDefinition/JP_AllergyIntolerance</a></td><td>y</td><td>y</td><td>y</td><td>y</td><td>y</td><td>y</td><td>y</td><td>y</td><td>y</td></tr><tr><td>Condition</td><td>Supported profiles:<br/>  <a href=\"http://jpfhir.jp/fhir/core/StructureDefinition/JP_Condition\">http://jpfhir.jp/fhir/core/StructureDefinition/JP_Condition</a></td><td>y</td><td>y</td><td>y</td><td>y</td><td>y</td><td>y</td><td>y</td><td>y</td><td>y</td></tr><tr><td>Procedure</td><td>Supported profiles:<br/>  <a href=\"http://jpfhir.jp/fhir/core/StructureDefinition/JP_Procedure\">http://jpfhir.jp/fhir/core/StructureDefinition/JP_Procedure</a></td><td>y</td><td>y</td><td>y</td><td>y</td><td>y</td><td>y</td><td>y</td><td>y</td><td>y</td></tr><tr><td>FamilyMemberHistory</td><td>Supported profiles:<br/>  <a href=\"http://jpfhir.jp/fhir/core/StructureDefinition/JP_FamilyMemberHistory\">http://jpfhir.jp/fhir/core/StructureDefinition/JP_FamilyMemberHistory</a></td><td>y</td><td>y</td><td>y</td><td>y</td><td>y</td><td>y</td><td>y</td><td>y</td><td>y</td></tr></table></div>"
  },
  "url": "http://jpfhir.jp/fhir/core/CapabilityStatement/JP_Client_CapabilityStatement",
  "version": "1.1.0",
  "name": "JP_Client_CapabilityStatement",
  "title": "JP Core Client CapabilityStatement",
  "status": "active",
  "experimental": true,
  "date": "2022-09-26",
  "publisher": "FHIR Japanese implementation research working group in Japan Association of Medical Informatics (JAMI)",
  "contact": [
    {
      "name": "FHIR Japanese implementation research working group in Japan Association of Medical Informatics (JAMI)",
      "telecom": [
        {
          "system": "url",
          "value": "http://jpfhir.jp"
        },
        {
          "system": "email",
          "value": "office@hlfhir.jp"
        }
      ]
    }
  ],
  "description": "JP Core Clientの期待される機能について説明する。JP Core Clientは、ローカルなユースケースやその他の文脈上の要件に基づいて、必要なデータにアクセスするために、このリストから選択することができる。",
  "jurisdiction": [
    {
      "coding": [
        {
          "system": "urn:iso:std:iso:3166",
          "code": "JP"
        }
      ]
    }
  ],
  "copyright": "FHIR Japanese implementation research working group in Japan Association of Medical Informatics (JAMI)",
  "kind": "requirements",
  "instantiates": [
    "http://jpfhir.jp/fhir/core/CapabilityStatement/JP_Client_CapabilityStatement"
  ],
  "fhirVersion": "4.0.1",
  "format": [
    "json",
    "xml"
  ],
  "rest": [
    {
      "mode": "client",
      "resource": [
        {
          "type": "Patient",
          "supportedProfile": [
            "http://jpfhir.jp/fhir/core/StructureDefinition/JP_Patient"
          ],
          "interaction": [
            {
              "code": "create"
            },
            {
              "code": "search-type"
            },
            {
              "code": "read"
            },
            {
              "code": "vread"
            },
            {
              "code": "update"
            },
            {
              "code": "patch"
            },
            {
              "code": "delete"
            },
            {
              "code": "history-instance"
            },
            {
              "code": "history-type"
            }
          ],
          "referencePolicy": [
            "resolves"
          ],
          "searchRevInclude": [
            "Provenance:target"
          ],
          "searchParam": [
            {
              "name": "identifier",
              "definition": "http://hl7.org/fhir/SearchParameter/Patient-identifier",
              "type": "token"
            },
            {
              "name": "name",
              "definition": "http://hl7.org/fhir/SearchParameter/Patient-name",
              "type": "string"
            },
            {
              "name": "family",
              "definition": "http://hl7.org/fhir/SearchParameter/individual-family",
              "type": "string"
            },
            {
              "name": "given",
              "definition": "http://hl7.org/fhir/SearchParameter/individual-given",
              "type": "string"
            },
            {
              "name": "birthdate",
              "definition": "http://hl7.org/fhir/SearchParameter/individual-birthdate",
              "type": "date"
            },
            {
              "name": "gender",
              "definition": "http://hl7.org/fhir/SearchParameter/individual-gender",
              "type": "token"
            },
            {
              "name": "phone",
              "definition": "http://hl7.org/fhir/SearchParameter/individual-phone",
              "type": "token"
            },
            {
              "name": "address-postalcode",
              "definition": "http://hl7.org/fhir/SearchParameter/individual-address-postalcode",
              "type": "string"
            }
          ]
        },
        {
          "type": "Coverage",
          "supportedProfile": [
            "http://jpfhir.jp/fhir/core/StructureDefinition/JP_Coverage"
          ],
          "interaction": [
            {
              "code": "create"
            },
            {
              "code": "search-type"
            },
            {
              "code": "read"
            },
            {
              "code": "vread"
            },
            {
              "code": "update"
            },
            {
              "code": "patch"
            },
            {
              "code": "delete"
            },
            {
              "code": "history-instance"
            },
            {
              "code": "history-type"
            }
          ],
          "referencePolicy": [
            "resolves"
          ],
          "searchRevInclude": [
            "Provenance:target"
          ],
          "searchParam": [
            {
              "name": "beneficiary",
              "definition": "http://hl7.org/fhir/SearchParameter/Coverage-beneficiary",
              "type": "reference"
            },
            {
              "name": "class-type",
              "definition": "http://hl7.org/fhir/SearchParameter/Coverage-class-type",
              "type": "token"
            },
            {
              "name": "class-value",
              "definition": "http://hl7.org/fhir/SearchParameter/Coverage-class-value",
              "type": "string"
            },
            {
              "name": "dependent",
              "definition": "http://hl7.org/fhir/SearchParameter/Coverage-dependent",
              "type": "string"
            },
            {
              "name": "identifier",
              "definition": "http://hl7.org/fhir/SearchParameter/Coverage-identifier",
              "type": "token"
            },
            {
              "name": "patient",
              "definition": "http://hl7.org/fhir/SearchParameter/Coverage-patient",
              "type": "reference"
            },
            {
              "name": "payor",
              "definition": "http://hl7.org/fhir/SearchParameter/Coverage-payor",
              "type": "reference"
            },
            {
              "name": "policy-holder",
              "definition": "http://hl7.org/fhir/SearchParameter/Coverage-policy-holder",
              "type": "reference"
            },
            {
              "name": "status",
              "definition": "http://hl7.org/fhir/SearchParameter/Coverage-status",
              "type": "token"
            },
            {
              "name": "subscriber",
              "definition": "http://hl7.org/fhir/SearchParameter/Coverage-subscriber",
              "type": "reference"
            },
            {
              "name": "type",
              "definition": "http://hl7.org/fhir/SearchParameter/Coverage-type",
              "type": "token"
            }
          ]
        },
        {
          "type": "Encounter",
          "supportedProfile": [
            "http://jpfhir.jp/fhir/core/StructureDefinition/JP_Encounter"
          ],
          "interaction": [
            {
              "code": "create"
            },
            {
              "code": "search-type"
            },
            {
              "code": "read"
            },
            {
              "code": "vread"
            },
            {
              "code": "update"
            },
            {
              "code": "patch"
            },
            {
              "code": "delete"
            },
            {
              "code": "history-instance"
            },
            {
              "code": "history-type"
            }
          ],
          "referencePolicy": [
            "resolves"
          ],
          "searchRevInclude": [
            "Provenance:target"
          ],
          "searchParam": [
            {
              "name": "patient",
              "definition": "http://hl7.org/fhir/SearchParameter/clinical-patient",
              "type": "reference"
            },
            {
              "name": "identifier",
              "definition": "http://hl7.org/fhir/SearchParameter/clinical-identifier",
              "type": "token"
            },
            {
              "name": "class",
              "definition": "http://hl7.org/fhir/SearchParameter/Encounter-class",
              "type": "token"
            },
            {
              "name": "date",
              "definition": "http://hl7.org/fhir/SearchParameter/clinical-date",
              "type": "date"
            },
            {
              "name": "status",
              "definition": "http://hl7.org/fhir/SearchParameter/Encounter-status",
              "type": "token"
            },
            {
              "name": "type",
              "definition": "http://hl7.org/fhir/SearchParameter/clinical-type",
              "type": "token"
            }
          ]
        },
        {
          "type": "Location",
          "supportedProfile": [
            "http://jpfhir.jp/fhir/core/StructureDefinition/JP_Location"
          ],
          "interaction": [
            {
              "code": "create"
            },
            {
              "code": "search-type"
            },
            {
              "code": "read"
            },
            {
              "code": "vread"
            },
            {
              "code": "update"
            },
            {
              "code": "patch"
            },
            {
              "code": "delete"
            },
            {
              "code": "history-instance"
            },
            {
              "code": "history-type"
            }
          ],
          "referencePolicy": [
            "resolves"
          ],
          "searchRevInclude": [
            "Provenance:target"
          ],
          "searchParam": [
            {
              "name": "identifier",
              "definition": "http://hl7.org/fhir/SearchParameter/Location-identifier",
              "type": "token"
            },
            {
              "name": "name",
              "definition": "http://hl7.org/fhir/SearchParameter/Location-name",
              "type": "string"
            },
            {
              "name": "address",
              "definition": "http://hl7.org/fhir/SearchParameter/Location-address",
              "type": "string"
            },
            {
              "name": "address-city",
              "definition": "http://hl7.org/fhir/SearchParameter/Location-address-city",
              "type": "string"
            },
            {
              "name": "address-state",
              "definition": "http://hl7.org/fhir/SearchParameter/Location-address-state",
              "type": "string"
            },
            {
              "name": "address-postalcode",
              "definition": "http://hl7.org/fhir/SearchParameter/Location-address-postalcode",
              "type": "string"
            }
          ]
        },
        {
          "type": "Organization",
          "supportedProfile": [
            "http://jpfhir.jp/fhir/core/StructureDefinition/JP_Organization"
          ],
          "interaction": [
            {
              "code": "create"
            },
            {
              "code": "search-type"
            },
            {
              "code": "read"
            },
            {
              "code": "vread"
            },
            {
              "code": "update"
            },
            {
              "code": "patch"
            },
            {
              "code": "delete"
            },
            {
              "code": "history-instance"
            },
            {
              "code": "history-type"
            }
          ],
          "referencePolicy": [
            "resolves"
          ],
          "searchRevInclude": [
            "Provenance:target"
          ],
          "searchParam": [
            {
              "name": "identifier",
              "definition": "http://hl7.org/fhir/SearchParameter/Organization-identifier",
              "type": "token"
            },
            {
              "name": "name",
              "definition": "http://hl7.org/fhir/SearchParameter/Organization-name",
              "type": "string"
            },
            {
              "name": "address",
              "definition": "http://hl7.org/fhir/SearchParameter/Organization-address",
              "type": "string"
            }
          ]
        },
        {
          "type": "Practitioner",
          "supportedProfile": [
            "http://jpfhir.jp/fhir/core/StructureDefinition/JP_Practitioner"
          ],
          "interaction": [
            {
              "code": "create"
            },
            {
              "code": "search-type"
            },
            {
              "code": "read"
            },
            {
              "code": "vread"
            },
            {
              "code": "update"
            },
            {
              "code": "patch"
            },
            {
              "code": "delete"
            },
            {
              "code": "history-instance"
            },
            {
              "code": "history-type"
            }
          ],
          "referencePolicy": [
            "resolves"
          ],
          "searchRevInclude": [
            "Provenance:target"
          ],
          "searchParam": [
            {
              "name": "identifier",
              "definition": "http://hl7.org/fhir/SearchParameter/Practitioner-identifier",
              "type": "token"
            },
            {
              "name": "name",
              "definition": "http://hl7.org/fhir/SearchParameter/Practitioner-name",
              "type": "string"
            }
          ]
        },
        {
          "type": "PractitionerRole",
          "supportedProfile": [
            "http://jpfhir.jp/fhir/core/StructureDefinition/JP_PractitionerRole"
          ],
          "interaction": [
            {
              "code": "create"
            },
            {
              "code": "search-type"
            },
            {
              "code": "read"
            },
            {
              "code": "vread"
            },
            {
              "code": "update"
            },
            {
              "code": "patch"
            },
            {
              "code": "delete"
            },
            {
              "code": "history-instance"
            },
            {
              "code": "history-type"
            }
          ],
          "referencePolicy": [
            "resolves"
          ],
          "searchRevInclude": [
            "Provenance:target"
          ],
          "searchParam": [
            {
              "name": "identifier",
              "definition": "http://hl7.org/fhir/SearchParameter/PractitionerRole-identifier",
              "type": "token"
            },
            {
              "name": "specialty",
              "definition": "http://hl7.org/fhir/SearchParameter/PractitionerRole-specialty",
              "type": "token"
            },
            {
              "name": "practitioner",
              "definition": "http://hl7.org/fhir/SearchParameter/PractitionerRole-practitioner",
              "type": "reference"
            }
          ]
        },
        {
          "type": "Medication",
          "supportedProfile": [
            "http://jpfhir.jp/fhir/core/StructureDefinition/JP_Medication"
          ],
          "interaction": [
            {
              "code": "create"
            },
            {
              "code": "search-type"
            },
            {
              "code": "read"
            },
            {
              "code": "vread"
            },
            {
              "code": "update"
            },
            {
              "code": "patch"
            },
            {
              "code": "delete"
            },
            {
              "code": "history-instance"
            },
            {
              "code": "history-type"
            }
          ],
          "referencePolicy": [
            "resolves"
          ],
          "searchRevInclude": [
            "Provenance:target"
          ],
          "searchParam": [
            {
              "name": "identifier",
              "definition": "http://hl7.org/fhir/SearchParameter/Medication-identifier",
              "type": "token"
            }
          ]
        },
        {
          "type": "MedicationRequest",
          "supportedProfile": [
            "http://jpfhir.jp/fhir/core/StructureDefinition/JP_MedicationRequest",
            "http://jpfhir.jp/fhir/core/StructureDefinition/JP_MedicationRequest_Injection"
          ],
          "interaction": [
            {
              "code": "create"
            },
            {
              "code": "search-type"
            },
            {
              "code": "read"
            },
            {
              "code": "vread"
            },
            {
              "code": "update"
            },
            {
              "code": "patch"
            },
            {
              "code": "delete"
            },
            {
              "code": "history-instance"
            },
            {
              "code": "history-type"
            }
          ],
          "referencePolicy": [
            "resolves"
          ],
          "searchRevInclude": [
            "Provenance:target"
          ],
          "searchParam": [
            {
              "name": "identifier",
              "definition": "http://hl7.org/fhir/SearchParameter/clinical-identifier",
              "type": "token"
            },
            {
              "name": "patient",
              "definition": "http://hl7.org/fhir/SearchParameter/clinical-patient",
              "type": "reference"
            },
            {
              "name": "authoredon",
              "definition": "http://hl7.org/fhir/SearchParameter/MedicationRequest-authoredon",
              "type": "date"
            },
            {
              "name": "date",
              "definition": "http://hl7.org/fhir/SearchParameter/medications-date",
              "type": "date"
            },
            {
              "name": "category",
              "definition": "http://hl7.org/fhir/SearchParameter/MedicationRequest-category",
              "type": "token"
            },
            {
              "name": "code",
              "definition": "http://hl7.org/fhir/SearchParameter/clinical-code",
              "type": "token"
            },
            {
              "name": "requester",
              "definition": "http://hl7.org/fhir/SearchParameter/MedicationRequest-requester",
              "type": "reference"
            },
            {
              "name": "jp-medication-start",
              "definition": "http://jpfhir.jp/fhir/core/SearchParameter/JP_MedicationRequest_Start_SP",
              "type": "date"
            }
          ]
        },
        {
          "type": "MedicationDispense",
          "supportedProfile": [
            "http://jpfhir.jp/fhir/core/StructureDefinition/JP_MedicationDispense",
            "http://jpfhir.jp/fhir/core/StructureDefinition/JP_MedicationDispense_Injection"
          ],
          "interaction": [
            {
              "code": "create"
            },
            {
              "code": "search-type"
            },
            {
              "code": "read"
            },
            {
              "code": "vread"
            },
            {
              "code": "update"
            },
            {
              "code": "patch"
            },
            {
              "code": "delete"
            },
            {
              "code": "history-instance"
            },
            {
              "code": "history-type"
            }
          ],
          "referencePolicy": [
            "resolves"
          ],
          "searchRevInclude": [
            "Provenance:target"
          ],
          "searchParam": [
            {
              "name": "identifier",
              "definition": "http://hl7.org/fhir/SearchParameter/clinical-identifier",
              "type": "token"
            },
            {
              "name": "patient",
              "definition": "http://hl7.org/fhir/SearchParameter/clinical-patient",
              "type": "reference"
            },
            {
              "name": "whenhandedover",
              "definition": "http://hl7.org/fhir/SearchParameter/MedicationDispense-whenhandedover",
              "type": "date"
            },
            {
              "name": "whenprepared",
              "definition": "http://hl7.org/fhir/SearchParameter/MedicationDispense-whenprepared",
              "type": "date"
            },
            {
              "name": "code",
              "definition": "http://hl7.org/fhir/SearchParameter/clinical-code",
              "type": "token"
            },
            {
              "name": "performer",
              "definition": "http://hl7.org/fhir/SearchParameter/MedicationDispense-performer",
              "type": "reference"
            },
            {
              "name": "context",
              "definition": "http://hl7.org/fhir/SearchParameter/MedicationDispense-context",
              "type": "reference"
            }
          ]
        },
        {
          "type": "MedicationAdministration",
          "supportedProfile": [
            "http://jpfhir.jp/fhir/core/StructureDefinition/JP_MedicationAdministration",
            "http://jpfhir.jp/fhir/core/StructureDefinition/JP_MedicationAdministration_Injection"
          ],
          "interaction": [
            {
              "code": "create"
            },
            {
              "code": "search-type"
            },
            {
              "code": "read"
            },
            {
              "code": "vread"
            },
            {
              "code": "update"
            },
            {
              "code": "patch"
            },
            {
              "code": "delete"
            },
            {
              "code": "history-instance"
            },
            {
              "code": "history-type"
            }
          ],
          "referencePolicy": [
            "resolves"
          ],
          "searchRevInclude": [
            "Provenance:target"
          ],
          "searchParam": [
            {
              "name": "identifier",
              "definition": "http://hl7.org/fhir/SearchParameter/clinical-identifier",
              "type": "token"
            },
            {
              "name": "patient",
              "definition": "http://hl7.org/fhir/SearchParameter/clinical-patient",
              "type": "reference"
            },
            {
              "name": "effective-time",
              "definition": "http://hl7.org/fhir/SearchParameter/MedicationAdministration-effective-time",
              "type": "date"
            },
            {
              "name": "code",
              "definition": "http://hl7.org/fhir/SearchParameter/clinical-code",
              "type": "token"
            },
            {
              "name": "performer",
              "definition": "http://hl7.org/fhir/SearchParameter/MedicationAdministration-performer",
              "type": "reference"
            },
            {
              "name": "request",
              "definition": "http://hl7.org/fhir/SearchParameter/MedicationAdministration-request",
              "type": "reference"
            }
          ]
        },
        {
          "type": "Immunization",
          "supportedProfile": [
            "http://jpfhir.jp/fhir/core/StructureDefinition/JP_Immunization"
          ],
          "interaction": [
            {
              "code": "create"
            },
            {
              "code": "search-type"
            },
            {
              "code": "read"
            },
            {
              "code": "vread"
            },
            {
              "code": "update"
            },
            {
              "code": "patch"
            },
            {
              "code": "delete"
            },
            {
              "code": "history-instance"
            },
            {
              "code": "history-type"
            }
          ],
          "referencePolicy": [
            "resolves"
          ],
          "searchRevInclude": [
            "Provenance:target"
          ],
          "searchParam": [
            {
              "name": "identifier",
              "definition": "http://hl7.org/fhir/SearchParameter/clinical-identifier",
              "type": "token"
            },
            {
              "name": "patient",
              "definition": "http://hl7.org/fhir/SearchParameter/clinical-patient",
              "type": "reference"
            },
            {
              "name": "date",
              "definition": "http://hl7.org/fhir/SearchParameter/clinical-date",
              "type": "date"
            }
          ]
        },
        {
          "type": "Observation",
          "supportedProfile": [
            "http://jpfhir.jp/fhir/core/StructureDefinition/JP_Observation_Common",
            "http://jpfhir.jp/fhir/core/StructureDefinition/JP_Observation_LabResult",
            "http://jpfhir.jp/fhir/core/StructureDefinition/JP_Observation_VitalSigns",
            "http://jpfhir.jp/fhir/core/StructureDefinition/JP_Observation_BodyMeasurement",
            "http://jpfhir.jp/fhir/core/StructureDefinition/JP_Observation_PhysicalExam",
            "http://jpfhir.jp/fhir/core/StructureDefinition/JP_Observation_SocialHistory"
          ],
          "interaction": [
            {
              "code": "create"
            },
            {
              "code": "search-type"
            },
            {
              "code": "read"
            },
            {
              "code": "vread"
            },
            {
              "code": "update"
            },
            {
              "code": "patch"
            },
            {
              "code": "delete"
            },
            {
              "code": "history-instance"
            },
            {
              "code": "history-type"
            }
          ],
          "referencePolicy": [
            "resolves"
          ],
          "searchRevInclude": [
            "Provenance:target"
          ],
          "searchParam": [
            {
              "name": "identifier",
              "definition": "http://hl7.org/fhir/SearchParameter/clinical-identifier",
              "type": "token"
            },
            {
              "name": "patient",
              "definition": "http://hl7.org/fhir/SearchParameter/clinical-patient",
              "type": "reference"
            },
            {
              "name": "category",
              "definition": "http://hl7.org/fhir/SearchParameter/Observation-category",
              "type": "token"
            },
            {
              "name": "code",
              "definition": "http://hl7.org/fhir/SearchParameter/clinical-code",
              "type": "token"
            },
            {
              "name": "date",
              "definition": "http://hl7.org/fhir/SearchParameter/clinical-date",
              "type": "date"
            },
            {
              "name": "encounter",
              "definition": "http://hl7.org/fhir/SearchParameter/clinical-encounter",
              "type": "reference"
            },
            {
              "name": "value-quantity",
              "definition": "http://hl7.org/fhir/SearchParameter/Observation-value-quantity",
              "type": "quantity"
            },
            {
              "name": "value-concept",
              "definition": "http://hl7.org/fhir/SearchParameter/Observation-value-concept",
              "type": "token"
            },
            {
              "name": "value-string",
              "definition": "http://hl7.org/fhir/SearchParameter/Observation-value-string",
              "type": "string"
            },
            {
              "name": "based-on",
              "definition": "http://hl7.org/fhir/SearchParameter/Observation-based-on",
              "type": "reference"
            }
          ]
        },
        {
          "type": "ImagingStudy",
          "supportedProfile": [
            "http://jpfhir.jp/fhir/core/StructureDefinition/JP_ImagingStudy_Radiology"
          ],
          "interaction": [
            {
              "code": "create"
            },
            {
              "code": "search-type"
            },
            {
              "code": "read"
            },
            {
              "code": "vread"
            },
            {
              "code": "update"
            },
            {
              "code": "patch"
            },
            {
              "code": "delete"
            },
            {
              "code": "history-instance"
            },
            {
              "code": "history-type"
            }
          ],
          "referencePolicy": [
            "resolves"
          ],
          "searchRevInclude": [
            "Provenance:target"
          ],
          "searchParam": [
            {
              "name": "identifier",
              "definition": "http://hl7.org/fhir/SearchParameter/clinical-identifier",
              "type": "token"
            },
            {
              "name": "patient",
              "definition": "http://hl7.org/fhir/SearchParameter/clinical-patient",
              "type": "reference"
            },
            {
              "name": "modality",
              "definition": "http://hl7.org/fhir/SearchParameter/ImagingStudy-modality",
              "type": "token"
            },
            {
              "name": "bodysite",
              "definition": "http://hl7.org/fhir/SearchParameter/ImagingStudy-bodysite",
              "type": "token"
            },
            {
              "name": "started",
              "definition": "http://hl7.org/fhir/SearchParameter/ImagingStudy-started",
              "type": "date"
            },
            {
              "name": "encounter",
              "definition": "http://hl7.org/fhir/SearchParameter/ImagingStudy-encounter",
              "type": "reference"
            }
          ]
        },
        {
          "type": "DiagnosticReport",
          "supportedProfile": [
            "http://jpfhir.jp/fhir/core/StructureDefinition/JP_DiagnosticReport_Common",
            "http://jpfhir.jp/fhir/core/StructureDefinition/JP_DiagnosticReport_LabResult",
            "http://jpfhir.jp/fhir/core/StructureDefinition/JP_DiagnosticReport_Radiology"
          ],
          "interaction": [
            {
              "code": "create"
            },
            {
              "code": "search-type"
            },
            {
              "code": "read"
            },
            {
              "code": "vread"
            },
            {
              "code": "update"
            },
            {
              "code": "patch"
            },
            {
              "code": "delete"
            },
            {
              "code": "history-instance"
            },
            {
              "code": "history-type"
            }
          ],
          "referencePolicy": [
            "resolves"
          ],
          "searchRevInclude": [
            "Provenance:target"
          ],
          "searchParam": [
            {
              "name": "based-on",
              "definition": "http://hl7.org/fhir/SearchParameter/DiagnosticReport-based-on",
              "type": "reference"
            },
            {
              "name": "category",
              "definition": "http://hl7.org/fhir/SearchParameter/DiagnosticReport-category",
              "type": "token"
            },
            {
              "name": "code",
              "definition": "http://hl7.org/fhir/SearchParameter/clinical-code",
              "type": "token"
            },
            {
              "name": "conclusion",
              "definition": "http://hl7.org/fhir/SearchParameter/DiagnosticReport-conclusion",
              "type": "token"
            },
            {
              "name": "date",
              "definition": "http://hl7.org/fhir/SearchParameter/clinical-date",
              "type": "date"
            },
            {
              "name": "encounter",
              "definition": "http://hl7.org/fhir/SearchParameter/clinical-encounter",
              "type": "reference"
            },
            {
              "name": "identifier",
              "definition": "http://hl7.org/fhir/SearchParameter/clinical-identifier",
              "type": "token"
            },
            {
              "name": "issued",
              "definition": "http://hl7.org/fhir/SearchParameter/DiagnosticReport-issued",
              "type": "date"
            },
            {
              "name": "media",
              "definition": "http://hl7.org/fhir/SearchParameter/DiagnosticReport-media",
              "type": "reference"
            },
            {
              "name": "patient",
              "definition": "http://hl7.org/fhir/SearchParameter/clinical-patient",
              "type": "reference"
            },
            {
              "name": "performer",
              "definition": "http://hl7.org/fhir/SearchParameter/DiagnosticReport-performer",
              "type": "reference"
            },
            {
              "name": "result",
              "definition": "http://hl7.org/fhir/SearchParameter/DiagnosticReport-result",
              "type": "reference"
            },
            {
              "name": "results-interpreter",
              "definition": "http://hl7.org/fhir/SearchParameter/DiagnosticReport-results-interpreter",
              "type": "reference"
            },
            {
              "name": "specimen",
              "definition": "http://hl7.org/fhir/SearchParameter/DiagnosticReport-specimen",
              "type": "reference"
            },
            {
              "name": "status",
              "definition": "http://hl7.org/fhir/SearchParameter/DiagnosticReport-status",
              "type": "token"
            }
          ]
        },
        {
          "type": "AllergyIntolerance",
          "supportedProfile": [
            "http://jpfhir.jp/fhir/core/StructureDefinition/JP_AllergyIntolerance"
          ],
          "interaction": [
            {
              "code": "create"
            },
            {
              "code": "search-type"
            },
            {
              "code": "read"
            },
            {
              "code": "vread"
            },
            {
              "code": "update"
            },
            {
              "code": "patch"
            },
            {
              "code": "delete"
            },
            {
              "code": "history-instance"
            },
            {
              "code": "history-type"
            }
          ],
          "referencePolicy": [
            "resolves"
          ],
          "searchRevInclude": [
            "Provenance:target"
          ],
          "searchParam": [
            {
              "name": "identifier",
              "definition": "http://hl7.org/fhir/SearchParameter/clinical-identifier",
              "type": "token"
            },
            {
              "name": "patient",
              "definition": "http://hl7.org/fhir/SearchParameter/clinical-patient",
              "type": "reference"
            },
            {
              "name": "clinical-status",
              "definition": "http://hl7.org/fhir/SearchParameter/AllergyIntolerance-clinical-status",
              "type": "token"
            },
            {
              "name": "date",
              "definition": "http://hl7.org/fhir/SearchParameter/clinical-date",
              "type": "date"
            },
            {
              "name": "category",
              "definition": "http://hl7.org/fhir/SearchParameter/AllergyIntolerance-category",
              "type": "token"
            },
            {
              "name": "verification-status",
              "definition": "http://hl7.org/fhir/SearchParameter/AllergyIntolerance-verification-status",
              "type": "token"
            },
            {
              "name": "criticality",
              "definition": "http://hl7.org/fhir/SearchParameter/AllergyIntolerance-criticality",
              "type": "token"
            },
            {
              "name": "type",
              "definition": "http://hl7.org/fhir/SearchParameter/clinical-type",
              "type": "token"
            }
          ]
        },
        {
          "type": "Condition",
          "supportedProfile": [
            "http://jpfhir.jp/fhir/core/StructureDefinition/JP_Condition"
          ],
          "interaction": [
            {
              "code": "create"
            },
            {
              "code": "search-type"
            },
            {
              "code": "read"
            },
            {
              "code": "vread"
            },
            {
              "code": "update"
            },
            {
              "code": "patch"
            },
            {
              "code": "delete"
            },
            {
              "code": "history-instance"
            },
            {
              "code": "history-type"
            }
          ],
          "referencePolicy": [
            "resolves"
          ],
          "searchRevInclude": [
            "Provenance:target"
          ],
          "searchParam": [
            {
              "name": "identifier",
              "definition": "http://hl7.org/fhir/SearchParameter/clinical-identifier",
              "type": "token"
            },
            {
              "name": "patient",
              "definition": "http://hl7.org/fhir/SearchParameter/clinical-patient",
              "type": "reference"
            },
            {
              "name": "clinical-status",
              "definition": "http://hl7.org/fhir/SearchParameter/Condition-clinical-status",
              "type": "token"
            },
            {
              "name": "onset-date",
              "definition": "http://hl7.org/fhir/SearchParameter/Condition-onset-date",
              "type": "date"
            },
            {
              "name": "category",
              "definition": "http://hl7.org/fhir/SearchParameter/Condition-category",
              "type": "token"
            },
            {
              "name": "verification-status",
              "definition": "http://hl7.org/fhir/SearchParameter/Condition-verification-status",
              "type": "token"
            }
          ]
        },
        {
          "type": "Procedure",
          "supportedProfile": [
            "http://jpfhir.jp/fhir/core/StructureDefinition/JP_Procedure"
          ],
          "interaction": [
            {
              "code": "create"
            },
            {
              "code": "search-type"
            },
            {
              "code": "read"
            },
            {
              "code": "vread"
            },
            {
              "code": "update"
            },
            {
              "code": "patch"
            },
            {
              "code": "delete"
            },
            {
              "code": "history-instance"
            },
            {
              "code": "history-type"
            }
          ],
          "referencePolicy": [
            "resolves"
          ],
          "searchRevInclude": [
            "Provenance:target"
          ],
          "searchParam": [
            {
              "name": "identifier",
              "definition": "http://hl7.org/fhir/SearchParameter/clinical-identifier",
              "type": "token"
            },
            {
              "name": "patient",
              "definition": "http://hl7.org/fhir/SearchParameter/clinical-patient",
              "type": "reference"
            },
            {
              "name": "date",
              "definition": "http://hl7.org/fhir/SearchParameter/clinical-date",
              "type": "date"
            }
          ]
        },
        {
          "type": "FamilyMemberHistory",
          "supportedProfile": [
            "http://jpfhir.jp/fhir/core/StructureDefinition/JP_FamilyMemberHistory"
          ],
          "interaction": [
            {
              "code": "create"
            },
            {
              "code": "search-type"
            },
            {
              "code": "read"
            },
            {
              "code": "vread"
            },
            {
              "code": "update"
            },
            {
              "code": "patch"
            },
            {
              "code": "delete"
            },
            {
              "code": "history-instance"
            },
            {
              "code": "history-type"
            }
          ],
          "referencePolicy": [
            "resolves"
          ],
          "searchRevInclude": [
            "Provenance:target"
          ],
          "searchParam": [
            {
              "name": "identifier",
              "definition": "http://hl7.org/fhir/SearchParameter/clinical-identifier",
              "type": "token"
            },
            {
              "name": "patient",
              "definition": "http://hl7.org/fhir/SearchParameter/clinical-patient",
              "type": "reference"
            },
            {
              "name": "status",
              "definition": "http://hl7.org/fhir/SearchParameter/FamilyMemberHistory-status",
              "type": "token"
            },
            {
              "name": "relationship",
              "definition": "http://hl7.org/fhir/SearchParameter/FamilyMemberHistory-relationship",
              "type": "token"
            }
          ]
        }
      ],
      "interaction": [
        {
          "code": "transaction"
        },
        {
          "code": "batch"
        },
        {
          "code": "search-system"
        },
        {
          "code": "history-system"
        }
      ]
    }
  ]
}