{
  "resourceType": "ValueSet",
  "id": "jp-medication-code-hot9-vs",
  "text": {
    "status": "generated",
    "div": "<div xmlns=\"http://www.w3.org/1999/xhtml\"><ul><li>Include all codes defined in <a href=\"CodeSystem-jp-medicationcode-hot9-cs.html\"><code>urn:oid:1.2.392.200119.4.403.1</code></a></li></ul></div>"
  },
  "url": "http://jpfhir.jp/fhir/core/ValueSet/JP_MedicationCodeHOT9_VS",
  "version": "1.1.0",
  "name": "JP_MedicationCodeHOT9_VS",
  "title": "JP Core MedicationCode HOT9 ValueSet",
  "status": "active",
  "experimental": false,
  "date": "2022-09-26",
  "publisher": "FHIR Japanese implementation research working group in Japan Association of Medical Informatics (JAMI)",
  "contact": [
    {
      "name": "FHIR Japanese implementation research working group in Japan Association of Medical Informatics (JAMI)",
      "telecom": [
        {
          "system": "url",
          "value": "http://jpfhir.jp"
        },
        {
          "system": "email",
          "value": "office@hlfhir.jp"
        }
      ]
    }
  ],
  "description": "医薬品HOT9コードの値セット",
  "jurisdiction": [
    {
      "coding": [
        {
          "system": "urn:iso:std:iso:3166",
          "code": "JP"
        }
      ]
    }
  ],
  "copyright": "FHIR Japanese implementation research working group in Japan Association of Medical Informatics (JAMI)",
  "compose": {
    "include": [
      {
        "system": "urn:oid:1.2.392.200119.4.403.1"
      }
    ]
  }
}