<?xml version="1.0" encoding="UTF-8"?>

<MedicationRequest xmlns="http://hl7.org/fhir">
  <id value="jp-medicationrequest-example-2"/>
  <meta>
    <profile value="http://jpfhir.jp/fhir/core/StructureDefinition/JP_MedicationRequest"/>
  </meta>
  <text>
    <status value="generated"/><div xmlns="http://www.w3.org/1999/xhtml"><p class="res-header-id"><b>Generated Narrative: MedicationRequest jp-medicationrequest-example-2</b></p><a name="jp-medicationrequest-example-2"> </a><a name="hcjp-medicationrequest-example-2"> </a><a name="jp-medicationrequest-example-2-ja"> </a><p><b>identifier</b>: <code>http://jpfhir.jp/fhir/core/mhlw/IdSystem/Medication-RPGroupNumber</code>/2, <code>http://jpfhir.jp/fhir/core/mhlw/IdSystem/MedicationAdministrationIndex</code>/2, <code>http://jpfhir.jp/fhir/core/IdSystem/resourceInstance-identifier</code>/1234567890.1.2</p><p><b>status</b>: Active</p><p><b>intent</b>: Order</p><p><b>medication</b>: <span title="Codes:{http://medis.or.jp/CodeSystem/master-HOT9 110926901}">パンスポリンＴ錠１００ １００ｍｇ</span></p><p><b>subject</b>: <a href="Patient-jp-patient-example-1.html">山田 太郎 Male, DoB: 1970-01-01 ( urn:oid:1.2.392.100495.20.3.51.11311234567#00000010)</a></p><p><b>authoredOn</b>: 2020-04-01 12:28:17+0900</p><blockquote><p><b>dosageInstruction</b></p></blockquote><blockquote><p><b>dispenseRequest</b></p><p><b>quantity</b>: 18 錠<span style="background: LightGoldenRodYellow"> (Details: JP Core Medication MERIT9 Unit CodeSystem  codeTAB = '錠')</span></p><h3>ExpectedSupplyDurations</h3><table class="grid"><tr><td style="display: none">-</td><td><b>Value</b></td><td><b>Unit</b></td><td><b>System</b></td><td><b>Code</b></td></tr><tr><td style="display: none">*</td><td>3</td><td>日</td><td><a href="http://terminology.hl7.org/6.0.2/CodeSystem-v3-ucum.html">http://unitsofmeasure.org</a></td><td>d</td></tr></table></blockquote></div>
  </text>
  <identifier>
    <system value="http://jpfhir.jp/fhir/core/mhlw/IdSystem/Medication-RPGroupNumber"/>
    <value value="2"/>
  </identifier>
  <identifier>
    <system value="http://jpfhir.jp/fhir/core/mhlw/IdSystem/MedicationAdministrationIndex"/>
    <value value="2"/>
  </identifier>
  <identifier>
    <system value="http://jpfhir.jp/fhir/core/IdSystem/resourceInstance-identifier"/>
    <value value="1234567890.1.2"/>
  </identifier>
  <status value="active"/>
  <intent value="order"/>
  <medicationCodeableConcept>
    <coding>
      <system value="http://medis.or.jp/CodeSystem/master-HOT9"/>
      <code value="110926901"/>
      <display value="パンスポリンＴ錠１００ １００ｍｇ"/>
    </coding>
  </medicationCodeableConcept>
  <subject>
    <reference value="Patient/jp-patient-example-1"/>
  </subject>
  <authoredOn value="2020-04-01T12:28:17+09:00"/>
  <dosageInstruction>
    <extension url="http://jpfhir.jp/fhir/core/Extension/StructureDefinition/JP_MedicationDosage_PeriodOfUse">
      <valuePeriod>
        <start value="2020-04-01"/>
      </valuePeriod>
    </extension>
    <extension url="http://jpfhir.jp/fhir/core/Extension/StructureDefinition/JP_MedicationDosage_UsageDuration">
      <valueDuration>
        <value value="3"/>
        <unit value="日"/>
        <system value="http://unitsofmeasure.org"/>
        <code value="d"/>
      </valueDuration>
    </extension>
    <text value="内服・経口・１日３回朝昼夕食後"/>
    <timing>
      <code>
        <coding>
          <system value="http://jami.jp/CodeSystem/MedicationUsage"/>
          <code value="1013044400000000"/>
          <display value="内服・経口・１日３回朝昼夕食後"/>
        </coding>
      </code>
    </timing>
    <route>
      <coding>
        <system value="http://jpfhir.jp/fhir/core/CodeSystem/route-codes"/>
        <code value="PO"/>
        <display value="口"/>
      </coding>
    </route>
    <method>
      <coding>
        <system value="http://jami.jp/CodeSystem/MedicationMethodDetailUsage"/>
        <code value="10"/>
        <display value="経口"/>
      </coding>
    </method>
    <doseAndRate>
      <type>
        <coding>
          <system value="http://jpfhir.jp/fhir/core/mhlw/CodeSystem/MedicationIngredientStrengthType"/>
          <code value="1"/>
          <display value="製剤量"/>
        </coding>
      </type>
      <doseQuantity>
        <value value="2"/>
        <unit value="錠"/>
        <system value="http://jpfhir.jp/fhir/core/mhlw/CodeSystem/MedicationUnitMERIT9Code"/>
        <code value="TAB"/>
      </doseQuantity>
      <rateRatio>
        <numerator>
          <value value="6"/>
          <unit value="錠"/>
          <system value="http://jpfhir.jp/fhir/core/mhlw/CodeSystem/MedicationUnitMERIT9Code"/>
          <code value="TAB"/>
        </numerator>
        <denominator>
          <value value="1"/>
          <unit value="日"/>
          <system value="http://unitsofmeasure.org"/>
          <code value="d"/>
        </denominator>
      </rateRatio>
    </doseAndRate>
  </dosageInstruction>
  <dispenseRequest>
    <quantity>
      <value value="18"/>
      <unit value="錠"/>
      <system value="http://jpfhir.jp/fhir/core/mhlw/CodeSystem/MedicationUnitMERIT9Code"/>
      <code value="TAB"/>
    </quantity>
    <expectedSupplyDuration>
      <value value="3"/>
      <unit value="日"/>
      <system value="http://unitsofmeasure.org"/>
      <code value="d"/>
    </expectedSupplyDuration>
  </dispenseRequest>
</MedicationRequest>