<?xml version="1.0" encoding="UTF-8"?>

<NamingSystem xmlns="http://hl7.org/fhir">
  <id value="jp-microbiology-antimicrobialdrug-ns"/>
  <text>
    <status value="generated"/><div xmlns="http://www.w3.org/1999/xhtml"><p class="res-header-id"><b>Generated Narrative: NamingSystem jp-microbiology-antimicrobialdrug-ns</b></p><a name="jp-microbiology-antimicrobialdrug-ns"> </a><a name="hcjp-microbiology-antimicrobialdrug-ns"> </a><a name="jp-microbiology-antimicrobialdrug-ns-ja"> </a><h3>Summary</h3><table class="grid"><tr><td>Defining URL</td><td>http://jpfhir.jp/fhir/core/NamingSystem/jp-microbiology-antimicrobialdrug-ns</td></tr><tr><td>Version</td><td>1.1.2</td></tr><tr><td>Name</td><td>JP_Microbiology_AntiMicrobialDrug_NamingSystem</td></tr><tr><td>Status</td><td>active</td></tr><tr><td>Definition</td><td><div><p>微生物学的検査抗菌薬コード(Ver.5.2)<br/>
本コードは厚生労働省院内感染対策サーベイランス事業(https://janis.mhlw.go.jp/)で作成されているマスタを編集・加工して利用している</p>
</div></td></tr><tr><td>Publisher</td><td>FHIR Japanese implementation research working group in Japan Association of Medical Informatics (JAMI)</td></tr><tr><td>Copyright</td><td><div><p>Copyright FHIR Japanese implementation research working group in Japan Association of Medical Informatics (JAMI) 一般社団法人日本医療情報学会NeXEHRS課題研究会FHIR日本実装検討WG</p>
</div></td></tr></table><h3>Identifiers</h3><table class="grid"><tr><td><b>Type</b></td><td><b>Value</b></td><td><b>Preferred</b></td></tr><tr><td>OID</td><td>1.2.392.100495.10.3.100.5.11.5.2</td><td/></tr><tr><td>URI</td><td>urn:oid:1.2.392.100495.10.3.100.5.11.5.2</td><td>true</td></tr><tr><td>URI</td><td>http://jpfhir.jp/fhir/core/CodeSystem/JP_Microbiology_AntiMicrobialDrug_CS</td><td/></tr></table></div>
  </text>
  <extension url="http://hl7.org/fhir/5.0/StructureDefinition/extension-NamingSystem.url">
    <valueUri value="http://jpfhir.jp/fhir/core/NamingSystem/jp-microbiology-antimicrobialdrug-ns"/>
  </extension>
  <extension url="http://hl7.org/fhir/5.0/StructureDefinition/extension-NamingSystem.version">
    <valueString value="1.1.2"/>
  </extension>
  <name value="JP_Microbiology_AntiMicrobialDrug_NamingSystem"/>
  <status value="active"/>
  <kind value="codesystem"/>
  <date value="2023-06-26"/>
  <publisher value="FHIR Japanese implementation research working group in Japan Association of Medical Informatics (JAMI)"/>
  <contact>
    <name value="FHIR Japanese implementation research working group in Japan Association of Medical Informatics (JAMI)"/>
    <telecom>
      <system value="url"/>
      <value value="http://jpfhir.jp"/>
    </telecom>
    <telecom>
      <system value="email"/>
      <value value="office@hlfhir.jp"/>
    </telecom>
  </contact>
  <description value="微生物学的検査抗菌薬コード(Ver.5.2)  &#xA;本コードは厚生労働省院内感染対策サーベイランス事業(https://janis.mhlw.go.jp/)で作成されているマスタを編集・加工して利用している"/>
  <jurisdiction>
    <coding>
      <system value="urn:iso:std:iso:3166"/>
      <code value="JP"/>
    </coding>
  </jurisdiction>
  <uniqueId>
    <type value="oid"/>
    <value value="1.2.392.100495.10.3.100.5.11.5.2"/>
  </uniqueId>
  <uniqueId>
    <type value="uri"/>
    <value value="urn:oid:1.2.392.100495.10.3.100.5.11.5.2"/>
    <preferred value="true"/>
  </uniqueId>
  <uniqueId>
    <type value="uri"/>
    <value value="http://jpfhir.jp/fhir/core/CodeSystem/JP_Microbiology_AntiMicrobialDrug_CS"/>
  </uniqueId>
</NamingSystem>