<?xml version="1.0" encoding="UTF-8"?>

<SearchParameter xmlns="http://hl7.org/fhir">
  <id value="jp-coverage-insuredpersonsubnumber-sp"/>
  <text>
    <status value="generated"/><div xmlns="http://www.w3.org/1999/xhtml"><p class="res-header-id"><b>Generated Narrative: SearchParameter jp-coverage-insuredpersonsubnumber-sp</b></p><a name="jp-coverage-insuredpersonsubnumber-sp"> </a><a name="hcjp-coverage-insuredpersonsubnumber-sp"> </a><a name="jp-coverage-insuredpersonsubnumber-sp-ja"> </a><h2>JP_Coverage_InsuredPersonSubNumber_SP</h2><p>Parameter <code>jp-insured-personsubnumber</code>:<code>string</code></p><div><p>CoverageリソースのInsuredPersonSubNumber(健康保険における被保険者証番号の枝番)に関する検索を定義する。</p>
</div><table class="grid"><tr><td>Resource</td><td><a href="http://hl7.org/fhir/R4/coverage.html">Coverage</a></td></tr><tr><td>Expression</td><td><code>Coverage.extension.where(url='http://jpfhir.jp/fhir/core/Extension/StructureDefinition/JP_Coverage_InsuredPersonSubNumber').value.as(string)</code></td></tr><tr><td>Processing Mode</td><td>Normal</td></tr><tr><td>Multiples</td><td><ul><li>multipleAnd: The parameter may repeat in order to specify multiple values that must all be true</li><li>multipleOr: The parameter may have multiple values (separated by comma) where at least one must be true</li></ul></td></tr></table></div>
  </text>
  <url value="http://jpfhir.jp/fhir/core/SearchParameter/JP_Coverage_InsuredPersonSubNumber_SP"/>
  <version value="1.1.2"/>
  <name value="JP_Coverage_InsuredPersonSubNumber_SP"/>
  <status value="active"/>
  <date value="2023-06-26"/>
  <publisher value="FHIR Japanese implementation research working group in Japan Association of Medical Informatics (JAMI)"/>
  <contact>
    <name value="FHIR Japanese implementation research working group in Japan Association of Medical Informatics (JAMI)"/>
    <telecom>
      <system value="url"/>
      <value value="http://jpfhir.jp"/>
    </telecom>
    <telecom>
      <system value="email"/>
      <value value="office@hlfhir.jp"/>
    </telecom>
  </contact>
  <description value="CoverageリソースのInsuredPersonSubNumber(健康保険における被保険者証番号の枝番)に関する検索を定義する。"/>
  <jurisdiction>
    <coding>
      <system value="urn:iso:std:iso:3166"/>
      <code value="JP"/>
    </coding>
  </jurisdiction>
  <code value="jp-insured-personsubnumber"/>
  <base value="Coverage"/>
  <type value="string"/>
  <expression value="Coverage.extension.where(url='http://jpfhir.jp/fhir/core/Extension/StructureDefinition/JP_Coverage_InsuredPersonSubNumber').value.as(string)"/>
  <xpathUsage value="normal"/>
  <multipleOr value="true">
    <extension url="http://hl7.org/fhir/StructureDefinition/capabilitystatement-expectation">
      <valueCode value="MAY"/>
    </extension>
  </multipleOr>
  <multipleAnd value="true">
    <extension url="http://hl7.org/fhir/StructureDefinition/capabilitystatement-expectation">
      <valueCode value="MAY"/>
    </extension>
  </multipleAnd>
</SearchParameter>