<?xml version="1.0" encoding="UTF-8"?>

<ValueSet xmlns="http://hl7.org/fhir">
  <id value="jp-medication-instruction-for-dispense-jhsp0002-vs"/>
  <text>
    <status value="generated"/><div xmlns="http://www.w3.org/1999/xhtml"><p class="res-header-id"><b>Generated Narrative: ValueSet jp-medication-instruction-for-dispense-jhsp0002-vs</b></p><a name="jp-medication-instruction-for-dispense-jhsp0002-vs"> </a><a name="hcjp-medication-instruction-for-dispense-jhsp0002-vs"> </a><a name="jp-medication-instruction-for-dispense-jhsp0002-vs-ja"> </a><ul><li>Include all codes defined in <a href="https://simplifier.net/resolve?scope=jpfhir-terminology@1.2.1&amp;canonical=http://jpfhir.jp/fhir/core/CodeSystem/JHSP0002"><code>http://jpfhir.jp/fhir/core/CodeSystem/JHSP0002</code></a></li></ul></div>
  </text>
  <url value="http://jpfhir.jp/fhir/Examples/ValueSet/JP_MedicationInstructionForDispenseJHSP0002_VS"/>
  <version value="1.1.2"/>
  <name value="JP_MedicationInstructionForDispenseJHSP0002_VS"/>
  <title value="JP Core Medication JHSP0002 Instruction For Dispense ValueSet"/>
  <status value="active"/>
  <experimental value="false"/>
  <date value="2023-06-26"/>
  <publisher value="FHIR Japanese implementation research working group in Japan Association of Medical Informatics (JAMI)"/>
  <contact>
    <name value="FHIR Japanese implementation research working group in Japan Association of Medical Informatics (JAMI)"/>
    <telecom>
      <system value="url"/>
      <value value="http://jpfhir.jp"/>
    </telecom>
    <telecom>
      <system value="email"/>
      <value value="office@hlfhir.jp"/>
    </telecom>
  </contact>
  <description value="JAHIS処方データ交換規約Ver.3.0C JHSP表0002調剤特別指示の値セット"/>
  <jurisdiction>
    <coding>
      <system value="urn:iso:std:iso:3166"/>
      <code value="JP"/>
    </coding>
  </jurisdiction>
  <copyright value="Copyright Japanese  Association of Healthcare Information Systems Industry(JAHIS)  一般社団法人保健医療福祉情報システム工業会"/>
  <compose>
    <include>
      <system value="http://jpfhir.jp/fhir/core/CodeSystem/JHSP0002"/>
    </include>
  </compose>
</ValueSet>