<?xml version="1.0" encoding="UTF-8"?>

<ValueSet xmlns="http://hl7.org/fhir">
  <id value="jp-observation-bodysite-vs"/>
  <text>
    <status value="generated"/><div xmlns="http://www.w3.org/1999/xhtml"><p class="res-header-id"><b>Generated Narrative: ValueSet jp-observation-bodysite-vs</b></p><a name="jp-observation-bodysite-vs"> </a><a name="hcjp-observation-bodysite-vs"> </a><a name="jp-observation-bodysite-vs-ja"> </a><ul><li>Include all codes defined in <a href="CodeSystem-jp-observation-bodysite-cs.html"><code>http://jpfhir.jp/fhir/core/CodeSystem/JP_ObservationBodySite_CS</code></a></li></ul></div>
  </text>
  <url value="http://jpfhir.jp/fhir/core/ValueSet/JP_ObservationBodySite_VS"/>
  <version value="1.1.2"/>
  <name value="JP_ObservationBodySite_VS"/>
  <title value="JP Core Observation BodySite ValueSet"/>
  <status value="active"/>
  <experimental value="false"/>
  <date value="2023-06-26"/>
  <publisher value="FHIR Japanese implementation research working group in Japan Association of Medical Informatics (JAMI)"/>
  <contact>
    <name value="FHIR Japanese implementation research working group in Japan Association of Medical Informatics (JAMI)"/>
    <telecom>
      <system value="url"/>
      <value value="http://jpfhir.jp"/>
    </telecom>
    <telecom>
      <system value="email"/>
      <value value="office@hlfhir.jp"/>
    </telecom>
  </contact>
  <description value="Observationで使用する身体部位の値セット"/>
  <jurisdiction>
    <coding>
      <system value="urn:iso:std:iso:3166"/>
      <code value="JP"/>
    </coding>
  </jurisdiction>
  <copyright value="Copyright FHIR Japanese implementation research working group in Japan Association of Medical Informatics (JAMI) 一般社団法人日本医療情報学会NeXEHRS課題研究会FHIR日本実装検討WG"/>
  <compose>
    <include>
      <system value="http://jpfhir.jp/fhir/core/CodeSystem/JP_ObservationBodySite_CS"/>
    </include>
  </compose>
</ValueSet>