{
  "resourceType": "Organization",
  "id": "jp-organization-example-payer",
  "meta": {
    "profile": [
      "http://jpfhir.jp/fhir/core/StructureDefinition/JP_Organization"
    ]
  },
  "text": {
    "status": "generated",
    "div": "<div xmlns=\"http://www.w3.org/1999/xhtml\"><p><b>Generated Narrative: Organization</b><a name=\"jp-organization-example-payer\"> </a></p><div style=\"display: inline-block; background-color: #d9e0e7; padding: 6px; margin: 4px; border: 1px solid #8da1b4; border-radius: 5px; line-height: 60%\"><p style=\"margin-bottom: 0px\">Resource Organization \"jp-organization-example-payer\" </p><p style=\"margin-bottom: 0px\">Profile: <a href=\"StructureDefinition-jp-organization.html\">JP Core Organization Profile</a></p></div><p><b>identifier</b>: id: 7654321</p><p><b>type</b>: Payer <span style=\"background: LightGoldenRodYellow; margin: 4px; border: 1px solid khaki\"> (<a href=\"http://terminology.hl7.org/3.1.0/CodeSystem-organization-type.html\">Organization type</a>#pay)</span></p><p><b>name</b>: ひまわり健康保険組合</p></div>"
  },
  "identifier": [
    {
      "system": "urn:oid:1.2.392.100495.20.3.61",
      "value": "7654321"
    }
  ],
  "type": [
    {
      "coding": [
        {
          "system": "http://terminology.hl7.org/CodeSystem/organization-type",
          "code": "pay",
          "display": "Payer"
        }
      ]
    }
  ],
  "name": "ひまわり健康保険組合"
}