<?xml version="1.0" encoding="UTF-8"?>

<CodeSystem xmlns="http://hl7.org/fhir">
  <id value="jp-medication-instruction-for-dispense-jhsp0002-cs"/>
  <text>
    <status value="generated"/><div xmlns="http://www.w3.org/1999/xhtml"><p>This code system <code>http://jpfhir.jp/fhir/Common/CodeSystem/JHSP0002</code> defines the following codes:</p><table class="codes"><tr><td style="white-space:nowrap"><b>Code</b></td><td><b>Display</b></td></tr><tr><td style="white-space:nowrap">A<a name="jp-medication-instruction-for-dispense-jhsp0002-cs-A"> </a></td><td>別包指示</td></tr><tr><td style="white-space:nowrap">B<a name="jp-medication-instruction-for-dispense-jhsp0002-cs-B"> </a></td><td>一包化指示</td></tr><tr><td style="white-space:nowrap">C<a name="jp-medication-instruction-for-dispense-jhsp0002-cs-C"> </a></td><td>混合指示</td></tr><tr><td style="white-space:nowrap">D<a name="jp-medication-instruction-for-dispense-jhsp0002-cs-D"> </a></td><td>粉砕指示</td></tr></table></div>
  </text>
  <url value="http://jpfhir.jp/fhir/Common/CodeSystem/JHSP0002"/>
  <version value="1.1.0a"/>
  <name value="JP_MedicationInstructionForDispenseJHSP0002_CS"/>
  <title value="JP Core Medication JHSP0002 Instruction For Dispense CodeSystem"/>
  <status value="draft"/>
  <date value="2022-09-14T13:31:26+00:00"/>
  <publisher value="FHIR Japanese implementation research working group in Japan Association of Medical Informatics (JAMI)"/>
  <contact>
    <name value="FHIR Japanese implementation research working group in Japan Association of Medical Informatics (JAMI)"/>
    <telecom>
      <system value="url"/>
      <value value="http://jpfhir.jp"/>
    </telecom>
    <telecom>
      <system value="email"/>
      <value value="office@hlfhir.jp"/>
    </telecom>
  </contact>
  <description value="JAHIS処方データ交換規約Ver.3.0C JHSP表0002調剤特別指示のコードシステム"/>
  <jurisdiction>
    <coding>
      <system value="urn:iso:std:iso:3166"/>
      <code value="JP"/>
    </coding>
  </jurisdiction>
  <copyright value="FHIR Japanese implementation research working group in Japan Association of Medical Informatics (JAMI)"/>
  <caseSensitive value="true"/>
  <valueSet value="http://jpfhir.jp/fhir/Examples/ValueSet/JP_MedicationInstructionForDispenseJHSP0002_VS"/>
  <content value="complete"/>
  <count value="4"/>
  <concept>
    <code value="A"/>
    <display value="別包指示"/>
  </concept>
  <concept>
    <code value="B"/>
    <display value="一包化指示"/>
  </concept>
  <concept>
    <code value="C"/>
    <display value="混合指示"/>
  </concept>
  <concept>
    <code value="D"/>
    <display value="粉砕指示"/>
  </concept>
</CodeSystem>