<?xml version="1.0" encoding="UTF-8"?>

<CodeSystem xmlns="http://hl7.org/fhir">
  <id value="jp-medication-example-uncategorized-comment-cs"/>
  <text>
    <status value="generated"/><div xmlns="http://www.w3.org/1999/xhtml"><p>This code system <code>http://jpfhir.jp/fhir/Examples/CodeSystem/JP_MedicationAdministrationUncategorizedComment_CS</code> defines some example codes:</p><table class="codes"><tr><td style="white-space:nowrap"><b>Code</b></td><td><b>Display</b></td></tr><tr><td style="white-space:nowrap">01<a name="jp-medication-example-uncategorized-comment-cs-01"> </a></td><td>嘔気・嘔吐のため投与せず</td></tr><tr><td style="white-space:nowrap">02<a name="jp-medication-example-uncategorized-comment-cs-02"> </a></td><td>容態変化により投与せず</td></tr><tr><td style="white-space:nowrap">03<a name="jp-medication-example-uncategorized-comment-cs-03"> </a></td><td>手術のため投与せず</td></tr><tr><td style="white-space:nowrap">04<a name="jp-medication-example-uncategorized-comment-cs-04"> </a></td><td>検査・治療のため投与せず</td></tr><tr><td style="white-space:nowrap">05<a name="jp-medication-example-uncategorized-comment-cs-05"> </a></td><td>拒薬のため投与せず</td></tr><tr><td style="white-space:nowrap">06<a name="jp-medication-example-uncategorized-comment-cs-06"> </a></td><td>過鎮静のため投与せず</td></tr><tr><td style="white-space:nowrap">07<a name="jp-medication-example-uncategorized-comment-cs-07"> </a></td><td>検査・治療のため投与時間変更</td></tr><tr><td style="white-space:nowrap">08<a name="jp-medication-example-uncategorized-comment-cs-08"> </a></td><td>手術のため投与時間変更</td></tr></table></div>
  </text>
  <url value="http://jpfhir.jp/fhir/Examples/CodeSystem/JP_MedicationAdministrationUncategorizedComment_CS"/>
  <version value="1.1.0a"/>
  <name value="JP_MedicationExampleUncategorizedComment_CS"/>
  <title value="JP MedicationAdministration Example Uncategorized Comment"/>
  <status value="draft"/>
  <date value="2022-09-15T00:22:20+00:00"/>
  <publisher value="FHIR Japanese implementation research working group in Japan Association of Medical Informatics (JAMI)"/>
  <contact>
    <name value="FHIR Japanese implementation research working group in Japan Association of Medical Informatics (JAMI)"/>
    <telecom>
      <system value="url"/>
      <value value="http://jpfhir.jp"/>
    </telecom>
    <telecom>
      <system value="email"/>
      <value value="office@hlfhir.jp"/>
    </telecom>
  </contact>
  <description value="注射実施未分類コメントのコードシステム例"/>
  <jurisdiction>
    <coding>
      <system value="urn:iso:std:iso:3166"/>
      <code value="JP"/>
    </coding>
  </jurisdiction>
  <copyright value="FHIR Japanese implementation research working group in Japan Association of Medical Informatics (JAMI)"/>
  <caseSensitive value="true"/>
  <content value="example"/>
  <concept>
    <code value="01"/>
    <display value="嘔気・嘔吐のため投与せず"/>
  </concept>
  <concept>
    <code value="02"/>
    <display value="容態変化により投与せず"/>
  </concept>
  <concept>
    <code value="03"/>
    <display value="手術のため投与せず"/>
  </concept>
  <concept>
    <code value="04"/>
    <display value="検査・治療のため投与せず"/>
  </concept>
  <concept>
    <code value="05"/>
    <display value="拒薬のため投与せず"/>
  </concept>
  <concept>
    <code value="06"/>
    <display value="過鎮静のため投与せず"/>
  </concept>
  <concept>
    <code value="07"/>
    <display value="検査・治療のため投与時間変更"/>
  </concept>
  <concept>
    <code value="08"/>
    <display value="手術のため投与時間変更"/>
  </concept>
</CodeSystem>