"Id","Path","Slice Name","Alias(s)","Label","Min","Max","Must Support?","Is Modifier?","Is Summary?","Type(s)","Short","Definition","Comments","Requirements","Default Value","Meaning When Missing","Fixed Value","Pattern","Example","Minimum Value","Maximum Value","Maximum Length","Binding Strength","Binding Description","Binding Value Set","Code","Slicing Discriminator","Slicing Description","Slicing Ordered","Slicing Rules","Base Path","Base Min","Base Max","Condition(s)","Constraint(s)","Mapping: RIM Mapping","Mapping: FiveWs Pattern Mapping","Mapping: HL7 v2 Mapping"
"RelatedPerson","RelatedPerson","","","",0,*,"","","","null {[]} {[]}
","患者に関連しているが、ケアの直接的な標的ではない人 / A person that is related to a patient, but who is not a direct target of care","患者のケアに関与しているが、ヘルスケアの標的ではなく、ケアプロセスに正式な責任を負う人に関する情報。 / Information about a person that is involved in the care for a patient, but who is not the target of healthcare, nor has a formal responsibility in the care process.","","","","","","","","","",,,,,"",,,,"RelatedPerson",0,*,"","dom-2:リソースが別のリソースに含まれている場合、ネストされたリソースを含めてはなりません / If the resource is contained in another resource, it SHALL NOT contain nested Resources {contained.contained.empty()}
dom-3:リソースが別のリソースに含まれている場合、それはリソースの他の場所から参照されるか、含有リソースを参照するものとします / If the resource is contained in another resource, it SHALL be referred to from elsewhere in the resource or SHALL refer to the containing resource {contained.where((('#'+id in (%resource.descendants().reference | %resource.descendants().as(canonical) | %resource.descendants().as(uri) | %resource.descendants().as(url))) or descendants().where(reference = '#').exists() or descendants().where(as(canonical) = '#').exists() or descendants().where(as(canonical) = '#').exists()).not()).trace('unmatched', id).empty()}dom-4:リソースが別のリソースに含まれている場合、meta.versionidまたはmeta.lastupdatedを持たないものとします / If a resource is contained in another resource, it SHALL NOT have a meta.versionId or a meta.lastUpdated {contained.meta.versionId.empty() and contained.meta.lastUpdated.empty()}dom-5:別のリソースにリソースが含まれている場合、セキュリティラベルはありません / If a resource is contained in another resource, it SHALL NOT have a security label {contained.meta.security.empty()}dom-6:リソースには、堅牢な管理のための叙述(Narative)が必要です / A resource should have narrative for robust management {text.`div`.exists()}","Entity. Role, or Act","role"
"RelatedPerson.id","RelatedPerson.id","","","",0,1,"","","Y","id {[]} {[]}
","このアーティファクトの論理ID / Logical id of this artifact","リソースのURLで使用されるリソースの論理ID。割り当てられたら、この値は変更されません。 / The logical id of the resource, as used in the URL for the resource. Once assigned, this value never changes.","リソースにIDがないのは、IDが作成操作を使用してサーバーに送信されている場合です。 / The only time that a resource does not have an id is when it is being submitted to the server using a create operation.","","","","","","","","",,,,,"",,,,"Resource.id",0,1,"",""
"RelatedPerson.meta","RelatedPerson.meta","","","",0,1,"","","Y","Meta {[]} {[]}
","リソースに関するメタデータ / Metadata about the resource","リソースに関するメタデータ。これは、インフラストラクチャによって維持されるコンテンツです。コンテンツの変更は、常にリソースのバージョンの変更に関連付けられているとは限りません。 / The metadata about the resource. This is content that is maintained by the infrastructure. Changes to the content might not always be associated with version changes to the resource.","","","","","","","","","",,,,,"",,,,"Resource.meta",0,1,"","ele-1:すべてのFHIR要素には、@valueまたは子供が必要です / All FHIR elements must have a @value or children {hasValue() or (children().count() > id.count())}
"
"RelatedPerson.meta.id","RelatedPerson.meta.id","","","",0,1,"","","","string {[]} {[]}
","エレメント相互参照のためのユニークID","リソース内の要素の固有ID（内部参照用）。これは、スペースを含まない任意の文字列値である可能性があります。","","","","","","","","","",,,,,"",,,,"Element.id",0,1,"","","n/a"
"RelatedPerson.meta.extension","RelatedPerson.meta.extension","","extensions
user content","",0,*,"","","","Extension {[]} {[]}
","実装によって定義される追加コンテンツ","「要素の基本的な定義に含まれない追加情報を表すために使用されることがあります。拡張機能の使用を安全かつ管理しやすくするために、定義および使用に適用される厳格なガバナンスのセットがあります。実装者は拡張機能を定義できますが、拡張機能の定義の一部として満たす必要のある要件のセットがあります。」","どのようなアプリケーション、プロジェクト、または標準が拡張機能を使用しているかに関わらず、拡張機能の使用には決して汚名が付くわけではありません - それらを使用または定義する機関または管轄区域に関係なく。拡張機能の使用こそが、FHIR仕様を誰にとっても簡単なコアレベルで維持することを可能にします。","","","","","","","","",,,,,"","value:url}
","拡張子は常にURLで切り片にされます。",,"open","Element.extension",0,*,"","ele-1:すべてのFHIR要素は、@valueまたはchildrenを持っている必要があります。 {hasValue() or (children().count() > id.count())}
ext-1:「拡張機能または値[x]のいずれかが必要です。両方ではありません。」 {extension.exists() != value.exists()}","n/a"
"RelatedPerson.meta.versionId","RelatedPerson.meta.versionId","","","",0,1,"","","Y","id {[]} {[]}
","バージョン固有の識別子 ","URLのバージョン部分に表示されるバージョン固有の識別子。この値は、リソースが作成、更新、または削除された場合に変更されます。","サーバーがこの値を割り当て、クライアントが指定した値を無視する。ただし、サーバーが更新/削除時にバージョンの整合性を強制する場合を除く。","","","","","","","","",,,,,"",,,,"Meta.versionId",0,1,"","ele-1:すべてのFHIR要素は、@valueまたはchildrenを持っている必要があります。 {hasValue() or (children().count() > id.count())}
"
"RelatedPerson.meta.lastUpdated","RelatedPerson.meta.lastUpdated","","","",0,1,"Y","","Y","instant {[]} {[]}
","「リソースのバージョンが最後に変更されたとき」","リソースが最後に変更されたとき - 例えば、バージョンが変更されたとき。","この値はリソースが初めて作成される場合を除いて常に設定されています。サーバー/リソースマネージャーがこの値を設定します。クライアントが提供する値は関係ありません。これはHTTP Last-Modifiedに相当し、[read](http://hl7.org/fhir/R4/http.html#read)のインタラクションで同じ値を持つべきです。","","","","","","","","",,,,,"",,,,"Meta.lastUpdated",0,1,"","ele-1:すべてのFHIR要素は、@valueまたはchildrenを持っている必要があります。 {hasValue() or (children().count() > id.count())}
"
"RelatedPerson.meta.source","RelatedPerson.meta.source","","","",0,1,"","","Y","uri {[]} {[]}
","「リソースがどこから来たかを特定する」","リソースのソースシステムを識別するURI。これにより、リソース内の情報のソースをトラックまたは区別するために使用できる最小限の[プロビナンス]（provenance.html＃）情報が提供されます。ソースは、別のFHIRサーバー、ドキュメント、メッセージ、データベースなどを識別できます。","「プロバナンスのリソースにおいて、これはProvenance.entity.what[x]に対応します。ソースの正確な使用方法（および含意されるProvenance.entity.role）は実装者の判断に委ねられます。指定されたソースは1つだけです。追加のプロバナンスの詳細が必要な場合は、完全なプロバナンスリソースを使用するべきです。

この要素は、正規のURLでホストされていないリソースの現在のマスターソースがどこにあるかを示すために使用できます。」","","","","","","","","",,,,,"",,,,"Meta.source",0,1,"","ele-1:すべてのFHIR要素は、@valueまたはchildrenを持っている必要があります。 {hasValue() or (children().count() > id.count())}
"
"RelatedPerson.meta.profile","RelatedPerson.meta.profile","","","",0,*,"","","Y","canonical {[]} {[CanonicalType[http://hl7.org/fhir/StructureDefinition/StructureDefinition]]}
","このリソースが適合を主張するプロファイル","このリソースが準拠すると主張する [StructureDefinition](http://hl7.org/fhir/R4/structuredefinition.html#) リソースに関するプロファイルのリストです。URL は [StructureDefinition.url](http://hl7.org/fhir/R4/structuredefinition-definitions.html#StructureDefinition.url) への参照です。","これらの主張が時間の経過に伴って検証または更新される方法と、それらを決定するサーバーや他の基盤に任されます。プロファイルURLのリストは1セットです。","","","","","","","","",,,,,"",,,,"Meta.profile",0,*,"","ele-1:すべてのFHIR要素は、@valueまたはchildrenを持っている必要があります。 {hasValue() or (children().count() > id.count())}
"
"RelatedPerson.meta.security","RelatedPerson.meta.security","","","",0,*,"","","Y","Coding {[]} {[]}
","このリソースに適用されたセキュリティラベル","このリソースにはセキュリティラベルが適用されています。これらのタグにより、特定のリソースが全体的なセキュリティポリシーやインフラストラクチャに関連付けられます。","セキュリティラベルは変更せずにリソースのバージョンを更新可能です。セキュリティラベルのリストはセットであり、一意性はシステム/コードに基づき、バージョンと表示は無視されます。","","","","","","","","",,"extensible","医療プライバシーおよびセキュリティ分類システムからのセキュリティラベル。","http://hl7.org/fhir/ValueSet/security-labels","",,,,"Meta.security",0,*,"","ele-1:すべてのFHIR要素は、@valueまたはchildrenを持っている必要があります。 {hasValue() or (children().count() > id.count())}
"
"RelatedPerson.meta.tag","RelatedPerson.meta.tag","","","",0,*,"","","Y","Coding {[]} {[]}
","このリソースに適用されたタグ","このリソースに適用されるタグです。タグは、リソースをプロセスやワークフローに識別し、関連付けるために使用することが意図されており、アプリケーションはリソースの意味を解釈する際にタグを考慮する必要はありません。","リソースの表示バージョンを変更することなく、タグを更新できます。タグのリストは集合です。ユニーク性はシステム/コードに基づき、バージョンと表示は無視されます。","","","","","","","","",,"example","「様々なタグを表すコードで、一般的にはワークフローに関連しています。","http://hl7.org/fhir/ValueSet/common-tags","",,,,"Meta.tag",0,*,"","ele-1:すべてのFHIR要素は、@valueまたはchildrenを持っている必要があります。 {hasValue() or (children().count() > id.count())}
"
"RelatedPerson.implicitRules","RelatedPerson.implicitRules","","","",0,1,"","Y","Y","uri {[]} {[]}
","このコンテンツが作成されたルールのセット / A set of rules under which this content was created","リソースが構築されたときに従った一連のルールへの参照。コンテンツの処理時に理解する必要があります。多くの場合、これは他のプロファイルなどとともに特別なルールを定義する実装ガイドへの参照です。 / A reference to a set of rules that were followed when the resource was constructed, and which must be understood when processing the content. Often, this is a reference to an implementation guide that defines the special rules along with other profiles etc.","このルールセットを主張することは、コンテンツが限られた取引パートナーのセットによってのみ理解されることを制限します。これにより、本質的に長期的にデータの有用性が制限されます。ただし、既存の健康エコシステムは非常に破壊されており、一般的に計算可能な意味でデータを定義、収集、交換する準備ができていません。可能な限り、実装者や仕様ライターはこの要素の使用を避ける必要があります。多くの場合、使用する場合、URLは、これらの特別なルールを他のプロファイル、バリューセットなどとともに叙述(Narative)の一部として定義する実装ガイドへの参照です。 / Asserting this rule set restricts the content to be only understood by a limited set of trading partners. This inherently limits the usefulness of the data in the long term. However, the existing health eco-system is highly fractured, and not yet ready to define, collect, and exchange data in a generally computable sense. Wherever possible, implementers and/or specification writers should avoid using this element. Often, when used, the URL is a reference to an implementation guide that defines these special rules as part of it's narrative along with other profiles, value sets, etc.","","","","","","","","",,,,,"",,,,"Resource.implicitRules",0,1,"","ele-1:すべてのFHIR要素には、@valueまたは子供が必要です / All FHIR elements must have a @value or children {hasValue() or (children().count() > id.count())}
"
"RelatedPerson.language","RelatedPerson.language","","","",0,1,"","","","code {[]} {[]}
","リソースコンテンツの言語 / Language of the resource content","リソースが書かれている基本言語。 / The base language in which the resource is written.","言語は、インデックス作成とアクセシビリティをサポートするために提供されます（通常、テキストから音声までのサービスなどのサービスが言語タグを使用します）。叙述(Narative)のHTML言語タグは、叙述(Narative)に適用されます。リソース上の言語タグを使用して、リソース内のデータから生成された他のプレゼンテーションの言語を指定できます。すべてのコンテンツが基本言語である必要はありません。リソース。言語は、叙述(Narative)に自動的に適用されると想定されるべきではありません。言語が指定されている場合、HTMLのDIV要素にも指定されている場合（XML：LangとHTML Lang属性の関係については、HTML5のルールを参照してください）。 / Language is provided to support indexing and accessibility (typically, services such as text to speech use the language tag). The html language tag in the narrative applies  to the narrative. The language tag on the resource may be used to specify the language of other presentations generated from the data in the resource. Not all the content has to be in the base language. The Resource.language should not be assumed to apply to the narrative automatically. If a language is specified, it should it also be specified on the div element in the html (see rules in HTML5 for information about the relationship between xml:lang and the html lang attribute).","","","","","","","","",,"preferred","人間の言語。 / A human language.","http://hl7.org/fhir/ValueSet/languages","",,,,"Resource.language",0,1,"","ele-1:すべてのFHIR要素には、@valueまたは子供が必要です / All FHIR elements must have a @value or children {hasValue() or (children().count() > id.count())}
"
"RelatedPerson.text","RelatedPerson.text","","narrative
htmlxhtmldisplay","",0,1,"","","","Narrative {[]} {[]}
","人間の解釈のためのリソースのテキスト概要 / Text summary of the resource, for human interpretation","リソースの概要を含み、人間へのリソースの内容を表すために使用できる人間の読み取り可能な叙述(Narative)。叙述(Narative)はすべての構造化されたデータをエンコードする必要はありませんが、人間が叙述(Narative)を読むだけで「臨床的に安全」にするために十分な詳細を含める必要があります。リソースの定義は、臨床的安全を確保するために、叙述(Narative)で表現するコンテンツを定義する場合があります。 / A human-readable narrative that contains a summary of the resource and can be used to represent the content of the resource to a human. The narrative need not encode all the structured data, but is required to contain sufficient detail to make it ""clinically safe"" for a human to just read the narrative. Resource definitions may define what content should be represented in the narrative to ensure clinical safety.","含まれるリソースには叙述(Narative)がありません。含まれていないリソースには叙述(Narative)が必要です。場合によっては、リソースには、追加の個別のデータがほとんどまたはまったくないテキストのみがあります（すべてのMinoccur = 1要素が満たされている限り）。これは、情報がtext blob (バイナリー ラージ オブジェクト)としてキャプチャされるレガシーシステムからのデータ、またはテキストが生またはナレーションされ、エンコードされた情報が後で追加される場合に必要になる場合があります。 / Contained resources do not have narrative. Resources that are not contained SHOULD have a narrative. In some cases, a resource may only have text with little or no additional discrete data (as long as all minOccurs=1 elements are satisfied).  This may be necessary for data from legacy systems where information is captured as a ""text blob"" or where text is additionally entered raw or narrated and encoded information is added later.","","","","","","","","",,,,,"",,,,"DomainResource.text",0,1,"","ele-1:すべてのFHIR要素には、@valueまたは子供が必要です / All FHIR elements must have a @value or children {hasValue() or (children().count() > id.count())}
","Act.text?"
"RelatedPerson.contained","RelatedPerson.contained","","inline resources
anonymous resourcescontained resources","",0,*,"","","","Resource {[]} {[]}
","インラインリソースが含まれています / Contained, inline Resources","これらのリソースには、それらを含むリソースを除いて独立した存在はありません - 独立して特定することはできず、独自の独立したトランザクションスコープを持つこともできません。 / These resources do not have an independent existence apart from the resource that contains them - they cannot be identified independently, and nor can they have their own independent transaction scope.","識別が失われると、コンテンツを適切に識別できる場合は、これを行うべきではありません。含まれるリソースには、メタ要素にプロファイルとタグがある場合がありますが、セキュリティラベルはありません。 / This should never be done when the content can be identified properly, as once identification is lost, it is extremely difficult (and context dependent) to restore it again. Contained resources may have profiles and tags In their meta elements, but SHALL NOT have security labels.","","","","","","","","",,,,,"",,,,"DomainResource.contained",0,*,"","","N/A"
"RelatedPerson.extension","RelatedPerson.extension","","extensions
user content","",0,*,"","","","Extension {[]} {[]}
","実装で定義された追加のコンテンツ / Additional content defined by implementations","リソースの基本的な定義の一部ではない追加情報を表すために使用できます。拡張機能を安全で管理しやすくするために、拡張機能の定義と使用に適用される厳格なガバナンスセットがあります。実装者は拡張機能を定義できますが、拡張機能の定義の一部として満たされる一連の要件があります。 / May be used to represent additional information that is not part of the basic definition of the resource. To make the use of extensions safe and manageable, there is a strict set of governance  applied to the definition and use of extensions. Though any implementer can define an extension, there is a set of requirements that SHALL be met as part of the definition of the extension.","拡張機能を使用または定義する機関や管轄権に関係なく、アプリケーション、プロジェクト、または標準による拡張機能の使用に関連するスティグマはありません。拡張機能の使用は、FHIR仕様がすべての人にコアレベルのシンプルさを保持できるようにするものです。 / There can be no stigma associated with the use of extensions by any application, project, or standard - regardless of the institution or jurisdiction that uses or defines the extensions.  The use of extensions is what allows the FHIR specification to retain a core level of simplicity for everyone.","","","","","","","","",,,,,"",,,,"DomainResource.extension",0,*,"","ele-1:すべてのFHIR要素には、@valueまたは子供が必要です / All FHIR elements must have a @value or children {hasValue() or (children().count() > id.count())}
ext-1:両方ではなく、拡張または値[x]が必要です / Must have either extensions or value[x], not both {extension.exists() != value.exists()}","N/A"
"RelatedPerson.modifierExtension","RelatedPerson.modifierExtension","","extensions
user content","",0,*,"","Y","","Extension {[]} {[]}
","無視できない拡張機能 / Extensions that cannot be ignored","リソースの基本的な定義の一部ではなく、それを含む要素の理解および/または含有要素の子孫の理解を変更するために使用される場合があります。通常、修飾子要素は否定または資格を提供します。拡張機能を安全で管理しやすくするために、拡張機能の定義と使用に適用される厳格なガバナンスセットがあります。実装者は拡張機能を定義することが許可されていますが、拡張機能の定義の一部として満たされる一連の要件があります。アプリケーションの処理リソースは、修飾子拡張機能をチェックする必要があります。

モディファイア拡張は、リソースまたはdomainResource上の要素の意味を変更してはなりません（修飾軸自体の意味を変更することはできません）。 / May be used to represent additional information that is not part of the basic definition of the resource and that modifies the understanding of the element that contains it and/or the understanding of the containing element's descendants. Usually modifier elements provide negation or qualification. To make the use of extensions safe and manageable, there is a strict set of governance applied to the definition and use of extensions. Though any implementer is allowed to define an extension, there is a set of requirements that SHALL be met as part of the definition of the extension. Applications processing a resource are required to check for modifier extensions.

Modifier extensions SHALL NOT change the meaning of any elements on Resource or DomainResource (including cannot change the meaning of modifierExtension itself).","拡張機能を使用または定義する機関や管轄権に関係なく、アプリケーション、プロジェクト、または標準による拡張機能の使用に関連するスティグマはありません。拡張機能の使用は、FHIR仕様がすべての人にコアレベルのシンプルさを保持できるようにするものです。 / There can be no stigma associated with the use of extensions by any application, project, or standard - regardless of the institution or jurisdiction that uses or defines the extensions.  The use of extensions is what allows the FHIR specification to retain a core level of simplicity for everyone.","修飾子拡張機能により、安全に無視できる大部分の拡張機能と明確に区別できるように、安全に無視できない拡張機能が可能になります。これにより、実装者が拡張の存在を禁止する必要性を排除することにより、相互運用性が促進されます。詳細については、[修飾子拡張の定義]（拡張性.html＃modifierextension）を参照してください。 / Modifier extensions allow for extensions that *cannot* be safely ignored to be clearly distinguished from the vast majority of extensions which can be safely ignored.  This promotes interoperability by eliminating the need for implementers to prohibit the presence of extensions. For further information, see the [definition of modifier extensions](http://hl7.org/fhir/R4/extensibility.html#modifierExtension).","","","","","","","",,,,,"",,,,"DomainResource.modifierExtension",0,*,"","ele-1:すべてのFHIR要素には、@valueまたは子供が必要です / All FHIR elements must have a @value or children {hasValue() or (children().count() > id.count())}
ext-1:両方ではなく、拡張または値[x]が必要です / Must have either extensions or value[x], not both {extension.exists() != value.exists()}","N/A"
"RelatedPerson.identifier","RelatedPerson.identifier","","","",0,*,"","","Y","Identifier {[]} {[]}
","この人の人間の識別子 / A human identifier for this person","特定の範囲内の人の識別子。 / Identifier for a person within a particular scope.","","人々はさまざまなIDで知られています。一部の機関は、患者に関する他の組織と交換のためにいくつかの識別子を維持しています。例は、国民の識別子とローカル識別子です。 / People are known by a variety of ids. Some institutions maintain several, and most collect identifiers for exchange with other organizations concerning the patient. Examples are national person identifier and local identifier.","","","","","","","",,,,,"",,,,"RelatedPerson.identifier",0,*,"","ele-1:すべてのFHIR要素には、@valueまたは子供が必要です / All FHIR elements must have a @value or children {hasValue() or (children().count() > id.count())}
",".id","FiveWs.identifier","NK1-33"
"RelatedPerson.active","RelatedPerson.active","","","",0,1,"","Y","Y","boolean {[]} {[]}
","この関連者の記録が積極的に使用されているかどうか / Whether this related person's record is in active use","この関連者の記録が積極的に使用されているかどうか。 / Whether this related person record is in active use.","この要素は、リソースが誤って作成されたことをマークするために使用できるため、修飾子としてラベル付けされています。 / This element is labeled as a modifier because it may be used to mark that the resource was created in error.","エラーで作成された場合など、使用されないように関連する人のレコードをマークできる必要があります。 / Need to be able to mark a related person record as not to be used, such as if it was created in error.","","このリソースは、アクティブな要素の値が提供されていない場合、一般にアクティブであると想定されています / This resource is generally assumed to be active if no value is provided for the active element","","","","","",,,,,"",,,,"RelatedPerson.active",0,1,"","ele-1:すべてのFHIR要素には、@valueまたは子供が必要です / All FHIR elements must have a @value or children {hasValue() or (children().count() > id.count())}
",".statusCode","FiveWs.status"
"RelatedPerson.patient","RelatedPerson.patient","","","",1,1,"","","Y","Reference {[]} {[CanonicalType[http://hl7.org/fhir/StructureDefinition/Patient]]}
","この人が関係している患者 / The patient this person is related to","この人が関係している患者。 / The patient this person is related to.","","この関連者がどの患者に関連しているかを知る必要があります。 / We need to know which patient this RelatedPerson is related to.","","","","","","","",,,,,"",,,,"RelatedPerson.patient",1,1,"","ele-1:すべてのFHIR要素には、@valueまたは子供が必要です / All FHIR elements must have a @value or children {hasValue() or (children().count() > id.count())}
","scoper[classCode=PSN|ANM and determinerCode='INSTANCE']/playedRole[classCode='PAT']/id","PID-3"
"RelatedPerson.relationship","RelatedPerson.relationship","","","",0,*,"","","Y","CodeableConcept {[]} {[]}
","関係の性質 / The nature of the relationship","患者と関連者との関係の性質。 / The nature of the relationship between a patient and the related person.","","患者は、この人に起因する情報の解釈に影響を与えるため、患者との関係を知る必要があります。 / We need to know the relationship with the patient since it influences the interpretation of the information attributed to this person.","","","","","","","",,"preferred","患者と関連者との関係の性質。 / The nature of the relationship between a patient and the related person.","http://hl7.org/fhir/ValueSet/relatedperson-relationshiptype","",,,,"RelatedPerson.relationship",0,*,"","ele-1:すべてのFHIR要素には、@valueまたは子供が必要です / All FHIR elements must have a @value or children {hasValue() or (children().count() > id.count())}
","code","FiveWs.class","NK1-3"
"RelatedPerson.name","RelatedPerson.name","","","",0,*,"","","Y","HumanName {[]} {[]}
","人に関連付けられた名前 / A name associated with the person","人に関連付けられた名前。 / A name associated with the person.","","関連者は名前で識別される必要がありますが、その人の他の複数の名前に関する詳細が必要であることは珍しいことです。 / Related persons need to be identified by name, but it is uncommon to need details about multiple other names for that person.","","","","","","","",,,,,"",,,,"RelatedPerson.name",0,*,"","ele-1:すべてのFHIR要素には、@valueまたは子供が必要です / All FHIR elements must have a @value or children {hasValue() or (children().count() > id.count())}
","name","NK1-2"
"RelatedPerson.telecom","RelatedPerson.telecom","","","",0,*,"","","Y","ContactPoint {[]} {[]}
","人の連絡先の詳細 / A contact detail for the person","人の連絡先の詳細、例えば電話番号またはメールアドレス。 / A contact detail for the person, e.g. a telephone number or an email address.","人には、さまざまな用途または適用される期間で連絡するための複数の方法があります。人に緊急に連絡するためのオプションが必要な場合があります。また、識別を支援する必要があります。 / Person may have multiple ways to be contacted with different uses or applicable periods.  May need to have options for contacting the person urgently, and also to help with identification.","人々は、電話、電子メールなど、何らかの方法でそれらに連絡する（プライマリ）方法を持っています。 / People have (primary) ways to contact them in some way such as phone, email.","","","","","","","",,,,,"",,,,"RelatedPerson.telecom",0,*,"","ele-1:すべてのFHIR要素には、@valueまたは子供が必要です / All FHIR elements must have a @value or children {hasValue() or (children().count() > id.count())}
","telecom","NK1-5 / NK1-6 / NK1-40"
"RelatedPerson.gender","RelatedPerson.gender","","","",0,1,"","","Y","code {[]} {[]}
","男性|女性|その他|わからない / male | female | other | unknown","管理性別 - その人が管理と記録保持の目的で持っていると考えられている性別。 / Administrative Gender - the gender that the person is considered to have for administration and record keeping purposes.","","（少なくとも）名前と生年月日と組み合わせて、その人の識別に必要です。 / Needed for identification of the person, in combination with (at least) name and birth date.","","","","","","","",,"required","管理目的で使用される人の性別。 / The gender of a person used for administrative purposes.","http://hl7.org/fhir/ValueSet/administrative-gender|4.0.1","",,,,"RelatedPerson.gender",0,1,"","ele-1:すべてのFHIR要素には、@valueまたは子供が必要です / All FHIR elements must have a @value or children {hasValue() or (children().count() > id.count())}
","administrativeGender","NK1-15"
"RelatedPerson.birthDate","RelatedPerson.birthDate","","","",0,1,"","","Y","date {[]} {[]}
","関連者が生まれた日付 / The date on which the related person was born","関連者が生まれた日付。 / The date on which the related person was born.","","","","","","","","","",,,,,"",,,,"RelatedPerson.birthDate",0,1,"","ele-1:すべてのFHIR要素には、@valueまたは子供が必要です / All FHIR elements must have a @value or children {hasValue() or (children().count() > id.count())}
","player.birthTime"
"RelatedPerson.address","RelatedPerson.address","","","",0,*,"","","Y","Address {[]} {[]}
","関連者に連絡または訪問できる場所アドレス / Address where the related person can be contacted or visited","関連者に連絡または訪問できる場所に住所します。 / Address where the related person can be contacted or visited.","","郵便メールごとに関連する人に連絡するか、訪問できる場所を追跡する必要があります。 / Need to keep track where the related person can be contacted per postal mail or visited.","","","","","","","",,,,,"",,,,"RelatedPerson.address",0,*,"","ele-1:すべてのFHIR要素には、@valueまたは子供が必要です / All FHIR elements must have a @value or children {hasValue() or (children().count() > id.count())}
","addr","NK1-4"
"RelatedPerson.photo","RelatedPerson.photo","","","",0,*,"","","","Attachment {[]} {[]}
","人の画像 / Image of the person","人の画像。 / Image of the person.","","多くのEHRシステムには、人のイメージをキャプチャする機能があります。新しいソーシャルメディアの使用にも適しています。 / Many EHR systems have the capability to capture an image of persons. Fits with newer social media usage too.","","","","","","","",,,,,"",,,,"RelatedPerson.photo",0,*,"","ele-1:すべてのFHIR要素には、@valueまたは子供が必要です / All FHIR elements must have a @value or children {hasValue() or (children().count() > id.count())}
","player[classCode='PSN' and determinerCode='INSTANCE']/desc","OBX-5 - needs a profile"
"RelatedPerson.period","RelatedPerson.period","","","",0,1,"","","","Period {[]} {[]}
","この関係が有効と見なされる期間 / Period of time that this relationship is considered valid","この関係がアクティブであった期間。定義された日付がない場合、間隔は不明です。 / The period of time during which this relationship is or was active. If there are no dates defined, then the interval is unknown.","","","","","","","","","",,,,,"",,,,"RelatedPerson.period",0,1,"","ele-1:すべてのFHIR要素には、@valueまたは子供が必要です / All FHIR elements must have a @value or children {hasValue() or (children().count() > id.count())}
",".effectiveTime","FiveWs.done[x]"
"RelatedPerson.communication","RelatedPerson.communication","","","",0,*,"","","","BackboneElement {[]} {[]}
","患者の健康についてコミュニケーションをとるために使用できる言語 / A language which may be used to communicate with about the patient's health","患者の健康について通信するために使用される言語。 / A language which may be used to communicate with about the patient's health.","言語が指定されていない場合、これは *デフォルトのローカル言語が話されていることを意味します。複数のモードに習熟度を伝える必要がある場合は、複数の関連者。コミュニケーション協会が必要です。関連者がデフォルトのローカル言語を話さない場合、インタープリターが必要とする標準を使用して、インタープリターが必要であることを明示的に宣言することができます。 / If no language is specified, this *implies* that the default local language is spoken.  If you need to convey proficiency for multiple modes, then you need multiple RelatedPerson.Communication associations.   If the RelatedPerson does not speak the default local language, then the Interpreter Required Standard can be used to explicitly declare that an interpreter is required.","関連者が地元の言語を話さない場合、通訳者が必要になる場合があるため、言語と習熟度は、患者や他の関心のある人の両方を追跡するための重要なことです。 / If a related person does not speak the local language, interpreters may be required, so languages spoken and proficiency is an important things to keep track of both for patient and other persons of interest.","","","","","","","",,,,,"",,,,"RelatedPerson.communication",0,*,"","ele-1:すべてのFHIR要素には、@valueまたは子供が必要です / All FHIR elements must have a @value or children {hasValue() or (children().count() > id.count())}
","LanguageCommunication"
"RelatedPerson.communication.id","RelatedPerson.communication.id","","","",0,1,"","","","string {[]} {[]}
","要素間参照のための一意のID / Unique id for inter-element referencing","リソース内の要素の一意のID（内部参照用）。これは、スペースを含まない文字列値である場合があります。 / Unique id for the element within a resource (for internal references). This may be any string value that does not contain spaces.","","","","","","","","","",,,,,"",,,,"Element.id",0,1,"","","n/a"
"RelatedPerson.communication.extension","RelatedPerson.communication.extension","","extensions
user content","",0,*,"","","","Extension {[]} {[]}
","実装で定義された追加のコンテンツ / Additional content defined by implementations","要素の基本的な定義の一部ではない追加情報を表すために使用できます。拡張機能を安全で管理しやすくするために、拡張機能の定義と使用に適用される厳格なガバナンスセットがあります。実装者は拡張機能を定義できますが、拡張機能の定義の一部として満たされる一連の要件があります。 / May be used to represent additional information that is not part of the basic definition of the element. To make the use of extensions safe and manageable, there is a strict set of governance  applied to the definition and use of extensions. Though any implementer can define an extension, there is a set of requirements that SHALL be met as part of the definition of the extension.","拡張機能を使用または定義する機関や管轄権に関係なく、アプリケーション、プロジェクト、または標準による拡張機能の使用に関連するスティグマはありません。拡張機能の使用は、FHIR仕様がすべての人にコアレベルのシンプルさを保持できるようにするものです。 / There can be no stigma associated with the use of extensions by any application, project, or standard - regardless of the institution or jurisdiction that uses or defines the extensions.  The use of extensions is what allows the FHIR specification to retain a core level of simplicity for everyone.","","","","","","","","",,,,,"",,,,"Element.extension",0,*,"","ele-1:すべてのFHIR要素には、@valueまたは子供が必要です / All FHIR elements must have a @value or children {hasValue() or (children().count() > id.count())}
ext-1:両方ではなく、拡張または値[x]が必要です / Must have either extensions or value[x], not both {extension.exists() != value.exists()}","n/a"
"RelatedPerson.communication.modifierExtension","RelatedPerson.communication.modifierExtension","","extensions
user contentmodifiers","",0,*,"","Y","Y","Extension {[]} {[]}
","認識されていなくても無視できない拡張機能 / Extensions that cannot be ignored even if unrecognized","要素の基本的な定義の一部ではなく、それが含まれている要素の理解、および/または含まれる要素の子孫の理解を変更するために使用される場合があります。通常、修飾子要素は否定または資格を提供します。拡張機能を安全で管理しやすくするために、拡張機能の定義と使用に適用される厳格なガバナンスセットがあります。実装者は拡張機能を定義できますが、拡張機能の定義の一部として満たされる一連の要件があります。アプリケーションの処理リソースは、修飾子拡張機能をチェックする必要があります。

モディファイア拡張は、リソースまたはdomainResource上の要素の意味を変更してはなりません（修飾軸自体の意味を変更することはできません）。 / May be used to represent additional information that is not part of the basic definition of the element and that modifies the understanding of the element in which it is contained and/or the understanding of the containing element's descendants. Usually modifier elements provide negation or qualification. To make the use of extensions safe and manageable, there is a strict set of governance applied to the definition and use of extensions. Though any implementer can define an extension, there is a set of requirements that SHALL be met as part of the definition of the extension. Applications processing a resource are required to check for modifier extensions.

Modifier extensions SHALL NOT change the meaning of any elements on Resource or DomainResource (including cannot change the meaning of modifierExtension itself).","拡張機能を使用または定義する機関や管轄権に関係なく、アプリケーション、プロジェクト、または標準による拡張機能の使用に関連するスティグマはありません。拡張機能の使用は、FHIR仕様がすべての人にコアレベルのシンプルさを保持できるようにするものです。 / There can be no stigma associated with the use of extensions by any application, project, or standard - regardless of the institution or jurisdiction that uses or defines the extensions.  The use of extensions is what allows the FHIR specification to retain a core level of simplicity for everyone.","修飾子拡張機能により、安全に無視できる大部分の拡張機能と明確に区別できるように、安全に無視できない拡張機能が可能になります。これにより、実装者が拡張の存在を禁止する必要性を排除することにより、相互運用性が促進されます。詳細については、[修飾子拡張の定義]（拡張性.html＃modifierextension）を参照してください。 / Modifier extensions allow for extensions that *cannot* be safely ignored to be clearly distinguished from the vast majority of extensions which can be safely ignored.  This promotes interoperability by eliminating the need for implementers to prohibit the presence of extensions. For further information, see the [definition of modifier extensions](http://hl7.org/fhir/R4/extensibility.html#modifierExtension).","","","","","","","",,,,,"",,,,"BackboneElement.modifierExtension",0,*,"","ele-1:すべてのFHIR要素には、@valueまたは子供が必要です / All FHIR elements must have a @value or children {hasValue() or (children().count() > id.count())}
ext-1:両方ではなく、拡張または値[x]が必要です / Must have either extensions or value[x], not both {extension.exists() != value.exists()}","N/A"
"RelatedPerson.communication.language","RelatedPerson.communication.language","","","",1,1,"","","","CodeableConcept {[]} {[]}
","患者と自分の健康についてコミュニケーションをとるために使用できる言語 / The language which can be used to communicate with the patient about his or her health","ISO-639-1アルファ2コードは言語の小文字で、オプションでハイフンとISO-3166-1アルファ2コードが上品な領域のコードを続けます。例えば英語の「en」、またはイングランド英語のアメリカ英語と「en-en」の「en-us」。 / The ISO-639-1 alpha 2 code in lower case for the language, optionally followed by a hyphen and the ISO-3166-1 alpha 2 code for the region in upper case; e.g. ""en"" for English, or ""en-US"" for American English versus ""en-EN"" for England English.","この正確なケーシングを備えた構造AA-BBは、ロケールで最も広く使用されている表記法の1つです。ただし、すべてのシステムが実際にこれをコーディングするわけではありませんが、代わりに無料のテキストとして持っています。したがって、データ型としてコードの代わりにCodeableconcept。 / The structure aa-BB with this exact casing is one the most widely used notations for locale. However not all systems actually code this but instead have it as free text. Hence CodeableConcept instead of code as the data type.","多言語国のほとんどのシステムは、言語を伝えたいと思うでしょう。すべてのシステムが実際に地域の方言を必要とするわけではありません。 / Most systems in multilingual countries will want to convey language. Not all systems actually need the regional dialect.","","","","","","","",,"preferred","人間の言語。 / A human language.","http://hl7.org/fhir/ValueSet/languages","",,,,"RelatedPerson.communication.language",1,1,"","ele-1:すべてのFHIR要素には、@valueまたは子供が必要です / All FHIR elements must have a @value or children {hasValue() or (children().count() > id.count())}
","player[classCode=PSN|ANM and determinerCode=INSTANCE]/languageCommunication/code"
"RelatedPerson.communication.preferred","RelatedPerson.communication.preferred","","","",0,1,"","","","boolean {[]} {[]}
","言語選好インジケーター / Language preference indicator","患者がこの言語を好むかどうかを示します（他の言語よりも、彼は一定のレベルをマスターします）。 / Indicates whether or not the patient prefers this language (over other languages he masters up a certain level).","この言語は、ヘルスケア情報の伝達のために特別に特定されています。 / This language is specifically identified for communicating healthcare information.","一定レベルまで複数の言語を習得する人は、1つ以上を好むかもしれません。つまり、他の言語をフォールバックの方法にする特定の言語で通信することに自信を持っていると感じます。 / People that master multiple languages up to certain level may prefer one or more, i.e. feel more confident in communicating in a particular language making other languages sort of a fall back method.","","","","","","","",,,,,"",,,,"RelatedPerson.communication.preferred",0,1,"","ele-1:すべてのFHIR要素には、@valueまたは子供が必要です / All FHIR elements must have a @value or children {hasValue() or (children().count() > id.count())}
","preferenceInd"
