"Id","Path","Slice Name","Alias(s)","Label","Min","Max","Must Support?","Is Modifier?","Is Summary?","Type(s)","Short","Definition","Comments","Requirements","Default Value","Meaning When Missing","Fixed Value","Pattern","Example","Minimum Value","Maximum Value","Maximum Length","Binding Strength","Binding Description","Binding Value Set","Code","Slicing Discriminator","Slicing Description","Slicing Ordered","Slicing Rules","Base Path","Base Min","Base Max","Condition(s)","Constraint(s)","Mapping: HL7 v2 Mapping","Mapping: RIM Mapping","Mapping: ServD"
"HumanName","HumanName","","","",0,*,"","","","null {[]} {[]}
","人の名前情報、その一部分と使い方","識別のための人の名前情報","名前が変更されたり、違っていると指摘されたり、コンテキストによって使われる名前が異なる場合がある。名前は、コンテキストに応じて重要性が異なるさまざまなタイプの部分に分割される場合があり、部分への分割は必ずしも重要ではない。個人名の場合、さまざまな部分に暗黙の意味が含まれている場合と含まれていない場合がある。さまざまな文化が名前の部分にさまざまな重要性を関連付けており、システムが世界中の名前の部分を気にする必要がある程度は大きく異なる。","","","","","","","","",,,,,"",,,,"HumanName",0,*,"ele-1
","ele-1:すべてのFHIR要素には、@valueまたは子供が必要です / All FHIR elements must have a @value or children {hasValue() or (children().count() > id.count())}
","XPN","n/a","EN (actually, PN)","ProviderName"
"HumanName.id","HumanName.id","","","",0,1,"","","","string {[]} {[]}
","要素間参照のための一意のID / Unique id for inter-element referencing","リソース内の要素の一意のID（内部参照用）。これは、スペースを含まない文字列値である場合があります。 / Unique id for the element within a resource (for internal references). This may be any string value that does not contain spaces.","","","","","","","","","",,,,,"",,,,"Element.id",0,1,"","","n/a"
"HumanName.extension","HumanName.extension","","extensions
user content","",0,*,"","","","Extension {[]} {[]}
","実装で定義された追加のコンテンツ / Additional content defined by implementations","要素の基本的な定義の一部ではない追加情報を表すために使用できます。拡張機能を安全で管理しやすくするために、拡張機能の定義と使用に適用される厳格なガバナンスセットがあります。実装者は拡張機能を定義できますが、拡張機能の定義の一部として満たされる一連の要件があります。 / May be used to represent additional information that is not part of the basic definition of the element. To make the use of extensions safe and manageable, there is a strict set of governance  applied to the definition and use of extensions. Though any implementer can define an extension, there is a set of requirements that SHALL be met as part of the definition of the extension.","拡張機能を使用または定義する機関や管轄権に関係なく、アプリケーション、プロジェクト、または標準による拡張機能の使用に関連するスティグマはありません。拡張機能の使用は、FHIR仕様がすべての人にコアレベルのシンプルさを保持できるようにするものです。 / There can be no stigma associated with the use of extensions by any application, project, or standard - regardless of the institution or jurisdiction that uses or defines the extensions.  The use of extensions is what allows the FHIR specification to retain a core level of simplicity for everyone.","","","","","","","","",,,,,"","value:url}
","Extensions are always sliced by (at least) url",,"open","Element.extension",0,*,"","ele-1:すべてのFHIR要素には、@valueまたは子供が必要です / All FHIR elements must have a @value or children {hasValue() or (children().count() > id.count())}
ext-1:両方ではなく、拡張または値[x]が必要です / Must have either extensions or value[x], not both {extension.exists() != value.exists()}","n/a"
"HumanName.extension:nameRepresentationUse","HumanName.extension","nameRepresentationUse","","",0,1,"","","","Extension {[CanonicalType[http://hl7.org/fhir/StructureDefinition/iso21090-EN-representation]]} {[]}
","ABC | IDE | SYL","名前の表現方法","名前の文字起こし-表現方法（日本の名前など）。","","","","","","","","",,,,,"",,,,"Element.extension",0,*,"","ele-1:すべてのFHIR要素には、@valueまたは子供が必要です / All FHIR elements must have a @value or children {hasValue() or (children().count() > id.count())}
ext-1:両方ではなく、拡張または値[x]が必要です / Must have either extensions or value[x], not both {extension.exists() != value.exists()}","ENXP.use"
"HumanName.use","HumanName.use","","","",0,1,"","Y","Y","code {[]} {[]}
","通常|公式|温度|ニックネーム|匿名|古い|乙女 / usual | official | temp | nickname | anonymous | old | maiden","この名前の目的を特定します。 / Identifies the purpose for this name.","アプリケーションは、一時的または古いものであると明示的に言わない限り、名前が最新であると想定できます。 / Applications can assume that a name is current unless it explicitly says that it is temporary or old.","特定の使用のコンテキストに適切な名前を許可します。名前のセットの中から選択できます。 / Allows the appropriate name for a particular context of use to be selected from among a set of names.","","","","","","","",,"required","人間名の使用。 / The use of a human name.","http://hl7.org/fhir/ValueSet/name-use|4.0.1","",,,,"HumanName.use",0,1,"","ele-1:すべてのFHIR要素には、@valueまたは子供が必要です / All FHIR elements must have a @value or children {hasValue() or (children().count() > id.count())}
","XPN.7, but often indicated by which field contains the name","unique(./use)","./NamePurpose"
"HumanName.text","HumanName.text","","","",0,1,"","","Y","string {[]} {[]}
","フルネームのテキスト表現 / Text representation of the full name","表示する必要があるため、名前全体を指定します。アプリケーションUIで。これは、特定の部分の代わりに、または特定の部分と同様に提供される場合があります。 / Specifies the entire name as it should be displayed e.g. on an application UI. This may be provided instead of or as well as the specific parts.","テキスト表現とパーツの両方を提供できます。名前を更新するアプリケーションは、テキストとパーツの両方が存在する場合、一部に見つからないテキストにコンテンツが含まれていないことを保証するものとします。 / Can provide both a text representation and parts. Applications updating a name SHALL ensure that when both text and parts are present,  no content is included in the text that isn't found in a part.","レンダリング可能で、不コード化されていないフォーム。 / A renderable, unencoded form.","","","","","","","",,,,,"",,,,"HumanName.text",0,1,"","ele-1:すべてのFHIR要素には、@valueまたは子供が必要です / All FHIR elements must have a @value or children {hasValue() or (children().count() > id.count())}
","implied by XPN.11","./formatted"
"HumanName.family","HumanName.family","","surname
","",0,1,"","","Y","string {[]} {[]}
","姓（「姓」と呼ばれることが多い） / Family name (often called 'Surname')","系図にリンクする名前の部分。一部の文化（例：エリトリア）では、息子の姓は父親の名です。 / The part of a name that links to the genealogy. In some cultures (e.g. Eritrea) the family name of a son is the first name of his father.","姓は、拡張機能（DE、NL、ES関連の培養）を使用して特定の部品に分解できます。 / Family Name may be decomposed into specific parts using extensions (de, nl, es related cultures).","","","","","","","","",,,,,"",,,,"HumanName.family",0,1,"","ele-1:すべてのFHIR要素には、@valueまたは子供が必要です / All FHIR elements must have a @value or children {hasValue() or (children().count() > id.count())}
","XPN.1/FN.1","./part[partType = FAM]","./FamilyName"
"HumanName.given","HumanName.given","","first name
middle name","",0,*,"","","Y","string {[]} {[]}
","指定された名前（常に「最初」ではありません）。ミドルネームが含まれています / Given names (not always 'first'). Includes middle names","名。 / Given name.","イニシャルのみが記録されている場合、フルネームパーツの代わりに使用できます。イニシャルは複数の指定された名前に分離される場合がありますが、多くの場合、特定の制限によるものではありません。指定された名前が常に最初に来るとは限らないため、この要素は「名」とは呼ばれません。 / If only initials are recorded, they may be used in place of the full name parts. Initials may be separated into multiple given names but often aren't due to paractical limitations.  This element is not called ""first name"" since given names do not always come first.","","","","","","","","",,,,,"",,,,"HumanName.given",0,*,"","ele-1:すべてのFHIR要素には、@valueまたは子供が必要です / All FHIR elements must have a @value or children {hasValue() or (children().count() > id.count())}
","XPN.2 + XPN.3","./part[partType = GIV]","./GivenNames"
"HumanName.prefix","HumanName.prefix","","","",0,*,"","","Y","string {[]} {[]}
","名前の前に来るパーツ / Parts that come before the name","アカデミック、リーガル、雇用、または貴族のステータスなどのためにタイトルとして取得され、名前の冒頭に表示される名前の一部。 / Part of the name that is acquired as a title due to academic, legal, employment or nobility status, etc. and that appears at the start of the name.","","","","","","","","","",,,,,"",,,,"HumanName.prefix",0,*,"","ele-1:すべてのFHIR要素には、@valueまたは子供が必要です / All FHIR elements must have a @value or children {hasValue() or (children().count() > id.count())}
","XPN.5","./part[partType = PFX]","./TitleCode"
"HumanName.suffix","HumanName.suffix","","","",0,*,"","","Y","string {[]} {[]}
","名前の後に来るパーツ / Parts that come after the name","アカデミック、リーガル、雇用、または貴族のステータスなどのためにタイトルとして取得され、名前の最後に表示される名前の一部。 / Part of the name that is acquired as a title due to academic, legal, employment or nobility status, etc. and that appears at the end of the name.","","","","","","","","","",,,,,"",,,,"HumanName.suffix",0,*,"","ele-1:すべてのFHIR要素には、@valueまたは子供が必要です / All FHIR elements must have a @value or children {hasValue() or (children().count() > id.count())}
","XPN/4","./part[partType = SFX]"
"HumanName.period","HumanName.period","","","",0,1,"","","Y","Period {[]} {[]}
","名前が使用されていた期間 / Time period when name was/is in use","この名前が指定者に対して有効である期間を示します。 / Indicates the period of time when this name was valid for the named person.","","名前を歴史的な文脈に配置できます。 / Allows names to be placed in historical context.","","","","","","","",,,,,"",,,,"HumanName.period",0,1,"","ele-1:すべてのFHIR要素には、@valueまたは子供が必要です / All FHIR elements must have a @value or children {hasValue() or (children().count() > id.count())}
","XPN.13 + XPN.14","./usablePeriod[type=""IVL<TS>""]","./StartDate and ./EndDate"
