"Id","Path","Slice Name","Alias(s)","Label","Min","Max","Must Support?","Is Modifier?","Is Summary?","Type(s)","Short","Definition","Comments","Requirements","Default Value","Meaning When Missing","Fixed Value","Pattern","Example","Minimum Value","Maximum Value","Maximum Length","Binding Strength","Binding Description","Binding Value Set","Code","Slicing Discriminator","Slicing Description","Slicing Ordered","Slicing Rules","Base Path","Base Min","Base Max","Condition(s)","Constraint(s)","Mapping: RIM Mapping"
"Extension","Extension","","","",0,*,"","","","null {[]} {[]}
","病名転帰","病名の転帰を格納するための拡張。
病名の転帰をCodeableConcept型で記述する。","","","","","","","","","",,,,,"",,,,"Extension",0,*,"ele-1
","ele-1:すべてのFHIR要素には、@valueまたは子供が必要です / All FHIR elements must have a @value or children {hasValue() or (children().count() > id.count())}
ext-1:両方ではなく、拡張または値[x]が必要です / Must have either extensions or value[x], not both {extension.exists() != value.exists()}"
"Extension.id","Extension.id","","","",0,1,"","","","string {[]} {[]}
","要素間参照のための一意のID / Unique id for inter-element referencing","リソース内の要素の一意のID（内部参照用）。これは、スペースを含まない文字列値である場合があります。 / Unique id for the element within a resource (for internal references). This may be any string value that does not contain spaces.","","","","","","","","","",,,,,"",,,,"Element.id",0,1,"","","n/a"
"Extension.extension","Extension.extension","","","",0,0,"","","","Extension {[]} {[]}
","Extension","An Extension","","","","","","","","","",,,,,"","value:url}
","Extensions are always sliced by (at least) url",,"open","Element.extension",0,*,"","ele-1:すべてのFHIR要素には、@valueまたは子供が必要です / All FHIR elements must have a @value or children {hasValue() or (children().count() > id.count())}
ext-1:両方ではなく、拡張または値[x]が必要です / Must have either extensions or value[x], not both {extension.exists() != value.exists()}"
"Extension.url","Extension.url","","","",1,1,"","","","uri {[]} {[]}
","拡張機能の意味を識別します / identifies the meaning of the extension","拡張コードの定義のソース - 論理名またはURL。 / Source of the definition for the extension code - a logical name or a URL.","定義は、拡張性コードの計算可能または人間が読み取る可能性のある定義を直接指している場合があります。または、他の仕様で宣言されているように、論理的なURIである場合があります。定義は、拡張機能を定義する構造定義のURIでなければなりません。 / The definition may point directly to a computable or human-readable definition of the extensibility codes, or it may be a logical URI as declared in some other specification. The definition SHALL be a URI for the Structure Definition defining the extension.","","","","<valueUri xmlns=""http://hl7.org/fhir"" value=""http://jpfhir.jp/fhir/core/Extension/StructureDefinition/JP_Condition_DiseaseOutcome""/>","","","","",,,,,"",,,,"Extension.url",1,1,"","","N/A"
"Extension.value[x]","Extension.value[x]","","","",0,1,"","","","CodeableConcept {[]} {[]}
","病名転帰","拡張値の値 - データ型の制約付きセットの1つでなければなりません（リストの[拡張性]（拡張性]（拡張性。html）を参照）。 / Value of extension - must be one of a constrained set of the data types (see [Extensibility](http://hl7.org/fhir/R4/extensibility.html) for a list).","","","","","","","","","",,,,,"",,,,"Extension.value[x]",0,1,"","ele-1:すべてのFHIR要素には、@valueまたは子供が必要です / All FHIR elements must have a @value or children {hasValue() or (children().count() > id.count())}
","N/A"
"Extension.value[x].id","Extension.value[x].id","","","",0,1,"","","","string {[]} {[]}
","要素間参照のための一意のID / Unique id for inter-element referencing","リソース内の要素の一意のID（内部参照用）。これは、スペースを含まない文字列値である場合があります。 / Unique id for the element within a resource (for internal references). This may be any string value that does not contain spaces.","","","","","","","","","",,,,,"",,,,"Element.id",0,1,"","","n/a"
"Extension.value[x].extension","Extension.value[x].extension","","extensions
user content","",0,*,"","","","Extension {[]} {[]}
","実装で定義された追加のコンテンツ / Additional content defined by implementations","要素の基本的な定義の一部ではない追加情報を表すために使用できます。拡張機能を安全で管理しやすくするために、拡張機能の定義と使用に適用される厳格なガバナンスセットがあります。実装者は拡張機能を定義できますが、拡張機能の定義の一部として満たされる一連の要件があります。 / May be used to represent additional information that is not part of the basic definition of the element. To make the use of extensions safe and manageable, there is a strict set of governance  applied to the definition and use of extensions. Though any implementer can define an extension, there is a set of requirements that SHALL be met as part of the definition of the extension.","拡張機能を使用または定義する機関や管轄権に関係なく、アプリケーション、プロジェクト、または標準による拡張機能の使用に関連するスティグマはありません。拡張機能の使用は、FHIR仕様がすべての人にコアレベルのシンプルさを保持できるようにするものです。 / There can be no stigma associated with the use of extensions by any application, project, or standard - regardless of the institution or jurisdiction that uses or defines the extensions.  The use of extensions is what allows the FHIR specification to retain a core level of simplicity for everyone.","","","","","","","","",,,,,"","value:url}
","Extensions are always sliced by (at least) url",,"open","Element.extension",0,*,"","ele-1:すべてのFHIR要素には、@valueまたは子供が必要です / All FHIR elements must have a @value or children {hasValue() or (children().count() > id.count())}
ext-1:両方ではなく、拡張または値[x]が必要です / Must have either extensions or value[x], not both {extension.exists() != value.exists()}","n/a"
"Extension.value[x].coding","Extension.value[x].coding","","","",0,*,"","","Y","Coding {[]} {[]}
","用語システムによって定義されたコード / Code defined by a terminology system","用語システムによって定義されたコードへの参照。 / A reference to a code defined by a terminology system.","コードは、列挙されたCTなどの非常に正式な定義まで、列挙またはコードリストで非常にさりげなく定義される場合があります。詳細については、HL7 V3コアプリンシップを参照してください。コーディングの順序付けは未定義であり、意味を推測するために使用されません。一般に、せいぜい、コーディング値の1つのみがuserselected = trueとしてラベル付けされます。 / Codes may be defined very casually in enumerations, or code lists, up to very formal definitions such as SNOMED CT - see the HL7 v3 Core Principles for more information.  Ordering of codings is undefined and SHALL NOT be used to infer meaning. Generally, at most only one of the coding values will be labeled as UserSelected = true.","コードシステム内の代替エンコーディング、および他のコードシステムへの翻訳が可能になります。 / Allows for alternative encodings within a code system, and translations to other code systems.","","","","","","","",,,,,"","value:system}
","",,"open","CodeableConcept.coding",0,*,"","ele-1:すべてのFHIR要素には、@valueまたは子供が必要です / All FHIR elements must have a @value or children {hasValue() or (children().count() > id.count())}
","union(., ./translation)"
"Extension.value[x].coding:hl70241","Extension.value[x].coding","hl70241","","",0,1,"","","Y","Coding {[]} {[]}
","HL7表0241。【詳細参照】","HL7表0241で定義されているコード。","JP_ConditionDiseaseOutcomeHL70241_VSの中から適切なコードを指定する。","コードシステム内の代替エンコーディング、および他のコードシステムへの翻訳が可能になります。 / Allows for alternative encodings within a code system, and translations to other code systems.","","","","","","","",,"required","","http://jpfhir.jp/fhir/core/ValueSet/JP_ConditionDiseaseOutcomeHL70241_VS","",,,,"CodeableConcept.coding",0,*,"","ele-1:すべてのFHIR要素には、@valueまたは子供が必要です / All FHIR elements must have a @value or children {hasValue() or (children().count() > id.count())}
","union(., ./translation)"
"Extension.value[x].coding:hl70241.id","Extension.value[x].coding.id","","","",0,1,"","","","string {[]} {[]}
","要素間参照のための一意のID / Unique id for inter-element referencing","リソース内の要素の一意のID（内部参照用）。これは、スペースを含まない文字列値である場合があります。 / Unique id for the element within a resource (for internal references). This may be any string value that does not contain spaces.","","","","","","","","","",,,,,"",,,,"Element.id",0,1,"","","n/a"
"Extension.value[x].coding:hl70241.extension","Extension.value[x].coding.extension","","extensions
user content","",0,*,"","","","Extension {[]} {[]}
","実装で定義された追加のコンテンツ / Additional content defined by implementations","要素の基本的な定義の一部ではない追加情報を表すために使用できます。拡張機能を安全で管理しやすくするために、拡張機能の定義と使用に適用される厳格なガバナンスセットがあります。実装者は拡張機能を定義できますが、拡張機能の定義の一部として満たされる一連の要件があります。 / May be used to represent additional information that is not part of the basic definition of the element. To make the use of extensions safe and manageable, there is a strict set of governance  applied to the definition and use of extensions. Though any implementer can define an extension, there is a set of requirements that SHALL be met as part of the definition of the extension.","拡張機能を使用または定義する機関や管轄権に関係なく、アプリケーション、プロジェクト、または標準による拡張機能の使用に関連するスティグマはありません。拡張機能の使用は、FHIR仕様がすべての人にコアレベルのシンプルさを保持できるようにするものです。 / There can be no stigma associated with the use of extensions by any application, project, or standard - regardless of the institution or jurisdiction that uses or defines the extensions.  The use of extensions is what allows the FHIR specification to retain a core level of simplicity for everyone.","","","","","","","","",,,,,"","value:url}
","Extensions are always sliced by (at least) url",,"open","Element.extension",0,*,"","ele-1:すべてのFHIR要素には、@valueまたは子供が必要です / All FHIR elements must have a @value or children {hasValue() or (children().count() > id.count())}
ext-1:両方ではなく、拡張または値[x]が必要です / Must have either extensions or value[x], not both {extension.exists() != value.exists()}","n/a"
"Extension.value[x].coding:hl70241.system","Extension.value[x].coding.system","","","",1,1,"","","Y","uri {[]} {[]}
","用語システムのアイデンティティ / Identity of the terminology system","コード内のシンボルの意味を定義するコードシステムの識別。 / The identification of the code system that defines the meaning of the symbol in the code.","uriは、oid（urn：oid：...）またはuuid（urn：uuid：...）である場合があります。OIDとUUIDは、HL7 OIDレジストリへの参照となります。それ以外の場合、URIは、FHIRの特別なURIを定義したHL7のリストから来るか、システムを明確かつ明確に確立する定義を参照する必要があります。 / The URI may be an OID (urn:oid:...) or a UUID (urn:uuid:...).  OIDs and UUIDs SHALL be references to the HL7 OID registry. Otherwise, the URI should come from HL7's list of FHIR defined special URIs or it should reference to some definition that establishes the system clearly and unambiguously.","シンボルの定義のソースについて明確である必要があります。 / Need to be unambiguous about the source of the definition of the symbol.","","","<valueUri xmlns=""http://hl7.org/fhir"" value=""http://jpfhir.jp/fhir/core/CodeSystem/HL70241""/>","","","","",,,,,"",,,,"Coding.system",0,1,"","ele-1:すべてのFHIR要素には、@valueまたは子供が必要です / All FHIR elements must have a @value or children {hasValue() or (children().count() > id.count())}
","./codeSystem"
"Extension.value[x].coding:hl70241.version","Extension.value[x].coding.version","","","",0,1,"","","Y","string {[]} {[]}
","システムのバージョン - 関連する場合 / Version of the system - if relevant","このコードを選択するときに使用されたコードシステムのバージョン。コードの意味がバージョン全体で一貫しているため、適切にメンテナンスしたコードシステムでは報告されたバージョンを必要としないことに注意してください。ただし、これは一貫して保証することはできず、意味が一貫していることが保証されていない場合、バージョンを交換する必要があります。 / The version of the code system which was used when choosing this code. Note that a well-maintained code system does not need the version reported, because the meaning of codes is consistent across versions. However this cannot consistently be assured, and when the meaning is not guaranteed to be consistent, the version SHOULD be exchanged.","用語がコードシステムバージョンを識別するために使用する文字列を明確に定義していない場合、推奨は、そのバージョンがバージョンの日付として公式に公開された日付（FHIR日付形式で表現）を使用することです。 / Where the terminology does not clearly define what string should be used to identify code system versions, the recommendation is to use the date (expressed in FHIR date format) on which that version was officially published as the version date.","","","","","","","","",,,,,"",,,,"Coding.version",0,1,"","ele-1:すべてのFHIR要素には、@valueまたは子供が必要です / All FHIR elements must have a @value or children {hasValue() or (children().count() > id.count())}
","./codeSystemVersion"
"Extension.value[x].coding:hl70241.code","Extension.value[x].coding.code","","","",1,1,"","","Y","code {[]} {[]}
","システムによって定義された構文のシンボル / Symbol in syntax defined by the system","システムによって定義された構文のシンボル。シンボルは、定義されたコードまたはコーディングシステムによって定義された構文の式（例：調整後）である場合があります。 / A symbol in syntax defined by the system. The symbol may be a predefined code or an expression in a syntax defined by the coding system (e.g. post-coordination).","","システム内の特定のコードを参照する必要があります。 / Need to refer to a particular code in the system.","","","","","","","",,,,,"",,,,"Coding.code",0,1,"","ele-1:すべてのFHIR要素には、@valueまたは子供が必要です / All FHIR elements must have a @value or children {hasValue() or (children().count() > id.count())}
","./code"
"Extension.value[x].coding:hl70241.display","Extension.value[x].coding.display","","","",0,1,"","","Y","string {[]} {[]}
","システムによって定義された表現 / Representation defined by the system","システムのルールに従って、システム内のコードの意味の表現。 / A representation of the meaning of the code in the system, following the rules of the system.","","システムを知らない読者のために、コードの人間の読み取り可能な意味を持ち込むことができる必要があります。 / Need to be able to carry a human-readable meaning of the code for readers that do not know  the system.","","","","","","","",,,,,"",,,,"Coding.display",0,1,"","ele-1:すべてのFHIR要素には、@valueまたは子供が必要です / All FHIR elements must have a @value or children {hasValue() or (children().count() > id.count())}
","CV.displayName"
"Extension.value[x].coding:hl70241.userSelected","Extension.value[x].coding.userSelected","","","",0,1,"","","Y","boolean {[]} {[]}
","このコーディングがユーザーによって直接選択された場合 / If this coding was chosen directly by the user","このコーディングがユーザーによって直接選択されたことを示します。利用可能なアイテムのピックリスト（コードまたはディスプレイ）。 / Indicates that this coding was chosen by a user directly - e.g. off a pick list of available items (codes or displays).","一連の代替案の中で、直接選択されたコードが新しい翻訳の最も適切な出発点です。この要素の使用とその結果をより完全に明確にするためには、「直接選択された」ことについては曖昧さがあり、取引パートナー契約が必要になる場合があります。 / Amongst a set of alternatives, a directly chosen code is the most appropriate starting point for new translations. There is some ambiguity about what exactly 'directly chosen' implies, and trading partner agreement may be needed to clarify the use of this element and its consequences more completely.","これは、臨床安全基準として特定されています - この正確なシステム/コードペアは、いくつかのルールまたは言語処理に基づいてシステムによって推測されるのではなく、明示的に選択されたことです。 / This has been identified as a clinical safety criterium - that this exact system/code pair was chosen explicitly, rather than inferred by the system based on some rules or language processing.","","","","","","","",,,,,"",,,,"Coding.userSelected",0,1,"","ele-1:すべてのFHIR要素には、@valueまたは子供が必要です / All FHIR elements must have a @value or children {hasValue() or (children().count() > id.count())}
","CD.codingRationale"
"Extension.value[x].coding:jhsd0006","Extension.value[x].coding","jhsd0006","","",0,1,"","","Y","Coding {[]} {[]}
","JHSD表0006。【詳細参照】","JHSD表0006で定義されているコード。","JP_ConditionDiseaseOutcomeJHSD0006_VSの中から適切なコードを指定する。","コードシステム内の代替エンコーディング、および他のコードシステムへの翻訳が可能になります。 / Allows for alternative encodings within a code system, and translations to other code systems.","","","","","","","",,"required","","http://jpfhir.jp/fhir/core/ValueSet/JP_ConditionDiseaseOutcomeJHSD0006_VS","",,,,"CodeableConcept.coding",0,*,"","ele-1:すべてのFHIR要素には、@valueまたは子供が必要です / All FHIR elements must have a @value or children {hasValue() or (children().count() > id.count())}
","union(., ./translation)"
"Extension.value[x].coding:jhsd0006.id","Extension.value[x].coding.id","","","",0,1,"","","","string {[]} {[]}
","要素間参照のための一意のID / Unique id for inter-element referencing","リソース内の要素の一意のID（内部参照用）。これは、スペースを含まない文字列値である場合があります。 / Unique id for the element within a resource (for internal references). This may be any string value that does not contain spaces.","","","","","","","","","",,,,,"",,,,"Element.id",0,1,"","","n/a"
"Extension.value[x].coding:jhsd0006.extension","Extension.value[x].coding.extension","","extensions
user content","",0,*,"","","","Extension {[]} {[]}
","実装で定義された追加のコンテンツ / Additional content defined by implementations","要素の基本的な定義の一部ではない追加情報を表すために使用できます。拡張機能を安全で管理しやすくするために、拡張機能の定義と使用に適用される厳格なガバナンスセットがあります。実装者は拡張機能を定義できますが、拡張機能の定義の一部として満たされる一連の要件があります。 / May be used to represent additional information that is not part of the basic definition of the element. To make the use of extensions safe and manageable, there is a strict set of governance  applied to the definition and use of extensions. Though any implementer can define an extension, there is a set of requirements that SHALL be met as part of the definition of the extension.","拡張機能を使用または定義する機関や管轄権に関係なく、アプリケーション、プロジェクト、または標準による拡張機能の使用に関連するスティグマはありません。拡張機能の使用は、FHIR仕様がすべての人にコアレベルのシンプルさを保持できるようにするものです。 / There can be no stigma associated with the use of extensions by any application, project, or standard - regardless of the institution or jurisdiction that uses or defines the extensions.  The use of extensions is what allows the FHIR specification to retain a core level of simplicity for everyone.","","","","","","","","",,,,,"","value:url}
","Extensions are always sliced by (at least) url",,"open","Element.extension",0,*,"","ele-1:すべてのFHIR要素には、@valueまたは子供が必要です / All FHIR elements must have a @value or children {hasValue() or (children().count() > id.count())}
ext-1:両方ではなく、拡張または値[x]が必要です / Must have either extensions or value[x], not both {extension.exists() != value.exists()}","n/a"
"Extension.value[x].coding:jhsd0006.system","Extension.value[x].coding.system","","","",1,1,"","","Y","uri {[]} {[]}
","用語システムのアイデンティティ / Identity of the terminology system","コード内のシンボルの意味を定義するコードシステムの識別。 / The identification of the code system that defines the meaning of the symbol in the code.","uriは、oid（urn：oid：...）またはuuid（urn：uuid：...）である場合があります。OIDとUUIDは、HL7 OIDレジストリへの参照となります。それ以外の場合、URIは、FHIRの特別なURIを定義したHL7のリストから来るか、システムを明確かつ明確に確立する定義を参照する必要があります。 / The URI may be an OID (urn:oid:...) or a UUID (urn:uuid:...).  OIDs and UUIDs SHALL be references to the HL7 OID registry. Otherwise, the URI should come from HL7's list of FHIR defined special URIs or it should reference to some definition that establishes the system clearly and unambiguously.","シンボルの定義のソースについて明確である必要があります。 / Need to be unambiguous about the source of the definition of the symbol.","","","<valueUri xmlns=""http://hl7.org/fhir"" value=""http://jpfhir.jp/fhir/core/CodeSystem/JHSD0006""/>","","","","",,,,,"",,,,"Coding.system",0,1,"","ele-1:すべてのFHIR要素には、@valueまたは子供が必要です / All FHIR elements must have a @value or children {hasValue() or (children().count() > id.count())}
","./codeSystem"
"Extension.value[x].coding:jhsd0006.version","Extension.value[x].coding.version","","","",0,1,"","","Y","string {[]} {[]}
","システムのバージョン - 関連する場合 / Version of the system - if relevant","このコードを選択するときに使用されたコードシステムのバージョン。コードの意味がバージョン全体で一貫しているため、適切にメンテナンスしたコードシステムでは報告されたバージョンを必要としないことに注意してください。ただし、これは一貫して保証することはできず、意味が一貫していることが保証されていない場合、バージョンを交換する必要があります。 / The version of the code system which was used when choosing this code. Note that a well-maintained code system does not need the version reported, because the meaning of codes is consistent across versions. However this cannot consistently be assured, and when the meaning is not guaranteed to be consistent, the version SHOULD be exchanged.","用語がコードシステムバージョンを識別するために使用する文字列を明確に定義していない場合、推奨は、そのバージョンがバージョンの日付として公式に公開された日付（FHIR日付形式で表現）を使用することです。 / Where the terminology does not clearly define what string should be used to identify code system versions, the recommendation is to use the date (expressed in FHIR date format) on which that version was officially published as the version date.","","","","","","","","",,,,,"",,,,"Coding.version",0,1,"","ele-1:すべてのFHIR要素には、@valueまたは子供が必要です / All FHIR elements must have a @value or children {hasValue() or (children().count() > id.count())}
","./codeSystemVersion"
"Extension.value[x].coding:jhsd0006.code","Extension.value[x].coding.code","","","",1,1,"","","Y","code {[]} {[]}
","システムによって定義された構文のシンボル / Symbol in syntax defined by the system","システムによって定義された構文のシンボル。シンボルは、定義されたコードまたはコーディングシステムによって定義された構文の式（例：調整後）である場合があります。 / A symbol in syntax defined by the system. The symbol may be a predefined code or an expression in a syntax defined by the coding system (e.g. post-coordination).","","システム内の特定のコードを参照する必要があります。 / Need to refer to a particular code in the system.","","","","","","","",,,,,"",,,,"Coding.code",0,1,"","ele-1:すべてのFHIR要素には、@valueまたは子供が必要です / All FHIR elements must have a @value or children {hasValue() or (children().count() > id.count())}
","./code"
"Extension.value[x].coding:jhsd0006.display","Extension.value[x].coding.display","","","",0,1,"","","Y","string {[]} {[]}
","システムによって定義された表現 / Representation defined by the system","システムのルールに従って、システム内のコードの意味の表現。 / A representation of the meaning of the code in the system, following the rules of the system.","","システムを知らない読者のために、コードの人間の読み取り可能な意味を持ち込むことができる必要があります。 / Need to be able to carry a human-readable meaning of the code for readers that do not know  the system.","","","","","","","",,,,,"",,,,"Coding.display",0,1,"","ele-1:すべてのFHIR要素には、@valueまたは子供が必要です / All FHIR elements must have a @value or children {hasValue() or (children().count() > id.count())}
","CV.displayName"
"Extension.value[x].coding:jhsd0006.userSelected","Extension.value[x].coding.userSelected","","","",0,1,"","","Y","boolean {[]} {[]}
","このコーディングがユーザーによって直接選択された場合 / If this coding was chosen directly by the user","このコーディングがユーザーによって直接選択されたことを示します。利用可能なアイテムのピックリスト（コードまたはディスプレイ）。 / Indicates that this coding was chosen by a user directly - e.g. off a pick list of available items (codes or displays).","一連の代替案の中で、直接選択されたコードが新しい翻訳の最も適切な出発点です。この要素の使用とその結果をより完全に明確にするためには、「直接選択された」ことについては曖昧さがあり、取引パートナー契約が必要になる場合があります。 / Amongst a set of alternatives, a directly chosen code is the most appropriate starting point for new translations. There is some ambiguity about what exactly 'directly chosen' implies, and trading partner agreement may be needed to clarify the use of this element and its consequences more completely.","これは、臨床安全基準として特定されています - この正確なシステム/コードペアは、いくつかのルールまたは言語処理に基づいてシステムによって推測されるのではなく、明示的に選択されたことです。 / This has been identified as a clinical safety criterium - that this exact system/code pair was chosen explicitly, rather than inferred by the system based on some rules or language processing.","","","","","","","",,,,,"",,,,"Coding.userSelected",0,1,"","ele-1:すべてのFHIR要素には、@valueまたは子供が必要です / All FHIR elements must have a @value or children {hasValue() or (children().count() > id.count())}
","CD.codingRationale"
"Extension.value[x].coding:receipt","Extension.value[x].coding","receipt","","",0,1,"","","Y","Coding {[]} {[]}
","レセプト電算システム転帰区分コード。【詳細参照】","レセプト電算システムで定義されている転帰区分コード。","JP_ConditionDiseaseOutcomeReceipt_VSの中から適切なコードを指定する。","コードシステム内の代替エンコーディング、および他のコードシステムへの翻訳が可能になります。 / Allows for alternative encodings within a code system, and translations to other code systems.","","","","","","","",,"required","","http://jpfhir.jp/fhir/core/ValueSet/JP_ConditionDiseaseOutcomeReceipt_VS","",,,,"CodeableConcept.coding",0,*,"","ele-1:すべてのFHIR要素には、@valueまたは子供が必要です / All FHIR elements must have a @value or children {hasValue() or (children().count() > id.count())}
","union(., ./translation)"
"Extension.value[x].coding:receipt.id","Extension.value[x].coding.id","","","",0,1,"","","","string {[]} {[]}
","要素間参照のための一意のID / Unique id for inter-element referencing","リソース内の要素の一意のID（内部参照用）。これは、スペースを含まない文字列値である場合があります。 / Unique id for the element within a resource (for internal references). This may be any string value that does not contain spaces.","","","","","","","","","",,,,,"",,,,"Element.id",0,1,"","","n/a"
"Extension.value[x].coding:receipt.extension","Extension.value[x].coding.extension","","extensions
user content","",0,*,"","","","Extension {[]} {[]}
","実装で定義された追加のコンテンツ / Additional content defined by implementations","要素の基本的な定義の一部ではない追加情報を表すために使用できます。拡張機能を安全で管理しやすくするために、拡張機能の定義と使用に適用される厳格なガバナンスセットがあります。実装者は拡張機能を定義できますが、拡張機能の定義の一部として満たされる一連の要件があります。 / May be used to represent additional information that is not part of the basic definition of the element. To make the use of extensions safe and manageable, there is a strict set of governance  applied to the definition and use of extensions. Though any implementer can define an extension, there is a set of requirements that SHALL be met as part of the definition of the extension.","拡張機能を使用または定義する機関や管轄権に関係なく、アプリケーション、プロジェクト、または標準による拡張機能の使用に関連するスティグマはありません。拡張機能の使用は、FHIR仕様がすべての人にコアレベルのシンプルさを保持できるようにするものです。 / There can be no stigma associated with the use of extensions by any application, project, or standard - regardless of the institution or jurisdiction that uses or defines the extensions.  The use of extensions is what allows the FHIR specification to retain a core level of simplicity for everyone.","","","","","","","","",,,,,"","value:url}
","Extensions are always sliced by (at least) url",,"open","Element.extension",0,*,"","ele-1:すべてのFHIR要素には、@valueまたは子供が必要です / All FHIR elements must have a @value or children {hasValue() or (children().count() > id.count())}
ext-1:両方ではなく、拡張または値[x]が必要です / Must have either extensions or value[x], not both {extension.exists() != value.exists()}","n/a"
"Extension.value[x].coding:receipt.system","Extension.value[x].coding.system","","","",1,1,"","","Y","uri {[]} {[]}
","用語システムのアイデンティティ / Identity of the terminology system","コード内のシンボルの意味を定義するコードシステムの識別。 / The identification of the code system that defines the meaning of the symbol in the code.","uriは、oid（urn：oid：...）またはuuid（urn：uuid：...）である場合があります。OIDとUUIDは、HL7 OIDレジストリへの参照となります。それ以外の場合、URIは、FHIRの特別なURIを定義したHL7のリストから来るか、システムを明確かつ明確に確立する定義を参照する必要があります。 / The URI may be an OID (urn:oid:...) or a UUID (urn:uuid:...).  OIDs and UUIDs SHALL be references to the HL7 OID registry. Otherwise, the URI should come from HL7's list of FHIR defined special URIs or it should reference to some definition that establishes the system clearly and unambiguously.","シンボルの定義のソースについて明確である必要があります。 / Need to be unambiguous about the source of the definition of the symbol.","","","<valueUri xmlns=""http://hl7.org/fhir"" value=""http://jpfhir.jp/fhir/core/CodeSystem/JP_ConditionDiseaseOutcomeReceipt_CS""/>","","","","",,,,,"",,,,"Coding.system",0,1,"","ele-1:すべてのFHIR要素には、@valueまたは子供が必要です / All FHIR elements must have a @value or children {hasValue() or (children().count() > id.count())}
","./codeSystem"
"Extension.value[x].coding:receipt.version","Extension.value[x].coding.version","","","",0,1,"","","Y","string {[]} {[]}
","システムのバージョン - 関連する場合 / Version of the system - if relevant","このコードを選択するときに使用されたコードシステムのバージョン。コードの意味がバージョン全体で一貫しているため、適切にメンテナンスしたコードシステムでは報告されたバージョンを必要としないことに注意してください。ただし、これは一貫して保証することはできず、意味が一貫していることが保証されていない場合、バージョンを交換する必要があります。 / The version of the code system which was used when choosing this code. Note that a well-maintained code system does not need the version reported, because the meaning of codes is consistent across versions. However this cannot consistently be assured, and when the meaning is not guaranteed to be consistent, the version SHOULD be exchanged.","用語がコードシステムバージョンを識別するために使用する文字列を明確に定義していない場合、推奨は、そのバージョンがバージョンの日付として公式に公開された日付（FHIR日付形式で表現）を使用することです。 / Where the terminology does not clearly define what string should be used to identify code system versions, the recommendation is to use the date (expressed in FHIR date format) on which that version was officially published as the version date.","","","","","","","","",,,,,"",,,,"Coding.version",0,1,"","ele-1:すべてのFHIR要素には、@valueまたは子供が必要です / All FHIR elements must have a @value or children {hasValue() or (children().count() > id.count())}
","./codeSystemVersion"
"Extension.value[x].coding:receipt.code","Extension.value[x].coding.code","","","",1,1,"","","Y","code {[]} {[]}
","システムによって定義された構文のシンボル / Symbol in syntax defined by the system","システムによって定義された構文のシンボル。シンボルは、定義されたコードまたはコーディングシステムによって定義された構文の式（例：調整後）である場合があります。 / A symbol in syntax defined by the system. The symbol may be a predefined code or an expression in a syntax defined by the coding system (e.g. post-coordination).","","システム内の特定のコードを参照する必要があります。 / Need to refer to a particular code in the system.","","","","","","","",,,,,"",,,,"Coding.code",0,1,"","ele-1:すべてのFHIR要素には、@valueまたは子供が必要です / All FHIR elements must have a @value or children {hasValue() or (children().count() > id.count())}
","./code"
"Extension.value[x].coding:receipt.display","Extension.value[x].coding.display","","","",0,1,"","","Y","string {[]} {[]}
","システムによって定義された表現 / Representation defined by the system","システムのルールに従って、システム内のコードの意味の表現。 / A representation of the meaning of the code in the system, following the rules of the system.","","システムを知らない読者のために、コードの人間の読み取り可能な意味を持ち込むことができる必要があります。 / Need to be able to carry a human-readable meaning of the code for readers that do not know  the system.","","","","","","","",,,,,"",,,,"Coding.display",0,1,"","ele-1:すべてのFHIR要素には、@valueまたは子供が必要です / All FHIR elements must have a @value or children {hasValue() or (children().count() > id.count())}
","CV.displayName"
"Extension.value[x].coding:receipt.userSelected","Extension.value[x].coding.userSelected","","","",0,1,"","","Y","boolean {[]} {[]}
","このコーディングがユーザーによって直接選択された場合 / If this coding was chosen directly by the user","このコーディングがユーザーによって直接選択されたことを示します。利用可能なアイテムのピックリスト（コードまたはディスプレイ）。 / Indicates that this coding was chosen by a user directly - e.g. off a pick list of available items (codes or displays).","一連の代替案の中で、直接選択されたコードが新しい翻訳の最も適切な出発点です。この要素の使用とその結果をより完全に明確にするためには、「直接選択された」ことについては曖昧さがあり、取引パートナー契約が必要になる場合があります。 / Amongst a set of alternatives, a directly chosen code is the most appropriate starting point for new translations. There is some ambiguity about what exactly 'directly chosen' implies, and trading partner agreement may be needed to clarify the use of this element and its consequences more completely.","これは、臨床安全基準として特定されています - この正確なシステム/コードペアは、いくつかのルールまたは言語処理に基づいてシステムによって推測されるのではなく、明示的に選択されたことです。 / This has been identified as a clinical safety criterium - that this exact system/code pair was chosen explicitly, rather than inferred by the system based on some rules or language processing.","","","","","","","",,,,,"",,,,"Coding.userSelected",0,1,"","ele-1:すべてのFHIR要素には、@valueまたは子供が必要です / All FHIR elements must have a @value or children {hasValue() or (children().count() > id.count())}
","CD.codingRationale"
"Extension.value[x].text","Extension.value[x].text","","","",0,1,"","","Y","string {[]} {[]}
","コンセプトの単純なテキスト表現 / Plain text representation of the concept","データを入力したユーザー、および/またはユーザーの意図された意味を表すユーザーによって見られる/選択/発言された概念の人間の言語表現。 / A human language representation of the concept as seen/selected/uttered by the user who entered the data and/or which represents the intended meaning of the user.","多くの場合、テキストはコーディングの1つの表示名と同じです。 / Very often the text is the same as a displayName of one of the codings.","用語からのコードは、それらを使用する人間のすべてのニュアンスを使用して、常に正しい意味をキャプチャするとは限りません。または、適切なコードがまったくない場合があります。これらの場合、テキストはソースの完全な意味をキャプチャするために使用されます。 / The codes from the terminologies do not always capture the correct meaning with all the nuances of the human using them, or sometimes there is no appropriate code at all. In these cases, the text is used to capture the full meaning of the source.","","","","","","","",,,,,"",,,,"CodeableConcept.text",0,1,"","ele-1:すべてのFHIR要素には、@valueまたは子供が必要です / All FHIR elements must have a @value or children {hasValue() or (children().count() > id.count())}
","./originalText[mediaType/code=""text/plain""]/data"
