{"resourceType":"ValueSet","id":"jp-medication-category-vs","text":{"status":"generated","div":"<div xmlns=\"http://www.w3.org/1999/xhtml\"><p>This value set includes codes based on the following rules:</p><ul><li>Include all codes defined in <a href=\"CodeSystem-jp-medication-category-merit9-cs.html\"><code>http://jpfhir.jp/fhir/Common/CodeSystem/JP_MedicationCategoryMERIT9_CS</code></a></li><li>Include all codes defined in <a href=\"CodeSystem-jp-medication-category-jhsp0007-cs.html\"><code>http://jpfhir.jp/fhir/Common/CodeSystem/JHSP0007</code></a></li><li>Include all codes defined in <a href=\"http://terminology.hl7.org/3.1.0/CodeSystem-v2-0482.html\"><code>http://terminology.hl7.org/CodeSystem/v2-0482</code></a></li></ul></div>"},"url":"http://jpfhir.jp/fhir/Common/ValueSet/JP_MedicationCategory_VS","version":"1.1.0a","name":"JP_MedicationCategory_VS","title":"JP Core Medication Oral/External Category ValueSet","status":"draft","date":"2022-09-03T01:31:03+00:00","publisher":"FHIR Japanese implementation research working group in Japan Association of Medical Informatics (JAMI)","contact":[{"name":"FHIR Japanese implementation research working group in Japan Association of Medical Informatics (JAMI)","telecom":[{"system":"url","value":"http://jpfhir.jp"},{"system":"email","value":"office@hlfhir.jp"}]}],"description":"内服・外用の処方区分コードの値セット","jurisdiction":[{"coding":[{"system":"urn:iso:std:iso:3166","code":"JP"}]}],"copyright":"FHIR Japanese implementation research working group in Japan Association of Medical Informatics (JAMI)","compose":{"include":[{"system":"http://jpfhir.jp/fhir/Common/CodeSystem/JP_MedicationCategoryMERIT9_CS"},{"system":"http://jpfhir.jp/fhir/Common/CodeSystem/JHSP0007"},{"system":"http://terminology.hl7.org/CodeSystem/v2-0482"}]}}