{"resourceType":"CodeSystem","id":"jp-procedure-not-performed-reason-cs","text":{"status":"generated","div":"<div xmlns=\"http://www.w3.org/1999/xhtml\"><p>This code system http://jpfhir.jp/fhir/Common/CodeSystem/JP_ProcedureNotPerformedReason_CS defines the following codes:</p><table class=\"codes\"><tr><td style=\"white-space:nowrap\"><b>Code</b></td><td><b>Display</b></td></tr><tr><td style=\"white-space:nowrap\">JPPNPR001<a name=\"jp-procedure-not-performed-reason-cs-JPPNPR001\"> </a></td><td>処置が禁忌</td></tr><tr><td style=\"white-space:nowrap\">JPPNPR002<a name=\"jp-procedure-not-performed-reason-cs-JPPNPR002\"> </a></td><td>処置が適応外</td></tr><tr><td style=\"white-space:nowrap\">JPPNPR003<a name=\"jp-procedure-not-performed-reason-cs-JPPNPR003\"> </a></td><td>処置を拒否、または望まず</td></tr><tr><td style=\"white-space:nowrap\">JPPNPR004<a name=\"jp-procedure-not-performed-reason-cs-JPPNPR004\"> </a></td><td>処置が継続困難</td></tr><tr><td style=\"white-space:nowrap\">JPPNPR005<a name=\"jp-procedure-not-performed-reason-cs-JPPNPR005\"> </a></td><td>処置が実施困難</td></tr></table></div>"},"url":"http://jpfhir.jp/fhir/Common/CodeSystem/JP_ProcedureNotPerformedReason_CS","version":"1.1.0a","name":"JP_ProcedureNotPerformedReason_CS","title":"JP Core Procedure Not Performed Reason CodeSystem","status":"draft","date":"2022-09-02T02:40:25+00:00","publisher":"FHIR Japanese implementation research working group in Japan Association of Medical Informatics (JAMI)","contact":[{"name":"FHIR Japanese implementation research working group in Japan Association of Medical Informatics (JAMI)","telecom":[{"system":"url","value":"http://jpfhir.jp"},{"system":"email","value":"office@hlfhir.jp"}]}],"description":"処置が実施されなかった理由、または開始された処置が完了しなかった理由を示すコード","jurisdiction":[{"coding":[{"system":"urn:iso:std:iso:3166","code":"JP"}]}],"copyright":"FHIR Japanese implementation research working group in Japan Association of Medical Informatics (JAMI)","caseSensitive":true,"valueSet":"http://jpfhir.jp/fhir/Common/ValueSet/JP_ProcedureNotPerformedReason_VS","content":"complete","count":5,"concept":[{"code":"JPPNPR001","display":"処置が禁忌"},{"code":"JPPNPR002","display":"処置が適応外"},{"code":"JPPNPR003","display":"処置を拒否、または望まず"},{"code":"JPPNPR004","display":"処置が継続困難"},{"code":"JPPNPR005","display":"処置が実施困難"}]}