<?xml version="1.0" encoding="UTF-8"?><SearchParameter xmlns="http://hl7.org/fhir"><id value="jp-medicationrequest-start-sp"/><url value="http://jpfhir.jp/fhir/core/SearchParameter/JP_MedicationRequest_Start_SP"/><version value="1.1.2rc"/><name value="JP_MedicationRequest_Start_SP"/><status value="active"/><date value="2022-10-24"/><publisher value="FHIR Japanese implementation research working group in Japan Association of Medical Informatics (JAMI)"/><contact><name value="FHIR Japanese implementation research working group in Japan Association of Medical Informatics (JAMI)"/><telecom><system value="url"/><value value="http://jpfhir.jp"/></telecom><telecom><system value="email"/><value value="office@hlfhir.jp"/></telecom></contact><description value="MedicationRequestリソースをExtensionの服用期間の開始日で検索するパラメータを定義する。"/><jurisdiction><coding><system value="urn:iso:std:iso:3166"/><code value="JPN"/></coding></jurisdiction><code value="jp-medication-start"/><base value="MedicationRequest"/><type value="date"/><expression value="MedicationRequest.dosageInstruction.extension('http://jpfhir.jp/fhir/core/Extension/StructureDefinition/JP_MedicationDosage_PeriodOfUse').valuePeriod.start"/><xpathUsage value="normal"/><comparator value="eq"/><comparator value="ne"/><comparator value="gt"/><comparator value="ge"/><comparator value="lt"/><comparator value="le"/><comparator value="sa"/><comparator value="eb"/><comparator value="ap"/></SearchParameter>