<?xml version="1.0" encoding="UTF-8"?><ValueSet xmlns="http://hl7.org/fhir"><id value="jp-medication-usage-jami-vs"/><text><status value="generated"/><div xmlns="http://www.w3.org/1999/xhtml"><ul><li>Include all codes defined in <code>urn:oid:1.2.392.200250.2.2.20</code></li></ul></div></text><url value="http://jpfhir.jp/fhir/core/ValueSet/JP_MedicationUsageJAMI_VS"/><version value="1.1.2rc"/><name value="JP_MedicationUsageJAMI_VS"/><title value="JP Core Medication JAMI Usage ValueSet"/><status value="active"/><experimental value="false"/><date value="2022-10-24"/><publisher value="FHIR Japanese implementation research working group in Japan Association of Medical Informatics (JAMI)"/><contact><name value="FHIR Japanese implementation research working group in Japan Association of Medical Informatics (JAMI)"/><telecom><system value="url"/><value value="http://jpfhir.jp"/></telecom><telecom><system value="email"/><value value="office@hlfhir.jp"/></telecom></contact><description value="JAMI標準用法コードの値セット"/><jurisdiction><coding><system value="urn:iso:std:iso:3166"/><code value="JPN"/></coding></jurisdiction><copyright value="Copyright Japan Association of Medical Informatics (JAMI)  一般社団法人日本医療情報学会"/><compose><include><system value="urn:oid:1.2.392.200250.2.2.20"/></include></compose></ValueSet>