"Id","Path","Slice Name","Alias(s)","Label","Min","Max","Must Support?","Is Modifier?","Is Summary?","Type(s)","Short","Definition","Comments","Requirements","Default Value","Meaning When Missing","Fixed Value","Pattern","Example","Minimum Value","Maximum Value","Maximum Length","Binding Strength","Binding Description","Binding Value Set","Code","Slicing Discriminator","Slicing Description","Slicing Ordered","Slicing Rules","Base Path","Base Min","Base Max","Condition(s)","Constraint(s)","Mapping: HL7 v2 Mapping","Mapping: RIM Mapping"
"Quantity","Quantity","","","",0,*,"","","","","薬剤に関する数量と単位を定めたデータイプ","薬剤に関する数量と単位を定めたデータイプ","薬剤に関する数量と単位を定めている。【JP Core仕様】単位についてはMERIT9医薬品単位略号の利用を推進している。(**SHOULD**)","","","","","","","","",,,,,"",,,,"Quantity",0,*,"ele-1
","ele-1:All FHIR elements must have a @value or children {hasValue() or (children().count() > id.count())}
qty-3:If a code for the unit is present, the system SHALL also be present {code.empty() or system.exists()}","SN (see also Range) or CQ","n/a","PQ, IVL<PQ>, MO, CO, depending on the values"
"Quantity.id","Quantity.id","","","",0,1,"","","","string {[]} {[]}
","エレメント間参照のためのユニークID","エレメント間参照のためのユニークID。空白を含まない全ての文字を使ってもよい(MAY)。","","","","","","","","","",,,,,"",,,,"Element.id",0,1,"","","n/a"
"Quantity.extension","Quantity.extension","","extensions
user content","",0,*,"","","","Extension {[]} {[]}
","Additional content defined by implementations","May be used to represent additional information that is not part of the basic definition of the element. To make the use of extensions safe and manageable, there is a strict set of governance  applied to the definition and use of extensions. Though any implementer can define an extension, there is a set of requirements that SHALL be met as part of the definition of the extension.","There can be no stigma associated with the use of extensions by any application, project, or standard - regardless of the institution or jurisdiction that uses or defines the extensions.  The use of extensions is what allows the FHIR specification to retain a core level of simplicity for everyone.","","","","","","","","",,,,,"","value:url}
","Extensions are always sliced by (at least) url",,"open","Element.extension",0,*,"","ele-1:All FHIR elements must have a @value or children {hasValue() or (children().count() > id.count())}
ext-1:Must have either extensions or value[x], not both {extension.exists() != value.exists()}","n/a"
"Quantity.value","Quantity.value","","","",1,1,"","","Y","decimal {[]} {[]}
","（精度が暗示された）数値","計測された量。精度を含めた値が暗示される。","暗示された精度については常に尊重すべきである。貨幣計算では制度に関する独自のルールがある（会計についての標準的な教科書を参照すること）。","Precision is handled implicitly in almost all cases of measurement.","","","","","","","",,,,,"",,,,"Quantity.value",0,1,"","ele-1:All FHIR elements must have a @value or children {hasValue() or (children().count() > id.count())}
","SN.2  / CQ - N/A","PQ.value, CO.value, MO.value, IVL.high or IVL.low depending on the value"
"Quantity.comparator","Quantity.comparator","","","",0,1,"","Y","Y","code {[]} {[]}
","< | <= | >= | > - 値の解釈法","実際の値が計測して示された値よりも大きいのか小さいのかなど、値がどのように解釈され、表現されるのかを示している。たとえば、もし、comparatorエレメントが""<""であれば、実際の値は示された値よりも小さい(<)。","FHIRの文字列は1MB以上の大きさとなってなはらない(SHALL NOT)。","計測法に制限があって値が<5ug/L や >400mg/L として示されるような場合でも値を扱えるようなフレームワークが必要である。","","If there is no comparator, then there is no modification of the value","","","","","",,"required","How the Quantity should be understood and represented.","http://hl7.org/fhir/ValueSet/quantity-comparator|4.0.1","",,,,"Quantity.comparator",0,1,"","ele-1:All FHIR elements must have a @value or children {hasValue() or (children().count() > id.count())}
","SN.1  / CQ.1","IVL properties"
"Quantity.unit","Quantity.unit","","","",0,1,"","","Y","string {[]} {[]}
","単位表現","人間にも可読な単位表現","FHIRの文字列は1MB以上の大きさとなってなはらない(SHALL NOT)。","コンテキストによってさまざまな単位の表現がある。固定された特定の表現が求められることがある。たとえば、mcgはmicrogramを表す。","","","","","","","",,,,,"",,,,"Quantity.unit",0,1,"","ele-1:All FHIR elements must have a @value or children {hasValue() or (children().count() > id.count())}
","(see OBX.6 etc.) / CQ.2","PQ.unit"
"Quantity.system","Quantity.system","","","",0,1,"","","Y","uri {[]} {[]}
","コード化された単位表現を規定するシステム","単位をコード化して表現するシステムについてのID。","以下参照。 http://en.wikipedia.org/wiki/Uniform_resource_identifier","システムによって定義される単位のコードを把握しておく必要がある。","","","","","","","",,"preferred","","http://jpfhir.jp/fhir/Common/ValueSet/JP_MedicationUnitMERIT9_VS","",,,,"Quantity.system",0,1,"qty-3
","ele-1:All FHIR elements must have a @value or children {hasValue() or (children().count() > id.count())}
","(see OBX.6 etc.) / CQ.2","CO.codeSystem, PQ.translation.codeSystem"
"Quantity.code","Quantity.code","","","",1,1,"","","Y","code {[]} {[]}
","単位のコード化された形式、【JP Core仕様】MERIT9医薬品単位略号マスタコードを推奨","単位のコード化された形式、【JP Core仕様】MERIT9医薬品単位略号マスタコードを推奨(**SHOULD**)","単位のコード化された形式、【JP Core仕様】MERIT9医薬品単位略号マスタコードを推奨(**SHOULD**)されるが、ローカルコード等を利用することも可能とする","Need a computable form of the unit that is fixed across all forms. UCUM provides this for quantities, but SNOMED CT provides many units of interest.","","","","","","","",,"preferred","","http://jpfhir.jp/fhir/Common/ValueSet/JP_MedicationUnitMERIT9_VS","",,,,"Quantity.code",0,1,"","ele-1:All FHIR elements must have a @value or children {hasValue() or (children().count() > id.count())}
","(see OBX.6 etc.) / CQ.2","PQ.code, MO.currency, PQ.translation.code"
