"Id","Path","Slice Name","Alias(s)","Label","Min","Max","Must Support?","Is Modifier?","Is Summary?","Type(s)","Short","Definition","Comments","Requirements","Default Value","Meaning When Missing","Fixed Value","Pattern","Example","Minimum Value","Maximum Value","Maximum Length","Binding Strength","Binding Description","Binding Value Set","Code","Slicing Discriminator","Slicing Description","Slicing Ordered","Slicing Rules","Base Path","Base Min","Base Max","Condition(s)","Constraint(s)","Mapping: Workflow Pattern","Mapping: RIM Mapping","Mapping: FiveWs Pattern Mapping","Mapping: HL7 v2 Mapping","Mapping: W3C PROV"
"MedicationAdministration","MedicationAdministration","","","",0,*,"","","","","患者への薬剤投与記録","Describes the event of a patient consuming or otherwise being administered a medication.  This may be as simple as swallowing a tablet or it may be a long running infusion.  Related resources tie this event to the authorizing prescription, and the specific encounter between patient and health care practitioner.","","","","","","","","","",,,,,"",,,,"MedicationAdministration",0,*,"","dom-2:If the resource is contained in another resource, it SHALL NOT contain nested Resources {contained.contained.empty()}
dom-3:If the resource is contained in another resource, it SHALL be referred to from elsewhere in the resource or SHALL refer to the containing resource {contained.where((('#'+id in (%resource.descendants().reference | %resource.descendants().as(canonical) | %resource.descendants().as(uri) | %resource.descendants().as(url))) or descendants().where(reference = '#').exists() or descendants().where(as(canonical) = '#').exists() or descendants().where(as(canonical) = '#').exists()).not()).trace('unmatched', id).empty()}dom-4:If a resource is contained in another resource, it SHALL NOT have a meta.versionId or a meta.lastUpdated {contained.meta.versionId.empty() and contained.meta.lastUpdated.empty()}dom-5:If a resource is contained in another resource, it SHALL NOT have a security label {contained.meta.security.empty()}dom-6:A resource should have narrative for robust management {text.`div`.exists()}","Event","Entity. Role, or Act","SubstanceAdministration"
"MedicationAdministration.id","MedicationAdministration.id","","","",0,1,"","","Y","id {[]} {[]}
","Logical id of this artifact","The logical id of the resource, as used in the URL for the resource. Once assigned, this value never changes.","The only time that a resource does not have an id is when it is being submitted to the server using a create operation.","","","","","","","","",,,,,"",,,,"Resource.id",0,1,"",""
"MedicationAdministration.meta","MedicationAdministration.meta","","","",0,1,"","","Y","Meta {[]} {[]}
","Metadata about the resource","The metadata about the resource. This is content that is maintained by the infrastructure. Changes to the content might not always be associated with version changes to the resource.","","","","","","","","","",,,,,"",,,,"Resource.meta",0,1,"","ele-1:All FHIR elements must have a @value or children {hasValue() or (children().count() > id.count())}
"
"MedicationAdministration.implicitRules","MedicationAdministration.implicitRules","","","",0,1,"","Y","Y","uri {[]} {[]}
","A set of rules under which this content was created","A reference to a set of rules that were followed when the resource was constructed, and which must be understood when processing the content. Often, this is a reference to an implementation guide that defines the special rules along with other profiles etc.","Asserting this rule set restricts the content to be only understood by a limited set of trading partners. This inherently limits the usefulness of the data in the long term. However, the existing health eco-system is highly fractured, and not yet ready to define, collect, and exchange data in a generally computable sense. Wherever possible, implementers and/or specification writers should avoid using this element. Often, when used, the URL is a reference to an implementation guide that defines these special rules as part of it's narrative along with other profiles, value sets, etc.","","","","","","","","",,,,,"",,,,"Resource.implicitRules",0,1,"","ele-1:All FHIR elements must have a @value or children {hasValue() or (children().count() > id.count())}
"
"MedicationAdministration.language","MedicationAdministration.language","","","",0,1,"","","","code {[]} {[]}
","Language of the resource content","The base language in which the resource is written.","Language is provided to support indexing and accessibility (typically, services such as text to speech use the language tag). The html language tag in the narrative applies  to the narrative. The language tag on the resource may be used to specify the language of other presentations generated from the data in the resource. Not all the content has to be in the base language. The Resource.language should not be assumed to apply to the narrative automatically. If a language is specified, it should it also be specified on the div element in the html (see rules in HTML5 for information about the relationship between xml:lang and the html lang attribute).","","","","","","","","",,"preferred","A human language.","http://hl7.org/fhir/ValueSet/languages","",,,,"Resource.language",0,1,"","ele-1:All FHIR elements must have a @value or children {hasValue() or (children().count() > id.count())}
"
"MedicationAdministration.text","MedicationAdministration.text","","narrative
htmlxhtmldisplay","",0,1,"","","","Narrative {[]} {[]}
","Text summary of the resource, for human interpretation","A human-readable narrative that contains a summary of the resource and can be used to represent the content of the resource to a human. The narrative need not encode all the structured data, but is required to contain sufficient detail to make it ""clinically safe"" for a human to just read the narrative. Resource definitions may define what content should be represented in the narrative to ensure clinical safety.","Contained resources do not have narrative. Resources that are not contained SHOULD have a narrative. In some cases, a resource may only have text with little or no additional discrete data (as long as all minOccurs=1 elements are satisfied).  This may be necessary for data from legacy systems where information is captured as a ""text blob"" or where text is additionally entered raw or narrated and encoded information is added later.","","","","","","","","",,,,,"",,,,"DomainResource.text",0,1,"","ele-1:All FHIR elements must have a @value or children {hasValue() or (children().count() > id.count())}
","Act.text?"
"MedicationAdministration.contained","MedicationAdministration.contained","","inline resources
anonymous resourcescontained resources","",0,*,"","","","Resource {[]} {[]}
","Contained, inline Resources","These resources do not have an independent existence apart from the resource that contains them - they cannot be identified independently, and nor can they have their own independent transaction scope.","This should never be done when the content can be identified properly, as once identification is lost, it is extremely difficult (and context dependent) to restore it again. Contained resources may have profiles and tags In their meta elements, but SHALL NOT have security labels.","","","","","","","","",,,,,"",,,,"DomainResource.contained",0,*,"","","N/A"
"MedicationAdministration.extension","MedicationAdministration.extension","","","",0,*,"","","","Extension {[]} {[]}
","Extension","An Extension","","","","","","","","","",,,,,"","value:url}
","",,"open","DomainResource.extension",0,*,"","ele-1:All FHIR elements must have a @value or children {hasValue() or (children().count() > id.count())}
ext-1:Must have either extensions or value[x], not both {extension.exists() != value.exists()}"
"MedicationAdministration.extension:requestDepartment","MedicationAdministration.extension","requestDepartment","","",0,1,"","","","Extension {[CanonicalType[http://jpfhir.jp/fhir/core/Extension/StructureDefinition/JP_MedicationAdministration_RequestDepartment]]} {[]}
","依頼科","依頼科を格納するための拡張","","","","","","","","","",,,,,"",,,,"DomainResource.extension",0,*,"ele-1
","ele-1:All FHIR elements must have a @value or children {hasValue() or (children().count() > id.count())}
ext-1:Must have either extensions or value[x], not both {extension.exists() != value.exists()}"
"MedicationAdministration.extension:requestAuthoredOn","MedicationAdministration.extension","requestAuthoredOn","","",0,1,"","","","Extension {[CanonicalType[http://jpfhir.jp/fhir/core/Extension/StructureDefinition/JP_MedicationAdministration_RequestAuthoredOn]]} {[]}
","依頼日時","依頼日時を格納するための拡張","","","","","","","","","",,,,,"",,,,"DomainResource.extension",0,*,"ele-1
","ele-1:All FHIR elements must have a @value or children {hasValue() or (children().count() > id.count())}
ext-1:Must have either extensions or value[x], not both {extension.exists() != value.exists()}"
"MedicationAdministration.extension:location","MedicationAdministration.extension","location","","",0,1,"","","","Extension {[CanonicalType[http://jpfhir.jp/fhir/core/Extension/StructureDefinition/JP_MedicationAdministration_Location]]} {[]}
","実施場所","実施場所を格納するための拡張。
実施場所を記述した  Locationリソースへの参照。","","","","","","","","","",,,,,"",,,,"DomainResource.extension",0,*,"ele-1
","ele-1:All FHIR elements must have a @value or children {hasValue() or (children().count() > id.count())}
ext-1:Must have either extensions or value[x], not both {extension.exists() != value.exists()}"
"MedicationAdministration.extension:requester","MedicationAdministration.extension","requester","","",0,*,"","","","Extension {[CanonicalType[http://jpfhir.jp/fhir/core/Extension/StructureDefinition/JP_MedicationAdministration_Requester]]} {[]}
","依頼医","依頼医を格納するための拡張。
依頼医を記述した Practitioner  リソースへの参照。","","","","","","","","","",,,,,"",,,,"DomainResource.extension",0,*,"ele-1
","ele-1:All FHIR elements must have a @value or children {hasValue() or (children().count() > id.count())}
ext-1:Must have either extensions or value[x], not both {extension.exists() != value.exists()}"
"MedicationAdministration.modifierExtension","MedicationAdministration.modifierExtension","","extensions
user content","",0,*,"","Y","","Extension {[]} {[]}
","Extensions that cannot be ignored","May be used to represent additional information that is not part of the basic definition of the resource and that modifies the understanding of the element that contains it and/or the understanding of the containing element's descendants. Usually modifier elements provide negation or qualification. To make the use of extensions safe and manageable, there is a strict set of governance applied to the definition and use of extensions. Though any implementer is allowed to define an extension, there is a set of requirements that SHALL be met as part of the definition of the extension. Applications processing a resource are required to check for modifier extensions.

Modifier extensions SHALL NOT change the meaning of any elements on Resource or DomainResource (including cannot change the meaning of modifierExtension itself).","There can be no stigma associated with the use of extensions by any application, project, or standard - regardless of the institution or jurisdiction that uses or defines the extensions.  The use of extensions is what allows the FHIR specification to retain a core level of simplicity for everyone.","Modifier extensions allow for extensions that *cannot* be safely ignored to be clearly distinguished from the vast majority of extensions which can be safely ignored.  This promotes interoperability by eliminating the need for implementers to prohibit the presence of extensions. For further information, see the [definition of modifier extensions](http://hl7.org/fhir/R4/extensibility.html#modifierExtension).","","","","","","","",,,,,"",,,,"DomainResource.modifierExtension",0,*,"","ele-1:All FHIR elements must have a @value or children {hasValue() or (children().count() > id.count())}
ext-1:Must have either extensions or value[x], not both {extension.exists() != value.exists()}","N/A"
"MedicationAdministration.identifier","MedicationAdministration.identifier","","","",0,*,"","","","Identifier {[]} {[]}
","External identifier 外部識別子","Identifiers associated with this Medication Administration that are defined by business processes and/or used to refer to it when a direct URL reference to the resource itself is not appropriate. They are business identifiers assigned to this resource by the performer or other systems and remain constant as the resource is updated and propagates from server to server.

ビジネスプロセスによって定義され、リソース自体への直接URL参照が適切でない場合にそれを参照するために使用される、この投薬管理に関連付けられた識別子。これらは、実行者または他のシステムによってこのリソースに割り当てられたビジネスIDであり、リソースが更新されてサーバーからサーバーに伝播される間、一定のままである。","This is a business identifier, not a resource identifier.","","","","","","","","",,,,,"",,,,"MedicationAdministration.identifier",0,*,"","ele-1:All FHIR elements must have a @value or children {hasValue() or (children().count() > id.count())}
","Event.identifier",".id","FiveWs.identifier"
"MedicationAdministration.instantiates","MedicationAdministration.instantiates","","","",0,*,"","","Y","uri {[]} {[]}
","Instantiates protocol or definition　プロトコルや定義のインスタンス化","A protocol, guideline, orderset, or other definition that was adhered to in whole or in part by this event.

このイベントによって全体的または部分的に順守されたプロトコル、ガイドライン、オーダーセット、またはその他の定義。","","","","","","","","","",,,,,"",,,,"MedicationAdministration.instantiates",0,*,"","ele-1:All FHIR elements must have a @value or children {hasValue() or (children().count() > id.count())}
","Event.instantiates",".outboundRelationship[typeCode=DEFN].target[classCode=unspecified]"
"MedicationAdministration.partOf","MedicationAdministration.partOf","","","",0,*,"","","Y","Reference {[]} {[CanonicalType[http://hl7.org/fhir/StructureDefinition/MedicationAdministration], CanonicalType[http://hl7.org/fhir/StructureDefinition/Procedure]]}
","Part of referenced event  親イベントへの参照","A larger event of which this particular event is a component or step.

この特定のイベントがコンポーネントまたはステップであるようなより大きな親イベント。","","","","","","","","","",,,,,"",,,,"MedicationAdministration.partOf",0,*,"","ele-1:All FHIR elements must have a @value or children {hasValue() or (children().count() > id.count())}
","Event.partOf",".outboundRelationship[typeCode=COMP]/target[classCode=SBADM or PROC,moodCode=EVN]"
"MedicationAdministration.status","MedicationAdministration.status","","","",1,1,"","Y","Y","code {[]} {[]}
","completed | stopped","Will generally be set to show that the administration has been completed.  For some long running administrations such as infusions, it is possible for an administration to be started but not completed or it may be paused while some other process is under way.

通常、管理が完了したことを示すように設定される。輸液などの長期にわたる投与では、投与を開始しても完了しない場合や、他のプロセスの進行中に一時停止する場合がある。

【JP Core仕様】　completed or stopped に限定される。","This element is labeled as a modifier because the status contains codes that mark the resource as not currently valid.","","","","","","","","",,"required","患者への投与状況","http://hl7.org/fhir/ValueSet/medication-admin-status|4.0.1","",,,,"MedicationAdministration.status",1,1,"","ele-1:All FHIR elements must have a @value or children {hasValue() or (children().count() > id.count())}
","Event.status",".statusCode","FiveWs.status","RXA-20-Completion Status"
"MedicationAdministration.statusReason","MedicationAdministration.statusReason","","","",0,*,"","","","CodeableConcept {[]} {[]}
","Reason administration not performed　実施されていない理由","A code indicating why the administration was not performed.　投与が実施されていない理由を示すコード","Not all terminology uses fit this general pattern. In some cases, models should not use CodeableConcept and use Coding directly and provide their own structure for managing text, codings, translations and the relationship between elements and pre- and post-coordination.

すべてのターミノロジーの使用がこの一般的なパターンに適合するわけではない。場合によっては、モデルはCodeableConceptを使用せず、コーディングを直接使用して、テキスト、コーディング、翻訳、および要素間の関係とpre-coordinationとpost-coordinationの用語関係を管理するための独自の構造を提供する必要がある。","","","","","","","","",,"example","A set of codes indicating the reason why the MedicationAdministration is negated.","http://hl7.org/fhir/ValueSet/reason-medication-not-given-codes","",,,,"MedicationAdministration.statusReason",0,*,"","ele-1:All FHIR elements must have a @value or children {hasValue() or (children().count() > id.count())}
","Event.statusReason",".outboundRelationship[typeCode=RSON]/target[classCode=OBS,moodCode=EVN, code=""reason not given""].value","RXA-9-Administration Notes / RXA-18 Substance/Treatment Refusal Reason"
"MedicationAdministration.category","MedicationAdministration.category","","","",0,1,"","","","CodeableConcept {[]} {[]}
","Type of medication usage　薬が使用される区分","Indicates where the medication is expected to be consumed or administered.

薬が消費または投与されると予想される場所区分(入院、外来、家庭等)を示す。
inpatient | outpatient | community
 (http://terminology.hl7.org/CodeSystem/medication-admin-category)","","","","","","","","","",,"preferred","A coded concept describing where the medication administered is expected to occur.","http://hl7.org/fhir/ValueSet/medication-admin-category","",,,,"MedicationAdministration.category",0,1,"","ele-1:All FHIR elements must have a @value or children {hasValue() or (children().count() > id.count())}
",".inboundRelationship[typeCode=COMP].source[classCode=OBS, moodCode=EVN, code=""type of medication usage""].value"
"MedicationAdministration.medication[x]","MedicationAdministration.medication[x]","","","",1,1,"","","Y","CodeableConcept {[]} {[]}
","What medication was supplied　医薬品","Identifies the medication that was administered. This is either a link to a resource representing the details of the medication or a simple attribute carrying a code that identifies the medication from a known list of medications.

投与された薬剤を識別する。既知の薬のリストから薬を識別するコード情報を設定する。","If only a code is specified, then it needs to be a code for a specific product. If more information is required, then the use of the medication resource is recommended.  For example, if you require form or lot number, then you must reference the Medication resource.

ひとつのtext要素と、複数のcoding 要素を記述できる。処方オーダ時に選択または入力し、実際に処方箋に印字される文字列を必ずtext要素に格納した上で、それをコード化した情報を1個以上のcoding 要素に記述する。

厚生労働省標準であるHOT9コード（販社指定が不要な場合にはHOT7コード）または広く流通しているYJコードを用いるか、一般名処方の場合には厚生労働省保険局一般名処方マスタのコードを使用して、Coding要素（コードsystemを識別するURI、医薬品のコード、そのコード表における医薬品の名称の3つからなる）で記述する。
なお、上記のいずれの標準的コードも付番されていない医薬品や医療材料の場合には、薬機法の下で使用されているGS1標準の識別コードであるGTIN(Global Trade Item Number)の調剤包装単位（最少包装単位、個別包装単位）14桁を使用する。
ひとつの処方薬、医療材料を複数のコード体系のコードで記述してもよく、その場合にcoding 要素を繰り返して記述する。ただし、ひとつの処方薬を複数のコードで繰り返し記述する場合には、それらのコードが指し示す処方薬、医療材料は当然同一でなければならない。また、処方を発行した医療機関内でのデータ利用のために、医療機関固有コード体系によるコード（ハウスコード、ローカルコード）の記述を含めてもよいが、その場合でも上述したいずれかの標準コードを同時に記述することが必要である。","","","","","","","","",,"example","Codes identifying substance or product that can be administered.","http://hl7.org/fhir/ValueSet/medication-codes","","type:$this}
","",,"closed","MedicationAdministration.medication[x]",1,1,"","ele-1:All FHIR elements must have a @value or children {hasValue() or (children().count() > id.count())}
","Event.code",".participation[typeCode=CSM].role[classCode=ADMM]","FiveWs.what[x]","RXA-5-Administered Code"
"MedicationAdministration.medication[x]:medicationCodeableConcept","MedicationAdministration.medication[x]","medicationCodeableConcept","","",1,1,"","","Y","CodeableConcept {[]} {[]}
","What medication was supplied　医薬品","Identifies the medication that was administered. This is either a link to a resource representing the details of the medication or a simple attribute carrying a code that identifies the medication from a known list of medications.

投与された薬剤を識別する。既知の薬のリストから薬を識別するコード情報を設定する。","If only a code is specified, then it needs to be a code for a specific product. If more information is required, then the use of the medication resource is recommended.  For example, if you require form or lot number, then you must reference the Medication resource.

ひとつのtext要素と、複数のcoding 要素を記述できる。処方オーダ時に選択または入力し、実際に処方箋に印字される文字列を必ずtext要素に格納した上で、それをコード化した情報を1個以上のcoding 要素に記述する。

厚生労働省標準であるHOT9コード（販社指定が不要な場合にはHOT7コード）または広く流通しているYJコードを用いるか、一般名処方の場合には厚生労働省保険局一般名処方マスタのコードを使用して、Coding要素（コードsystemを識別するURI、医薬品のコード、そのコード表における医薬品の名称の3つからなる）で記述する。
なお、上記のいずれの標準的コードも付番されていない医薬品や医療材料の場合には、薬機法の下で使用されているGS1標準の識別コードであるGTIN(Global Trade Item Number)の調剤包装単位（最少包装単位、個別包装単位）14桁を使用する。
ひとつの処方薬、医療材料を複数のコード体系のコードで記述してもよく、その場合にcoding 要素を繰り返して記述する。ただし、ひとつの処方薬を複数のコードで繰り返し記述する場合には、それらのコードが指し示す処方薬、医療材料は当然同一でなければならない。また、処方を発行した医療機関内でのデータ利用のために、医療機関固有コード体系によるコード（ハウスコード、ローカルコード）の記述を含めてもよいが、その場合でも上述したいずれかの標準コードを同時に記述することが必要である。","","","","","","","","",,"preferred","処方する製剤を表すコード。","http://jpfhir.jp/fhir/Common/ValueSet/JP_MedicationCode_VS","",,,,"MedicationAdministration.medication[x]",1,1,"","ele-1:All FHIR elements must have a @value or children {hasValue() or (children().count() > id.count())}
","Event.code",".participation[typeCode=CSM].role[classCode=ADMM]","FiveWs.what[x]","RXA-5-Administered Code"
"MedicationAdministration.medication[x]:medicationCodeableConcept.id","MedicationAdministration.medication[x].id","","","",0,1,"","","","string {[]} {[]}
","Unique id for inter-element referencing","Unique id for the element within a resource (for internal references). This may be any string value that does not contain spaces.","","","","","","","","","",,,,,"",,,,"Element.id",0,1,"","","n/a"
"MedicationAdministration.medication[x]:medicationCodeableConcept.extension","MedicationAdministration.medication[x].extension","","extensions
user content","",0,*,"","","","Extension {[]} {[]}
","Additional content defined by implementations","May be used to represent additional information that is not part of the basic definition of the element. To make the use of extensions safe and manageable, there is a strict set of governance  applied to the definition and use of extensions. Though any implementer can define an extension, there is a set of requirements that SHALL be met as part of the definition of the extension.","There can be no stigma associated with the use of extensions by any application, project, or standard - regardless of the institution or jurisdiction that uses or defines the extensions.  The use of extensions is what allows the FHIR specification to retain a core level of simplicity for everyone.","","","","","","","","",,,,,"","value:url}
","Extensions are always sliced by (at least) url",,"open","Element.extension",0,*,"","ele-1:All FHIR elements must have a @value or children {hasValue() or (children().count() > id.count())}
ext-1:Must have either extensions or value[x], not both {extension.exists() != value.exists()}","n/a"
"MedicationAdministration.medication[x]:medicationCodeableConcept.coding","MedicationAdministration.medication[x].coding","","","",1,*,"","","Y","Coding {[]} {[]}
","Code defined by a terminology system コード集で定義された医薬品コード","A reference to a code defined by a terminology system.

コード集で定義された医薬品コードへの情報","Codes may be defined very casually in enumerations, or code lists, up to very formal definitions such as SNOMED CT - see the HL7 v3 Core Principles for more information.  Ordering of codings is undefined and SHALL NOT be used to infer meaning. Generally, at most only one of the coding values will be labeled as UserSelected = true.
","Allows for alternative encodings within a code system, and translations to other code systems.","","","","","","","",,,,,"",,,,"CodeableConcept.coding",0,*,"","ele-1:All FHIR elements must have a @value or children {hasValue() or (children().count() > id.count())}
","union(., ./translation)","C*E.1-8, C*E.10-22"
"MedicationAdministration.medication[x]:medicationCodeableConcept.coding.id","MedicationAdministration.medication[x].coding.id","","","",0,1,"","","","string {[]} {[]}
","Unique id for inter-element referencing","Unique id for the element within a resource (for internal references). This may be any string value that does not contain spaces.","","","","","","","","","",,,,,"",,,,"Element.id",0,1,"","","n/a"
"MedicationAdministration.medication[x]:medicationCodeableConcept.coding.extension","MedicationAdministration.medication[x].coding.extension","","extensions
user content","",0,*,"","","","Extension {[]} {[]}
","Additional content defined by implementations","May be used to represent additional information that is not part of the basic definition of the element. To make the use of extensions safe and manageable, there is a strict set of governance  applied to the definition and use of extensions. Though any implementer can define an extension, there is a set of requirements that SHALL be met as part of the definition of the extension.","There can be no stigma associated with the use of extensions by any application, project, or standard - regardless of the institution or jurisdiction that uses or defines the extensions.  The use of extensions is what allows the FHIR specification to retain a core level of simplicity for everyone.","","","","","","","","",,,,,"","value:url}
","Extensions are always sliced by (at least) url",,"open","Element.extension",0,*,"","ele-1:All FHIR elements must have a @value or children {hasValue() or (children().count() > id.count())}
ext-1:Must have either extensions or value[x], not both {extension.exists() != value.exists()}","n/a"
"MedicationAdministration.medication[x]:medicationCodeableConcept.coding.system","MedicationAdministration.medication[x].coding.system","","","",1,1,"","","Y","uri {[]} {[]}
","Identity of the terminology system","The identification of the code system that defines the meaning of the symbol in the code.","The URI may be an OID (urn:oid:...) or a UUID (urn:uuid:...).  OIDs and UUIDs SHALL be references to the HL7 OID registry. Otherwise, the URI should come from HL7's list of FHIR defined special URIs or it should reference to some definition that establishes the system clearly and unambiguously.","Need to be unambiguous about the source of the definition of the symbol.","","","","","","","",,,,,"",,,,"Coding.system",0,1,"","ele-1:All FHIR elements must have a @value or children {hasValue() or (children().count() > id.count())}
","./codeSystem","C*E.3"
"MedicationAdministration.medication[x]:medicationCodeableConcept.coding.version","MedicationAdministration.medication[x].coding.version","","","",0,1,"","","Y","string {[]} {[]}
","Version of the system - if relevant","The version of the code system which was used when choosing this code. Note that a well-maintained code system does not need the version reported, because the meaning of codes is consistent across versions. However this cannot consistently be assured, and when the meaning is not guaranteed to be consistent, the version SHOULD be exchanged.","Where the terminology does not clearly define what string should be used to identify code system versions, the recommendation is to use the date (expressed in FHIR date format) on which that version was officially published as the version date.","","","","","","","","",,,,,"",,,,"Coding.version",0,1,"","ele-1:All FHIR elements must have a @value or children {hasValue() or (children().count() > id.count())}
","./codeSystemVersion","C*E.7"
"MedicationAdministration.medication[x]:medicationCodeableConcept.coding.code","MedicationAdministration.medication[x].coding.code","","","",1,1,"","","Y","code {[]} {[]}
","Symbol in syntax defined by the system","A symbol in syntax defined by the system. The symbol may be a predefined code or an expression in a syntax defined by the coding system (e.g. post-coordination).","","Need to refer to a particular code in the system.","","","","","","","",,,,,"",,,,"Coding.code",0,1,"","ele-1:All FHIR elements must have a @value or children {hasValue() or (children().count() > id.count())}
","./code","C*E.1"
"MedicationAdministration.medication[x]:medicationCodeableConcept.coding.display","MedicationAdministration.medication[x].coding.display","","","",0,1,"","","Y","string {[]} {[]}
","Representation defined by the system","A representation of the meaning of the code in the system, following the rules of the system.","","Need to be able to carry a human-readable meaning of the code for readers that do not know  the system.","","","","","","","",,,,,"",,,,"Coding.display",0,1,"","ele-1:All FHIR elements must have a @value or children {hasValue() or (children().count() > id.count())}
","CV.displayName","C*E.2 - but note this is not well followed"
"MedicationAdministration.medication[x]:medicationCodeableConcept.coding.userSelected","MedicationAdministration.medication[x].coding.userSelected","","","",0,1,"","","Y","boolean {[]} {[]}
","If this coding was chosen directly by the user","Indicates that this coding was chosen by a user directly - e.g. off a pick list of available items (codes or displays).","Amongst a set of alternatives, a directly chosen code is the most appropriate starting point for new translations. There is some ambiguity about what exactly 'directly chosen' implies, and trading partner agreement may be needed to clarify the use of this element and its consequences more completely.","This has been identified as a clinical safety criterium - that this exact system/code pair was chosen explicitly, rather than inferred by the system based on some rules or language processing.","","","","","","","",,,,,"",,,,"Coding.userSelected",0,1,"","ele-1:All FHIR elements must have a @value or children {hasValue() or (children().count() > id.count())}
","CD.codingRationale","Sometimes implied by being first"
"MedicationAdministration.medication[x]:medicationCodeableConcept.text","MedicationAdministration.medication[x].text","","","",0,1,"","","Y","string {[]} {[]}
","Plain text representation of the concept","A human language representation of the concept as seen/selected/uttered by the user who entered the data and/or which represents the intended meaning of the user.","Very often the text is the same as a displayName of one of the codings.","The codes from the terminologies do not always capture the correct meaning with all the nuances of the human using them, or sometimes there is no appropriate code at all. In these cases, the text is used to capture the full meaning of the source.","","","","","","","",,,,,"",,,,"CodeableConcept.text",0,1,"","ele-1:All FHIR elements must have a @value or children {hasValue() or (children().count() > id.count())}
","./originalText[mediaType/code=""text/plain""]/data","C*E.9. But note many systems use C*E.2 for this"
"MedicationAdministration.subject","MedicationAdministration.subject","","","",1,1,"","","Y","Reference {[]} {[CanonicalType[http://jpfhir.jp/fhir/core/StructureDefinition/JP_Patient]]}
","Who received medication　投与対象患者","The person or animal or group receiving the medication.
投与を受ける患者","References SHALL be a reference to an actual FHIR resource, and SHALL be resolvable (allowing for access control, temporary unavailability, etc.). Resolution can be either by retrieval from the URL, or, where applicable by resource type, by treating an absolute reference as a canonical URL and looking it up in a local registry/repository.

参照は、実際のFHIRリソースへの参照である必要があり、解決可能（内容に到達可能）である必要がある（アクセス制御、一時的な使用不可などを考慮に入れる）。解決は、URLから取得するか、リソースタイプによって該当する場合は、絶対参照を正規URLとして扱い、ローカルレジストリ/リポジトリで検索することによって行うことができる。","","","","","","","","",,,,,"",,,,"MedicationAdministration.subject",1,1,"","ele-1:All FHIR elements must have a @value or children {hasValue() or (children().count() > id.count())}
","Event.subject",".participation[typeCode=SBJ].role[classCode=PAT]","FiveWs.subject[x]","FiveWs.subject","PID-3-Patient ID List"
"MedicationAdministration.context","MedicationAdministration.context","","","",0,1,"","","","Reference {[]} {[CanonicalType[http://jpfhir.jp/fhir/core/StructureDefinition/JP_Encounter], CanonicalType[http://hl7.org/fhir/StructureDefinition/EpisodeOfCare]]}
","Encounter or Episode of Care administered as part of　エンカウンター、または一部として実施されるケアエピソード","The visit, admission, or other contact between patient and health care provider during which the medication administration was performed.

投薬が行われた患者と医療提供者の間の訪問、入院、またはその他の接触。
受診情報や入院情報を表すエンカウンターへの参照。","References SHALL be a reference to an actual FHIR resource, and SHALL be resolvable (allowing for access control, temporary unavailability, etc.). Resolution can be either by retrieval from the URL, or, where applicable by resource type, by treating an absolute reference as a canonical URL and looking it up in a local registry/repository.

参照は、実際のFHIRリソースへの参照である必要があり、解決可能（内容に到達可能）である必要がある（アクセス制御、一時的な使用不可などを考慮に入れる）。解決は、URLから取得するか、リソースタイプによって該当する場合は、絶対参照を正規URLとして扱い、ローカルレジストリ/リポジトリで検索することによって行うことができる。","","","","","","","","",,,,,"",,,,"MedicationAdministration.context",0,1,"","ele-1:All FHIR elements must have a @value or children {hasValue() or (children().count() > id.count())}
","Event.context",".inboundRelationship[typeCode=COMP].source[classCode=ENC, moodCode=EVN, code=""type of encounter or episode""]","FiveWs.context","PV1-19-Visit Number"
"MedicationAdministration.supportingInformation","MedicationAdministration.supportingInformation","","","",0,*,"","","","Reference {[]} {[CanonicalType[http://hl7.org/fhir/StructureDefinition/Resource]]}
","Additional information to support administration　投与をサポートする追加情報","Additional information (for example, patient height and weight) that supports the administration of the medication.

薬の投与をサポートする追加情報（たとえば、患者の身長や体重）。","References SHALL be a reference to an actual FHIR resource, and SHALL be resolvable (allowing for access control, temporary unavailability, etc.). Resolution can be either by retrieval from the URL, or, where applicable by resource type, by treating an absolute reference as a canonical URL and looking it up in a local registry/repository.

参照は、実際のFHIRリソースへの参照である必要があり、解決可能（内容に到達可能）である必要がある（アクセス制御、一時的な使用不可などを考慮に入れる）。解決は、URLから取得するか、リソースタイプによって該当する場合は、絶対参照を正規URLとして扱い、ローカルレジストリ/リポジトリで検索することによって行うことができる。","","","","","","","","",,,,,"",,,,"MedicationAdministration.supportingInformation",0,*,"","ele-1:All FHIR elements must have a @value or children {hasValue() or (children().count() > id.count())}
",".outboundRelationship[typeCode=PERT].target[A_SupportingClinicalStatement CMET minimal with many different choices of classCodes(ORG, ENC, PROC, SPLY, SBADM, OBS) and each of the act class codes draws from one or more of the following moodCodes (EVN, DEF, INT PRMS, RQO, PRP, APT, ARQ, GOL)]","FiveWs.context"
"MedicationAdministration.effective[x]","MedicationAdministration.effective[x]","","","",1,1,"","","Y","dateTime {[]} {[]}
Period {[]} {[]}","Start and end time of administration　開始時間と終了時間","A specific date/time or interval of time during which the administration took place (or did not take place, when the 'notGiven' attribute is true). For many administrations, such as swallowing a tablet the use of dateTime is more appropriate.

投与が行われた（または「notGiven」属性がtrueの場合は行われなかった）特定の日時または時間間隔。錠剤を飲み込むなど、多くの管理では、dateTimeの使用がより適切である。","
投与実施日時であり、JP Coreでは必須である。","","","","","","","","",,,,,"",,,,"MedicationAdministration.effective[x]",1,1,"","ele-1:All FHIR elements must have a @value or children {hasValue() or (children().count() > id.count())}
","Event.occurrence[x]",".effectiveTime","FiveWs.done[x]","RXA-3-Date/Time Start of Administration / RXA-4-Date/Time End of Administration"
"MedicationAdministration.performer","MedicationAdministration.performer","","","",0,*,"","","Y","BackboneElement {[]} {[]}
","Who performed the medication administration and what they did　投薬を実施した人","Indicates who or what performed the medication administration and how they were involved.
投薬およびそれに関与した人","","","","","","","","","",,,,,"",,,,"MedicationAdministration.performer",0,*,"","ele-1:All FHIR elements must have a @value or children {hasValue() or (children().count() > id.count())}
","Event.performer",".participation[typeCode=PRF]","FiveWs.actor","RXA-10-Administering Provider / PRT-5-Participation Person: PRT-4-Participation='AP' (RXA-10 is deprecated)"
"MedicationAdministration.performer.id","MedicationAdministration.performer.id","","","",0,1,"","","","string {[]} {[]}
","Unique id for inter-element referencing","Unique id for the element within a resource (for internal references). This may be any string value that does not contain spaces.","","","","","","","","","",,,,,"",,,,"Element.id",0,1,"","","n/a"
"MedicationAdministration.performer.extension","MedicationAdministration.performer.extension","","extensions
user content","",0,*,"","","","Extension {[]} {[]}
","Additional content defined by implementations","May be used to represent additional information that is not part of the basic definition of the element. To make the use of extensions safe and manageable, there is a strict set of governance  applied to the definition and use of extensions. Though any implementer can define an extension, there is a set of requirements that SHALL be met as part of the definition of the extension.","There can be no stigma associated with the use of extensions by any application, project, or standard - regardless of the institution or jurisdiction that uses or defines the extensions.  The use of extensions is what allows the FHIR specification to retain a core level of simplicity for everyone.","","","","","","","","",,,,,"",,,,"Element.extension",0,*,"","ele-1:All FHIR elements must have a @value or children {hasValue() or (children().count() > id.count())}
ext-1:Must have either extensions or value[x], not both {extension.exists() != value.exists()}","n/a"
"MedicationAdministration.performer.modifierExtension","MedicationAdministration.performer.modifierExtension","","extensions
user contentmodifiers","",0,*,"","Y","Y","Extension {[]} {[]}
","Extensions that cannot be ignored even if unrecognized","May be used to represent additional information that is not part of the basic definition of the element and that modifies the understanding of the element in which it is contained and/or the understanding of the containing element's descendants. Usually modifier elements provide negation or qualification. To make the use of extensions safe and manageable, there is a strict set of governance applied to the definition and use of extensions. Though any implementer can define an extension, there is a set of requirements that SHALL be met as part of the definition of the extension. Applications processing a resource are required to check for modifier extensions.

Modifier extensions SHALL NOT change the meaning of any elements on Resource or DomainResource (including cannot change the meaning of modifierExtension itself).","There can be no stigma associated with the use of extensions by any application, project, or standard - regardless of the institution or jurisdiction that uses or defines the extensions.  The use of extensions is what allows the FHIR specification to retain a core level of simplicity for everyone.","Modifier extensions allow for extensions that *cannot* be safely ignored to be clearly distinguished from the vast majority of extensions which can be safely ignored.  This promotes interoperability by eliminating the need for implementers to prohibit the presence of extensions. For further information, see the [definition of modifier extensions](http://hl7.org/fhir/R4/extensibility.html#modifierExtension).","","","","","","","",,,,,"",,,,"BackboneElement.modifierExtension",0,*,"","ele-1:All FHIR elements must have a @value or children {hasValue() or (children().count() > id.count())}
ext-1:Must have either extensions or value[x], not both {extension.exists() != value.exists()}","N/A"
"MedicationAdministration.performer.function","MedicationAdministration.performer.function","","","",0,1,"","","","CodeableConcept {[]} {[]}
","Type of performance","Distinguishes the type of involvement of the performer in the medication administration.","","","","","","","","","",,"example","A code describing the role an individual played in administering the medication.","http://hl7.org/fhir/ValueSet/med-admin-perform-function","",,,,"MedicationAdministration.performer.function",0,1,"","ele-1:All FHIR elements must have a @value or children {hasValue() or (children().count() > id.count())}
","Event.performer.function","participation[typeCode=PRF].functionCode"
"MedicationAdministration.performer.actor","MedicationAdministration.performer.actor","","","",1,1,"","","Y","Reference {[]} {[CanonicalType[http://jpfhir.jp/fhir/core/StructureDefinition/JP_Practitioner], CanonicalType[http://jpfhir.jp/fhir/core/StructureDefinition/JP_PractitionerRole], CanonicalType[http://jpfhir.jp/fhir/core/StructureDefinition/JP_Patient], CanonicalType[http://hl7.org/fhir/StructureDefinition/RelatedPerson], CanonicalType[http://hl7.org/fhir/StructureDefinition/Device]]}
","Who performed the medication administration","Indicates who or what performed the medication administration.","","","","","","","","","",,,,,"",,,,"MedicationAdministration.performer.actor",1,1,"","ele-1:All FHIR elements must have a @value or children {hasValue() or (children().count() > id.count())}
","Event.performer.actor",".role"
"MedicationAdministration.reasonCode","MedicationAdministration.reasonCode","","","",0,*,"","","","CodeableConcept {[]} {[]}
","Reason administration performed　投薬が実施された理由","A code indicating why the medication was given.
投薬が実施された理由を示すコード","","","","","","","","","",,"example","A set of codes indicating the reason why the MedicationAdministration was made.","http://hl7.org/fhir/ValueSet/reason-medication-given-codes","",,,,"MedicationAdministration.reasonCode",0,*,"","ele-1:All FHIR elements must have a @value or children {hasValue() or (children().count() > id.count())}
","Event.reasonCode",".reasonCode","RXE-27 Give Indication"
"MedicationAdministration.reasonReference","MedicationAdministration.reasonReference","","","",0,*,"","","","Reference {[]} {[CanonicalType[http://jpfhir.jp/fhir/core/StructureDefinition/JP_Condition], CanonicalType[http://jpfhir.jp/fhir/core/StructureDefinition/JP_Observation_Common], CanonicalType[http://jpfhir.jp/fhir/core/StructureDefinition/JP_DiagnosticReport_Common]]}
","Condition or observation that supports why the medication was administered　薬が投与された理由を裏付ける状態または観察","Condition or observation that supports why the medication was administered.

薬が投与された理由を裏付ける状態または観察","This is a reference to a condition that is the reason for the medication request.  If only a code exists, use reasonCode.

これは、投薬要求の理由である状態への参照。コードのみが存在する場合は、reasonCodeを使用する。","","","","","","","","",,,,,"",,,,"MedicationAdministration.reasonReference",0,*,"","ele-1:All FHIR elements must have a @value or children {hasValue() or (children().count() > id.count())}
","Event.reasonReference",".outboundRelationship[typeCode=RSON]/target[classCode=OBS,moodCode=EVN, code=""reason for use ASSERTION""].value","FiveWs.why[x]","no mapping"
"MedicationAdministration.request","MedicationAdministration.request","","","",0,1,"","","","Reference {[]} {[CanonicalType[http://hl7.org/fhir/StructureDefinition/MedicationRequest]]}
","Request administration performed against　実施された元の投与依頼情報","The original request, instruction or authority to perform the administration.

投与を実行する元になった投与指示や権限への参照情報。","This is a reference to the MedicationRequest  where the intent is either order or instance-order.  It should not reference MedicationRequests where the intent is any other value.

これは、orderまたはinstance-orderのいずれかであるMedicationRequestへの参照。インテントが他の値である場合は、MedicationRequestsを参照しないこと。","これは、インテント（意図）がorderまたはinstance-orderのいずれかであるMedicationRequestへの参照である。
インテントが他の値である場合は、MedicationRequestsを参照しないこと。","","","","","","","",,,,,"",,,,"MedicationAdministration.request",0,1,"","ele-1:All FHIR elements must have a @value or children {hasValue() or (children().count() > id.count())}
","Event.basedOn","InFullfillmentOf->SubstanceAdministration","ORC-2-Placer Order Number / ORC-3-Filler Order Number"
"MedicationAdministration.device","MedicationAdministration.device","","","",0,*,"","","","Reference {[]} {[CanonicalType[http://hl7.org/fhir/StructureDefinition/Device]]}
","Device used to administer　投与に使用されるデバイス","The device used in administering the medication to the patient.  For example, a particular infusion pump.

患者に薬を投与する際に使用されるデバイスへの参照。たとえば、特定の輸液ポンプ。","References SHALL be a reference to an actual FHIR resource, and SHALL be resolvable (allowing for access control, temporary unavailability, etc.). Resolution can be either by retrieval from the URL, or, where applicable by resource type, by treating an absolute reference as a canonical URL and looking it up in a local registry/repository.

参照は、実際のFHIRリソースへの参照である必要があり、解決可能（内容に到達可能）である必要がある（アクセス制御、一時的な使用不可などを考慮に入れる）。解決は、URLから取得するか、リソースタイプによって該当する場合は、絶対参照を正規URLとして扱い、ローカルレジストリ/リポジトリで検索することによって行うことができる。","","","","","","","","",,,,,"",,,,"MedicationAdministration.device",0,*,"","ele-1:All FHIR elements must have a @value or children {hasValue() or (children().count() > id.count())}
","device->Access  OR device->AssignedDevice","PRT-10 Participation Device / RXR-3 Administrative Device"
"MedicationAdministration.note","MedicationAdministration.note","","","",0,*,"","","","Annotation {[]} {[]}
","Information about the administration　投与に関する備考情報","Extra information about the medication administration that is not conveyed by the other attributes.

他の属性では伝えられない投薬管理に関する追加情報。","For systems that do not have structured annotations, they can simply communicate a single annotation with no author or time.  This element may need to be included in narrative because of the potential for modifying information.  *Annotations SHOULD NOT* be used to communicate ""modifying"" information that could be computable. (This is a SHOULD because enforcing user behavior is nearly impossible).

構造化された注釈情報がないシステムの場合、この要素によって作成者や作成時刻情報なしで単一の注釈を簡単に伝達できる。投与情報に付帯する潜在的な情報や修飾的な情報を伝えるために、この要素に叙述的な記述でそれらを含める必要がある場合がある。 
*注釈は、計算可能な「変更」情報を伝達するために使用されるべきではない*。 （ユーザーの行動を強制することはほとんど不可能であるため、これはSHOULDである）。","","","","","","","","",,,,,"",,,,"MedicationAdministration.note",0,*,"","ele-1:All FHIR elements must have a @value or children {hasValue() or (children().count() > id.count())}
","Event.note",".inboundRelationship[typeCode=SUBJ]/source[classCode=OBS,moodCode=EVN,code=""annotation""].value"
"MedicationAdministration.dosage","MedicationAdministration.dosage","","","",0,1,"","","","BackboneElement {[]} {[]}
","Details of how medication was taken　薬の服用方法の詳細","Describes the medication dosage information details e.g. dose, rate, site, route, etc.
投薬量情報の詳細を説明する。線量、率、場所、ルートなど。","","","","","","","","","",,,,,"",,,,"MedicationAdministration.dosage",0,1,"","ele-1:All FHIR elements must have a @value or children {hasValue() or (children().count() > id.count())}
mad-1:SHALL have at least one of dosage.dose or dosage.rate[x] {dose.exists() or rate.exists()}","component->SubstanceAdministrationEvent"
"MedicationAdministration.dosage.id","MedicationAdministration.dosage.id","","","",0,1,"","","","string {[]} {[]}
","Unique id for inter-element referencing","Unique id for the element within a resource (for internal references). This may be any string value that does not contain spaces.","","","","","","","","","",,,,,"",,,,"Element.id",0,1,"","","n/a"
"MedicationAdministration.dosage.extension","MedicationAdministration.dosage.extension","","extensions
user content","",0,*,"","","","Extension {[]} {[]}
","Additional content defined by implementations","May be used to represent additional information that is not part of the basic definition of the element. To make the use of extensions safe and manageable, there is a strict set of governance  applied to the definition and use of extensions. Though any implementer can define an extension, there is a set of requirements that SHALL be met as part of the definition of the extension.","There can be no stigma associated with the use of extensions by any application, project, or standard - regardless of the institution or jurisdiction that uses or defines the extensions.  The use of extensions is what allows the FHIR specification to retain a core level of simplicity for everyone.","","","","","","","","",,,,,"",,,,"Element.extension",0,*,"","ele-1:All FHIR elements must have a @value or children {hasValue() or (children().count() > id.count())}
ext-1:Must have either extensions or value[x], not both {extension.exists() != value.exists()}","n/a"
"MedicationAdministration.dosage.modifierExtension","MedicationAdministration.dosage.modifierExtension","","extensions
user contentmodifiers","",0,*,"","Y","Y","Extension {[]} {[]}
","Extensions that cannot be ignored even if unrecognized","May be used to represent additional information that is not part of the basic definition of the element and that modifies the understanding of the element in which it is contained and/or the understanding of the containing element's descendants. Usually modifier elements provide negation or qualification. To make the use of extensions safe and manageable, there is a strict set of governance applied to the definition and use of extensions. Though any implementer can define an extension, there is a set of requirements that SHALL be met as part of the definition of the extension. Applications processing a resource are required to check for modifier extensions.

Modifier extensions SHALL NOT change the meaning of any elements on Resource or DomainResource (including cannot change the meaning of modifierExtension itself).","There can be no stigma associated with the use of extensions by any application, project, or standard - regardless of the institution or jurisdiction that uses or defines the extensions.  The use of extensions is what allows the FHIR specification to retain a core level of simplicity for everyone.","Modifier extensions allow for extensions that *cannot* be safely ignored to be clearly distinguished from the vast majority of extensions which can be safely ignored.  This promotes interoperability by eliminating the need for implementers to prohibit the presence of extensions. For further information, see the [definition of modifier extensions](http://hl7.org/fhir/R4/extensibility.html#modifierExtension).","","","","","","","",,,,,"",,,,"BackboneElement.modifierExtension",0,*,"","ele-1:All FHIR elements must have a @value or children {hasValue() or (children().count() > id.count())}
ext-1:Must have either extensions or value[x], not both {extension.exists() != value.exists()}","N/A"
"MedicationAdministration.dosage.text","MedicationAdministration.dosage.text","","","",0,1,"","","","string {[]} {[]}
","Free text dosage instructions e.g. SIG　フリーテキストの投与方法の説明　SIG:用法","Free text dosage can be used for cases where the dosage administered is too complex to code. When coded dosage is present, the free text dosage may still be present for display to humans.The dosage instructions should reflect the dosage of the medication that was administered.

フリーテキストの投与量用法は、投与される投与量や用法が複雑すぎてコーディングできない場合に使用できる。コード化された投与量や用法が存在する場合、フリーテキストの投与量や用法は、人間に表示するためにまだ存在している可能性がある。
投与量や用法のこの指示は、実際に投与される薬の投与量や用法を反映する必要がある。","","","","","","","","","",,,,,"",,,,"MedicationAdministration.dosage.text",0,1,"","ele-1:All FHIR elements must have a @value or children {hasValue() or (children().count() > id.count())}
",".text"
"MedicationAdministration.dosage.site","MedicationAdministration.dosage.site","","","",0,1,"","","","CodeableConcept {[]} {[]}
","Body site administered to　投与部位","A coded specification of the anatomic site where the medication first entered the body.  For example, ""left arm"".

薬が最初に体内に入った解剖学的部位のコード化された記述。たとえば、「左腕」。","If the use case requires attributes from the BodySite resource (e.g. to identify and track separately) then use the standard extension [bodySite](extension-bodysite.html).  May be a summary code, or a reference to a very precise definition of the location, or both.

ユースケースでBodySiteリソースの属性が必要な場合（たとえば、個別に識別して追跡するため）、標準の拡張機能[bodySite]（extension-bodysite.html）を使用する。要約コード、または場所の非常に正確な定義への参照、あるいはその両方である可能性がある。","","","","","","","","",,"preferred","","http://jpfhir.jp/fhir/Common/ValueSet/JP_MedicationBodySiteJAMIExternal_VS","",,,,"MedicationAdministration.dosage.site",0,1,"","ele-1:All FHIR elements must have a @value or children {hasValue() or (children().count() > id.count())}
",".approachSiteCode","RXR-2 Administration Site / RXR-6 Administration Site Modifier"
"MedicationAdministration.dosage.route","MedicationAdministration.dosage.route","","","",0,1,"","","","CodeableConcept {[]} {[]}
","Path of substance into body　体への投与経路","A code specifying the route or physiological path of administration of a therapeutic agent into or onto the patient.  For example, topical, intravenous, etc.

患者への、または患者への治療薬の投与経路または生理学的経路を指定するコード。たとえば、局所、静脈内など。","Not all terminology uses fit this general pattern. In some cases, models should not use CodeableConcept and use Coding directly and provide their own structure for managing text, codings, translations and the relationship between elements and pre- and post-coordination.

すべてのターミノロジーの使用がこの一般的なパターンに適合するわけではない。場合によっては、モデルはCodeableConceptを使用せず、コーディングを直接使用して、テキスト、コーディング、翻訳、および要素間の関係とpre-coordinationとpost-coordinationの用語関係を管理するための独自の構造を提供する必要がある。","","","","","","","","",,"preferred","","http://jpfhir.jp/fhir/Common/CodeSystem/JP_MedicationRouteHL70162_VS","",,,,"MedicationAdministration.dosage.route",0,1,"","ele-1:All FHIR elements must have a @value or children {hasValue() or (children().count() > id.count())}
",".routeCode","RXR-1-Route"
"MedicationAdministration.dosage.method","MedicationAdministration.dosage.method","","","",0,1,"","","","CodeableConcept {[]} {[]}
","投与方法","投与方法","ターミノロジーは投与する経路あるいは剤型をあらかじめ指定するために用いられる。","コード化された値は体内に薬剤が投与される方法を示している。注射ではよく使われる。たとえば、緩徐に注入、深部に静注など。","","","","","","","",,"example","A coded concept describing the technique by which the medicine is administered.","http://hl7.org/fhir/ValueSet/administration-method-codes","",,,,"MedicationAdministration.dosage.method",0,1,"","ele-1:All FHIR elements must have a @value or children {hasValue() or (children().count() > id.count())}
",".methodCode","RXR-4-Administration Method"
"MedicationAdministration.dosage.method.id","MedicationAdministration.dosage.method.id","","","",0,1,"","","","string {[]} {[]}
","Unique id for inter-element referencing","Unique id for the element within a resource (for internal references). This may be any string value that does not contain spaces.","","","","","","","","","",,,,,"",,,,"Element.id",0,1,"","","n/a"
"MedicationAdministration.dosage.method.extension","MedicationAdministration.dosage.method.extension","","extensions
user content","",0,*,"","","","Extension {[]} {[]}
","Additional content defined by implementations","May be used to represent additional information that is not part of the basic definition of the element. To make the use of extensions safe and manageable, there is a strict set of governance  applied to the definition and use of extensions. Though any implementer can define an extension, there is a set of requirements that SHALL be met as part of the definition of the extension.","There can be no stigma associated with the use of extensions by any application, project, or standard - regardless of the institution or jurisdiction that uses or defines the extensions.  The use of extensions is what allows the FHIR specification to retain a core level of simplicity for everyone.","","","","","","","","",,,,,"","value:url}
","Extensions are always sliced by (at least) url",,"open","Element.extension",0,*,"","ele-1:All FHIR elements must have a @value or children {hasValue() or (children().count() > id.count())}
ext-1:Must have either extensions or value[x], not both {extension.exists() != value.exists()}","n/a"
"MedicationAdministration.dosage.method.coding","MedicationAdministration.dosage.method.coding","","","",0,*,"","","Y","Coding {[]} {[]}
","Code defined by a terminology system","A reference to a code defined by a terminology system.","Codes may be defined very casually in enumerations, or code lists, up to very formal definitions such as SNOMED CT - see the HL7 v3 Core Principles for more information.  Ordering of codings is undefined and SHALL NOT be used to infer meaning. Generally, at most only one of the coding values will be labeled as UserSelected = true.","Allows for alternative encodings within a code system, and translations to other code systems.","","","","","","","",,,,,"","value:system}
","",,"open","CodeableConcept.coding",0,*,"","ele-1:All FHIR elements must have a @value or children {hasValue() or (children().count() > id.count())}
","union(., ./translation)","C*E.1-8, C*E.10-22"
"MedicationAdministration.dosage.method.coding:unitDigit1","MedicationAdministration.dosage.method.coding","unitDigit1","","",0,1,"","","Y","Coding {[]} {[]}
","投与⽅法に対応するJAMI 用法コード表基本用法１桁コード","投与⽅法に対応するJAMI 用法コード表基本用法１桁コードを識別するURI。","コードは臨時で列記したものや、コードのリストからSNOMED CTのように公式に定義されたものまである（HL7 v3 core principle を参照)。FHIR自体ではコーディング規約を定めてはいないし、意味を暗示するために利用されない(SHALL NOT)。一般的に UserSelected = trueの場合には一つのコードシステムが使われる。","他のコードシステムへの変換や代替のコードシステムを使ってエンコードしてもよい。","","","","","","","",,"preferred","","http://jpfhir.jp/fhir/Common/ValueSet/JP_MedicationMethodJAMIBasicUsage_VS","",,,,"CodeableConcept.coding",0,*,"","ele-1:All FHIR elements must have a @value or children {hasValue() or (children().count() > id.count())}
","union(., ./translation)","C*E.1-8, C*E.10-22"
"MedicationAdministration.dosage.method.coding:unitDigit1.id","MedicationAdministration.dosage.method.coding.id","","","",0,1,"","","","string {[]} {[]}
","Unique id for inter-element referencing","Unique id for the element within a resource (for internal references). This may be any string value that does not contain spaces.","","","","","","","","","",,,,,"",,,,"Element.id",0,1,"","","n/a"
"MedicationAdministration.dosage.method.coding:unitDigit1.extension","MedicationAdministration.dosage.method.coding.extension","","extensions
user content","",0,*,"","","","Extension {[]} {[]}
","Additional content defined by implementations","May be used to represent additional information that is not part of the basic definition of the element. To make the use of extensions safe and manageable, there is a strict set of governance  applied to the definition and use of extensions. Though any implementer can define an extension, there is a set of requirements that SHALL be met as part of the definition of the extension.","There can be no stigma associated with the use of extensions by any application, project, or standard - regardless of the institution or jurisdiction that uses or defines the extensions.  The use of extensions is what allows the FHIR specification to retain a core level of simplicity for everyone.","","","","","","","","",,,,,"","value:url}
","Extensions are always sliced by (at least) url",,"open","Element.extension",0,*,"","ele-1:All FHIR elements must have a @value or children {hasValue() or (children().count() > id.count())}
ext-1:Must have either extensions or value[x], not both {extension.exists() != value.exists()}","n/a"
"MedicationAdministration.dosage.method.coding:unitDigit1.system","MedicationAdministration.dosage.method.coding.system","","","",1,1,"","","Y","uri {[]} {[]}
","Identity of the terminology system","The identification of the code system that defines the meaning of the symbol in the code.","The URI may be an OID (urn:oid:...) or a UUID (urn:uuid:...).  OIDs and UUIDs SHALL be references to the HL7 OID registry. Otherwise, the URI should come from HL7's list of FHIR defined special URIs or it should reference to some definition that establishes the system clearly and unambiguously.","Need to be unambiguous about the source of the definition of the symbol.","","","<valueUri xmlns=""http://hl7.org/fhir"" value=""urn:oid:1.2.392.200250.2.2.20.30""/>","","","","",,,,,"",,,,"Coding.system",0,1,"","ele-1:All FHIR elements must have a @value or children {hasValue() or (children().count() > id.count())}
","./codeSystem","C*E.3"
"MedicationAdministration.dosage.method.coding:unitDigit1.version","MedicationAdministration.dosage.method.coding.version","","","",0,1,"","","Y","string {[]} {[]}
","Version of the system - if relevant","The version of the code system which was used when choosing this code. Note that a well-maintained code system does not need the version reported, because the meaning of codes is consistent across versions. However this cannot consistently be assured, and when the meaning is not guaranteed to be consistent, the version SHOULD be exchanged.","Where the terminology does not clearly define what string should be used to identify code system versions, the recommendation is to use the date (expressed in FHIR date format) on which that version was officially published as the version date.","","","","","","","","",,,,,"",,,,"Coding.version",0,1,"","ele-1:All FHIR elements must have a @value or children {hasValue() or (children().count() > id.count())}
","./codeSystemVersion","C*E.7"
"MedicationAdministration.dosage.method.coding:unitDigit1.code","MedicationAdministration.dosage.method.coding.code","","","",0,1,"","","Y","code {[]} {[]}
","Symbol in syntax defined by the system","A symbol in syntax defined by the system. The symbol may be a predefined code or an expression in a syntax defined by the coding system (e.g. post-coordination).","","Need to refer to a particular code in the system.","","","","","","","",,,,,"",,,,"Coding.code",0,1,"","ele-1:All FHIR elements must have a @value or children {hasValue() or (children().count() > id.count())}
","./code","C*E.1"
"MedicationAdministration.dosage.method.coding:unitDigit1.display","MedicationAdministration.dosage.method.coding.display","","","",0,1,"","","Y","string {[]} {[]}
","Representation defined by the system","A representation of the meaning of the code in the system, following the rules of the system.","","Need to be able to carry a human-readable meaning of the code for readers that do not know  the system.","","","","","","","",,,,,"",,,,"Coding.display",0,1,"","ele-1:All FHIR elements must have a @value or children {hasValue() or (children().count() > id.count())}
","CV.displayName","C*E.2 - but note this is not well followed"
"MedicationAdministration.dosage.method.coding:unitDigit1.userSelected","MedicationAdministration.dosage.method.coding.userSelected","","","",0,1,"","","Y","boolean {[]} {[]}
","If this coding was chosen directly by the user","Indicates that this coding was chosen by a user directly - e.g. off a pick list of available items (codes or displays).","Amongst a set of alternatives, a directly chosen code is the most appropriate starting point for new translations. There is some ambiguity about what exactly 'directly chosen' implies, and trading partner agreement may be needed to clarify the use of this element and its consequences more completely.","This has been identified as a clinical safety criterium - that this exact system/code pair was chosen explicitly, rather than inferred by the system based on some rules or language processing.","","","","","","","",,,,,"",,,,"Coding.userSelected",0,1,"","ele-1:All FHIR elements must have a @value or children {hasValue() or (children().count() > id.count())}
","CD.codingRationale","Sometimes implied by being first"
"MedicationAdministration.dosage.method.coding:unitDigit2","MedicationAdministration.dosage.method.coding","unitDigit2","","",0,1,"","","Y","Coding {[]} {[]}
","投与⽅法に対応するJAMI 用法コード表基本用法2桁コード","投与⽅法に対応するJAMI 用法コード表基本用法2桁コードを識別するURI。２桁コードurn:oid:1.2.392.200250.2.2.20.40","コードは臨時で列記したものや、コードのリストからSNOMED CTのように公式に定義されたものまである（HL7 v3 core principle を参照)。FHIR自体ではコーディング規約を定めてはいないし、意味を暗示するために利用されない(SHALL NOT)。一般的に UserSelected = trueの場合には一つのコードシステムが使われる。","他のコードシステムへの変換や代替のコードシステムを使ってエンコードしてもよい。","","","","","","","",,"preferred","","http://jpfhir.jp/fhir/Common/ValueSet/JP_MedicationMethodJAMIDetailUsage_VS","",,,,"CodeableConcept.coding",0,*,"","ele-1:All FHIR elements must have a @value or children {hasValue() or (children().count() > id.count())}
","union(., ./translation)","C*E.1-8, C*E.10-22"
"MedicationAdministration.dosage.method.coding:unitDigit2.id","MedicationAdministration.dosage.method.coding.id","","","",0,1,"","","","string {[]} {[]}
","Unique id for inter-element referencing","Unique id for the element within a resource (for internal references). This may be any string value that does not contain spaces.","","","","","","","","","",,,,,"",,,,"Element.id",0,1,"","","n/a"
"MedicationAdministration.dosage.method.coding:unitDigit2.extension","MedicationAdministration.dosage.method.coding.extension","","extensions
user content","",0,*,"","","","Extension {[]} {[]}
","Additional content defined by implementations","May be used to represent additional information that is not part of the basic definition of the element. To make the use of extensions safe and manageable, there is a strict set of governance  applied to the definition and use of extensions. Though any implementer can define an extension, there is a set of requirements that SHALL be met as part of the definition of the extension.","There can be no stigma associated with the use of extensions by any application, project, or standard - regardless of the institution or jurisdiction that uses or defines the extensions.  The use of extensions is what allows the FHIR specification to retain a core level of simplicity for everyone.","","","","","","","","",,,,,"","value:url}
","Extensions are always sliced by (at least) url",,"open","Element.extension",0,*,"","ele-1:All FHIR elements must have a @value or children {hasValue() or (children().count() > id.count())}
ext-1:Must have either extensions or value[x], not both {extension.exists() != value.exists()}","n/a"
"MedicationAdministration.dosage.method.coding:unitDigit2.system","MedicationAdministration.dosage.method.coding.system","","","",1,1,"","","Y","uri {[]} {[]}
","Identity of the terminology system","The identification of the code system that defines the meaning of the symbol in the code.","The URI may be an OID (urn:oid:...) or a UUID (urn:uuid:...).  OIDs and UUIDs SHALL be references to the HL7 OID registry. Otherwise, the URI should come from HL7's list of FHIR defined special URIs or it should reference to some definition that establishes the system clearly and unambiguously.","Need to be unambiguous about the source of the definition of the symbol.","","","<valueUri xmlns=""http://hl7.org/fhir"" value=""urn:oid:1.2.392.200250.2.2.20.40""/>","","","","",,,,,"",,,,"Coding.system",0,1,"","ele-1:All FHIR elements must have a @value or children {hasValue() or (children().count() > id.count())}
","./codeSystem","C*E.3"
"MedicationAdministration.dosage.method.coding:unitDigit2.version","MedicationAdministration.dosage.method.coding.version","","","",0,1,"","","Y","string {[]} {[]}
","Version of the system - if relevant","The version of the code system which was used when choosing this code. Note that a well-maintained code system does not need the version reported, because the meaning of codes is consistent across versions. However this cannot consistently be assured, and when the meaning is not guaranteed to be consistent, the version SHOULD be exchanged.","Where the terminology does not clearly define what string should be used to identify code system versions, the recommendation is to use the date (expressed in FHIR date format) on which that version was officially published as the version date.","","","","","","","","",,,,,"",,,,"Coding.version",0,1,"","ele-1:All FHIR elements must have a @value or children {hasValue() or (children().count() > id.count())}
","./codeSystemVersion","C*E.7"
"MedicationAdministration.dosage.method.coding:unitDigit2.code","MedicationAdministration.dosage.method.coding.code","","","",0,1,"","","Y","code {[]} {[]}
","Symbol in syntax defined by the system","A symbol in syntax defined by the system. The symbol may be a predefined code or an expression in a syntax defined by the coding system (e.g. post-coordination).","","Need to refer to a particular code in the system.","","","","","","","",,,,,"",,,,"Coding.code",0,1,"","ele-1:All FHIR elements must have a @value or children {hasValue() or (children().count() > id.count())}
","./code","C*E.1"
"MedicationAdministration.dosage.method.coding:unitDigit2.display","MedicationAdministration.dosage.method.coding.display","","","",0,1,"","","Y","string {[]} {[]}
","Representation defined by the system","A representation of the meaning of the code in the system, following the rules of the system.","","Need to be able to carry a human-readable meaning of the code for readers that do not know  the system.","","","","","","","",,,,,"",,,,"Coding.display",0,1,"","ele-1:All FHIR elements must have a @value or children {hasValue() or (children().count() > id.count())}
","CV.displayName","C*E.2 - but note this is not well followed"
"MedicationAdministration.dosage.method.coding:unitDigit2.userSelected","MedicationAdministration.dosage.method.coding.userSelected","","","",0,1,"","","Y","boolean {[]} {[]}
","If this coding was chosen directly by the user","Indicates that this coding was chosen by a user directly - e.g. off a pick list of available items (codes or displays).","Amongst a set of alternatives, a directly chosen code is the most appropriate starting point for new translations. There is some ambiguity about what exactly 'directly chosen' implies, and trading partner agreement may be needed to clarify the use of this element and its consequences more completely.","This has been identified as a clinical safety criterium - that this exact system/code pair was chosen explicitly, rather than inferred by the system based on some rules or language processing.","","","","","","","",,,,,"",,,,"Coding.userSelected",0,1,"","ele-1:All FHIR elements must have a @value or children {hasValue() or (children().count() > id.count())}
","CD.codingRationale","Sometimes implied by being first"
"MedicationAdministration.dosage.method.text","MedicationAdministration.dosage.method.text","","","",0,1,"","","Y","string {[]} {[]}
","投与⽅法のテキスト表現","投与⽅法のテキスト表現。コードで指定できない場合、本要素で文字列として指定してもよい。","textエレメントはcodingのdisplayNameエレメントと一致することがよくある。","ターミノロジー由来のコードは必ずしも人間が使う言葉の全てのニュアンスを含めた正確な意味を捉えているわけではなく、適切なコードが見つからない場合もある。そのような場合でもtextエレメントは元々の意味のすべてを捉えるために使うことができる。","","","","","","","",,,,,"",,,,"CodeableConcept.text",0,1,"","ele-1:All FHIR elements must have a @value or children {hasValue() or (children().count() > id.count())}
","./originalText[mediaType/code=""text/plain""]/data","C*E.9. But note many systems use C*E.2 for this"
"MedicationAdministration.dosage.dose","MedicationAdministration.dosage.dose","","","",0,1,"","","","Quantity {[CanonicalType[http://jpfhir.jp/fhir/core/StructureDefinition/JP_MedicationSimpleQuantity]]} {[]}
","Amount of medication per dose　用量あたりの投薬量","The amount of the medication given at one administration event.   Use this value when the administration is essentially an instantaneous event such as a swallowing a tablet or giving an injection.

1回の投与イベントで投与される薬剤の量。この値は、投与が錠剤の飲み込みや注射などの本質的に瞬間的なイベントである場合に使用する。","薬剤に関する簡易的な数量と単位を定めている。ValueおよびCodeを必須とし、comparatorは記述不可。単位についてはMERIT9医薬品単位略号の利用を推進している。(**SHOULD**)","","","","","","","","",,,,,"",,,,"MedicationAdministration.dosage.dose",0,1,"ele-1
","ele-1:All FHIR elements must have a @value or children {hasValue() or (children().count() > id.count())}
qty-3:If a code for the unit is present, the system SHALL also be present {code.empty() or system.exists()}sqty-1:The comparator is not used on a SimpleQuantity {comparator.empty()}","n/a","PQ, IVL<PQ>, MO, CO, depending on the values","SN (see also Range) or CQ"
"MedicationAdministration.dosage.rate[x]","MedicationAdministration.dosage.rate[x]","","","",0,1,"","","","Ratio {[]} {[]}
Quantity {[CanonicalType[http://hl7.org/fhir/StructureDefinition/SimpleQuantity]]} {[]}","Dose quantity per unit of time　単位時間あたりの用量","Identifies the speed with which the medication was or will be introduced into the patient.  Typically, the rate for an infusion e.g. 100 ml per 1 hour or 100 ml/hr.  May also be expressed as a rate per unit of time, e.g. 500 ml per 2 hours.  Other examples:  200 mcg/min or 200 mcg/1 minute; 1 liter/8 hours.

薬が患者に導入された、または導入される予定の速度を識別する。
通常、注入の速度。 1時間あたり100mlまたは100ml/時。単位時間あたりのレートとして表すこともできる。 2時間あたり500ml。その他の例：200mcg/分または200mcg/1分。 1リットル/8時間。","If the rate changes over time, and you want to capture this in MedicationAdministration, then each change should be captured as a distinct MedicationAdministration, with a specific MedicationAdministration.dosage.rate, and the date time when the rate change occurred. Typically, the MedicationAdministration.dosage.rate element is not used to convey an average rate.

レートが時間の経過とともに変化し、これをMedicationAdministrationで記述する場合は、各変更を、特定のMedicationAdministration.dosage.rateと、レート変更が発生した日時を使用して、個別のMedicationAdministrationとして記述する必要がある。通常、MedicationAdministration.dosage.rate要素は、平均レートを伝達するためには使用されない。","","","","","","","","",,,,,"","type:$this}
","",,"closed","MedicationAdministration.dosage.rate[x]",0,1,"","ele-1:All FHIR elements must have a @value or children {hasValue() or (children().count() > id.count())}
",".rateQuantity","RXA-12-Administered Per (Time Unit)"
"MedicationAdministration.dosage.rate[x]:rateRatio","MedicationAdministration.dosage.rate[x]","rateRatio","","",0,1,"","","","Ratio {[CanonicalType[http://jpfhir.jp/fhir/core/StructureDefinition/JP_MedicationRatio]]} {[]}
","単位時間あたり薬剤の投与量","単位時間あたり薬剤の投与量","単位時間あたり薬剤の投与量について薬剤単位をバインディングした型である。","","","","","","","","",,,,,"",,,,"MedicationAdministration.dosage.rate[x]",0,1,"ele-1
","ele-1:All FHIR elements must have a @value or children {hasValue() or (children().count() > id.count())}
rat-1:Numerator and denominator SHALL both be present, or both are absent. If both are absent, there SHALL be some extension present {(numerator.empty() xor denominator.exists()) and (numerator.exists() or extension.exists())}","n/a","RTO","N/A"
"MedicationAdministration.dosage.rate[x]:rateQuantity","MedicationAdministration.dosage.rate[x]","rateQuantity","","",0,1,"","","","Quantity {[CanonicalType[http://jpfhir.jp/fhir/core/StructureDefinition/JP_MedicationSimpleQuantity]]} {[]}
","薬剤に関する数量と単位を定めた簡易データイプ","薬剤に関する数量と単位を定めた簡易データイプ","薬剤に関する簡易的な数量と単位を定めている。ValueおよびCodeを必須とし、comparatorは記述不可。単位についてはMERIT9医薬品単位略号の利用を推進している。(**SHOULD**)","","","","","","","","",,,,,"",,,,"MedicationAdministration.dosage.rate[x]",0,1,"ele-1
","ele-1:All FHIR elements must have a @value or children {hasValue() or (children().count() > id.count())}
qty-3:If a code for the unit is present, the system SHALL also be present {code.empty() or system.exists()}sqty-1:The comparator is not used on a SimpleQuantity {comparator.empty()}","n/a","PQ, IVL<PQ>, MO, CO, depending on the values","SN (see also Range) or CQ"
"MedicationAdministration.eventHistory","MedicationAdministration.eventHistory","","","",0,*,"","","","Reference {[]} {[CanonicalType[http://hl7.org/fhir/StructureDefinition/Provenance]]}
","A list of events of interest in the lifecycle　ライフサイクルで関心のあるイベントのリスト","A summary of the events of interest that have occurred, such as when the administration was verified.

投与が確認されたときなど、発生した関連のあるベントのサマリー。","This might not include provenances for all versions of the request – only those deemed “relevant” or important. This SHALL NOT include the Provenance associated with this current version of the resource. (If that provenance is deemed to be a “relevant” change, it will need to be added as part of a later update. Until then, it can be queried directly as the Provenance that points to this version using _revinclude All Provenances should have some historical version of this Request as their subject.","","","","","","","","",,,,,"",,,,"MedicationAdministration.eventHistory",0,*,"","ele-1:All FHIR elements must have a @value or children {hasValue() or (children().count() > id.count())}
",".inboundRelationship(typeCode=SUBJ].source[classCode=CACT, moodCode=EVN]"
