"Id","Path","Slice Name","Alias(s)","Label","Min","Max","Must Support?","Is Modifier?","Is Summary?","Type(s)","Short","Definition","Comments","Requirements","Default Value","Meaning When Missing","Fixed Value","Pattern","Example","Minimum Value","Maximum Value","Maximum Length","Binding Strength","Binding Description","Binding Value Set","Code","Slicing Discriminator","Slicing Description","Slicing Ordered","Slicing Rules","Base Path","Base Min","Base Max","Condition(s)","Constraint(s)","Mapping: RIM Mapping","Mapping: HL7 v2 Mapping"
"Dosage","Dosage","","","",0,*,"","","","","How the medication is/was taken or should be taken","Indicates how the medication is/was taken or should be taken by the patient.","","","","","","","","","",,,,,"",,,,"Dosage",0,*,"","ele-1:All FHIR elements must have a @value or children {hasValue() or (children().count() > id.count())}
","n/a",".outboundRelationship[typeCode=COMP].target[classCode=SBADM, moodCode=INT]"
"Dosage.id","Dosage.id","","","",0,1,"","","","string {[]} {[]}
","Unique id for inter-element referencing","Unique id for the element within a resource (for internal references). This may be any string value that does not contain spaces.","","","","","","","","","",,,,,"",,,,"Element.id",0,1,"","","n/a"
"Dosage.extension","Dosage.extension","","extensions
user content","",0,*,"","","","Extension {[]} {[]}
","Additional content defined by implementations","May be used to represent additional information that is not part of the basic definition of the element. To make the use of extensions safe and manageable, there is a strict set of governance  applied to the definition and use of extensions. Though any implementer can define an extension, there is a set of requirements that SHALL be met as part of the definition of the extension.","There can be no stigma associated with the use of extensions by any application, project, or standard - regardless of the institution or jurisdiction that uses or defines the extensions.  The use of extensions is what allows the FHIR specification to retain a core level of simplicity for everyone.","","","","","","","","",,,,,"","value:url}
","Extensions are always sliced by (at least) url",,"open","Element.extension",0,*,"","ele-1:All FHIR elements must have a @value or children {hasValue() or (children().count() > id.count())}
ext-1:Must have either extensions or value[x], not both {extension.exists() != value.exists()}","n/a"
"Dosage.extension:periodOfUse","Dosage.extension","periodOfUse","","",0,0,"","","","Extension {[CanonicalType[http://jpfhir.jp/fhir/core/Extension/StructureDefinition/JP_MedicationRequest_DosageInstruction_PeriodOfUse]]} {[]}
","投与期間の開始日を明示するための拡張","MedicationRequestの投与期間の開始日を明示するための拡張","","","","","","","","","",,,,,"",,,,"Element.extension",0,*,"","ele-1:All FHIR elements must have a @value or children {hasValue() or (children().count() > id.count())}
ext-1:Must have either extensions or value[x], not both {extension.exists() != value.exists()}"
"Dosage.extension:usageDuration","Dosage.extension","usageDuration","","",0,0,"","","","Extension {[CanonicalType[http://jpfhir.jp/fhir/core/Extension/StructureDefinition/JP_MedicationRequest_DosageInstruction_UsageDuration]]} {[]}
","実投与日数","隔日投与などで実投与日数と処方期間が異なる場合に用いられる。","","","","","","","","","",,,,,"",,,,"Element.extension",0,*,"","ele-1:All FHIR elements must have a @value or children {hasValue() or (children().count() > id.count())}
ext-1:Must have either extensions or value[x], not both {extension.exists() != value.exists()}"
"Dosage.extension:line","Dosage.extension","line","","",0,*,"","","","Extension {[CanonicalType[http://jpfhir.jp/fhir/core/Extension/StructureDefinition/JP_MedicationRequest_DosageInstruction_Line]]} {[]}
","指示ライン","指示ラインを格納する拡張","","","","","","","","","",,,,,"",,,,"Element.extension",0,*,"","ele-1:All FHIR elements must have a @value or children {hasValue() or (children().count() > id.count())}
ext-1:Must have either extensions or value[x], not both {extension.exists() != value.exists()}"
"Dosage.extension:device","Dosage.extension","device","","",0,*,"","","","Extension {[CanonicalType[http://jpfhir.jp/fhir/core/Extension/StructureDefinition/JP_MedicationRequest_DosageInstruction_Device]]} {[]}
","投与装置","投与装置を格納する拡張","","","","","","","","","",,,,,"",,,,"Element.extension",0,*,"","ele-1:All FHIR elements must have a @value or children {hasValue() or (children().count() > id.count())}
ext-1:Must have either extensions or value[x], not both {extension.exists() != value.exists()}"
"Dosage.modifierExtension","Dosage.modifierExtension","","extensions
user contentmodifiers","",0,*,"","Y","Y","Extension {[]} {[]}
","Extensions that cannot be ignored even if unrecognized","May be used to represent additional information that is not part of the basic definition of the element and that modifies the understanding of the element in which it is contained and/or the understanding of the containing element's descendants. Usually modifier elements provide negation or qualification. To make the use of extensions safe and manageable, there is a strict set of governance applied to the definition and use of extensions. Though any implementer can define an extension, there is a set of requirements that SHALL be met as part of the definition of the extension. Applications processing a resource are required to check for modifier extensions.

Modifier extensions SHALL NOT change the meaning of any elements on Resource or DomainResource (including cannot change the meaning of modifierExtension itself).","There can be no stigma associated with the use of extensions by any application, project, or standard - regardless of the institution or jurisdiction that uses or defines the extensions.  The use of extensions is what allows the FHIR specification to retain a core level of simplicity for everyone.","Modifier extensions allow for extensions that *cannot* be safely ignored to be clearly distinguished from the vast majority of extensions which can be safely ignored.  This promotes interoperability by eliminating the need for implementers to prohibit the presence of extensions. For further information, see the [definition of modifier extensions](http://hl7.org/fhir/R4/extensibility.html#modifierExtension).","","","","","","","",,,,,"",,,,"BackboneElement.modifierExtension",0,*,"","ele-1:All FHIR elements must have a @value or children {hasValue() or (children().count() > id.count())}
ext-1:Must have either extensions or value[x], not both {extension.exists() != value.exists()}","N/A"
"Dosage.sequence","Dosage.sequence","","","",0,1,"","","Y","integer {[]} {[]}
","服用指示の順番","どの服用指示を適応するか判断するかについての順序を示したもの","32 bitの数値。これ以上の値であれば10進数を使うこと。","もし、複数の服用法(Dosage)でsequenceの数値が同じであれば、その指示が同時に扱われることを示している。sequenceの数値が異なれば、服用指示(Dosage)の順番を意図している。","","","","","","","",,,,,"",,,,"Dosage.sequence",0,1,"","ele-1:All FHIR elements must have a @value or children {hasValue() or (children().count() > id.count())}
",".text","TQ1-1"
"Dosage.text","Dosage.text","","","",0,1,"","","Y","string {[]} {[]}
","投与⽅法のテキスト表現","投与⽅法のテキスト表現。コードで指定できない場合、本要素で文字列として指定してもよい。","textエレメントはcodingのdisplayNameエレメントと一致することがよくある。","ターミノロジー由来のコードは必ずしも人間が使う言葉の全てのニュアンスを含めた正確な意味を捉えているわけではなく、適切なコードが見つからない場合もある。そのような場合でもtextエレメントは元々の意味のすべてを捉えるために使うことができる。","","","","","","","",,,,,"",,,,"Dosage.text",0,1,"","ele-1:All FHIR elements must have a @value or children {hasValue() or (children().count() > id.count())}
",".text","RXO-6; RXE-21"
"Dosage.additionalInstruction","Dosage.additionalInstruction","","","",0,*,"","","Y","CodeableConcept {[]} {[]}
","患者に対する補足指示や注意。たとえば、「食事と一緒に」「眠くなることがある」","どのように薬剤を内服するかについての患者への補足指示（たとえば、「食事と一緒に」や「30分から1時間前に内服」）や薬剤についての注意書き（たとえば、「眠くなることがある」や「日光や紫外線が皮膚にあたららないようにすること」）","薬剤投与や調剤についての情報（たとえば、「腹膜内ポートに可能な限り迅速に注入」や「薬剤Xの直後に」）であり、dosage.textにも複製されるべきである。","補足指示はコード化されるように意図されているが、コードがない場合はエレメントはテキストだけで表現することができる。たとえば、「大量の水で服用する」という指示はコード化されていることもあれば、されていないことおある。","","","","","","","",,"preferred","","http://jpfhir.jp/fhir/Common/ValueSet/JP_MedicationUsageJAMIAdditional_VS","",,,,"Dosage.additionalInstruction",0,*,"","ele-1:All FHIR elements must have a @value or children {hasValue() or (children().count() > id.count())}
",".text","RXO-7"
"Dosage.patientInstruction","Dosage.patientInstruction","","","",0,1,"","","Y","string {[]} {[]}
","患者あるいは消費者向けの指示","患者あるいは消費者に理解してもらうための指示。","FHIRの文字列は1MB以上の大きさとなってなはらない(SHALL NOT)。","","","","","","","","",,,,,"",,,,"Dosage.patientInstruction",0,1,"","ele-1:All FHIR elements must have a @value or children {hasValue() or (children().count() > id.count())}
",".text","RXO-7"
"Dosage.timing","Dosage.timing","","","",0,1,"","","","Timing {[CanonicalType[http://jpfhir.jp/fhir/core/StructureDefinition/JP_MedicationTiming]]} {[]}
","投与タイミング","投与タイミングを記録する。","Describes the occurrence of an event that may occur multiple times. Timing schedules are used for specifying when events are expected or requested to occur, and may also be used to represent the summary of a past or ongoing event.  For simplicity, the definitions of Timing components are expressed as 'future' events, but such components can also be used to describe historic or ongoing events.

A Timing schedule can be a list of events and/or criteria for when the event happens, which can be expressed in a structured form and/or as a code. When both event and a repeating specification are provided, the list of events should be understood as an interpretation of the information in the repeat structure.","The timing schedule for giving the medication to the patient. This  data type allows many different expressions. For example: ""Every 8 hours""; ""Three times a day""; ""1/2 an hour before breakfast for 10 days from 23-Dec 2011:""; ""15 Oct 2013, 17 Oct 2013 and 1 Nov 2013"".  Sometimes, a rate can imply duration when expressed as total volume / duration (e.g.  500mL/2 hours implies a duration of 2 hours).  However, when rate doesn't imply duration (e.g. 250mL/hour), then the timing.repeat.duration is needed to convey the infuse over time period.","","","","","","","",,,,,"",,,,"Dosage.timing",0,1,"","ele-1:All FHIR elements must have a @value or children {hasValue() or (children().count() > id.count())}
","n/a","QSET<TS> (GTS)","N/A"
"Dosage.timing.id","Dosage.timing.id","","","",0,1,"","","","string {[]} {[]}
","Unique id for inter-element referencing","Unique id for the element within a resource (for internal references). This may be any string value that does not contain spaces.","","","","","","","","","",,,,,"",,,,"Element.id",0,1,"","","n/a"
"Dosage.timing.extension","Dosage.timing.extension","","extensions
user content","",0,*,"","","","Extension {[]} {[]}
","Additional content defined by implementations","May be used to represent additional information that is not part of the basic definition of the element. To make the use of extensions safe and manageable, there is a strict set of governance  applied to the definition and use of extensions. Though any implementer can define an extension, there is a set of requirements that SHALL be met as part of the definition of the extension.","There can be no stigma associated with the use of extensions by any application, project, or standard - regardless of the institution or jurisdiction that uses or defines the extensions.  The use of extensions is what allows the FHIR specification to retain a core level of simplicity for everyone.","","","","","","","","",,,,,"","value:url}
","Extensions are always sliced by (at least) url",,"open","Element.extension",0,*,"","ele-1:All FHIR elements must have a @value or children {hasValue() or (children().count() > id.count())}
ext-1:Must have either extensions or value[x], not both {extension.exists() != value.exists()}","n/a"
"Dosage.timing.modifierExtension","Dosage.timing.modifierExtension","","extensions
user contentmodifiers","",0,*,"","Y","Y","Extension {[]} {[]}
","Extensions that cannot be ignored even if unrecognized","May be used to represent additional information that is not part of the basic definition of the element and that modifies the understanding of the element in which it is contained and/or the understanding of the containing element's descendants. Usually modifier elements provide negation or qualification. To make the use of extensions safe and manageable, there is a strict set of governance applied to the definition and use of extensions. Though any implementer can define an extension, there is a set of requirements that SHALL be met as part of the definition of the extension. Applications processing a resource are required to check for modifier extensions.

Modifier extensions SHALL NOT change the meaning of any elements on Resource or DomainResource (including cannot change the meaning of modifierExtension itself).","There can be no stigma associated with the use of extensions by any application, project, or standard - regardless of the institution or jurisdiction that uses or defines the extensions.  The use of extensions is what allows the FHIR specification to retain a core level of simplicity for everyone.","Modifier extensions allow for extensions that *cannot* be safely ignored to be clearly distinguished from the vast majority of extensions which can be safely ignored.  This promotes interoperability by eliminating the need for implementers to prohibit the presence of extensions. For further information, see the [definition of modifier extensions](http://hl7.org/fhir/R4/extensibility.html#modifierExtension).","","","","","","","",,,,,"",,,,"BackboneElement.modifierExtension",0,*,"","ele-1:All FHIR elements must have a @value or children {hasValue() or (children().count() > id.count())}
ext-1:Must have either extensions or value[x], not both {extension.exists() != value.exists()}","N/A"
"Dosage.timing.event","Dosage.timing.event","","","",0,*,"","","Y","dateTime {[]} {[]}
","服用もしくは注射を行なうタイミングを示す時刻","服用タイミングを具体的な日時で指定する場合に使用する","","In a Medication Administration Record, for instance, you need to take a general specification, and turn it into a precise specification.","","","","","","","",,,,,"",,,,"Timing.event",0,*,"","ele-1:All FHIR elements must have a @value or children {hasValue() or (children().count() > id.count())}
","QLIST<TS>"
"Dosage.timing.repeat","Dosage.timing.repeat","","","",0,1,"","","Y","Element {[]} {[]}
","イベントが発生する時刻","イベントがスケジュールされたルールについての記述。","","スケジュールされたタイミングの多くは規則的な繰り返しで決定されている。","","","","","","","",,,,,"",,,,"Timing.repeat",0,1,"","ele-1:All FHIR elements must have a @value or children {hasValue() or (children().count() > id.count())}
tim-1:if there's a duration, there needs to be duration units {duration.empty() or durationUnit.exists()}tim-2:if there's a period, there needs to be period units {period.empty() or periodUnit.exists()}tim-4:duration SHALL be a non-negative value {duration.exists() implies duration >= 0}tim-5:period SHALL be a non-negative value {period.exists() implies period >= 0}tim-6:If there's a periodMax, there must be a period {periodMax.empty() or period.exists()}tim-7:If there's a durationMax, there must be a duration {durationMax.empty() or duration.exists()}tim-8:If there's a countMax, there must be a count {countMax.empty() or count.exists()}tim-9:If there's an offset, there must be a when (and not C, CM, CD, CV) {offset.empty() or (when.exists() and ((when in ('C' | 'CM' | 'CD' | 'CV')).not()))}tim-10:If there's a timeOfDay, there cannot be a when, or vice versa {timeOfDay.empty() or when.empty()}","Implies PIVL or EIVL"
"Dosage.timing.repeat.id","Dosage.timing.repeat.id","","","",0,1,"","","","string {[]} {[]}
","Unique id for inter-element referencing","Unique id for the element within a resource (for internal references). This may be any string value that does not contain spaces.","","","","","","","","","",,,,,"",,,,"Element.id",0,1,"","","n/a"
"Dosage.timing.repeat.extension","Dosage.timing.repeat.extension","","extensions
user content","",0,*,"","","","Extension {[]} {[]}
","Additional content defined by implementations","May be used to represent additional information that is not part of the basic definition of the element. To make the use of extensions safe and manageable, there is a strict set of governance  applied to the definition and use of extensions. Though any implementer can define an extension, there is a set of requirements that SHALL be met as part of the definition of the extension.","There can be no stigma associated with the use of extensions by any application, project, or standard - regardless of the institution or jurisdiction that uses or defines the extensions.  The use of extensions is what allows the FHIR specification to retain a core level of simplicity for everyone.","","","","","","","","",,,,,"","value:url}
","Extensions are always sliced by (at least) url",,"open","Element.extension",0,*,"","ele-1:All FHIR elements must have a @value or children {hasValue() or (children().count() > id.count())}
ext-1:Must have either extensions or value[x], not both {extension.exists() != value.exists()}","n/a"
"Dosage.timing.repeat.bounds[x]","Dosage.timing.repeat.bounds[x]","","","",0,1,"","","Y","Duration {[]} {[]}
Range {[]} {[]}Period {[]} {[]}","服用・注射開始日から服用・注射終了日までの全日数","服用・注射開始日から服用・注射終了日までの全日数。実投与日数ではないことに注意する。","","","","","","","","","",,,,,"",,,,"Timing.repeat.bounds[x]",0,1,"","ele-1:All FHIR elements must have a @value or children {hasValue() or (children().count() > id.count())}
","IVL(TS) used in a QSI"
"Dosage.timing.repeat.count","Dosage.timing.repeat.count","","","",0,1,"","","Y","positiveInt {[]} {[]}
","繰り返し服用もしくは注射回数","Timing仕様の全てにおいて、特定の期間に繰り返されるように指定された総回数。もし、countMaxが設定されていれば、このエレメントは許容される最低限度の回数を示す。","回数に上限、下限の範囲がある場合は、このcountで示される回数が起きるまでは、エレメントは範囲の中にあると解釈されるべきである。","Repetitions may be limited by end time or total occurrences.","","","","","","","",,,,,"",,,,"Timing.repeat.count",0,1,"","ele-1:All FHIR elements must have a @value or children {hasValue() or (children().count() > id.count())}
","PIVL.count"
"Dosage.timing.repeat.countMax","Dosage.timing.repeat.countMax","","","",0,1,"","","Y","positiveInt {[]} {[]}
","繰り返しの最大回数","このエレメントが設定されている場合は、回数に範囲があることを示している。したがって、[count]から[countmax]までの回数で繰り返される。","32bit整数。もし、値がこれを超える場合はdecimalで記録される。","","","","","","","","",,,,,"",,,,"Timing.repeat.countMax",0,1,"","ele-1:All FHIR elements must have a @value or children {hasValue() or (children().count() > id.count())}
","PIVL.count"
"Dosage.timing.repeat.duration","Dosage.timing.repeat.duration","","","",0,1,"","","Y","decimal {[]} {[]}
","継続時間","投与されるタイミングが発生している時間。もし、durationMaxが設定されていれば、このエレメントは許容される継続時間の下限を示す。","継続時間はイベントの定義の一部（たとえば、静脈注射(IV)では特定の量と速度が明示される)として示されることがある。その他、Timing仕様の一部（たとえば、運動）として示されることもある。","アクティビティによっては即時的なものではなく、その期間において維持される必要がある。","","","","","","","",,,,,"",,,,"Timing.repeat.duration",0,1,"","ele-1:All FHIR elements must have a @value or children {hasValue() or (children().count() > id.count())}
","PIVL.phase"
"Dosage.timing.repeat.durationMax","Dosage.timing.repeat.durationMax","","","",0,1,"","","Y","decimal {[]} {[]}
","継続時間(最大値)","もし、このエレメントに値が設定されていれば、durationには範囲があることを示している。したがって、[duration]から[durationMax]までの継続時間の範囲で投与される。","継続時間はイベントの定義の一部（たとえば、静脈注射(IV)では特定の量と速度が明示される)として示されることがある。その他、Timing仕様の一部（たとえば、運動）として示されることもある。","アクティビティによっては即時的なものではなく、その期間において維持される必要がある。","","","","","","","",,,,,"",,,,"Timing.repeat.durationMax",0,1,"","ele-1:All FHIR elements must have a @value or children {hasValue() or (children().count() > id.count())}
","PIVL.phase"
"Dosage.timing.repeat.durationUnit","Dosage.timing.repeat.durationUnit","","","",0,1,"","","Y","code {[]} {[]}
","s | min | h | d | wk | mo | a - unit of time (UCUM)","UCUM単位で表される継続時間についての単位。","FHIRの文字列は1MB以上の大きさとなってなはらない(SHALL NOT)。","","","","","","","","",,"required","A unit of time (units from UCUM).","http://hl7.org/fhir/ValueSet/units-of-time|4.0.1","",,,,"Timing.repeat.durationUnit",0,1,"","ele-1:All FHIR elements must have a @value or children {hasValue() or (children().count() > id.count())}
","PIVL.phase.unit"
"Dosage.timing.repeat.frequency","Dosage.timing.repeat.frequency","","","",0,1,"","","Y","positiveInt {[]} {[]}
","期間内にイベントが発生する回数、頻度","特定の期間に繰り返して発生した行為の回数。もし、frequencyMaxが設定されていれば、このエレメントはfrequencyとして認められた下限を示す。","32ビットの数値。もし、値がそれを上回るようであればdecimalを使用する。","","","If no frequency is stated, the assumption is that the event occurs once per period, but systems SHOULD always be specific about this","","","","","",,,,,"",,,,"Timing.repeat.frequency",0,1,"","ele-1:All FHIR elements must have a @value or children {hasValue() or (children().count() > id.count())}
","PIVL.phase"
"Dosage.timing.repeat.frequencyMax","Dosage.timing.repeat.frequencyMax","","","",0,1,"","","Y","positiveInt {[]} {[]}
","期間内にイベントが発生する最大回数、最大頻度","このエレメントに値が設定されていれば、frequencyには範囲が指定されている。つまり、期間あるいは期間の範囲内に[frequency]から[frequencyMax]回繰り返されることを示している。","32ビットの数値。もし、値がそれを上回るようであればdecimalを使用する。","","","","","","","","",,,,,"",,,,"Timing.repeat.frequencyMax",0,1,"","ele-1:All FHIR elements must have a @value or children {hasValue() or (children().count() > id.count())}
","PIVL.phase"
"Dosage.timing.repeat.period","Dosage.timing.repeat.period","","","",0,1,"","","Y","decimal {[]} {[]}
","イベントが発生する頻度に対応する期間","繰り返し投与が行われる期間を示す。たとえば、「1日3回」であれば、3は繰り返しの頻度(frequency)であり、「1日」が期間(period)である。もし、periodMaxに値が設定されていれば、このエレメントは期間として認められた範囲の下限を示す。","IEEEの浮動小数点型を使わずに、小数点も含むdecimal型のようなものを利用すること（たとえばJavaのBigInteger)。","","","","","","","","",,,,,"",,,,"Timing.repeat.period",0,1,"","ele-1:All FHIR elements must have a @value or children {hasValue() or (children().count() > id.count())}
","PIVL.phase"
"Dosage.timing.repeat.periodMax","Dosage.timing.repeat.periodMax","","","",0,1,"","","Y","decimal {[]} {[]}
","期間の上限（3-4時間）","もし、この値が設定されていれば、期間は[period]から[periodMax]までであることを示し、「3-5日に1回投与」のような表現が認められる。","IEEEの浮動小数点型を使わずに、小数点の制度も示すdecimal型のようなものを利用すること（たとえばJavaのBigInteger)。","","","","","","","","",,,,,"",,,,"Timing.repeat.periodMax",0,1,"","ele-1:All FHIR elements must have a @value or children {hasValue() or (children().count() > id.count())}
","PIVL.phase"
"Dosage.timing.repeat.periodUnit","Dosage.timing.repeat.periodUnit","","","",0,1,"","","Y","code {[]} {[]}
","s | min | h | d | wk | mo | a - unit of time (UCUM)","期間を表すUCUM単位。","FHIRの文字列は1MB以上の大きさとなってなはらない(SHALL NOT)。","","","","","","","","",,"required","A unit of time (units from UCUM).","http://hl7.org/fhir/ValueSet/units-of-time|4.0.1","",,,,"Timing.repeat.periodUnit",0,1,"","ele-1:All FHIR elements must have a @value or children {hasValue() or (children().count() > id.count())}
","PIVL.phase.unit"
"Dosage.timing.repeat.dayOfWeek","Dosage.timing.repeat.dayOfWeek","","","",0,*,"","","Y","code {[]} {[]}
","mon | tue | wed | thu | fri | sat | sun","期間として1週間以上が指定されていれば、指定された曜日のみで投与が行われる。","曜日が指定されていなければ、他に指定された日には毎日投与されると想定される。frequencyとperiodエレメントはdayOfWeekと同じように使うことはできない。","","","","","","","","",,"required","","http://hl7.org/fhir/ValueSet/days-of-week|4.0.1","",,,,"Timing.repeat.dayOfWeek",0,*,"","ele-1:All FHIR elements must have a @value or children {hasValue() or (children().count() > id.count())}
","n/a"
"Dosage.timing.repeat.timeOfDay","Dosage.timing.repeat.timeOfDay","","","",0,*,"","","Y","time {[]} {[]}
","一日の間で投与される時刻","一日の間で指定された投与される時刻。","もし、このtimeOfDayに値が指定されていれば、毎日（daysOfWeekでフィルタされた曜日の）指定された時刻に投与されると推定される。whenやfrequency, periodエレメントはtimeOfDayとは同様に使うことはできない。","","","","","","","","",,,,,"",,,,"Timing.repeat.timeOfDay",0,*,"","ele-1:All FHIR elements must have a @value or children {hasValue() or (children().count() > id.count())}
","n/a"
"Dosage.timing.repeat.when","Dosage.timing.repeat.when","","","",0,*,"","","Y","code {[]} {[]}
","投薬期間についてのコード","一日の間のおおよその時間帯で投与すべきタイミングを示す。日常のイベントに関連付けられていることもある。","一つ以上のイベントが記載されている場合、そのイベントは特定のイベントの組み合わせと結びついている。","タイミングはしばしば起床や食事、睡眠などのできごとによってしばしば決定されている。","","","","","","","",,"required","Real world event relating to the schedule.","http://hl7.org/fhir/ValueSet/event-timing|4.0.1","",,,,"Timing.repeat.when",0,*,"","ele-1:All FHIR elements must have a @value or children {hasValue() or (children().count() > id.count())}
","EIVL.event"
"Dosage.timing.repeat.offset","Dosage.timing.repeat.offset","","","",0,1,"","","Y","unsignedInt {[]} {[]}
","イベントからの時間(分、前後）","イベントからの時間(分)。もし、分で示される時間がイベントのコードが前か後かを示していない場合、offsetはイベントの後であることが想定される。","32ビットの数値。もし、値がそれを上回るようであればdecimalを使用する。","","","","","","","","",,,,,"",,,,"Timing.repeat.offset",0,1,"","ele-1:All FHIR elements must have a @value or children {hasValue() or (children().count() > id.count())}
","EIVL.offset"
"Dosage.timing.code","Dosage.timing.code","","","",0,1,"","","Y","CodeableConcept {[]} {[]}
","BID | TID | QID | AM | PM | QD | QOD | +","スケジュール上のタイミングを表すコード（あるいはcode.text内のテキスト）。BID(1日2回)のようなコードはどこにでもあるが、多くの医療機関は付加的なコードを定義している。もし、コードが示されていれば、構造化されたタイミングで完全に示されたデータであると解釈され、コードまたはTimingを解釈するためのデータであると解釈される。しかし、例外的に.repeat.bounds（コードは含まれない)はコードを上書きして適用される。","BIDなどは「施設特有の時間」として定義される。たとえば、施設がBIDを「つねに朝7時と夕方6時」であると指定することがある。この指定が不適切であれば、BIDというコードは使うべきではない。その代わり、HL7が定義したBIDのコードではなく、その施設特有のコードで明示的に示すべきであり、構造化された表現を使うべきである（この場合、2回のイベントの時刻を指定する必要がある）。  
【JP Core仕様】頓用指示時にはJAMI処方・注射オーダ標準用法規格の表6 イベント区分、イベント詳細区分(“http://jpfhir.jp/fhir/Common/CodeSystem/JP_MedicationAsNeededConditionJAMI_CS”)を推奨するが、MERIT-9 処方オーダ 表5 頓用指示(“http://jpfhir.jp/fhir/Common/CodeSystem/JP_MedicationAsNeededConditionMERIT9_CS”) を使用してもよい。","","","","","","","","",,"preferred","","http://jpfhir.jp/fhir/Common/ValueSet/JP_MedicationUsageInjection_VS","",,,,"Timing.code",0,1,"","ele-1:All FHIR elements must have a @value or children {hasValue() or (children().count() > id.count())}
","QSC.code"
"Dosage.asNeeded[x]","Dosage.asNeeded[x]","","","",0,1,"","","Y","boolean {[]} {[]}
","「頓用」指示","【JP Core仕様】頓用型の用法を指定する場合に”true”を指定し、そのコードを指定する場合は用法コードとして指定する。
Medication(薬剤)が必要なときに指定された量とスケジュールのみで投薬するか（Booleanで選択される）、投薬する前提条件はTiming.Code(CodeableConcept)を示している。","Can express ""as needed"" without a reason by setting the Boolean = True.  In this case the CodeableConcept is not populated.  Or you can express ""as needed"" with a reason by including the CodeableConcept.  In this case the Boolean is assumed to be True.  If you set the Boolean to False, then the dose is given according to the schedule and is not ""prn"" or ""as needed"".","","","","","","","","",,,,,"",,,,"Dosage.asNeeded[x]",0,1,"","ele-1:All FHIR elements must have a @value or children {hasValue() or (children().count() > id.count())}
",".outboundRelationship[typeCode=PRCN].target[classCode=OBS, moodCode=EVN, code=""as needed""].value=boolean or codable concept","TQ1-9"
"Dosage.site","Dosage.site","","","",0,1,"","","Y","CodeableConcept {[]} {[]}
","投与される身体部位","投与される身体部位。外用薬で部位を指定する場合に使用する。","もし、BodySite resourceの属性が必要な場合(たとえば、部位の指定や別々に投与経路を設定する場合)は、[bodySite](extension-bodysite.html)の標準拡張を使うこと。要約コードや非常に正確な位置の定義へのreferenceを使用することもできる。  
【JP Core仕様】JAMI外用部位３桁コードを使用することが望ましいが、ローカルコードも使用可能。","A coded specification of the anatomic site where the medication first enters the body.","","","","","","","",,"preferred","","http://jpfhir.jp/fhir/Common/ValueSet/JP_MedicationBodySiteJAMIExternal_VS","",,,,"Dosage.site",0,1,"","ele-1:All FHIR elements must have a @value or children {hasValue() or (children().count() > id.count())}
",".approachSiteCode","RXR-2"
"Dosage.route","Dosage.route","","","",0,1,"","","Y","CodeableConcept {[]} {[]}
","投与経路","投与経路","投与経路の一般的パターンに全てのターミノロジーが適応しているわけではない。情報モデルはCodeableConceptではなく、直接Codingをを使用してテキストやコーディング、翻訳、そしてエレメントと事前条件、事後条件の関係について管理するためにその構造を提示する必要がある。  
【JP Core仕様】HL7表0162をベースにした投与経路コードを使用することが望ましいが、ローカルコードも使用可能。","A code specifying the route or physiological path of administration of a therapeutic agent into or onto a patient's body.","","","","","","","",,"preferred","","http://jpfhir.jp/fhir/Common/CodeSystem/JP_MedicationRouteHL70162_VS","",,,,"Dosage.route",0,1,"","ele-1:All FHIR elements must have a @value or children {hasValue() or (children().count() > id.count())}
",".routeCode","RXR-1"
"Dosage.method","Dosage.method","","","",0,1,"","","Y","CodeableConcept {[]} {[]}
","投与方法","投与方法","ターミノロジーは投与する経路あるいは剤型をあらかじめ指定するために用いられる。","コード化された値は体内に薬剤が投与される方法を示している。注射ではよく使われる。たとえば、緩徐に注入、深部に静注など。","","","","","","","",,"example","A coded concept describing the technique by which the medicine is administered.","http://hl7.org/fhir/ValueSet/administration-method-codes","",,,,"Dosage.method",0,1,"","ele-1:All FHIR elements must have a @value or children {hasValue() or (children().count() > id.count())}
",".doseQuantity","RXR-4"
"Dosage.method.id","Dosage.method.id","","","",0,1,"","","","string {[]} {[]}
","Unique id for inter-element referencing","Unique id for the element within a resource (for internal references). This may be any string value that does not contain spaces.","","","","","","","","","",,,,,"",,,,"Element.id",0,1,"","","n/a"
"Dosage.method.extension","Dosage.method.extension","","extensions
user content","",0,*,"","","","Extension {[]} {[]}
","Additional content defined by implementations","May be used to represent additional information that is not part of the basic definition of the element. To make the use of extensions safe and manageable, there is a strict set of governance  applied to the definition and use of extensions. Though any implementer can define an extension, there is a set of requirements that SHALL be met as part of the definition of the extension.","There can be no stigma associated with the use of extensions by any application, project, or standard - regardless of the institution or jurisdiction that uses or defines the extensions.  The use of extensions is what allows the FHIR specification to retain a core level of simplicity for everyone.","","","","","","","","",,,,,"","value:url}
","Extensions are always sliced by (at least) url",,"open","Element.extension",0,*,"","ele-1:All FHIR elements must have a @value or children {hasValue() or (children().count() > id.count())}
ext-1:Must have either extensions or value[x], not both {extension.exists() != value.exists()}","n/a"
"Dosage.method.coding","Dosage.method.coding","","","",0,*,"","","Y","Coding {[]} {[]}
","Code defined by a terminology system","A reference to a code defined by a terminology system.","Codes may be defined very casually in enumerations, or code lists, up to very formal definitions such as SNOMED CT - see the HL7 v3 Core Principles for more information.  Ordering of codings is undefined and SHALL NOT be used to infer meaning. Generally, at most only one of the coding values will be labeled as UserSelected = true.","Allows for alternative encodings within a code system, and translations to other code systems.","","","","","","","",,,,,"","value:system}
","",,"open","CodeableConcept.coding",0,*,"","ele-1:All FHIR elements must have a @value or children {hasValue() or (children().count() > id.count())}
","union(., ./translation)","C*E.1-8, C*E.10-22"
"Dosage.method.coding:unitDigit1","Dosage.method.coding","unitDigit1","","",0,1,"","","Y","Coding {[]} {[]}
","投与⽅法に対応するJAMI 用法コード表基本用法１桁コード","投与⽅法に対応するJAMI 用法コード表基本用法１桁コードを識別するURI。","コードは臨時で列記したものや、コードのリストからSNOMED CTのように公式に定義されたものまである（HL7 v3 core principle を参照)。FHIR自体ではコーディング規約を定めてはいないし、意味を暗示するために利用されない(SHALL NOT)。一般的に UserSelected = trueの場合には一つのコードシステムが使われる。","他のコードシステムへの変換や代替のコードシステムを使ってエンコードしてもよい。","","","","","","","",,"preferred","","http://jpfhir.jp/fhir/Common/ValueSet/JP_MedicationMethodJAMIBasicUsage_VS","",,,,"CodeableConcept.coding",0,*,"","ele-1:All FHIR elements must have a @value or children {hasValue() or (children().count() > id.count())}
","union(., ./translation)","C*E.1-8, C*E.10-22"
"Dosage.method.coding:unitDigit1.id","Dosage.method.coding.id","","","",0,1,"","","","string {[]} {[]}
","Unique id for inter-element referencing","Unique id for the element within a resource (for internal references). This may be any string value that does not contain spaces.","","","","","","","","","",,,,,"",,,,"Element.id",0,1,"","","n/a"
"Dosage.method.coding:unitDigit1.extension","Dosage.method.coding.extension","","extensions
user content","",0,*,"","","","Extension {[]} {[]}
","Additional content defined by implementations","May be used to represent additional information that is not part of the basic definition of the element. To make the use of extensions safe and manageable, there is a strict set of governance  applied to the definition and use of extensions. Though any implementer can define an extension, there is a set of requirements that SHALL be met as part of the definition of the extension.","There can be no stigma associated with the use of extensions by any application, project, or standard - regardless of the institution or jurisdiction that uses or defines the extensions.  The use of extensions is what allows the FHIR specification to retain a core level of simplicity for everyone.","","","","","","","","",,,,,"","value:url}
","Extensions are always sliced by (at least) url",,"open","Element.extension",0,*,"","ele-1:All FHIR elements must have a @value or children {hasValue() or (children().count() > id.count())}
ext-1:Must have either extensions or value[x], not both {extension.exists() != value.exists()}","n/a"
"Dosage.method.coding:unitDigit1.system","Dosage.method.coding.system","","","",1,1,"","","Y","uri {[]} {[]}
","Identity of the terminology system","The identification of the code system that defines the meaning of the symbol in the code.","The URI may be an OID (urn:oid:...) or a UUID (urn:uuid:...).  OIDs and UUIDs SHALL be references to the HL7 OID registry. Otherwise, the URI should come from HL7's list of FHIR defined special URIs or it should reference to some definition that establishes the system clearly and unambiguously.","Need to be unambiguous about the source of the definition of the symbol.","","","<valueUri xmlns=""http://hl7.org/fhir"" value=""urn:oid:1.2.392.200250.2.2.20.30""/>","","","","",,,,,"",,,,"Coding.system",0,1,"","ele-1:All FHIR elements must have a @value or children {hasValue() or (children().count() > id.count())}
","./codeSystem","C*E.3"
"Dosage.method.coding:unitDigit1.version","Dosage.method.coding.version","","","",0,1,"","","Y","string {[]} {[]}
","Version of the system - if relevant","The version of the code system which was used when choosing this code. Note that a well-maintained code system does not need the version reported, because the meaning of codes is consistent across versions. However this cannot consistently be assured, and when the meaning is not guaranteed to be consistent, the version SHOULD be exchanged.","Where the terminology does not clearly define what string should be used to identify code system versions, the recommendation is to use the date (expressed in FHIR date format) on which that version was officially published as the version date.","","","","","","","","",,,,,"",,,,"Coding.version",0,1,"","ele-1:All FHIR elements must have a @value or children {hasValue() or (children().count() > id.count())}
","./codeSystemVersion","C*E.7"
"Dosage.method.coding:unitDigit1.code","Dosage.method.coding.code","","","",0,1,"","","Y","code {[]} {[]}
","Symbol in syntax defined by the system","A symbol in syntax defined by the system. The symbol may be a predefined code or an expression in a syntax defined by the coding system (e.g. post-coordination).","","Need to refer to a particular code in the system.","","","","","","","",,,,,"",,,,"Coding.code",0,1,"","ele-1:All FHIR elements must have a @value or children {hasValue() or (children().count() > id.count())}
","./code","C*E.1"
"Dosage.method.coding:unitDigit1.display","Dosage.method.coding.display","","","",0,1,"","","Y","string {[]} {[]}
","Representation defined by the system","A representation of the meaning of the code in the system, following the rules of the system.","","Need to be able to carry a human-readable meaning of the code for readers that do not know  the system.","","","","","","","",,,,,"",,,,"Coding.display",0,1,"","ele-1:All FHIR elements must have a @value or children {hasValue() or (children().count() > id.count())}
","CV.displayName","C*E.2 - but note this is not well followed"
"Dosage.method.coding:unitDigit1.userSelected","Dosage.method.coding.userSelected","","","",0,1,"","","Y","boolean {[]} {[]}
","If this coding was chosen directly by the user","Indicates that this coding was chosen by a user directly - e.g. off a pick list of available items (codes or displays).","Amongst a set of alternatives, a directly chosen code is the most appropriate starting point for new translations. There is some ambiguity about what exactly 'directly chosen' implies, and trading partner agreement may be needed to clarify the use of this element and its consequences more completely.","This has been identified as a clinical safety criterium - that this exact system/code pair was chosen explicitly, rather than inferred by the system based on some rules or language processing.","","","","","","","",,,,,"",,,,"Coding.userSelected",0,1,"","ele-1:All FHIR elements must have a @value or children {hasValue() or (children().count() > id.count())}
","CD.codingRationale","Sometimes implied by being first"
"Dosage.method.coding:unitDigit2","Dosage.method.coding","unitDigit2","","",0,1,"","","Y","Coding {[]} {[]}
","投与⽅法に対応するJAMI 用法コード表基本用法2桁コード","投与⽅法に対応するJAMI 用法コード表基本用法2桁コードを識別するURI。２桁コードurn:oid:1.2.392.200250.2.2.20.40","コードは臨時で列記したものや、コードのリストからSNOMED CTのように公式に定義されたものまである（HL7 v3 core principle を参照)。FHIR自体ではコーディング規約を定めてはいないし、意味を暗示するために利用されない(SHALL NOT)。一般的に UserSelected = trueの場合には一つのコードシステムが使われる。","他のコードシステムへの変換や代替のコードシステムを使ってエンコードしてもよい。","","","","","","","",,"preferred","","http://jpfhir.jp/fhir/Common/ValueSet/JP_MedicationMethodJAMIDetailUsage_VS","",,,,"CodeableConcept.coding",0,*,"","ele-1:All FHIR elements must have a @value or children {hasValue() or (children().count() > id.count())}
","union(., ./translation)","C*E.1-8, C*E.10-22"
"Dosage.method.coding:unitDigit2.id","Dosage.method.coding.id","","","",0,1,"","","","string {[]} {[]}
","Unique id for inter-element referencing","Unique id for the element within a resource (for internal references). This may be any string value that does not contain spaces.","","","","","","","","","",,,,,"",,,,"Element.id",0,1,"","","n/a"
"Dosage.method.coding:unitDigit2.extension","Dosage.method.coding.extension","","extensions
user content","",0,*,"","","","Extension {[]} {[]}
","Additional content defined by implementations","May be used to represent additional information that is not part of the basic definition of the element. To make the use of extensions safe and manageable, there is a strict set of governance  applied to the definition and use of extensions. Though any implementer can define an extension, there is a set of requirements that SHALL be met as part of the definition of the extension.","There can be no stigma associated with the use of extensions by any application, project, or standard - regardless of the institution or jurisdiction that uses or defines the extensions.  The use of extensions is what allows the FHIR specification to retain a core level of simplicity for everyone.","","","","","","","","",,,,,"","value:url}
","Extensions are always sliced by (at least) url",,"open","Element.extension",0,*,"","ele-1:All FHIR elements must have a @value or children {hasValue() or (children().count() > id.count())}
ext-1:Must have either extensions or value[x], not both {extension.exists() != value.exists()}","n/a"
"Dosage.method.coding:unitDigit2.system","Dosage.method.coding.system","","","",1,1,"","","Y","uri {[]} {[]}
","Identity of the terminology system","The identification of the code system that defines the meaning of the symbol in the code.","The URI may be an OID (urn:oid:...) or a UUID (urn:uuid:...).  OIDs and UUIDs SHALL be references to the HL7 OID registry. Otherwise, the URI should come from HL7's list of FHIR defined special URIs or it should reference to some definition that establishes the system clearly and unambiguously.","Need to be unambiguous about the source of the definition of the symbol.","","","<valueUri xmlns=""http://hl7.org/fhir"" value=""urn:oid:1.2.392.200250.2.2.20.40""/>","","","","",,,,,"",,,,"Coding.system",0,1,"","ele-1:All FHIR elements must have a @value or children {hasValue() or (children().count() > id.count())}
","./codeSystem","C*E.3"
"Dosage.method.coding:unitDigit2.version","Dosage.method.coding.version","","","",0,1,"","","Y","string {[]} {[]}
","Version of the system - if relevant","The version of the code system which was used when choosing this code. Note that a well-maintained code system does not need the version reported, because the meaning of codes is consistent across versions. However this cannot consistently be assured, and when the meaning is not guaranteed to be consistent, the version SHOULD be exchanged.","Where the terminology does not clearly define what string should be used to identify code system versions, the recommendation is to use the date (expressed in FHIR date format) on which that version was officially published as the version date.","","","","","","","","",,,,,"",,,,"Coding.version",0,1,"","ele-1:All FHIR elements must have a @value or children {hasValue() or (children().count() > id.count())}
","./codeSystemVersion","C*E.7"
"Dosage.method.coding:unitDigit2.code","Dosage.method.coding.code","","","",0,1,"","","Y","code {[]} {[]}
","Symbol in syntax defined by the system","A symbol in syntax defined by the system. The symbol may be a predefined code or an expression in a syntax defined by the coding system (e.g. post-coordination).","","Need to refer to a particular code in the system.","","","","","","","",,,,,"",,,,"Coding.code",0,1,"","ele-1:All FHIR elements must have a @value or children {hasValue() or (children().count() > id.count())}
","./code","C*E.1"
"Dosage.method.coding:unitDigit2.display","Dosage.method.coding.display","","","",0,1,"","","Y","string {[]} {[]}
","Representation defined by the system","A representation of the meaning of the code in the system, following the rules of the system.","","Need to be able to carry a human-readable meaning of the code for readers that do not know  the system.","","","","","","","",,,,,"",,,,"Coding.display",0,1,"","ele-1:All FHIR elements must have a @value or children {hasValue() or (children().count() > id.count())}
","CV.displayName","C*E.2 - but note this is not well followed"
"Dosage.method.coding:unitDigit2.userSelected","Dosage.method.coding.userSelected","","","",0,1,"","","Y","boolean {[]} {[]}
","If this coding was chosen directly by the user","Indicates that this coding was chosen by a user directly - e.g. off a pick list of available items (codes or displays).","Amongst a set of alternatives, a directly chosen code is the most appropriate starting point for new translations. There is some ambiguity about what exactly 'directly chosen' implies, and trading partner agreement may be needed to clarify the use of this element and its consequences more completely.","This has been identified as a clinical safety criterium - that this exact system/code pair was chosen explicitly, rather than inferred by the system based on some rules or language processing.","","","","","","","",,,,,"",,,,"Coding.userSelected",0,1,"","ele-1:All FHIR elements must have a @value or children {hasValue() or (children().count() > id.count())}
","CD.codingRationale","Sometimes implied by being first"
"Dosage.method.text","Dosage.method.text","","","",0,1,"","","Y","string {[]} {[]}
","投与⽅法のテキスト表現","投与⽅法のテキスト表現。コードで指定できない場合、本要素で文字列として指定してもよい。","textエレメントはcodingのdisplayNameエレメントと一致することがよくある。","ターミノロジー由来のコードは必ずしも人間が使う言葉の全てのニュアンスを含めた正確な意味を捉えているわけではなく、適切なコードが見つからない場合もある。そのような場合でもtextエレメントは元々の意味のすべてを捉えるために使うことができる。","","","","","","","",,,,,"",,,,"CodeableConcept.text",0,1,"","ele-1:All FHIR elements must have a @value or children {hasValue() or (children().count() > id.count())}
","./originalText[mediaType/code=""text/plain""]/data","C*E.9. But note many systems use C*E.2 for this"
"Dosage.doseAndRate","Dosage.doseAndRate","","","",0,*,"","","Y","Element {[]} {[]}
","薬剤の投与量","薬剤が投与される量","","","","","","","","","",,,,,"",,,,"Dosage.doseAndRate",0,*,"","ele-1:All FHIR elements must have a @value or children {hasValue() or (children().count() > id.count())}
","TQ1-2"
"Dosage.doseAndRate.id","Dosage.doseAndRate.id","","","",0,1,"","","","string {[]} {[]}
","Unique id for inter-element referencing","Unique id for the element within a resource (for internal references). This may be any string value that does not contain spaces.","","","","","","","","","",,,,,"",,,,"Element.id",0,1,"","","n/a"
"Dosage.doseAndRate.extension","Dosage.doseAndRate.extension","","extensions
user content","",0,*,"","","","Extension {[]} {[]}
","Additional content defined by implementations","May be used to represent additional information that is not part of the basic definition of the element. To make the use of extensions safe and manageable, there is a strict set of governance  applied to the definition and use of extensions. Though any implementer can define an extension, there is a set of requirements that SHALL be met as part of the definition of the extension.","There can be no stigma associated with the use of extensions by any application, project, or standard - regardless of the institution or jurisdiction that uses or defines the extensions.  The use of extensions is what allows the FHIR specification to retain a core level of simplicity for everyone.","","","","","","","","",,,,,"","value:url}
","Extensions are always sliced by (at least) url",,"open","Element.extension",0,*,"","ele-1:All FHIR elements must have a @value or children {hasValue() or (children().count() > id.count())}
ext-1:Must have either extensions or value[x], not both {extension.exists() != value.exists()}","n/a"
"Dosage.doseAndRate.type","Dosage.doseAndRate.type","","","",0,1,"","","Y","CodeableConcept {[]} {[]}
","力価区分","力価区分","投与速度・量の一般的パターンに全てのターミノロジーが適応しているわけではない。情報モデルはCodeableConceptではなく、直接Codingをを使用してテキストやコーディング、翻訳、そしてエレメントと事前条件、事後条件の関係について管理するためにその構造を提示する必要がある。","このtypeに値が指定されていなければ、""ordered""であることが想定される。","","","","","","","",,"preferred","","http://jpfhir.jp/fhir/Common/ValueSet/JP_MedicationIngredientStrengthStrengthType_VS","",,,,"Dosage.doseAndRate.type",0,1,"","ele-1:All FHIR elements must have a @value or children {hasValue() or (children().count() > id.count())}
","RXO-21; RXE-23"
"Dosage.doseAndRate.dose[x]","Dosage.doseAndRate.dose[x]","","","",0,1,"","","","Quantity {[CanonicalType[http://hl7.org/fhir/StructureDefinition/SimpleQuantity]]} {[]}
","A fixed quantity (no comparator)","The comparator is not used on a SimpleQuantity","The context of use may frequently define what kind of quantity this is and therefore what kind of units can be used. The context of use may also restrict the values for the comparator.","The amount of therapeutic or other substance given at one administration event.","","","","","","","",,,,,"","type:$this}
","",,"closed","Dosage.doseAndRate.dose[x]",0,1,"ele-1
","ele-1:All FHIR elements must have a @value or children {hasValue() or (children().count() > id.count())}
qty-3:If a code for the unit is present, the system SHALL also be present {code.empty() or system.exists()}sqty-1:The comparator is not used on a SimpleQuantity {comparator.empty()}","n/a","PQ, IVL<PQ>, MO, CO, depending on the values","SN (see also Range) or CQ"
"Dosage.doseAndRate.dose[x]:doseQuantity","Dosage.doseAndRate.dose[x]","doseQuantity","","",0,1,"","","","Quantity {[CanonicalType[http://jpfhir.jp/fhir/core/StructureDefinition/JP_MedicationSimpleQuantity]]} {[]}
","1回投与量（体積）","1回投与量（体積）","この量は指定された薬剤の量を指定するものであって、各有効成分の量を指定するものではない。各成分の量はMedication resourceで伝えることができる。たとえば、有効成分が375mgである錠剤を1錠投与することを伝えたい場合、Medication resourceを利用して、XYZ成分が375mg含有しているという錠剤であることを文書化することができる。あるいは1回投与量が375mgであることを伝えるのであれば、Medication resourceをつかって単にそれが錠剤であることを示せばよい。もし、ドーパミンの静注を例に挙げて、400mgのドーパミンを500mlの注射溶液に混ぜて使うことを伝えたいのであれば、それをすべてMedication resourceで伝えることができる。もし、投与について即時に伝達することを意図していない（たとえば投与速度が示されていたり、投与時期に範囲があるような場合）のであれば、たとえば1回500mlを4時間以上かけて投与する予定を伝える場合にもMedication resourceで伝えることができる。  
【JP Core仕様】1回の投与量（体積）を指定する。単位はUCUMを使用する。","The amount of therapeutic or other substance given at one administration event.","","","","","","","",,,,,"",,,,"Dosage.doseAndRate.dose[x]",0,1,"ele-1
","ele-1:All FHIR elements must have a @value or children {hasValue() or (children().count() > id.count())}
qty-3:If a code for the unit is present, the system SHALL also be present {code.empty() or system.exists()}sqty-1:The comparator is not used on a SimpleQuantity {comparator.empty()}","n/a","PQ, IVL<PQ>, MO, CO, depending on the values","SN (see also Range) or CQ"
"Dosage.doseAndRate.rate[x]","Dosage.doseAndRate.rate[x]","","","",0,1,"","","Y","Ratio {[]} {[]}
","薬剤の投与量","薬剤が投与される量","It is possible to supply both a rate and a doseQuantity to provide full details about how the medication is to be administered and supplied. If the rate is intended to change over time, depending on local rules/regulations, each change should be captured as a new version of the MedicationRequest with an updated rate, or captured with a new MedicationRequest with the new rate.It is possible to specify a rate over time (for example, 100 ml/hour) using either the rateRatio and rateQuantity.  The rateQuantity approach requires systems to have the capability to parse UCUM grammer where ml/hour is included rather than a specific ratio where the time is specified as the denominator.  Where a rate such as 500ml over 2 hours is specified, the use of rateRatio may be more semantically correct than specifying using a rateQuantity of 250 mg/hour.","Identifies the speed with which the medication was or will be introduced into the patient. Typically the rate for an infusion e.g. 100 ml per 1 hour or 100 ml/hr.  May also be expressed as a rate per unit of time e.g. 500 ml per 2 hours.   Other examples: 200 mcg/min or 200 mcg/1 minute; 1 liter/8 hours.  Sometimes, a rate can imply duration when expressed as total volume / duration (e.g.  500mL/2 hours implies a duration of 2 hours).  However, when rate doesn't imply duration (e.g. 250mL/hour), then the timing.repeat.duration is needed to convey the infuse over time period.","","","","","","","",,,,,"","type:$this}
","",,"closed","Dosage.doseAndRate.rate[x]",0,1,"","ele-1:All FHIR elements must have a @value or children {hasValue() or (children().count() > id.count())}
",".rateQuantity","RXE22, RXE23, RXE-24"
"Dosage.doseAndRate.rate[x]:rateRatio","Dosage.doseAndRate.rate[x]","rateRatio","","",0,1,"","","","Ratio {[CanonicalType[http://jpfhir.jp/fhir/core/StructureDefinition/JP_MedicationRateRatio]]} {[]}
","単位時間内での薬剤の容量（体積）","単位時間内での薬剤の容量（体積）","【JP Core仕様】単位時間内での薬剤の容量（体積）、すなわち投与速度を記述する。単位はUCUMを使用する。","Identifies the speed with which the medication was or will be introduced into the patient. Typically the rate for an infusion e.g. 100 ml per 1 hour or 100 ml/hr.  May also be expressed as a rate per unit of time e.g. 500 ml per 2 hours.   Other examples: 200 mcg/min or 200 mcg/1 minute; 1 liter/8 hours.  Sometimes, a rate can imply duration when expressed as total volume / duration (e.g.  500mL/2 hours implies a duration of 2 hours).  However, when rate doesn't imply duration (e.g. 250mL/hour), then the timing.repeat.duration is needed to convey the infuse over time period.","","","","","","","",,,,,"",,,,"Dosage.doseAndRate.rate[x]",0,1,"ele-1
","ele-1:All FHIR elements must have a @value or children {hasValue() or (children().count() > id.count())}
rat-1:Numerator and denominator SHALL both be present, or both are absent. If both are absent, there SHALL be some extension present {(numerator.empty() xor denominator.exists()) and (numerator.exists() or extension.exists())}","n/a","RTO","N/A"
"Dosage.maxDosePerPeriod","Dosage.maxDosePerPeriod","","","",0,1,"","","","Ratio {[CanonicalType[http://jpfhir.jp/fhir/core/StructureDefinition/JP_MedicationRatio]]} {[]}
","単位時間あたり薬剤の投与量","単位時間あたり薬剤の投与量","単位時間あたり薬剤の投与量について薬剤単位をバインディングした型である。","The maximum total quantity of a therapeutic substance that may be administered to a subject over the period of time.  For example, 1000mg in 24 hours.","","","","","","","",,,,,"",,,,"Dosage.maxDosePerPeriod",0,1,"ele-1
","ele-1:All FHIR elements must have a @value or children {hasValue() or (children().count() > id.count())}
rat-1:Numerator and denominator SHALL both be present, or both are absent. If both are absent, there SHALL be some extension present {(numerator.empty() xor denominator.exists()) and (numerator.exists() or extension.exists())}","n/a","RTO","N/A"
"Dosage.maxDosePerAdministration","Dosage.maxDosePerAdministration","","","",0,1,"","","","Quantity {[CanonicalType[http://jpfhir.jp/fhir/core/StructureDefinition/JP_MedicationSimpleQuantity]]} {[]}
","薬剤に関する数量と単位を定めた簡易データイプ","薬剤に関する数量と単位を定めた簡易データイプ","薬剤に関する簡易的な数量と単位を定めている。ValueおよびCodeを必須とし、comparatorは記述不可。単位についてはMERIT9医薬品単位略号の利用を推進している。(**SHOULD**)","The maximum total quantity of a therapeutic substance that may be administered to a subject per administration.","","","","","","","",,,,,"",,,,"Dosage.maxDosePerAdministration",0,1,"ele-1
","ele-1:All FHIR elements must have a @value or children {hasValue() or (children().count() > id.count())}
qty-3:If a code for the unit is present, the system SHALL also be present {code.empty() or system.exists()}sqty-1:The comparator is not used on a SimpleQuantity {comparator.empty()}","n/a","PQ, IVL<PQ>, MO, CO, depending on the values","SN (see also Range) or CQ"
"Dosage.maxDosePerLifetime","Dosage.maxDosePerLifetime","","","",0,1,"","","","Quantity {[CanonicalType[http://jpfhir.jp/fhir/core/StructureDefinition/JP_MedicationSimpleQuantity]]} {[]}
","薬剤に関する数量と単位を定めた簡易データイプ","薬剤に関する数量と単位を定めた簡易データイプ","薬剤に関する簡易的な数量と単位を定めている。ValueおよびCodeを必須とし、comparatorは記述不可。単位についてはMERIT9医薬品単位略号の利用を推進している。(**SHOULD**)","The maximum total quantity of a therapeutic substance that may be administered per lifetime of the subject.","","","","","","","",,,,,"",,,,"Dosage.maxDosePerLifetime",0,1,"ele-1
","ele-1:All FHIR elements must have a @value or children {hasValue() or (children().count() > id.count())}
qty-3:If a code for the unit is present, the system SHALL also be present {code.empty() or system.exists()}sqty-1:The comparator is not used on a SimpleQuantity {comparator.empty()}","n/a","PQ, IVL<PQ>, MO, CO, depending on the values","SN (see also Range) or CQ"
