"Id","Path","Slice Name","Alias(s)","Label","Min","Max","Must Support?","Is Modifier?","Is Summary?","Type(s)","Short","Definition","Comments","Requirements","Default Value","Meaning When Missing","Fixed Value","Pattern","Example","Minimum Value","Maximum Value","Maximum Length","Binding Strength","Binding Description","Binding Value Set","Code","Slicing Discriminator","Slicing Description","Slicing Ordered","Slicing Rules","Base Path","Base Min","Base Max","Condition(s)","Constraint(s)","Mapping: Workflow Pattern","Mapping: HL7 v2 Mapping","Mapping: RIM Mapping","Mapping: FiveWs Pattern Mapping","Mapping: Quality Improvement and Clinical Knowledge (QUICK)"
"ServiceRequest","ServiceRequest","","diagnostic request
referralreferral requesttransfer of care request","",0,*,"","","","null {[]} {[]}
","サービスリクエスト","診断のための検査、治療、手術などのサービスリクエストの記録","","","","","","","","","",,,,,"",,,,"ServiceRequest",0,*,"","dom-2:もしリソースが他のリソースに含まれている場合、そのリソースにはネストされたリソースを含めてはなりません (moshi risōsu ga hoka no risōsu ni fukumarete iru baai, sono risōsu ni wa nesuto sareta risōsu o fukumete wa narimasen). {contained.contained.empty()}
dom-3:もしリソースが他のリソースに含まれている場合、それはリソースの他の場所から参照されるか、含まれるリソースに参照されるべきです。 {contained.where((('#'+id in (%resource.descendants().reference | %resource.descendants().as(canonical) | %resource.descendants().as(uri) | %resource.descendants().as(url))) or descendants().where(reference = '#').exists() or descendants().where(as(canonical) = '#').exists() or descendants().where(as(canonical) = '#').exists()).not()).trace('unmatched', id).empty()}dom-4:もしリソースが別のリソースの中に含まれる場合、meta.versionIdまたはmeta.lastUpdatedを持つべきではありません。 {contained.meta.versionId.empty() and contained.meta.lastUpdated.empty()}dom-5:「もしリソースが他のリソースに含まれている場合、セキュリティラベルを持つべきではありません。」 {contained.meta.security.empty()}dom-6:「資源は堅牢な管理のために物語を持つべきである。」 {text.`div`.exists()}prr-1:コードが存在する場合に限り、注文詳細は存在するものとします。 {orderDetail.empty() or code.exists()}","Request","ORC","Entity. Role, or Act","Act[moodCode<=INT]"
"ServiceRequest.id","ServiceRequest.id","","","",0,1,"","","Y","id {[]} {[]}
","このアーティファクトの論理ID","「リソースのURLで使用される論理ID。一度割り当てられたら、この値は変更されません。」","「リソースにIDがないのは、作成操作を使用してサーバーに送信されているときだけです。」","","","","","","","","",,,,,"",,,,"Resource.id",0,1,"",""
"ServiceRequest.meta","ServiceRequest.meta","","","",0,1,"","","Y","Meta {[]} {[]}
","「リソースに関するメタデータ」","リソースに関するメタデータ。これはインフラストラクチャによって維持されるコンテンツです。 コンテンツの変更は、リソースのバージョン変更と常に関連しているわけではありません。","","","","","","","","","",,,,,"",,,,"Resource.meta",0,1,"","ele-1:すべてのFHIR要素は、@valueまたはchildrenを持っている必要があります。 {hasValue() or (children().count() > id.count())}
"
"ServiceRequest.implicitRules","ServiceRequest.implicitRules","","","",0,1,"","Y","Y","uri {[]} {[]}
","このコンテンツが作成されたルールセット","「リソース構築時に遵守された一連のルールを指すものであり、コンテンツを処理する際に理解する必要があります。しばしば、特別なルールを定義する実装ガイドとその他のプロファイルなどを含むものです。」","このルールセットを主張することで、取引先の限られた集団にしか内容を理解させることができず、長期的にはデータの有用性が制限されます。しかしながら、現存するヘルスエコシステムは高度に分断化しており、一般的に計算可能な形式でデータを定義、収集、交換する準備が整っていません。できる限り、実装者および/または仕様ライターはこの要素の使用を避けるべきです。使用する場合、URLは、そのナラティブとともに他のプロファイル、値セットなどを含む実装ガイドを定義する参照となります。","","","","","","","","",,,,,"",,,,"Resource.implicitRules",0,1,"","ele-1:すべてのFHIR要素は、@valueまたはchildrenを持っている必要があります。 {hasValue() or (children().count() > id.count())}
"
"ServiceRequest.language","ServiceRequest.language","","","",0,1,"","","","code {[]} {[]}
","「リソースコンテンツの言語」(Risōsukontentsu no gengo)","「リソースが書かれている基本言語。」","言語はインデックスとアクセシビリティをサポートするために提供されます（通常、テキスト読み上げなどのサービスは言語タグを使用します）。物語のHTML言語タグは、物語に適用されます。リソース上の言語タグは、リソース内のデータから生成される他のプレゼンテーションの言語を指定するために使用できます。すべてのコンテンツが基本言語である必要はありません。Resource.languageは自動的に物語に適用されたと想定してはいけません。言語が指定されている場合、HTMLのdiv要素にも指定する必要があります（xml：langとhtml lang属性の関係に関する情報はHTML5の規則を参照）。","","","","","","","","",,"preferred","「人間の言語。」(Ningen no gengo.)","http://hl7.org/fhir/ValueSet/languages","",,,,"Resource.language",0,1,"","ele-1:すべてのFHIR要素は、@valueまたはchildrenを持っている必要があります。 {hasValue() or (children().count() > id.count())}
"
"ServiceRequest.text","ServiceRequest.text","","narrative
htmlxhtmldisplay","",0,1,"","","","Narrative {[]} {[]}
","「人間の解釈のためのリソースのテキスト要約」","「リソースの要約を含む人が読めるナビゲーションであり、リソースの内容を人に表現するために使用できます。ナビゲーションはすべての構造化されたデータをエンコードする必要はありませんが、人間がナビゲーションを読むだけで「臨床的に安全」であるために十分な詳細を含む必要があります。リソース定義には、臨床的な安全性を確保するためにナビゲーションで表現する必要があるコンテンツが定義される場合があります。」","含まれるリソースには説明がありません。含まれないリソースには説明が必要です。場合によっては、リソースが少量のデータしか含まず、テキストだけで表現されることがあります（minOccurs = 1要素がすべて満たされている限り）。これは、情報が「テキストの塊」としてキャプチャされるレガシーシステムからのデータや、テキストが生またはナレーションされて符号化された情報が後で追加される場合に必要な場合があります。","","","","","","","","",,,,,"",,,,"DomainResource.text",0,1,"","ele-1:すべてのFHIR要素は、@valueまたはchildrenを持っている必要があります。 {hasValue() or (children().count() > id.count())}
","Act.text?"
"ServiceRequest.contained","ServiceRequest.contained","","inline resources
anonymous resourcescontained resources","",0,*,"","","","Resource {[]} {[]}
","「含まれている、インラインのリソース」(Fukuma rete iru, inrain no risōsu)","「これらのリソースは、それらを含むリソースから独立した存在を持ちません。それらは独立して識別することはできず、独自の独立したトランザクション範囲を持つこともできません。」","「コンテンツが適切に識別できる場合には、これを行うべきではありません。識別が失われると、再び復元することは非常に困難であり（文脈に依存します）、メタ要素にプロファイルとタグを持つことができますが、セキュリティのラベルを持っていてはいけません。」","","","","","","","","",,,,,"",,,,"DomainResource.contained",0,*,"","","N/A"
"ServiceRequest.extension","ServiceRequest.extension","","extensions
user content","",0,*,"","","","Extension {[]} {[]}
","実装によって定義される追加コンテンツ","「リソースの基本的な定義の一部ではない追加情報を表すために使用することができます。拡張機能の使用を安全かつ管理可能にするために、定義と使用の一定のガバナンスが適用されます。実装者はどんな拡張機能でも定義できますが、拡張機能の定義の一部として満たす必要がある要件があります」","どのようなアプリケーション、プロジェクト、または標準が拡張機能を使用しているかに関わらず、拡張機能の使用には決して汚名が付くわけではありません - それらを使用または定義する機関または管轄区域に関係なく。拡張機能の使用こそが、FHIR仕様を誰にとっても簡単なコアレベルで維持することを可能にします。","","","","","","","","",,,,,"",,,,"DomainResource.extension",0,*,"","ele-1:すべてのFHIR要素は、@valueまたはchildrenを持っている必要があります。 {hasValue() or (children().count() > id.count())}
ext-1:「拡張機能または値[x]のいずれかが必要です。両方ではありません。」 {extension.exists() != value.exists()}","N/A"
"ServiceRequest.modifierExtension","ServiceRequest.modifierExtension","","extensions
user content","",0,*,"","Y","","Extension {[]} {[]}
","無視できない拡張機能 (Mushi dekinai kakuchou kinou)","「リソースの基本的な定義に含まれない、要素の理解や、それを含む要素の子孫の理解を修正する追加情報を表すためにも使用されることがあります。通常、修飾要素は否定や修飾を提供します。拡張機能の使用を安全で管理しやすくするために、拡張機能の定義と使用に対して厳格な統治が適用されます。実装者は拡張機能を定義することが許可されていますが、拡張機能の定義の一部として満たす必要がある要件があります。リソースを処理するアプリケーションは、修飾子拡張をチェックする必要があります。修飾子拡張は、リソースまたはドメインリソースの任意の要素の意味を変更してはなりません（修飾子拡張自体の意味も変更できません）。」","どのようなアプリケーション、プロジェクト、または標準が拡張機能を使用しているかに関わらず、拡張機能の使用には決して汚名が付くわけではありません - それらを使用または定義する機関または管轄区域に関係なく。拡張機能の使用こそが、FHIR仕様を誰にとっても簡単なコアレベルで維持することを可能にします。","Modifier extensions allow for extensions that *cannot* be safely ignored to be clearly distinguished from the vast majority of extensions which can be safely ignored.  This promotes interoperability by eliminating the need for implementers to prohibit the presence of extensions. For further information, see the [definition of modifier extensions](http://hl7.org/fhir/R4/extensibility.html#modifierExtension).","","","","","","","",,,,,"",,,,"DomainResource.modifierExtension",0,*,"","ele-1:すべてのFHIR要素は、@valueまたはchildrenを持っている必要があります。 {hasValue() or (children().count() > id.count())}
ext-1:「拡張機能または値[x]のいずれかが必要です。両方ではありません。」 {extension.exists() != value.exists()}","N/A"
"ServiceRequest.identifier","ServiceRequest.identifier","","","",0,*,"","","Y","Identifier {[]} {[]}
","サービスリクエストを識別する業務ID。","リクエストの発注者、受注者、サービスの実施者によるインスタンスに割り当てられた識別子。","この要素は、発注者（HL7 v2 では 'Placer' ）とリクエストに応じて観察、行為等を実施した者（HL7 v2 では 'Filler' ）を区別するために用いられる。","","","","","","","","",,,,,"",,,,"ServiceRequest.identifier",0,*,"","ele-1:すべてのFHIR要素は、@valueまたはchildrenを持っている必要があります。 {hasValue() or (children().count() > id.count())}
","Request.identifier","ORC.2, ORC.3, RF1-6 / RF1-11,",".identifier","FiveWs.identifier","ClinicalStatement.identifier"
"ServiceRequest.instantiatesCanonical","ServiceRequest.instantiatesCanonical","","","",0,*,"","","Y","canonical {[]} {[CanonicalType[http://hl7.org/fhir/StructureDefinition/ActivityDefinition], CanonicalType[http://hl7.org/fhir/StructureDefinition/PlanDefinition]]}
","FHIRのプロトコール、定義への参照","このサービスリクエストに部分的、または完全に関わる、FHIRで定義されたプロトコル、ガイドライン、オーダセットまたは他の定義を指しているURL","PlanDefinitionリソースは、実行されるアクションのシリーズ、シーケンス、またはグループを記述するために使用され、ActivityDefinitionリソースは、特定の各ステップまたはアクティビティを定義するために使用される。詳細は、PlanDefinition のBoundaries and Relationshipsセクションを参照してください。（訳注:R4とR4Bの本文に誤りあり、修正されたR5を翻訳）","","","","","","","","",,,,,"",,,,"ServiceRequest.instantiatesCanonical",0,*,"","ele-1:すべてのFHIR要素は、@valueまたはchildrenを持っている必要があります。 {hasValue() or (children().count() > id.count())}
","Request.instantiatesCanonical","Varies by domain",".outboundRelationship[typeCode=DEFN].target"
"ServiceRequest.instantiatesUri","ServiceRequest.instantiatesUri","","","",0,*,"","","Y","uri {[]} {[]}
","外部のプロトコール、定義への参照","このサービスリクエストに部分的、または完全に関わる、外部の管理されたプロトコール、ガイドライン、オーダセットや他の定義へのURL参照","これはHTMLページ、PDFなどであるか、解決不能なURI識別子である可能性があります。","","","","","<valueUri xmlns=""http://hl7.org/fhir"" value=""HTMLページ、PDFなど、名前で解決できないURI識別子""/>","","","",,,,,"",,,,"ServiceRequest.instantiatesUri",0,*,"","ele-1:すべてのFHIR要素は、@valueまたはchildrenを持っている必要があります。 {hasValue() or (children().count() > id.count())}
","Request.instantiatesUri","Varies by domain",".outboundRelationship[typeCode=DEFN].target"
"ServiceRequest.basedOn","ServiceRequest.basedOn","","fulfills
","",0,*,"","","Y","Reference {[]} {[CanonicalType[http://hl7.org/fhir/StructureDefinition/CarePlan], CanonicalType[http://jpfhir.jp/fhir/core/StructureDefinition/JP_ServiceRequest_Common], CanonicalType[http://jpfhir.jp/fhir/core/StructureDefinition/JP_MedicationRequest]]}
","リクエストするリソースへの参照","このリクエストによって実施すべき計画、提案、オーダの詳細（への参照）","","","","","","","","","",,,,,"",,,,"ServiceRequest.basedOn",0,*,"","ele-1:すべてのFHIR要素は、@valueまたはchildrenを持っている必要があります。 {hasValue() or (children().count() > id.count())}
","Request.basedOn","ORC.8 (plus others)",".outboundRelationship[typeCode=FLFS].target"
"ServiceRequest.replaces","ServiceRequest.replaces","","supersedes
priorrenewed order","",0,*,"","","Y","Reference {[]} {[CanonicalType[http://jpfhir.jp/fhir/core/StructureDefinition/JP_ServiceRequest_Common]]}
","完了または終了したService Requestリソースの代替（への参照）","「そのリクエストは、参照された完了または終了したリクエストの代わりを占めます。」","","","","","","","","","",,,,,"",,,,"ServiceRequest.replaces",0,*,"","ele-1:すべてのFHIR要素は、@valueまたはchildrenを持っている必要があります。 {hasValue() or (children().count() > id.count())}
","Request.replaces","Handled by message location of ORC (ORC.1=RO or RU)",".outboundRelationship[typeCode=RPLC].target"
"ServiceRequest.requisition","ServiceRequest.requisition","","grouperId
groupIdentifier","",0,1,"","","Y","Identifier {[]} {[]}
","サービスリクエストの複合ID（別名 グループID）","一人の発注者によっておおよそ同時に署名されたサービスリクエストの全てに共通する識別子で、複合、またはグループIDを表現する。","サービスリクエストは、basedOn要素、このrequisition要素によって関係付けられる。同じrequisition要素の一部であるサービスリクエストは、初めに作成された後にその状態と管理が変化する視点から、一般的に独立して扱われる。","Some business processes need to know if multiple items were ordered as part of the same ""requisition"" for billing or other purposes.","","","","","","","",,,,,"",,,,"ServiceRequest.requisition",0,1,"","ele-1:すべてのFHIR要素は、@valueまたはchildrenを持っている必要があります。 {hasValue() or (children().count() > id.count())}
","Request.groupIdentifier","ORC.4",".inboundRelationship(typeCode=COMP].source[moodCode=INT].identifier"
"ServiceRequest.status","ServiceRequest.status","","","",1,1,"","Y","Y","code {[]} {[]}
","サービスリクエストの状態","オーダの状態","status要素は、一般的に発注者の完全な制御下にあり、オーダが起案か有効かを決定し、有効化された後は、競合、停止、または中断される。受注者の活動に関連する状態は、対応するイベント（一般的な議論についてはEventパターンを参照）またはTaskリソースを使用して反映される。","","","","","","","","",,"required","""サービスオーダーのステータス。""","http://hl7.org/fhir/ValueSet/request-status|4.0.1","",,,,"ServiceRequest.status",1,1,"","ele-1:すべてのFHIR要素は、@valueまたはchildrenを持っている必要があります。 {hasValue() or (children().count() > id.count())}
","Request.status","ORC.5,RF1-1",".status","FiveWs.status","Action.currentStatus"
"ServiceRequest.intent","ServiceRequest.intent","","","",1,1,"","Y","Y","code {[]} {[]}
","サービスリクエストの意図（proposal | plan | directive | order | original-order | reflex-order | filler-order | instance-order | option）","この要求が、提案、経過、オリジナル、繰り返しかどうかを示す。","この要素は、リソースが実際に適用されるタイミングや方法を意図的に変更するため、修飾子と表現される。","","","","","","","","",,"required","「サービスのリクエストの種類」","http://hl7.org/fhir/ValueSet/request-intent|4.0.1","",,,,"ServiceRequest.intent",1,1,"","ele-1:すべてのFHIR要素は、@valueまたはchildrenを持っている必要があります。 {hasValue() or (children().count() > id.count())}
","Request.intent","N/A",".moodCode (nuances beyond PRP/PLAN/RQO would need to be elsewhere)","FiveWs.class"
"ServiceRequest.category","ServiceRequest.category","","","",0,*,"","","Y","CodeableConcept {[]} {[]}
","サービスリクエストの分類","検索、分類、表示の目的でサービスを分類するコード（例 「外科的手技」）","リソースを検索または表示するためのコンテキストまたはユースケースに応じて、複数の分類軸が存在する場合がある。粒度のレベルは、Value Setのカテゴリー概念によって定義される。","Used for filtering what service request are retrieved and displayed.","","","","","","","",,"example","","http://hl7.org/fhir/ValueSet/servicerequest-category","",,,,"ServiceRequest.category",0,*,"","ele-1:すべてのFHIR要素は、@valueまたはchildrenを持っている必要があります。 {hasValue() or (children().count() > id.count())}
","RF1-5",".outboundRelationship[typeCode=""COMP].target[classCode=""LIST"", moodCode=""INT""].code","FiveWs.class"
"ServiceRequest.priority","ServiceRequest.priority","","","",0,1,"","","Y","code {[]} {[]}
","サービスリクエストの緊急度（routine | urgent | asap | stat）","このサービスリクエストはどの程度早く対処されるべきかを示す。","","","","If missing, this task should be performed with normal priority","","","","","",,"required","「リクエストの対処に割り当てるべき重要度のレベルを特定する。」","http://hl7.org/fhir/ValueSet/request-priority|4.0.1","",,,,"ServiceRequest.priority",0,1,"","ele-1:すべてのFHIR要素は、@valueまたはchildrenを持っている必要があります。 {hasValue() or (children().count() > id.count())}
","Request.priority","TQ1.9, RF1-2",".priorityCode","FiveWs.grade"
"ServiceRequest.doNotPerform","ServiceRequest.doNotPerform","","","",0,1,"","Y","Y","boolean {[]} {[]}
","値が真の時、サービスや処置は実施不可","要求された特定のサービス（例、手技、診断のための検査、また検査パネル）の識別子","一般的には、コードと時間枠のみであるが、時には体の部位や実施者などの修飾語を追加して、禁止範囲を狭められる。code要素とdoNotPerform要素がともに否定を含む場合、禁止を強化することになり、二重否定解釈をしてはならない。","Used for do not ambulate, do not elevate head of bed, do not flush NG tube, do not take blood pressure on a certain arm, etc.","","If missing, the request is a positive request e.g. ""do perform""","","","","","",,,,,"",,,,"ServiceRequest.doNotPerform",0,1,"","ele-1:すべてのFHIR要素は、@valueまたはchildrenを持っている必要があります。 {hasValue() or (children().count() > id.count())}
","Request.doNotPerform",".actionNegationInd"
"ServiceRequest.code","ServiceRequest.code","","service requested
","",0,1,"","","Y","CodeableConcept {[]} {[]}
","リクエストの内容を示すコード","要求された特定のサービス（例、行為、診断のための検査、また検査パネル）の識別子","多くの検査・放射線処置コードは、血清または血漿グルコース、胸部 X 線など、検体・器官系が検査オーダー名に埋め込まれている。検体は、検査コードとは別に記録されないかもしれない。","","","","","","","","",,"example","","http://hl7.org/fhir/ValueSet/procedure-code","",,,,"ServiceRequest.code",0,1,"","ele-1:すべてのFHIR要素は、@valueまたはchildrenを持っている必要があります。 {hasValue() or (children().count() > id.count())}
","Request.code","PR1-3 / OBR-4  (varies by domain)",".code","FiveWs.what[x]","Procedure.procedureCode"
"ServiceRequest.orderDetail","ServiceRequest.orderDetail","","detailed instructions
","",0,*,"","","Y","CodeableConcept {[]} {[]}
","追加のオーダ情報","リクエストの提供方法に関する追加の詳細および指示。例えば、尿道カテーテルのサービスリクエストには、外部または留置カテーテルのリクエストの詳細があり、包帯のサービスリクエストには、包帯の適用方法を指定する追加の指示が必要な場合もある。","リクエストされたサービス提供の指示についての医療記録からの情報については、supportingInformation要素を使用。","","","","","","","","",,"example","","http://hl7.org/fhir/ValueSet/servicerequest-orderdetail","",,,,"ServiceRequest.orderDetail",0,*,"prr-1
","ele-1:すべてのFHIR要素は、@valueまたはchildrenを持っている必要があります。 {hasValue() or (children().count() > id.count())}
","NTE",".code","Procedure.procedureCode"
"ServiceRequest.quantity[x]","ServiceRequest.quantity[x]","","","",0,1,"","","Y","Quantity {[]} {[]}
Ratio {[]} {[]}Range {[]} {[]}","サービスの量","リクエストされるサービスの量。数量（例:1500ドルの住宅改造）、比率（例:1ヶ月に20回の半日訪問）、または範囲（例:1分間に2.0～1.8Gy）。","サービスリクエスト時に、項目とは別に数を指定する必要がある。","When ordering a service the number of service items may need to be specified separately from the the service item.","","","","","","","",,,,,"",,,,"ServiceRequest.quantity[x]",0,1,"","ele-1:すべてのFHIR要素は、@valueまたはchildrenを持っている必要があります。 {hasValue() or (children().count() > id.count())}
","NTE",".quantity"
"ServiceRequest.subject","ServiceRequest.subject","","","",1,1,"","","Y","Reference {[]} {[CanonicalType[http://jpfhir.jp/fhir/core/StructureDefinition/JP_Patient], CanonicalType[http://jpfhir.jp/fhir/core/StructureDefinition/JP_Location]]}
","サービスリクエストの対象（個人または集団）","サービスが実行される対象（人または物）。多くは患者だが、動物、集団（人または動物）、透析器のような装置、また場所（点家的には環境調査）も対象となる。","","","","","","","","","",,,,,"",,,,"ServiceRequest.subject",1,1,"","ele-1:すべてのFHIR要素は、@valueまたはchildrenを持っている必要があります。 {hasValue() or (children().count() > id.count())}
","Request.subject","PID",".participation[typeCode=SBJ].role","FiveWs.subject[x]","FiveWs.subject","ClinicalStatement.subject"
"ServiceRequest.encounter","ServiceRequest.encounter","","context
","",0,1,"","","Y","Reference {[]} {[CanonicalType[http://jpfhir.jp/fhir/core/StructureDefinition/JP_Encounter]]}
","サービスがリクエストされる診療時の場面","サービスがリクエストされる医療背景についての追加情報を提供する診療時の場面","","","","","","","","","",,,,,"",,,,"ServiceRequest.encounter",0,1,"","ele-1:すべてのFHIR要素は、@valueまたはchildrenを持っている必要があります。 {hasValue() or (children().count() > id.count())}
","Request.encounter","PV1",".inboundRelationship(typeCode=COMP].source[classCode<=PCPR, moodCode=EVN]","FiveWs.context","ClinicalStatement.encounter"
"ServiceRequest.occurrence[x]","ServiceRequest.occurrence[x]","","schedule
","",0,1,"","","Y","dateTime {[]} {[]}
Period {[]} {[]}Timing {[]} {[]}","サービスを実施すべき日時","リクエストされたサービスを実施すべき日時","","","","","","","","","",,,,,"",,,,"ServiceRequest.occurrence[x]",0,1,"","ele-1:すべてのFHIR要素は、@valueまたはchildrenを持っている必要があります。 {hasValue() or (children().count() > id.count())}
","Request.occurrence[x]","TQ1/TQ2, OBR-7/OBR-8",".effectiveTime","FiveWs.planned","Procedure.procedureSchedule"
"ServiceRequest.asNeeded[x]","ServiceRequest.asNeeded[x]","","","",0,1,"","","Y","boolean {[]} {[]}
CodeableConcept {[]} {[]}","前提条件","CodeableConceptが存在する場合、そのサービスを行うための前提条件を示す。例えば、「痛み」、「再発時」など。","","","","","","","","","",,"example","手続きを実行する前に満たされる必要がある前提条件を示すコード化された概念。たとえば、「痛み」、「フレアアップ時」など。","http://hl7.org/fhir/ValueSet/medication-as-needed-reason","",,,,"ServiceRequest.asNeeded[x]",0,1,"","ele-1:すべてのFHIR要素は、@valueまたはchildrenを持っている必要があります。 {hasValue() or (children().count() > id.count())}
","boolean: precondition.negationInd (inversed - so negationInd = true means asNeeded=false CodeableConcept: precondition.observationEventCriterion[code=""Assertion""].value","Proposal.prnReason.reason"
"ServiceRequest.authoredOn","ServiceRequest.authoredOn","","orderedOn
","",0,1,"","","Y","dateTime {[]} {[]}
","リクエストの署名日時","リクエストが有効化された日時","","","","","","","","","",,,,,"",,,,"ServiceRequest.authoredOn",0,1,"","ele-1:すべてのFHIR要素は、@valueまたはchildrenを持っている必要があります。 {hasValue() or (children().count() > id.count())}
","Request.authoredOn","ORC.9,  RF1-7 / RF1-9",".participation[typeCode=AUT].time","FiveWs.recorded","Proposal.proposedAtTime"
"ServiceRequest.requester","ServiceRequest.requester","","author
orderer","",0,1,"","","Y","Reference {[]} {[CanonicalType[http://jpfhir.jp/fhir/core/StructureDefinition/JP_Practitioner], CanonicalType[http://jpfhir.jp/fhir/core/StructureDefinition/JP_PractitionerRole], CanonicalType[http://jpfhir.jp/fhir/core/StructureDefinition/JP_Organization], CanonicalType[http://jpfhir.jp/fhir/core/StructureDefinition/JP_Patient], CanonicalType[http://jpfhir.jp/fhir/core/StructureDefinition/JP_RelatedPerson], CanonicalType[http://jpfhir.jp/fhir/core/StructureDefinition/JP_Device]]}
","サービスを要求した人または物（要求者、発注者）","リクエストを開始し、その有効化に責任を持つ個人","伝言をする者ではなく、署名者。この要素は、Provenanceリソースを通じて管理される委任を扱うことを意図していない。","","","","","","","","",,,,,"",,,,"ServiceRequest.requester",0,1,"","ele-1:すべてのFHIR要素は、@valueまたはchildrenを持っている必要があります。 {hasValue() or (children().count() > id.count())}
","Request.requester","ORC.12, PRT",".participation[typeCode=AUT].role","FiveWs.author","ClinicalStatement.statementAuthor"
"ServiceRequest.performerType","ServiceRequest.performerType","","specialty
","",0,1,"","","Y","CodeableConcept {[]} {[]}
","実施者の役割","リクエストされたサービスの実施者の役割","参加者の資格ではなく役割。タスクではなく、能力を記述。例えば、「調剤薬局」、「精神科医」、「院内紹介」など。","","","","","","","","",,"example","「初診医師」、「チームコーディネーター」、「介護者」など、ケアチーム内の個人の具体的責任を示します。」","http://hl7.org/fhir/ValueSet/participant-role","",,,,"ServiceRequest.performerType",0,1,"","ele-1:すべてのFHIR要素は、@valueまたはchildrenを持っている必要があります。 {hasValue() or (children().count() > id.count())}
","Request.performerType","PRT, RF!-3",".participation[typeCode=PRF].role[scoper.determinerCode=KIND].code","FiveWs.actor"
"ServiceRequest.performer","ServiceRequest.performer","","request recipient
","",0,*,"","","Y","Reference {[]} {[CanonicalType[http://jpfhir.jp/fhir/core/StructureDefinition/JP_Practitioner], CanonicalType[http://jpfhir.jp/fhir/core/StructureDefinition/JP_PractitionerRole], CanonicalType[http://jpfhir.jp/fhir/core/StructureDefinition/JP_Organization], CanonicalType[http://jpfhir.jp/fhir/core/StructureDefinition/JP_Patient], CanonicalType[http://jpfhir.jp/fhir/core/StructureDefinition/JP_Device], CanonicalType[http://jpfhir.jp/fhir/core/StructureDefinition/JP_RelatedPerson], CanonicalType[http://hl7.org/fhir/StructureDefinition/CareTeam]]}
","サービスの実施者","リクエストされたサービスを行うために望ましい実施者。例えば、外科医、皮膚病理医、内視鏡医など。","実施者が複数の場合、順番に関係なく、優先順位のない実施者のリストとして解釈される。優先順位が必要な場合は、request.performerOrder 拡張を使用する。実施者のグループ（例えば、医師Aと医師B）を表すには、CareTeamを使用する。","","","","","","","","",,,,,"",,,,"ServiceRequest.performer",0,*,"","ele-1:すべてのFHIR要素は、@valueまたはchildrenを持っている必要があります。 {hasValue() or (children().count() > id.count())}
","Request.performer","PRT, Practitioner: PRD-2/PRD-7 where PRD-3 = RT; Organization: PRD-10 where PRD-3 = RT",".participation[typeCode=PRF].role[scoper.determinerCode=INSTANCE]","FiveWs.actor"
"ServiceRequest.locationCode","ServiceRequest.locationCode","","","",0,*,"","","Y","CodeableConcept {[]} {[]}
","リクエストされた場所","実際に行為が行われるべき好ましい場所を、コード化またはフリーテキスト形式で記述。例：自宅や介護施設など。","","","","","","","","","",,"example","「サービスが提供される場所タイプ。」","http://terminology.hl7.org/ValueSet/v3-ServiceDeliveryLocationRoleType","",,,,"ServiceRequest.locationCode",0,*,"","ele-1:すべてのFHIR要素は、@valueまたはchildrenを持っている必要があります。 {hasValue() or (children().count() > id.count())}
",".participation[typeCode=LOC].role[scoper.determinerCode=KIND].code","FiveWs.actor"
"ServiceRequest.locationReference","ServiceRequest.locationReference","","","",0,*,"","","Y","Reference {[]} {[CanonicalType[http://jpfhir.jp/fhir/core/StructureDefinition/JP_Location]]}
","リクエストされた場所（参照）","実際に行為が行われるべき好ましい場所（複数可）への参照。例：自宅や介護施設など。","","","","","","","","","",,,,,"",,,,"ServiceRequest.locationReference",0,*,"","ele-1:すべてのFHIR要素は、@valueまたはchildrenを持っている必要があります。 {hasValue() or (children().count() > id.count())}
",".participation[typeCode=LOC].role[scoper.determinerCode=INSTANCE]","FiveWs.actor"
"ServiceRequest.reasonCode","ServiceRequest.reasonCode","","","",0,*,"","","Y","CodeableConcept {[]} {[]}
","行為やサービスの説明・理由","このサービスがリクエストされる理由についての説明または根拠をコード化またはテキスト化したもの。しばしば（保険）請求を目的とされる。supportingInfoで参照されるリソースに関連する場合がある。","この要素は照会理由を表し、サービスがどのように実行されるか、あるいは全く実行されないかどうかを決定するために使用される。CTスキャンの例で示したように、データが自由記述の場合は、CodeableConcept.text要素を使用する。","","","","","","","","",,"example","サービス調査の依頼理由を正当化する診断または問題コード。","http://hl7.org/fhir/ValueSet/procedure-reason","",,,,"ServiceRequest.reasonCode",0,*,"","ele-1:すべてのFHIR要素は、@valueまたはchildrenを持っている必要があります。 {hasValue() or (children().count() > id.count())}
","Request.reasonCode","ORC.16, RF1-10",".reasonCode","FiveWs.why[x]"
"ServiceRequest.reasonReference","ServiceRequest.reasonReference","","","",0,*,"","","Y","Reference {[]} {[CanonicalType[http://jpfhir.jp/fhir/core/StructureDefinition/JP_Condition], CanonicalType[http://jpfhir.jp/fhir/core/StructureDefinition/JP_Observation_Common], CanonicalType[http://jpfhir.jp/fhir/core/StructureDefinition/JP_DiagnosticReport_Common], CanonicalType[http://hl7.org/fhir/StructureDefinition/DocumentReference]]}
","行為やサービスの説明・理由（参照）","このサービスが要求される理由の正当性を提供する他のリソースを示す。supportingInfoで参照されるリソースに関連する場合がある。","この要素は照会理由を表し、サービスがどのように実行されるか、あるいは全く実行されないかどうかを決定するために使用される。可能な限り具体的にするために、ObservationやConditionリソースへの参照が可能であれば使用されるべきである。また、DiagnosticReport を参照する場合は、DiagnosticReport.conclusion および/または DiagnosticReport.conclusionCode を参照する必要がある。DocumentReference への参照を使用する場合、ターゲット文書は、このサービス要求の関連理由を提供する明確な所見言語を含んでいなければならない。CTスキャンの例に示すように、データが自由記述（符号化されていない）の場合、 ServiceRequest.reasonCodeにCodeableConcept.text要素を使用する。","","","","","","","","",,,,,"",,,,"ServiceRequest.reasonReference",0,*,"","ele-1:すべてのFHIR要素は、@valueまたはchildrenを持っている必要があります。 {hasValue() or (children().count() > id.count())}
","Request.reasonReference","ORC.16",".outboundRelationship[typeCode=RSON].target","FiveWs.why[x]"
"ServiceRequest.insurance","ServiceRequest.insurance","","","",0,*,"","","","Reference {[]} {[CanonicalType[http://jpfhir.jp/fhir/core/StructureDefinition/JP_Coverage], CanonicalType[http://hl7.org/fhir/StructureDefinition/ClaimResponse]]}
","関連する保険情報","リクエストされたサービスを提供するために必要な保険プラン、適用範囲拡大、事前承認、および/または事前決定がある。","","","","","","","","","",,,,,"",,,,"ServiceRequest.insurance",0,*,"","ele-1:すべてのFHIR要素は、@valueまたはchildrenを持っている必要があります。 {hasValue() or (children().count() > id.count())}
","Request.insurance","IN1/IN2",".outboundRelationship[typeCode=COVBY].target"
"ServiceRequest.supportingInfo","ServiceRequest.supportingInfo","","Ask at order entry question
AOE","",0,*,"","","","Reference {[]} {[CanonicalType[http://hl7.org/fhir/StructureDefinition/Resource]]}
","追加の補助的な臨床情報（別名 オーダエントリー時の質問 Ask at Order Entry question; AOEs）","サービスやその解釈に影響を与える可能性のある、患者や検体に関する追加の臨床情報。この情報には、診断、臨床所見、その他の観察が含まれる。検査のオーダでは、一般的に「オーダエントリー時の質問（AOEs）」と呼ばれ ている。これには、オーダを完了するために必要な文脈や裏付けとなる情報を提供するために、実施者が明示的に要求した観察が含まれる。例えば、血液ガス測定のための吸入酸素量の報告などである。","サービスの提供方法に関する情報を表すには、instructions 要素を使用する。","","","","","","","","",,,,,"",,,,"ServiceRequest.supportingInfo",0,*,"","ele-1:すべてのFHIR要素は、@valueまたはchildrenを持っている必要があります。 {hasValue() or (children().count() > id.count())}
","Request.supportingInfo","Accompanying segments",".outboundRelationship[typeCode=PERT].target"
"ServiceRequest.specimen","ServiceRequest.specimen","","","",0,*,"","","Y","Reference {[]} {[CanonicalType[http://jpfhir.jp/fhir/core/StructureDefinition/JP_Specimen]]}
","検体","検査で使用する１つ以上の検体","多くの診断的行為は検体を必要とするが、リクエスト自体は実際には検体に関するものではない。この要素は、診断検査が既に存在する検体に対してリクエストされ、適用される検体を参照するためのものである。逆に、検体が未知の時に最初にリクエストが入力された場合、SpecimenリソースがServiceRequestリソースを参照する。","","","","","","","","",,,,,"",,,,"ServiceRequest.specimen",0,*,"","ele-1:すべてのFHIR要素は、@valueまたはchildrenを持っている必要があります。 {hasValue() or (children().count() > id.count())}
","SPM",".participation[typeCode=SPC].role"
"ServiceRequest.bodySite","ServiceRequest.bodySite","","location
","",0,*,"","","Y","CodeableConcept {[]} {[]}
","体の部位（別名 場所）","行為を実施すべき解剖学的部位。目標とする場所。","ServiceRequest.codeにあるコードに暗黙の了解がない場合にのみ使用する。使用例として、BodySiteをインラインコード化された要素ではなく、別のリソースとして扱う必要がある場合（例えば、別々に識別し追跡するため）、procedure.targetBodyStructureの拡張を使用してください。","Knowing where the procedure is performed is important for tracking if multiple sites are possible.","","","","","","","",,"example","解剖学的位置を記述するコード。左右対称性を含む場合があります。","http://hl7.org/fhir/ValueSet/body-site","",,,,"ServiceRequest.bodySite",0,*,"","ele-1:すべてのFHIR要素は、@valueまたはchildrenを持っている必要があります。 {hasValue() or (children().count() > id.count())}
","SPM","targetSiteCode","Procedure.targetBodySite"
"ServiceRequest.note","ServiceRequest.note","","","",0,*,"","","","Annotation {[]} {[]}
","コメント","サービス要求について作成された、その他のメモやコメント。例えば、内部請求のメモなど。","","","","","","","","","",,,,,"",,,,"ServiceRequest.note",0,*,"","ele-1:すべてのFHIR要素は、@valueまたはchildrenを持っている必要があります。 {hasValue() or (children().count() > id.count())}
","Request.note","NTE",".inboundRelationship(typeCode=SUBJ].source[classCode=ANNGEN, moodCode=EVN].value[xsi:type=ST]","ClinicalStatement.additionalText"
"ServiceRequest.patientInstruction","ServiceRequest.patientInstruction","","","",0,1,"","","Y","string {[]} {[]}
","患者、消費者向けの説明","患者または消費者が理解できる言葉で指示。","","","","","","","","","",,,,,"",,,,"ServiceRequest.patientInstruction",0,1,"","ele-1:すべてのFHIR要素は、@valueまたはchildrenを持っている必要があります。 {hasValue() or (children().count() > id.count())}
","NTE",".text"
"ServiceRequest.relevantHistory","ServiceRequest.relevantHistory","","","",0,*,"","","","Reference {[]} {[CanonicalType[http://hl7.org/fhir/StructureDefinition/Provenance]]}
","リソースの履歴（バージョン管理）","このリクエストの履歴で重要なもの","この要素はには、ServiceRequestのProvenanceの全てのバージョンではなく、重要と思われたものだけ含められる。現在のバージョンのリソースに関連したProvenanceリソースを含めてはならない（SHALL NOT）。（もし、Provenanceとして重要な変化と思われれば、以降の更新の一部として追加すべきである。それまでは、'_revinclude'を使って指定されたProvenanceのバージョンを直接クエリーできる。全てのProvenanceはこのRequestの履歴を対象とすべきである。）","","","","","","","","",,,,,"",,,,"ServiceRequest.relevantHistory",0,*,"","ele-1:すべてのFHIR要素は、@valueまたはchildrenを持っている必要があります。 {hasValue() or (children().count() > id.count())}
","Request.relevantHistory","N/A",".inboundRelationship(typeCode=SUBJ].source[classCode=CACT, moodCode=EVN]"
