{"resourceType":"CodeSystem","id":"jp-medication-example-routecomment-cs","text":{"status":"generated","div":"<div xmlns=\"http://www.w3.org/1999/xhtml\"><p>This code system <code>http://jpfhir.jp/fhir/Examples/CodeSystem/JP_MedicationAdministrationDosageRouteComment_CS</code> provides a fragment that includes following codes:</p><table class=\"codes\"><tr><td style=\"white-space:nowrap\"><b>Code</b></td><td><b>Display</b></td></tr><tr><td style=\"white-space:nowrap\">01<a name=\"jp-medication-example-routecomment-cs-01\"> </a></td><td>右手に実施</td></tr><tr><td style=\"white-space:nowrap\">02<a name=\"jp-medication-example-routecomment-cs-02\"> </a></td><td>左手に実施</td></tr></table></div>"},"url":"http://jpfhir.jp/fhir/Examples/CodeSystem/JP_MedicationAdministrationDosageRouteComment_CS","version":"1.1.2","name":"JP_MedicationExampleRouteComment_CS","title":"JP Core Medication Example RouteComment CodeSystem","status":"active","experimental":false,"date":"2023-06-26","publisher":"FHIR Japanese implementation research working group in Japan Association of Medical Informatics (JAMI)","contact":[{"name":"FHIR Japanese implementation research working group in Japan Association of Medical Informatics (JAMI)","telecom":[{"system":"url","value":"http://jpfhir.jp"},{"system":"email","value":"office@hlfhir.jp"}]}],"description":"注射投与経路コメントのコードシステム例","jurisdiction":[{"coding":[{"system":"urn:iso:std:iso:3166","code":"JP"}]}],"copyright":"Copyright FHIR Japanese implementation research working group in Japan Association of Medical Informatics (JAMI) 一般社団法人日本医療情報学会NeXEHRS課題研究会FHIR日本実装検討WG","caseSensitive":true,"content":"fragment","concept":[{"code":"01","display":"右手に実施"},{"code":"02","display":"左手に実施"}]}