"Id","Path","Slice Name","Alias(s)","Label","Min","Max","Must Support?","Is Modifier?","Is Summary?","Type(s)","Short","Definition","Comments","Requirements","Default Value","Meaning When Missing","Fixed Value","Pattern","Example","Minimum Value","Maximum Value","Maximum Length","Binding Strength","Binding Description","Binding Value Set","Code","Slicing Discriminator","Slicing Description","Slicing Ordered","Slicing Rules","Base Path","Base Min","Base Max","Condition(s)","Constraint(s)","Mapping: Workflow Pattern","Mapping: RIM Mapping","Mapping: FiveWs Pattern Mapping","Mapping: HL7 v2 Mapping"
"Procedure","Procedure","","","",0,*,"","","","","Procedureリソース","An action that is or was performed on or for a patient. This can be a physical intervention like an operation, or less invasive like long term services, counseling, or hypnotherapy.

患者に対して、または患者のために実行されているか実行されたアクション。これは、手術のような身体的介入、または長期サービス、カウンセリング、催眠療法のような低侵襲性である可能性がある。","","","","","","","","","",,,,,"",,,,"Procedure",0,*,"","dom-2:If the resource is contained in another resource, it SHALL NOT contain nested Resources {contained.contained.empty()}
dom-3:If the resource is contained in another resource, it SHALL be referred to from elsewhere in the resource or SHALL refer to the containing resource {contained.where((('#'+id in (%resource.descendants().reference | %resource.descendants().as(canonical) | %resource.descendants().as(uri) | %resource.descendants().as(url))) or descendants().where(reference = '#').exists() or descendants().where(as(canonical) = '#').exists() or descendants().where(as(canonical) = '#').exists()).not()).trace('unmatched', id).empty()}dom-4:If a resource is contained in another resource, it SHALL NOT have a meta.versionId or a meta.lastUpdated {contained.meta.versionId.empty() and contained.meta.lastUpdated.empty()}dom-5:If a resource is contained in another resource, it SHALL NOT have a security label {contained.meta.security.empty()}dom-6:A resource should have narrative for robust management {text.`div`.exists()}","Event","Entity. Role, or Act","Procedure[moodCode=EVN]"
"Procedure.id","Procedure.id","","","",0,1,"","","Y","string {[]} {[]}
","Logical id of this artifact","The logical id of the resource, as used in the URL for the resource. Once assigned, this value never changes.","The only time that a resource does not have an id is when it is being submitted to the server using a create operation.","","","","","","","","",,,,,"",,,,"Resource.id",0,1,"",""
"Procedure.meta","Procedure.meta","","","",0,1,"","","Y","Meta {[]} {[]}
","Metadata about the resource","The metadata about the resource. This is content that is maintained by the infrastructure. Changes to the content might not always be associated with version changes to the resource.","","","","","","","","","",,,,,"",,,,"Resource.meta",0,1,"","ele-1:All FHIR elements must have a @value or children {hasValue() or (children().count() > id.count())}
"
"Procedure.implicitRules","Procedure.implicitRules","","","",0,1,"","Y","Y","uri {[]} {[]}
","A set of rules under which this content was created","A reference to a set of rules that were followed when the resource was constructed, and which must be understood when processing the content. Often, this is a reference to an implementation guide that defines the special rules along with other profiles etc.","Asserting this rule set restricts the content to be only understood by a limited set of trading partners. This inherently limits the usefulness of the data in the long term. However, the existing health eco-system is highly fractured, and not yet ready to define, collect, and exchange data in a generally computable sense. Wherever possible, implementers and/or specification writers should avoid using this element. Often, when used, the URL is a reference to an implementation guide that defines these special rules as part of it's narrative along with other profiles, value sets, etc.","","","","","","","","",,,,,"",,,,"Resource.implicitRules",0,1,"","ele-1:All FHIR elements must have a @value or children {hasValue() or (children().count() > id.count())}
"
"Procedure.language","Procedure.language","","","",0,1,"","","","code {[]} {[]}
","Language of the resource content","The base language in which the resource is written.","Language is provided to support indexing and accessibility (typically, services such as text to speech use the language tag). The html language tag in the narrative applies  to the narrative. The language tag on the resource may be used to specify the language of other presentations generated from the data in the resource. Not all the content has to be in the base language. The Resource.language should not be assumed to apply to the narrative automatically. If a language is specified, it should it also be specified on the div element in the html (see rules in HTML5 for information about the relationship between xml:lang and the html lang attribute).","","","","","","","","",,"preferred","A human language.","http://hl7.org/fhir/ValueSet/languages","",,,,"Resource.language",0,1,"","ele-1:All FHIR elements must have a @value or children {hasValue() or (children().count() > id.count())}
"
"Procedure.text","Procedure.text","","narrative
htmlxhtmldisplay","",0,1,"","","","Narrative {[]} {[]}
","Text summary of the resource, for human interpretation","A human-readable narrative that contains a summary of the resource and can be used to represent the content of the resource to a human. The narrative need not encode all the structured data, but is required to contain sufficient detail to make it ""clinically safe"" for a human to just read the narrative. Resource definitions may define what content should be represented in the narrative to ensure clinical safety.","Contained resources do not have narrative. Resources that are not contained SHOULD have a narrative. In some cases, a resource may only have text with little or no additional discrete data (as long as all minOccurs=1 elements are satisfied).  This may be necessary for data from legacy systems where information is captured as a ""text blob"" or where text is additionally entered raw or narrated and encoded information is added later.","","","","","","","","",,,,,"",,,,"DomainResource.text",0,1,"","ele-1:All FHIR elements must have a @value or children {hasValue() or (children().count() > id.count())}
","Act.text?"
"Procedure.contained","Procedure.contained","","inline resources
anonymous resourcescontained resources","",0,*,"","","","Resource {[]} {[]}
","Contained, inline Resources","These resources do not have an independent existence apart from the resource that contains them - they cannot be identified independently, and nor can they have their own independent transaction scope.","This should never be done when the content can be identified properly, as once identification is lost, it is extremely difficult (and context dependent) to restore it again. Contained resources may have profiles and tags In their meta elements, but SHALL NOT have security labels.","","","","","","","","",,,,,"",,,,"DomainResource.contained",0,*,"","","N/A"
"Procedure.extension","Procedure.extension","","extensions
user content","",0,*,"","","","Extension {[]} {[]}
","Additional content defined by implementations","May be used to represent additional information that is not part of the basic definition of the resource. To make the use of extensions safe and manageable, there is a strict set of governance  applied to the definition and use of extensions. Though any implementer can define an extension, there is a set of requirements that SHALL be met as part of the definition of the extension.","There can be no stigma associated with the use of extensions by any application, project, or standard - regardless of the institution or jurisdiction that uses or defines the extensions.  The use of extensions is what allows the FHIR specification to retain a core level of simplicity for everyone.","","","","","","","","",,,,,"",,,,"DomainResource.extension",0,*,"","ele-1:All FHIR elements must have a @value or children {hasValue() or (children().count() > id.count())}
ext-1:Must have either extensions or value[x], not both {extension.exists() != value.exists()}","N/A"
"Procedure.modifierExtension","Procedure.modifierExtension","","extensions
user content","",0,*,"","Y","","Extension {[]} {[]}
","Extensions that cannot be ignored","May be used to represent additional information that is not part of the basic definition of the resource and that modifies the understanding of the element that contains it and/or the understanding of the containing element's descendants. Usually modifier elements provide negation or qualification. To make the use of extensions safe and manageable, there is a strict set of governance applied to the definition and use of extensions. Though any implementer is allowed to define an extension, there is a set of requirements that SHALL be met as part of the definition of the extension. Applications processing a resource are required to check for modifier extensions.

Modifier extensions SHALL NOT change the meaning of any elements on Resource or DomainResource (including cannot change the meaning of modifierExtension itself).","There can be no stigma associated with the use of extensions by any application, project, or standard - regardless of the institution or jurisdiction that uses or defines the extensions.  The use of extensions is what allows the FHIR specification to retain a core level of simplicity for everyone.","Modifier extensions allow for extensions that *cannot* be safely ignored to be clearly distinguished from the vast majority of extensions which can be safely ignored.  This promotes interoperability by eliminating the need for implementers to prohibit the presence of extensions. For further information, see the [definition of modifier extensions](http://hl7.org/fhir/R4/extensibility.html#modifierExtension).","","","","","","","",,,,,"",,,,"DomainResource.modifierExtension",0,*,"","ele-1:All FHIR elements must have a @value or children {hasValue() or (children().count() > id.count())}
ext-1:Must have either extensions or value[x], not both {extension.exists() != value.exists()}","N/A"
"Procedure.identifier","Procedure.identifier","","","",0,*,"","","Y","Identifier {[]} {[]}
","External Identifiers for this procedure","これは、ビジネスプロセスによって定義され、リソース自体への直接のURL参照が適切でない場合に参照するために使用される、このProcedureに関連する識別子を記録する。","これはビジネス識別子であり、リソース識別子ではない（議論参照）。識別子は1つのリソースインスタンスにのみ表示されることがベストだが、ビジネス上の慣習により、同じ識別子を持つ複数のリソースインスタンスが存在することがあるかもしれない。例えば、複数のPatientとPersonリソースインスタンスが同じ社会保険番号を共有しているかもしれない。","Allows identification of the procedure as it is known by various participating systems and in a way that remains consistent across servers.","","","","","","","",,,,,"",,,,"Procedure.identifier",0,*,"","ele-1:All FHIR elements must have a @value or children {hasValue() or (children().count() > id.count())}
","Event.identifier",".id","FiveWs.identifier","Some combination of ORC-2 / ORC-3 / OBR-2 / OBR-3 / IPC-1 / IPC-2 / IPC-3 / IPC-4"
"Procedure.instantiatesCanonical","Procedure.instantiatesCanonical","","","",0,*,"","","Y","canonical {[]} {[CanonicalType[http://hl7.org/fhir/StructureDefinition/PlanDefinition], CanonicalType[http://hl7.org/fhir/StructureDefinition/ActivityDefinition], CanonicalType[http://hl7.org/fhir/StructureDefinition/Measure], CanonicalType[http://hl7.org/fhir/StructureDefinition/OperationDefinition], CanonicalType[http://hl7.org/fhir/StructureDefinition/Questionnaire]]}
","Instantiates FHIR protocol or definition","本Procedureの全部または一部を遵守するFHIR定義のプロトコル、ガイドライン、オーダーセット、その他の定義を指すURL。","","","","","","","","","",,,,,"",,,,"Procedure.instantiatesCanonical",0,*,"","ele-1:All FHIR elements must have a @value or children {hasValue() or (children().count() > id.count())}
","Event.instantiatesCanonical",".outboundRelationship[typeCode=DEFN].target"
"Procedure.instantiatesUri","Procedure.instantiatesUri","","","",0,*,"","","Y","uri {[]} {[]}
","Instantiates external protocol or definition","本Procedure全体または一部を遵守する、外部で管理されているプロトコル、ガイドライン、オーダーセット、またはその他の定義を指すURL。","This might be an HTML page, PDF, etc. or could just be a non-resolvable URI identifier.","","","","","","","","",,,,,"",,,,"Procedure.instantiatesUri",0,*,"","ele-1:All FHIR elements must have a @value or children {hasValue() or (children().count() > id.count())}
","Event.instantiatesUri",".outboundRelationship[typeCode=DEFN].target"
"Procedure.basedOn","Procedure.basedOn","","fulfills
","",0,*,"","","Y","Reference {[]} {[CanonicalType[http://hl7.org/fhir/StructureDefinition/CarePlan], CanonicalType[http://hl7.org/fhir/StructureDefinition/ServiceRequest]]}
","A request for this procedure このプロシージャの依頼情報","このプロシージャの依頼情報の詳細を含むリソースへの参照。","参照は、実際のFHIRリソースへの参照であり、解決可能でなければならない（アクセス制御、一時的な利用不能などを可能にする）。解決には、URLからの検索、またはリソースタイプによって該当する場合は、絶対参照を正規のURLとして扱い、ローカルレジストリ/リポジトリで検索することができる。 

【JPーCORE】
Observation_LabResultにならい、任意。","","","","","","","","",,,,,"",,,,"Procedure.basedOn",0,*,"","ele-1:All FHIR elements must have a @value or children {hasValue() or (children().count() > id.count())}
","Event.basedOn",".outboundRelationship[typeCode=FLFS].target[classCode=(various e.g. PROC, OBS, PCPR, ACT,  moodCode=RQO].code"
"Procedure.partOf","Procedure.partOf","","container
","",0,*,"","","Y","Reference {[]} {[CanonicalType[http://jpfhir.jp/fhir/core/StructureDefinition/JP_Procedure], CanonicalType[http://jpfhir.jp/fhir/core/StructureDefinition/JP_Observation_Common], CanonicalType[http://jpfhir.jp/fhir/core/StructureDefinition/JP_MedicationAdministration]]}
","Part of referenced event","A larger event of which this particular procedure is a component or step.【JP仕様】https://www.hl7.org/fhir/procedure.htmlを参照","The MedicationAdministration resource has a partOf reference to Procedure, but this is not a circular reference.   For example, the anesthesia MedicationAdministration is part of the surgical Procedure (MedicationAdministration.partOf = Procedure).  For example, the procedure to insert the IV port for an IV medication administration is part of the medication administration (Procedure.partOf = MedicationAdministration).

MedicationAdministrationリソースにはProcedureへのpartOf参照があるが、これは循環参照ではない。たとえば、麻酔MedicationAdministrationは外科的処置の一部である（MedicationAdministration.partOf = Procedure）。
また、たとえば、IV投薬管理用にIVポートを挿入する手順は、投薬管理の一部である（Procedure.partOf = MedicationAdministration）。

【JP-CORE】
Observation_LabResultにならい、任意。","","","","","","","","",,,,,"",,,,"Procedure.partOf",0,*,"","ele-1:All FHIR elements must have a @value or children {hasValue() or (children().count() > id.count())}
","Event.partOf",".inboundRelationship[typeCode=COMP].source[classCode=SBADM or PROC or OBS, moodCode=EVN]"
"Procedure.status","Procedure.status","","","",1,1,"","Y","Y","code {[]} {[]}
","preparation | in-progress | not-done | on-hold | stopped | completed | entered-in-error | unknown","プロシージャの状態を指定するコードである。一般的には、進行中または完了した状態になる。【JP仕様】http://hl7.org/fhir/us/core/STU3.1/StructureDefinition-us-core-procedure.htmlを参照","The ""unknown"" code is not to be used to convey other statuses.  The ""unknown"" code should be used when one of the statuses applies, but the authoring system doesn't know the current state of the procedure.

This element is labeled as a modifier because the status contains codes that mark the resource as not currently valid.

「不明な」コードは、他のステータスを伝えるために使用されるべきではない。ステータスの1つが当てはまる場合、「不明」コードを使用する必要があるが、オーサリングシステムはプロシージャの現在の状態を認識していない。
ステータスにリソースを現在無効としてマークするコードが含まれているため、この要素は修飾子としてラベル付けされる。","","","","","","","","",,"required","A code specifying the state of the procedure.","http://hl7.org/fhir/ValueSet/event-status|4.0.1","",,,,"Procedure.status",1,1,"","ele-1:All FHIR elements must have a @value or children {hasValue() or (children().count() > id.count())}
","Event.status","statusCode","FiveWs.status"
"Procedure.statusReason","Procedure.statusReason","","Suspended Reason
Cancelled Reason","",0,1,"","","Y","CodeableConcept {[]} {[]}
","Reason for current status","プロシージャの現在の状態の理由を設定する。","This is generally only used for ""exception"" statuses such as ""not-done"", ""suspended"" or ""aborted"". The reason for performing the event at all is captured in reasonCode, not here.

これは通常、「未完了」、「一時停止」、「中止」などの「例外」ステータスにのみ使用される。イベントを実行する理由は、ここではなく、reasonCodeに設定する。","","","","","","","","",,"example","","http://jpfhir.jp/fhir/Common/ValueSet/JP_ProcedureNotPerformedReason_VS","",,,,"Procedure.statusReason",0,1,"","ele-1:All FHIR elements must have a @value or children {hasValue() or (children().count() > id.count())}
","Event.statusReason",".reason.Observation.value"
"Procedure.category","Procedure.category","","","",0,1,"","","Y","CodeableConcept {[]} {[]}
","Classification of the procedure","A code that classifies the procedure for searching, sorting and display purposes (e.g. ""Surgical Procedure"").","","","","","","","","","",,"example","","http://jpfhir.jp/fhir/Common/CodeSystem/JP_ProcedureCategoryCodes_VS","",,,,"Procedure.category",0,1,"","ele-1:All FHIR elements must have a @value or children {hasValue() or (children().count() > id.count())}
",".outboundRelationship[typeCode=""COMP].target[classCode=""LIST"", moodCode=""EVN""].code","FiveWs.class"
"Procedure.code","Procedure.code","","type
","",0,1,"","","Y","CodeableConcept {[]} {[]}
","Identification of the procedure プロシジャーの識別子","行われた具体的な手順。手技の正確な性質がコード化できない場合はテキストを使用する（例：「腹腔鏡下虫垂切除術」）","すべての用語の使用がこの一般的なパターンに当てはまるわけではない。場合によっては、モデルはCodeableConceptを使用せず、Codingを直接使用し、テキスト、コーディング、翻訳、要素間の関係や事前・事後の調整を管理するための独自の構造を提供すべきである。","0..1 to account for primarily narrative only resources.","","","","","","","",,"example","","http://jpfhir.jp/fhir/Common/ValueSet/JP_ProcedureCodesMedical_VS","",,,,"Procedure.code",0,1,"","ele-1:All FHIR elements must have a @value or children {hasValue() or (children().count() > id.count())}
","Event.code",".code","FiveWs.what[x]","OBR-44/OBR-45"
"Procedure.code.id","Procedure.code.id","","","",0,1,"","","","string {[]} {[]}
","Unique id for inter-element referencing","Unique id for the element within a resource (for internal references). This may be any string value that does not contain spaces.","","","","","","","","","",,,,,"",,,,"Element.id",0,1,"","","n/a"
"Procedure.code.extension","Procedure.code.extension","","extensions
user content","",0,*,"","","","Extension {[]} {[]}
","Additional content defined by implementations","May be used to represent additional information that is not part of the basic definition of the element. To make the use of extensions safe and manageable, there is a strict set of governance  applied to the definition and use of extensions. Though any implementer can define an extension, there is a set of requirements that SHALL be met as part of the definition of the extension.","There can be no stigma associated with the use of extensions by any application, project, or standard - regardless of the institution or jurisdiction that uses or defines the extensions.  The use of extensions is what allows the FHIR specification to retain a core level of simplicity for everyone.","","","","","","","","",,,,,"","value:url}
","Extensions are always sliced by (at least) url",,"open","Element.extension",0,*,"","ele-1:All FHIR elements must have a @value or children {hasValue() or (children().count() > id.count())}
ext-1:Must have either extensions or value[x], not both {extension.exists() != value.exists()}","n/a"
"Procedure.code.coding","Procedure.code.coding","","","",0,*,"","","Y","Coding {[]} {[]}
","Code defined by a terminology system","A reference to a code defined by a terminology system.","Codes may be defined very casually in enumerations, or code lists, up to very formal definitions such as SNOMED CT - see the HL7 v3 Core Principles for more information.  Ordering of codings is undefined and SHALL NOT be used to infer meaning. Generally, at most only one of the coding values will be labeled as UserSelected = true.","Allows for alternative encodings within a code system, and translations to other code systems.","","","","","","","",,,,,"","value:system}
","",,"open","CodeableConcept.coding",0,*,"","ele-1:All FHIR elements must have a @value or children {hasValue() or (children().count() > id.count())}
","union(., ./translation)","C*E.1-8, C*E.10-22"
"Procedure.code.coding:medical","Procedure.code.coding","medical","","",0,1,"","","Y","Coding {[]} {[]}
","Code defined by a terminology system","A reference to a code defined by a terminology system.","Codes may be defined very casually in enumerations, or code lists, up to very formal definitions such as SNOMED CT - see the HL7 v3 Core Principles for more information.  Ordering of codings is undefined and SHALL NOT be used to infer meaning. Generally, at most only one of the coding values will be labeled as UserSelected = true.","Allows for alternative encodings within a code system, and translations to other code systems.","","","","","","","",,"required","","http://jpfhir.jp/fhir/Common/ValueSet/JP_ProcedureCodesMedical_VS","",,,,"CodeableConcept.coding",0,*,"","ele-1:All FHIR elements must have a @value or children {hasValue() or (children().count() > id.count())}
","union(., ./translation)","C*E.1-8, C*E.10-22"
"Procedure.code.coding:medical.id","Procedure.code.coding.id","","","",0,1,"","","","string {[]} {[]}
","Unique id for inter-element referencing","Unique id for the element within a resource (for internal references). This may be any string value that does not contain spaces.","","","","","","","","","",,,,,"",,,,"Element.id",0,1,"","","n/a"
"Procedure.code.coding:medical.extension","Procedure.code.coding.extension","","extensions
user content","",0,*,"","","","Extension {[]} {[]}
","Additional content defined by implementations","May be used to represent additional information that is not part of the basic definition of the element. To make the use of extensions safe and manageable, there is a strict set of governance  applied to the definition and use of extensions. Though any implementer can define an extension, there is a set of requirements that SHALL be met as part of the definition of the extension.","There can be no stigma associated with the use of extensions by any application, project, or standard - regardless of the institution or jurisdiction that uses or defines the extensions.  The use of extensions is what allows the FHIR specification to retain a core level of simplicity for everyone.","","","","","","","","",,,,,"","value:url}
","Extensions are always sliced by (at least) url",,"open","Element.extension",0,*,"","ele-1:All FHIR elements must have a @value or children {hasValue() or (children().count() > id.count())}
ext-1:Must have either extensions or value[x], not both {extension.exists() != value.exists()}","n/a"
"Procedure.code.coding:medical.system","Procedure.code.coding.system","","","",1,1,"","","Y","uri {[]} {[]}
","Identity of the terminology system","The identification of the code system that defines the meaning of the symbol in the code.","The URI may be an OID (urn:oid:...) or a UUID (urn:uuid:...).  OIDs and UUIDs SHALL be references to the HL7 OID registry. Otherwise, the URI should come from HL7's list of FHIR defined special URIs or it should reference to some definition that establishes the system clearly and unambiguously.","Need to be unambiguous about the source of the definition of the symbol.","","","<valueUri xmlns=""http://hl7.org/fhir"" value=""http://jpfhir.jp/fhir/Common/CodeSystem/JP_ProcedureCodesMedical_CS""/>","","","","",,,,,"",,,,"Coding.system",0,1,"","ele-1:All FHIR elements must have a @value or children {hasValue() or (children().count() > id.count())}
","./codeSystem","C*E.3"
"Procedure.code.coding:medical.version","Procedure.code.coding.version","","","",0,1,"","","Y","string {[]} {[]}
","Version of the system - if relevant","The version of the code system which was used when choosing this code. Note that a well-maintained code system does not need the version reported, because the meaning of codes is consistent across versions. However this cannot consistently be assured, and when the meaning is not guaranteed to be consistent, the version SHOULD be exchanged.","Where the terminology does not clearly define what string should be used to identify code system versions, the recommendation is to use the date (expressed in FHIR date format) on which that version was officially published as the version date.","","","","","","","","",,,,,"",,,,"Coding.version",0,1,"","ele-1:All FHIR elements must have a @value or children {hasValue() or (children().count() > id.count())}
","./codeSystemVersion","C*E.7"
"Procedure.code.coding:medical.code","Procedure.code.coding.code","","","",0,1,"","","Y","code {[]} {[]}
","Symbol in syntax defined by the system","A symbol in syntax defined by the system. The symbol may be a predefined code or an expression in a syntax defined by the coding system (e.g. post-coordination).","","Need to refer to a particular code in the system.","","","","","","","",,,,,"",,,,"Coding.code",0,1,"","ele-1:All FHIR elements must have a @value or children {hasValue() or (children().count() > id.count())}
","./code","C*E.1"
"Procedure.code.coding:medical.display","Procedure.code.coding.display","","","",0,1,"","","Y","string {[]} {[]}
","Representation defined by the system","A representation of the meaning of the code in the system, following the rules of the system.","","Need to be able to carry a human-readable meaning of the code for readers that do not know  the system.","","","","","","","",,,,,"",,,,"Coding.display",0,1,"","ele-1:All FHIR elements must have a @value or children {hasValue() or (children().count() > id.count())}
","CV.displayName","C*E.2 - but note this is not well followed"
"Procedure.code.coding:medical.userSelected","Procedure.code.coding.userSelected","","","",0,1,"","","Y","boolean {[]} {[]}
","If this coding was chosen directly by the user","Indicates that this coding was chosen by a user directly - e.g. off a pick list of available items (codes or displays).","Amongst a set of alternatives, a directly chosen code is the most appropriate starting point for new translations. There is some ambiguity about what exactly 'directly chosen' implies, and trading partner agreement may be needed to clarify the use of this element and its consequences more completely.","This has been identified as a clinical safety criterium - that this exact system/code pair was chosen explicitly, rather than inferred by the system based on some rules or language processing.","","","","","","","",,,,,"",,,,"Coding.userSelected",0,1,"","ele-1:All FHIR elements must have a @value or children {hasValue() or (children().count() > id.count())}
","CD.codingRationale","Sometimes implied by being first"
"Procedure.code.coding:stem7","Procedure.code.coding","stem7","","",0,1,"","","Y","Coding {[]} {[]}
","Code defined by a terminology system","A reference to a code defined by a terminology system.","Codes may be defined very casually in enumerations, or code lists, up to very formal definitions such as SNOMED CT - see the HL7 v3 Core Principles for more information.  Ordering of codings is undefined and SHALL NOT be used to infer meaning. Generally, at most only one of the coding values will be labeled as UserSelected = true.","Allows for alternative encodings within a code system, and translations to other code systems.","","","","","","","",,"required","","http://jpfhir.jp/fhir/Common/ValueSet/JP_ProcedureCodesSTEM7_VS","",,,,"CodeableConcept.coding",0,*,"","ele-1:All FHIR elements must have a @value or children {hasValue() or (children().count() > id.count())}
","union(., ./translation)","C*E.1-8, C*E.10-22"
"Procedure.code.coding:stem7.id","Procedure.code.coding.id","","","",0,1,"","","","string {[]} {[]}
","Unique id for inter-element referencing","Unique id for the element within a resource (for internal references). This may be any string value that does not contain spaces.","","","","","","","","","",,,,,"",,,,"Element.id",0,1,"","","n/a"
"Procedure.code.coding:stem7.extension","Procedure.code.coding.extension","","extensions
user content","",0,*,"","","","Extension {[]} {[]}
","Additional content defined by implementations","May be used to represent additional information that is not part of the basic definition of the element. To make the use of extensions safe and manageable, there is a strict set of governance  applied to the definition and use of extensions. Though any implementer can define an extension, there is a set of requirements that SHALL be met as part of the definition of the extension.","There can be no stigma associated with the use of extensions by any application, project, or standard - regardless of the institution or jurisdiction that uses or defines the extensions.  The use of extensions is what allows the FHIR specification to retain a core level of simplicity for everyone.","","","","","","","","",,,,,"","value:url}
","Extensions are always sliced by (at least) url",,"open","Element.extension",0,*,"","ele-1:All FHIR elements must have a @value or children {hasValue() or (children().count() > id.count())}
ext-1:Must have either extensions or value[x], not both {extension.exists() != value.exists()}","n/a"
"Procedure.code.coding:stem7.system","Procedure.code.coding.system","","","",1,1,"","","Y","uri {[]} {[]}
","Identity of the terminology system","The identification of the code system that defines the meaning of the symbol in the code.","The URI may be an OID (urn:oid:...) or a UUID (urn:uuid:...).  OIDs and UUIDs SHALL be references to the HL7 OID registry. Otherwise, the URI should come from HL7's list of FHIR defined special URIs or it should reference to some definition that establishes the system clearly and unambiguously.","Need to be unambiguous about the source of the definition of the symbol.","","","<valueUri xmlns=""http://hl7.org/fhir"" value=""http://jpfhir.jp/fhir/Common/CodeSystem/JP_ProcedureCodesSTEM7_CS""/>","","","","",,,,,"",,,,"Coding.system",0,1,"","ele-1:All FHIR elements must have a @value or children {hasValue() or (children().count() > id.count())}
","./codeSystem","C*E.3"
"Procedure.code.coding:stem7.version","Procedure.code.coding.version","","","",0,1,"","","Y","string {[]} {[]}
","Version of the system - if relevant","The version of the code system which was used when choosing this code. Note that a well-maintained code system does not need the version reported, because the meaning of codes is consistent across versions. However this cannot consistently be assured, and when the meaning is not guaranteed to be consistent, the version SHOULD be exchanged.","Where the terminology does not clearly define what string should be used to identify code system versions, the recommendation is to use the date (expressed in FHIR date format) on which that version was officially published as the version date.","","","","","","","","",,,,,"",,,,"Coding.version",0,1,"","ele-1:All FHIR elements must have a @value or children {hasValue() or (children().count() > id.count())}
","./codeSystemVersion","C*E.7"
"Procedure.code.coding:stem7.code","Procedure.code.coding.code","","","",0,1,"","","Y","code {[]} {[]}
","Symbol in syntax defined by the system","A symbol in syntax defined by the system. The symbol may be a predefined code or an expression in a syntax defined by the coding system (e.g. post-coordination).","","Need to refer to a particular code in the system.","","","","","","","",,,,,"",,,,"Coding.code",0,1,"","ele-1:All FHIR elements must have a @value or children {hasValue() or (children().count() > id.count())}
","./code","C*E.1"
"Procedure.code.coding:stem7.display","Procedure.code.coding.display","","","",0,1,"","","Y","string {[]} {[]}
","Representation defined by the system","A representation of the meaning of the code in the system, following the rules of the system.","","Need to be able to carry a human-readable meaning of the code for readers that do not know  the system.","","","","","","","",,,,,"",,,,"Coding.display",0,1,"","ele-1:All FHIR elements must have a @value or children {hasValue() or (children().count() > id.count())}
","CV.displayName","C*E.2 - but note this is not well followed"
"Procedure.code.coding:stem7.userSelected","Procedure.code.coding.userSelected","","","",0,1,"","","Y","boolean {[]} {[]}
","If this coding was chosen directly by the user","Indicates that this coding was chosen by a user directly - e.g. off a pick list of available items (codes or displays).","Amongst a set of alternatives, a directly chosen code is the most appropriate starting point for new translations. There is some ambiguity about what exactly 'directly chosen' implies, and trading partner agreement may be needed to clarify the use of this element and its consequences more completely.","This has been identified as a clinical safety criterium - that this exact system/code pair was chosen explicitly, rather than inferred by the system based on some rules or language processing.","","","","","","","",,,,,"",,,,"Coding.userSelected",0,1,"","ele-1:All FHIR elements must have a @value or children {hasValue() or (children().count() > id.count())}
","CD.codingRationale","Sometimes implied by being first"
"Procedure.code.coding:dental","Procedure.code.coding","dental","","",0,1,"","","Y","Coding {[]} {[]}
","Code defined by a terminology system","A reference to a code defined by a terminology system.","Codes may be defined very casually in enumerations, or code lists, up to very formal definitions such as SNOMED CT - see the HL7 v3 Core Principles for more information.  Ordering of codings is undefined and SHALL NOT be used to infer meaning. Generally, at most only one of the coding values will be labeled as UserSelected = true.","Allows for alternative encodings within a code system, and translations to other code systems.","","","","","","","",,"required","","http://jpfhir.jp/fhir/Common/ValueSet/JP_ProcedureCodesDental_VS","",,,,"CodeableConcept.coding",0,*,"","ele-1:All FHIR elements must have a @value or children {hasValue() or (children().count() > id.count())}
","union(., ./translation)","C*E.1-8, C*E.10-22"
"Procedure.code.coding:dental.id","Procedure.code.coding.id","","","",0,1,"","","","string {[]} {[]}
","Unique id for inter-element referencing","Unique id for the element within a resource (for internal references). This may be any string value that does not contain spaces.","","","","","","","","","",,,,,"",,,,"Element.id",0,1,"","","n/a"
"Procedure.code.coding:dental.extension","Procedure.code.coding.extension","","extensions
user content","",0,*,"","","","Extension {[]} {[]}
","Additional content defined by implementations","May be used to represent additional information that is not part of the basic definition of the element. To make the use of extensions safe and manageable, there is a strict set of governance  applied to the definition and use of extensions. Though any implementer can define an extension, there is a set of requirements that SHALL be met as part of the definition of the extension.","There can be no stigma associated with the use of extensions by any application, project, or standard - regardless of the institution or jurisdiction that uses or defines the extensions.  The use of extensions is what allows the FHIR specification to retain a core level of simplicity for everyone.","","","","","","","","",,,,,"","value:url}
","Extensions are always sliced by (at least) url",,"open","Element.extension",0,*,"","ele-1:All FHIR elements must have a @value or children {hasValue() or (children().count() > id.count())}
ext-1:Must have either extensions or value[x], not both {extension.exists() != value.exists()}","n/a"
"Procedure.code.coding:dental.system","Procedure.code.coding.system","","","",1,1,"","","Y","uri {[]} {[]}
","Identity of the terminology system","The identification of the code system that defines the meaning of the symbol in the code.","The URI may be an OID (urn:oid:...) or a UUID (urn:uuid:...).  OIDs and UUIDs SHALL be references to the HL7 OID registry. Otherwise, the URI should come from HL7's list of FHIR defined special URIs or it should reference to some definition that establishes the system clearly and unambiguously.","Need to be unambiguous about the source of the definition of the symbol.","","","<valueUri xmlns=""http://hl7.org/fhir"" value=""http://jpfhir.jp/fhir/Common/CodeSystem/JP_ProcedureCodesDental_CS""/>","","","","",,,,,"",,,,"Coding.system",0,1,"","ele-1:All FHIR elements must have a @value or children {hasValue() or (children().count() > id.count())}
","./codeSystem","C*E.3"
"Procedure.code.coding:dental.version","Procedure.code.coding.version","","","",0,1,"","","Y","string {[]} {[]}
","Version of the system - if relevant","The version of the code system which was used when choosing this code. Note that a well-maintained code system does not need the version reported, because the meaning of codes is consistent across versions. However this cannot consistently be assured, and when the meaning is not guaranteed to be consistent, the version SHOULD be exchanged.","Where the terminology does not clearly define what string should be used to identify code system versions, the recommendation is to use the date (expressed in FHIR date format) on which that version was officially published as the version date.","","","","","","","","",,,,,"",,,,"Coding.version",0,1,"","ele-1:All FHIR elements must have a @value or children {hasValue() or (children().count() > id.count())}
","./codeSystemVersion","C*E.7"
"Procedure.code.coding:dental.code","Procedure.code.coding.code","","","",0,1,"","","Y","code {[]} {[]}
","Symbol in syntax defined by the system","A symbol in syntax defined by the system. The symbol may be a predefined code or an expression in a syntax defined by the coding system (e.g. post-coordination).","","Need to refer to a particular code in the system.","","","","","","","",,,,,"",,,,"Coding.code",0,1,"","ele-1:All FHIR elements must have a @value or children {hasValue() or (children().count() > id.count())}
","./code","C*E.1"
"Procedure.code.coding:dental.display","Procedure.code.coding.display","","","",0,1,"","","Y","string {[]} {[]}
","Representation defined by the system","A representation of the meaning of the code in the system, following the rules of the system.","","Need to be able to carry a human-readable meaning of the code for readers that do not know  the system.","","","","","","","",,,,,"",,,,"Coding.display",0,1,"","ele-1:All FHIR elements must have a @value or children {hasValue() or (children().count() > id.count())}
","CV.displayName","C*E.2 - but note this is not well followed"
"Procedure.code.coding:dental.userSelected","Procedure.code.coding.userSelected","","","",0,1,"","","Y","boolean {[]} {[]}
","If this coding was chosen directly by the user","Indicates that this coding was chosen by a user directly - e.g. off a pick list of available items (codes or displays).","Amongst a set of alternatives, a directly chosen code is the most appropriate starting point for new translations. There is some ambiguity about what exactly 'directly chosen' implies, and trading partner agreement may be needed to clarify the use of this element and its consequences more completely.","This has been identified as a clinical safety criterium - that this exact system/code pair was chosen explicitly, rather than inferred by the system based on some rules or language processing.","","","","","","","",,,,,"",,,,"Coding.userSelected",0,1,"","ele-1:All FHIR elements must have a @value or children {hasValue() or (children().count() > id.count())}
","CD.codingRationale","Sometimes implied by being first"
"Procedure.code.coding:nurse","Procedure.code.coding","nurse","","",0,1,"","","Y","Coding {[]} {[]}
","Code defined by a terminology system","A reference to a code defined by a terminology system.","Codes may be defined very casually in enumerations, or code lists, up to very formal definitions such as SNOMED CT - see the HL7 v3 Core Principles for more information.  Ordering of codings is undefined and SHALL NOT be used to infer meaning. Generally, at most only one of the coding values will be labeled as UserSelected = true.","Allows for alternative encodings within a code system, and translations to other code systems.","","","","","","","",,"required","","http://jpfhir.jp/fhir/Common/ValueSet/JP_ProcedureCodesNurse_VS","",,,,"CodeableConcept.coding",0,*,"","ele-1:All FHIR elements must have a @value or children {hasValue() or (children().count() > id.count())}
","union(., ./translation)","C*E.1-8, C*E.10-22"
"Procedure.code.coding:nurse.id","Procedure.code.coding.id","","","",0,1,"","","","string {[]} {[]}
","Unique id for inter-element referencing","Unique id for the element within a resource (for internal references). This may be any string value that does not contain spaces.","","","","","","","","","",,,,,"",,,,"Element.id",0,1,"","","n/a"
"Procedure.code.coding:nurse.extension","Procedure.code.coding.extension","","extensions
user content","",0,*,"","","","Extension {[]} {[]}
","Additional content defined by implementations","May be used to represent additional information that is not part of the basic definition of the element. To make the use of extensions safe and manageable, there is a strict set of governance  applied to the definition and use of extensions. Though any implementer can define an extension, there is a set of requirements that SHALL be met as part of the definition of the extension.","There can be no stigma associated with the use of extensions by any application, project, or standard - regardless of the institution or jurisdiction that uses or defines the extensions.  The use of extensions is what allows the FHIR specification to retain a core level of simplicity for everyone.","","","","","","","","",,,,,"","value:url}
","Extensions are always sliced by (at least) url",,"open","Element.extension",0,*,"","ele-1:All FHIR elements must have a @value or children {hasValue() or (children().count() > id.count())}
ext-1:Must have either extensions or value[x], not both {extension.exists() != value.exists()}","n/a"
"Procedure.code.coding:nurse.system","Procedure.code.coding.system","","","",1,1,"","","Y","uri {[]} {[]}
","Identity of the terminology system","The identification of the code system that defines the meaning of the symbol in the code.","The URI may be an OID (urn:oid:...) or a UUID (urn:uuid:...).  OIDs and UUIDs SHALL be references to the HL7 OID registry. Otherwise, the URI should come from HL7's list of FHIR defined special URIs or it should reference to some definition that establishes the system clearly and unambiguously.","Need to be unambiguous about the source of the definition of the symbol.","","","<valueUri xmlns=""http://hl7.org/fhir"" value=""http://jpfhir.jp/fhir/Common/CodeSystem/JP_ProcedureCodesNurse_CS""/>","","","","",,,,,"",,,,"Coding.system",0,1,"","ele-1:All FHIR elements must have a @value or children {hasValue() or (children().count() > id.count())}
","./codeSystem","C*E.3"
"Procedure.code.coding:nurse.version","Procedure.code.coding.version","","","",0,1,"","","Y","string {[]} {[]}
","Version of the system - if relevant","The version of the code system which was used when choosing this code. Note that a well-maintained code system does not need the version reported, because the meaning of codes is consistent across versions. However this cannot consistently be assured, and when the meaning is not guaranteed to be consistent, the version SHOULD be exchanged.","Where the terminology does not clearly define what string should be used to identify code system versions, the recommendation is to use the date (expressed in FHIR date format) on which that version was officially published as the version date.","","","","","","","","",,,,,"",,,,"Coding.version",0,1,"","ele-1:All FHIR elements must have a @value or children {hasValue() or (children().count() > id.count())}
","./codeSystemVersion","C*E.7"
"Procedure.code.coding:nurse.code","Procedure.code.coding.code","","","",0,1,"","","Y","code {[]} {[]}
","Symbol in syntax defined by the system","A symbol in syntax defined by the system. The symbol may be a predefined code or an expression in a syntax defined by the coding system (e.g. post-coordination).","","Need to refer to a particular code in the system.","","","","","","","",,,,,"",,,,"Coding.code",0,1,"","ele-1:All FHIR elements must have a @value or children {hasValue() or (children().count() > id.count())}
","./code","C*E.1"
"Procedure.code.coding:nurse.display","Procedure.code.coding.display","","","",0,1,"","","Y","string {[]} {[]}
","Representation defined by the system","A representation of the meaning of the code in the system, following the rules of the system.","","Need to be able to carry a human-readable meaning of the code for readers that do not know  the system.","","","","","","","",,,,,"",,,,"Coding.display",0,1,"","ele-1:All FHIR elements must have a @value or children {hasValue() or (children().count() > id.count())}
","CV.displayName","C*E.2 - but note this is not well followed"
"Procedure.code.coding:nurse.userSelected","Procedure.code.coding.userSelected","","","",0,1,"","","Y","boolean {[]} {[]}
","If this coding was chosen directly by the user","Indicates that this coding was chosen by a user directly - e.g. off a pick list of available items (codes or displays).","Amongst a set of alternatives, a directly chosen code is the most appropriate starting point for new translations. There is some ambiguity about what exactly 'directly chosen' implies, and trading partner agreement may be needed to clarify the use of this element and its consequences more completely.","This has been identified as a clinical safety criterium - that this exact system/code pair was chosen explicitly, rather than inferred by the system based on some rules or language processing.","","","","","","","",,,,,"",,,,"Coding.userSelected",0,1,"","ele-1:All FHIR elements must have a @value or children {hasValue() or (children().count() > id.count())}
","CD.codingRationale","Sometimes implied by being first"
"Procedure.code.coding:ichi","Procedure.code.coding","ichi","","",0,1,"","","Y","Coding {[]} {[]}
","Code defined by a terminology system","A reference to a code defined by a terminology system.","Codes may be defined very casually in enumerations, or code lists, up to very formal definitions such as SNOMED CT - see the HL7 v3 Core Principles for more information.  Ordering of codings is undefined and SHALL NOT be used to infer meaning. Generally, at most only one of the coding values will be labeled as UserSelected = true.","Allows for alternative encodings within a code system, and translations to other code systems.","","","","","","","",,"required","","http://jpfhir.jp/fhir/Common/ValueSet/JP_ProcedureCodesICHI_VS","",,,,"CodeableConcept.coding",0,*,"","ele-1:All FHIR elements must have a @value or children {hasValue() or (children().count() > id.count())}
","union(., ./translation)","C*E.1-8, C*E.10-22"
"Procedure.code.coding:ichi.id","Procedure.code.coding.id","","","",0,1,"","","","string {[]} {[]}
","Unique id for inter-element referencing","Unique id for the element within a resource (for internal references). This may be any string value that does not contain spaces.","","","","","","","","","",,,,,"",,,,"Element.id",0,1,"","","n/a"
"Procedure.code.coding:ichi.extension","Procedure.code.coding.extension","","extensions
user content","",0,*,"","","","Extension {[]} {[]}
","Additional content defined by implementations","May be used to represent additional information that is not part of the basic definition of the element. To make the use of extensions safe and manageable, there is a strict set of governance  applied to the definition and use of extensions. Though any implementer can define an extension, there is a set of requirements that SHALL be met as part of the definition of the extension.","There can be no stigma associated with the use of extensions by any application, project, or standard - regardless of the institution or jurisdiction that uses or defines the extensions.  The use of extensions is what allows the FHIR specification to retain a core level of simplicity for everyone.","","","","","","","","",,,,,"","value:url}
","Extensions are always sliced by (at least) url",,"open","Element.extension",0,*,"","ele-1:All FHIR elements must have a @value or children {hasValue() or (children().count() > id.count())}
ext-1:Must have either extensions or value[x], not both {extension.exists() != value.exists()}","n/a"
"Procedure.code.coding:ichi.system","Procedure.code.coding.system","","","",1,1,"","","Y","uri {[]} {[]}
","Identity of the terminology system","The identification of the code system that defines the meaning of the symbol in the code.","The URI may be an OID (urn:oid:...) or a UUID (urn:uuid:...).  OIDs and UUIDs SHALL be references to the HL7 OID registry. Otherwise, the URI should come from HL7's list of FHIR defined special URIs or it should reference to some definition that establishes the system clearly and unambiguously.","Need to be unambiguous about the source of the definition of the symbol.","","","<valueUri xmlns=""http://hl7.org/fhir"" value=""http://jpfhir.jp/fhir/Common/CodeSystem/JP_ProcedureCodesICHI_CS""/>","","","","",,,,,"",,,,"Coding.system",0,1,"","ele-1:All FHIR elements must have a @value or children {hasValue() or (children().count() > id.count())}
","./codeSystem","C*E.3"
"Procedure.code.coding:ichi.version","Procedure.code.coding.version","","","",0,1,"","","Y","string {[]} {[]}
","Version of the system - if relevant","The version of the code system which was used when choosing this code. Note that a well-maintained code system does not need the version reported, because the meaning of codes is consistent across versions. However this cannot consistently be assured, and when the meaning is not guaranteed to be consistent, the version SHOULD be exchanged.","Where the terminology does not clearly define what string should be used to identify code system versions, the recommendation is to use the date (expressed in FHIR date format) on which that version was officially published as the version date.","","","","","","","","",,,,,"",,,,"Coding.version",0,1,"","ele-1:All FHIR elements must have a @value or children {hasValue() or (children().count() > id.count())}
","./codeSystemVersion","C*E.7"
"Procedure.code.coding:ichi.code","Procedure.code.coding.code","","","",0,1,"","","Y","code {[]} {[]}
","Symbol in syntax defined by the system","A symbol in syntax defined by the system. The symbol may be a predefined code or an expression in a syntax defined by the coding system (e.g. post-coordination).","","Need to refer to a particular code in the system.","","","","","","","",,,,,"",,,,"Coding.code",0,1,"","ele-1:All FHIR elements must have a @value or children {hasValue() or (children().count() > id.count())}
","./code","C*E.1"
"Procedure.code.coding:ichi.display","Procedure.code.coding.display","","","",0,1,"","","Y","string {[]} {[]}
","Representation defined by the system","A representation of the meaning of the code in the system, following the rules of the system.","","Need to be able to carry a human-readable meaning of the code for readers that do not know  the system.","","","","","","","",,,,,"",,,,"Coding.display",0,1,"","ele-1:All FHIR elements must have a @value or children {hasValue() or (children().count() > id.count())}
","CV.displayName","C*E.2 - but note this is not well followed"
"Procedure.code.coding:ichi.userSelected","Procedure.code.coding.userSelected","","","",0,1,"","","Y","boolean {[]} {[]}
","If this coding was chosen directly by the user","Indicates that this coding was chosen by a user directly - e.g. off a pick list of available items (codes or displays).","Amongst a set of alternatives, a directly chosen code is the most appropriate starting point for new translations. There is some ambiguity about what exactly 'directly chosen' implies, and trading partner agreement may be needed to clarify the use of this element and its consequences more completely.","This has been identified as a clinical safety criterium - that this exact system/code pair was chosen explicitly, rather than inferred by the system based on some rules or language processing.","","","","","","","",,,,,"",,,,"Coding.userSelected",0,1,"","ele-1:All FHIR elements must have a @value or children {hasValue() or (children().count() > id.count())}
","CD.codingRationale","Sometimes implied by being first"
"Procedure.code.text","Procedure.code.text","","","",0,1,"","","Y","string {[]} {[]}
","Plain text representation of the concept","A human language representation of the concept as seen/selected/uttered by the user who entered the data and/or which represents the intended meaning of the user.","Very often the text is the same as a displayName of one of the codings.","The codes from the terminologies do not always capture the correct meaning with all the nuances of the human using them, or sometimes there is no appropriate code at all. In these cases, the text is used to capture the full meaning of the source.","","","","","","","",,,,,"",,,,"CodeableConcept.text",0,1,"","ele-1:All FHIR elements must have a @value or children {hasValue() or (children().count() > id.count())}
","./originalText[mediaType/code=""text/plain""]/data","C*E.9. But note many systems use C*E.2 for this"
"Procedure.subject","Procedure.subject","","patient
","",1,1,"","","Y","Reference {[]} {[CanonicalType[http://jpfhir.jp/fhir/core/StructureDefinition/JP_Patient]]}
","Who the procedure was performed on プロシジャーが実施された対象人","The person, animal or group on which the procedure was performed.
プロシジャーが実行された対象の人、動物、またはグループ。","参照は、実際のFHIRリソースへの参照であり、解決可能でなければならない（アクセス制御、一時的な利用不能などを可能にする）。解決は、URLからの検索、またはリソースタイプによって該当する場合は、絶対参照を正規のURLとして扱い、ローカルレジストリ/リポジトリで検索することによって行うことができる。","","","","","","","","",,,,,"",,,,"Procedure.subject",1,1,"","ele-1:All FHIR elements must have a @value or children {hasValue() or (children().count() > id.count())}
","Event.subject",".participation[typeCode=SBJ].role","FiveWs.subject[x]","FiveWs.subject","PID-3"
"Procedure.encounter","Procedure.encounter","","","",0,1,"","","Y","Reference {[]} {[CanonicalType[http://jpfhir.jp/fhir/core/StructureDefinition/JP_Encounter]]}
","Encounter created as part of 一部として作成されたエンカウンター","プロシジャーが作成または実行されたエンカウンター、またはこの記録の作成が緊密に関連しているエンカウンター。","これは通常、イベントが発生した出会いの中で行われるが、活動によっては、出会いの公式な終了前または終了後に開始されても、出会いの文脈と結びついている場合がある。","","","","","","","","",,,,,"",,,,"Procedure.encounter",0,1,"","ele-1:All FHIR elements must have a @value or children {hasValue() or (children().count() > id.count())}
","Event.context",".inboundRelationship[typeCode=COMP].source[classCode=ENC, moodCode=EVN]","FiveWs.context","PV1-19"
"Procedure.performed[x]","Procedure.performed[x]","","","",0,1,"","","Y","dateTime {[]} {[]}
Period {[]} {[]}string {[]} {[]}Age {[]} {[]}Range {[]} {[]}","When the procedure was performed プロシジャーが実施された時期","Procedureが行われた推定または実際の日付、日時、期間、または年齢。複数の日付にまたがる複雑なProcedureをサポートするために期間を許可し、Procdedureの長さを把握することも可能。","Age is generally used when the patient reports an age at which the procedure was performed. Range is generally used when the patient reports an age range when the procedure was performed, such as sometime between 20-25 years old.  dateTime supports a range of precision due to some procedures being reported as past procedures that might not have millisecond precision while other procedures performed and documented during the encounter might have more precise UTC timestamps with timezone.

年齢は一般的に、患者が手技が行われた年齢を報告するときに使用される。
範囲は、一般的に、患者が手順が実行されたときに年齢範囲を報告する場合に使用される。たとえば、20〜25歳の間など。
dateTimeは、ミリ秒の精度を持たない可能性がある過去の手順として報告される一部の手順と、エンカウンターの期間において実施され文書化された他の手順が、タイムゾーンでより正確なUTCタイムスタンプを持つ可能性があるため、さまざまな精度をサポートする。","","","","","","","","",,,,,"",,,,"Procedure.performed[x]",0,1,"","ele-1:All FHIR elements must have a @value or children {hasValue() or (children().count() > id.count())}
","Event.occurrence[x]",".effectiveTime","FiveWs.done[x]","OBR-7"
"Procedure.recorder","Procedure.recorder","","","",0,1,"","","Y","Reference {[]} {[CanonicalType[http://jpfhir.jp/fhir/core/StructureDefinition/JP_Patient], CanonicalType[http://hl7.org/fhir/StructureDefinition/RelatedPerson], CanonicalType[http://jpfhir.jp/fhir/core/StructureDefinition/JP_Practitioner], CanonicalType[http://jpfhir.jp/fhir/core/StructureDefinition/JP_PractitionerRole]]}
","Who recorded the procedure プロシジャーを記録した人","Individual who recorded the record and takes responsibility for its content.
記録を記録し、その内容に責任を負う個人。","References SHALL be a reference to an actual FHIR resource, and SHALL be resolveable (allowing for access control, temporary unavailability, etc.). Resolution can be either by retrieval from the URL, or, where applicable by resource type, by treating an absolute reference as a canonical URL and looking it up in a local registry/repository.
参照は、実際のFHIRリソースへの参照である必要があり、内容に辿り着ける（解決できる）必要がある（アクセス制御、一時的な使用不可などを考慮に入れる）。解決は、URLから取得するか、リソースタイプによって該当する場合は、絶対参照を正規URLとして扱い、ローカルレジストリ/リポジトリで検索することによって行うことができる。","","","","","","","","",,,,,"",,,,"Procedure.recorder",0,1,"","ele-1:All FHIR elements must have a @value or children {hasValue() or (children().count() > id.count())}
",".participation[typeCode=AUT].role","FiveWs.author"
"Procedure.asserter","Procedure.asserter","","","",0,1,"","","Y","Reference {[]} {[CanonicalType[http://jpfhir.jp/fhir/core/StructureDefinition/JP_Patient], CanonicalType[http://hl7.org/fhir/StructureDefinition/RelatedPerson], CanonicalType[http://jpfhir.jp/fhir/core/StructureDefinition/JP_Practitioner], CanonicalType[http://jpfhir.jp/fhir/core/StructureDefinition/JP_PractitionerRole]]}
","Person who asserts this procedure プロシジャーを実施したと報告する人","Individual who is making the procedure statement.
プロシジャー記録を作成している個人","References SHALL be a reference to an actual FHIR resource, and SHALL be resolveable (allowing for access control, temporary unavailability, etc.). Resolution can be either by retrieval from the URL, or, where applicable by resource type, by treating an absolute reference as a canonical URL and looking it up in a local registry/repository.
参照は、実際のFHIRリソースへの参照である必要があり、内容に辿り着ける（解決できる）必要がある（アクセス制御、一時的な使用不可などを考慮に入れる）。解決は、URLから取得するか、リソースタイプによって該当する場合は、絶対参照を正規URLとして扱い、ローカルレジストリ/リポジトリで検索することによって行うことができる。","","","","","","","","",,,,,"",,,,"Procedure.asserter",0,1,"","ele-1:All FHIR elements must have a @value or children {hasValue() or (children().count() > id.count())}
",".participation[typeCode=INF].role","FiveWs.source"
"Procedure.performer","Procedure.performer","","","",0,*,"","","Y","BackboneElement {[]} {[]}
","The people who performed the procedure プロシジャーを実施した人々","Limited to ""real"" people rather than equipment.
医療機器ではなく「生身の人間」に限定。","","","","","","","","","",,,,,"",,,,"Procedure.performer",0,*,"","ele-1:All FHIR elements must have a @value or children {hasValue() or (children().count() > id.count())}
","Event.performer",".participation[typeCode=PRF]"
"Procedure.performer.id","Procedure.performer.id","","","",0,1,"","","","string {[]} {[]}
","Unique id for inter-element referencing","Unique id for the element within a resource (for internal references). This may be any string value that does not contain spaces.","","","","","","","","","",,,,,"",,,,"Element.id",0,1,"","","n/a"
"Procedure.performer.extension","Procedure.performer.extension","","extensions
user content","",0,*,"","","","Extension {[]} {[]}
","Additional content defined by implementations","May be used to represent additional information that is not part of the basic definition of the element. To make the use of extensions safe and manageable, there is a strict set of governance  applied to the definition and use of extensions. Though any implementer can define an extension, there is a set of requirements that SHALL be met as part of the definition of the extension.","There can be no stigma associated with the use of extensions by any application, project, or standard - regardless of the institution or jurisdiction that uses or defines the extensions.  The use of extensions is what allows the FHIR specification to retain a core level of simplicity for everyone.","","","","","","","","",,,,,"",,,,"Element.extension",0,*,"","ele-1:All FHIR elements must have a @value or children {hasValue() or (children().count() > id.count())}
ext-1:Must have either extensions or value[x], not both {extension.exists() != value.exists()}","n/a"
"Procedure.performer.modifierExtension","Procedure.performer.modifierExtension","","extensions
user contentmodifiers","",0,*,"","Y","Y","Extension {[]} {[]}
","Extensions that cannot be ignored even if unrecognized","May be used to represent additional information that is not part of the basic definition of the element and that modifies the understanding of the element in which it is contained and/or the understanding of the containing element's descendants. Usually modifier elements provide negation or qualification. To make the use of extensions safe and manageable, there is a strict set of governance applied to the definition and use of extensions. Though any implementer can define an extension, there is a set of requirements that SHALL be met as part of the definition of the extension. Applications processing a resource are required to check for modifier extensions.

Modifier extensions SHALL NOT change the meaning of any elements on Resource or DomainResource (including cannot change the meaning of modifierExtension itself).","There can be no stigma associated with the use of extensions by any application, project, or standard - regardless of the institution or jurisdiction that uses or defines the extensions.  The use of extensions is what allows the FHIR specification to retain a core level of simplicity for everyone.","Modifier extensions allow for extensions that *cannot* be safely ignored to be clearly distinguished from the vast majority of extensions which can be safely ignored.  This promotes interoperability by eliminating the need for implementers to prohibit the presence of extensions. For further information, see the [definition of modifier extensions](http://hl7.org/fhir/R4/extensibility.html#modifierExtension).","","","","","","","",,,,,"",,,,"BackboneElement.modifierExtension",0,*,"","ele-1:All FHIR elements must have a @value or children {hasValue() or (children().count() > id.count())}
ext-1:Must have either extensions or value[x], not both {extension.exists() != value.exists()}","N/A"
"Procedure.performer.function","Procedure.performer.function","","","",0,1,"","","Y","CodeableConcept {[]} {[]}
","Type of performance","Distinguishes the type of involvement of the performer in the procedure. For example, surgeon, anaesthetist, endoscopist.
プロシジャーへの実施者の関与のタイプを区別する。たとえば、外科医、麻酔科医、内視鏡医。","すべての用語の使用がこの一般的なパターンに当てはまるわけではない。場合によっては、モデルはCodeableConceptを使用せず、Codingを直接使用し、テキスト、コーディング、翻訳、要素間の関係や事前・事後の調整を管理するための独自の構造を提供するべきである。

 【JP-CORE】
当面利用しない。","Allows disambiguation of the types of involvement of different performers.","","","","","","","",,"example","","http://jpfhir.jp/fhir/Common/ValueSet/JP_ProcedurePerformerRoleCodes_VS","",,,,"Procedure.performer.function",0,1,"","ele-1:All FHIR elements must have a @value or children {hasValue() or (children().count() > id.count())}
","Event.performer.function",".functionCode","Some combination of STF-18 / PRA-3 / PRT-4 / ROL-3 / ORC-12 / OBR-16 / PV1-7 / PV1-8 / PV1-9 / PV1-17 / OBX-25"
"Procedure.performer.actor","Procedure.performer.actor","","","",1,1,"","","Y","Reference {[]} {[CanonicalType[http://jpfhir.jp/fhir/core/StructureDefinition/JP_Practitioner], CanonicalType[http://jpfhir.jp/fhir/core/StructureDefinition/JP_PractitionerRole], CanonicalType[http://jpfhir.jp/fhir/core/StructureDefinition/JP_Organization], CanonicalType[http://jpfhir.jp/fhir/core/StructureDefinition/JP_Patient], CanonicalType[http://hl7.org/fhir/StructureDefinition/RelatedPerson], CanonicalType[http://hl7.org/fhir/StructureDefinition/Device]]}
","The reference to the practitioner 医療従事者への参照","The practitioner who was involved in the procedure.
プロシジャーに関わった医療従事者。","参照は、実際のFHIRリソースへの参照であり、解決可能でなければならない（アクセス制御、一時的な利用不可などを可能にする）。解決には、URLからの検索、またはリソースタイプによって適用可能な場合は、絶対参照を正規のURLとして扱い、ローカルレジストリ/リポジトリで検索することができる。","A reference to Device supports use cases, such as pacemakers.","","","","","","","",,,,,"",,,,"Procedure.performer.actor",1,1,"","ele-1:All FHIR elements must have a @value or children {hasValue() or (children().count() > id.count())}
","Event.performer.actor",".role","FiveWs.actor","ORC-19/PRT-5"
"Procedure.performer.onBehalfOf","Procedure.performer.onBehalfOf","","","",0,1,"","","","Reference {[]} {[CanonicalType[http://jpfhir.jp/fhir/core/StructureDefinition/JP_Organization]]}
","Organization the device or practitioner was acting for 従事した組織","The organization the device or practitioner was acting on behalf of.
従事した組織","参照は、実際のFHIRリソースへの参照であり、解決可能でなければならない（アクセス制御、一時的な利用不能などを可能にする）。解決には、URLからの検索によるものと、リソースタイプによって該当する場合は、絶対参照を正規のURLとして扱い、ローカルレジストリ/リポジトリで検索するものがある。","Practitioners and Devices can be associated with multiple organizations.  This element indicates which organization they were acting on behalf of when performing the action.","","","","","","","",,,,,"",,,,"Procedure.performer.onBehalfOf",0,1,"","ele-1:All FHIR elements must have a @value or children {hasValue() or (children().count() > id.count())}
",".scoper"
"Procedure.location","Procedure.location","","","",0,1,"","","Y","Reference {[]} {[CanonicalType[http://jpfhir.jp/fhir/core/StructureDefinition/JP_Location]]}
","Where the procedure happened  プロシジャーが実施された場所","プロシジャーが実施された場所。
例:自宅での出生、レストランで気管切開など。","References SHALL be a reference to an actual FHIR resource, and SHALL be resolveable (allowing for access control, temporary unavailability, etc.). Resolution can be either by retrieval from the URL, or, where applicable by resource type, by treating an absolute reference as a canonical URL and looking it up in a local registry/repository.
参照は、実際のFHIRリソースへの参照である必要があり、内容に辿り着ける（解決できる）必要がある（アクセス制御、一時的な使用不可などを考慮に入れる）。解決は、URLから取得するか、リソースタイプによって該当する場合は、絶対参照を正規URLとして扱い、ローカルレジストリ/リポジトリで検索することによって行うことができる。","Ties a procedure to where the records are likely kept.","","","","","","","",,,,,"",,,,"Procedure.location",0,1,"","ele-1:All FHIR elements must have a @value or children {hasValue() or (children().count() > id.count())}
",".participation[typeCode=LOC].role[classCode=SDLOC]","FiveWs.where[x]"
"Procedure.reasonCode","Procedure.reasonCode","","","",0,*,"","","Y","CodeableConcept {[]} {[]}
","Coded reason procedure performed プロシジャーが実施された理由コード","処置が行われたコード化された理由。
これはある種のコード化された実体であるかもしれないし、単にテキストとして存在するかもしれない。","Use Procedure.reasonCode when a code sufficiently describes the reason.  Use Procedure.reasonReference when referencing a resource, which allows more information to be conveyed, such as onset date. Procedure.reasonCode and Procedure.reasonReference are not meant to be duplicative.  For a single reason, either Procedure.reasonCode or Procedure.reasonReference can be used.  Procedure.reasonCode may be a summary code, or Procedure.reasonReference may be used to reference a very precise definition of the reason using Condition | Observation | Procedure | DiagnosticReport | DocumentReference.  Both Procedure.reasonCode and Procedure.reasonReference can be used if they are describing different reasons for the procedure.

ひとつのコードが理由を十分に説明している場合は、Procedure.reasonCodeを使用する。
リソースを参照する場合は、Procedure.reasonReferenceを使用する。これにより、開始日など、より多くの情報を伝達できる。
Procedure.reasonCodeとProcedure.reasonReferenceは、重複することを意図したものではない。単一の理由で、Procedure.reasonCodeまたはProcedure.reasonReferenceのいずれかだけを使用できる。
 Procedure.reasonCodeは要約コードの場合もあれば、Procedure.reasonReferenceを使用して、Condition | Observation | Procedure | DiagnosticReport | DocumentReference のいずれかにより、非常に精緻な理由の定義を参照することもできる。
もしプロシージャの異なる理由を説明しているのであれば、Procedure.reasonCodeとProcedure.reasonReferenceの両方を使用できる。","","","","","","","","",,"example","","http://jpfhir.jp/fhir/Common/ValueSet/JP_ProcedureReasonCodes_VS","",,,,"Procedure.reasonCode",0,*,"","ele-1:All FHIR elements must have a @value or children {hasValue() or (children().count() > id.count())}
","Event.reasonCode",".reasonCode","FiveWs.why[x]"
"Procedure.reasonReference","Procedure.reasonReference","","","",0,*,"","","Y","Reference {[]} {[CanonicalType[http://jpfhir.jp/fhir/core/StructureDefinition/JP_Condition], CanonicalType[http://jpfhir.jp/fhir/core/StructureDefinition/JP_Observation_Common], CanonicalType[http://jpfhir.jp/fhir/core/StructureDefinition/JP_Procedure], CanonicalType[http://jpfhir.jp/fhir/core/StructureDefinition/JP_DiagnosticReport_Common], CanonicalType[http://hl7.org/fhir/StructureDefinition/DocumentReference]]}
","The justification that the procedure was performed プロシジャーが実施された正当性","なぜそのようなProcedureを行ったのか、その正当性を示す。","It is possible for a procedure to be a reason (such as C-Section) for another procedure (such as an epidural). Other examples include endoscopy for dilatation and biopsy (a combination of diagnostic and therapeutic use). 
Use Procedure.reasonCode when a code sufficiently describes the reason.  Use Procedure.reasonReference when referencing a resource, which allows more information to be conveyed, such as onset date. Procedure.reasonCode and Procedure.reasonReference are not meant to be duplicative.  For a single reason, either Procedure.reasonCode or Procedure.reasonReference can be used.  Procedure.reasonCode may be a summary code, or Procedure.reasonReference may be used to reference a very precise definition of the reason using Condition | Observation | Procedure | DiagnosticReport | DocumentReference.  Both Procedure.reasonCode and Procedure.reasonReference can be used if they are describing different reasons for the procedure.

ある手順が別の手順（硬膜外など）の理由（帝王切開など）になる可能性がある。他の例には、拡張および生検（診断および治療用途の組み合わせ）のための内視鏡検査が含まれる。
コードが理由を十分に説明している場合は、Procedure.reasonCodeを使用する。
リソースを参照する場合は、Procedure.reasonReferenceを使用する。これにより、開始日など、より多くの情報を伝達できる。
Procedure.reasonCodeとProcedure.reasonReferenceは、重複することを意図したものではない。単一の理由で、Procedure.reasonCodeまたはProcedure.reasonReferenceのいずれかだけを使用できる。
 Procedure.reasonCodeは要約コードの場合もあれば、Procedure.reasonReferenceを使用して、Condition | Observation | Procedure | DiagnosticReport | DocumentReference","","","","","","","","",,,,,"",,,,"Procedure.reasonReference",0,*,"","ele-1:All FHIR elements must have a @value or children {hasValue() or (children().count() > id.count())}
","Event.reasonReference",".reasonCode","FiveWs.why[x]"
"Procedure.bodySite","Procedure.bodySite","","","",0,*,"","","Y","CodeableConcept {[]} {[]}
","Target body sites 対象の人体部位","詳細かつ構造化された解剖学的な位置情報。複数の場所を指定することができる。例えば、1つの病変に対して複数のパンチングバイオプシーを行うことができる。","If the use case requires attributes from the BodySite resource (e.g. to identify and track separately) then use the standard extension [procedure-targetbodystructure](extension-procedure-targetbodystructure.html).

ユースケースでBodySiteリソースの属性が必要な場合（たとえば、個別に識別して追跡するため）、標準の拡張extension [procedure-targetbodystructure]（extension-procedure-targetbodystructure.html）を使用する。","","","","","","","","",,"example","","http://jpfhir.jp/fhir/Common/ValueSet/JP_ProcedureBodySite_VS","",,,,"Procedure.bodySite",0,*,"","ele-1:All FHIR elements must have a @value or children {hasValue() or (children().count() > id.count())}
",".targetSiteCode","OBX-20"
"Procedure.outcome","Procedure.outcome","","","",0,1,"","","Y","CodeableConcept {[]} {[]}
","The result of procedure プロシジャーの結果","The outcome of the procedure - did it resolve the reasons for the procedure being performed?
Procedureの結果 - Procedureが行われた理由が解決されたか？","If outcome contains narrative text only, it can be captured using the CodeableConcept.text.
結果に叙述的記述トのみが含まれている場合は、CodeableConcept.textを使用してその情報を格納できる。","","","","","","","","",,"example","","http://jpfhir.jp/fhir/Common/ValueSet/JP_ProcedureOutcomeCodes_VS","",,,,"Procedure.outcome",0,1,"","ele-1:All FHIR elements must have a @value or children {hasValue() or (children().count() > id.count())}
",".outboundRelationship[typeCode=OUT].target.text"
"Procedure.report","Procedure.report","","","",0,*,"","","","Reference {[]} {[CanonicalType[http://jpfhir.jp/fhir/core/StructureDefinition/JP_DiagnosticReport_Common], CanonicalType[http://hl7.org/fhir/StructureDefinition/DocumentReference], CanonicalType[http://hl7.org/fhir/StructureDefinition/Composition]]}
","Any report resulting from the procedure プロシジャーからのなんらかの結果報告","This could be a histology result, pathology report, surgical report, etc.
これは、組織学的結果、病理学的報告書、手術報告書などであろう。","There could potentially be multiple reports - e.g. if this was a procedure which took multiple biopsies resulting in a number of anatomical pathology reports.

複数のレポートが存在する可能性がある
-例：これが複数の生検を行ったプロシジャーであって、いくつもの解剖病理学報告が得られた場合。","","","","","","","","",,,,,"",,,,"Procedure.report",0,*,"","ele-1:All FHIR elements must have a @value or children {hasValue() or (children().count() > id.count())}
",".inboundRelationship[typeCode=SUBJ].source[classCode=OBS, moodCode=EVN]"
"Procedure.complication","Procedure.complication","","","",0,*,"","","","CodeableConcept {[]} {[]}
","Complication following the procedure プロシジャーに起こった合併症","Any complications that occurred during the procedure, or in the immediate post-performance period. These are generally tracked separately from the notes, which will typically describe the procedure itself rather than any 'post procedure' issues.

プロシジャー中、またはその実施直後の期間に発生した合併症。これらは通常、note要素とは別に記録される。note要素は通常、「プロシジャー後」の問題ではなく、プロシジャー自体を説明するものである。","If complications are only expressed by the narrative text, they can be captured using the CodeableConcept.text.
合併症が叙述的なテキストによってのみ表現されている場合は、CodeableConcept.textに格納できる。","","","","","","","","",,"example","","http://jpfhir.jp/fhir/Common/ValueSet/JP_ProcedureConditionCodes_VS","",,,,"Procedure.complication",0,*,"","ele-1:All FHIR elements must have a @value or children {hasValue() or (children().count() > id.count())}
",".outboundRelationship[typeCode=OUTC].target[classCode=OBS, code=""complication"", moodCode=EVN].value"
"Procedure.complicationDetail","Procedure.complicationDetail","","","",0,*,"","","","Reference {[]} {[CanonicalType[http://jpfhir.jp/fhir/core/StructureDefinition/JP_Condition]]}
","A condition that is a result of the procedure プロシジャーの結果であるような患者状態","Any complications that occurred during the procedure, or in the immediate post-performance period.
Procedureの実施中、または実施直後に発生した全ての合併症。","References SHALL be a reference to an actual FHIR resource, and SHALL be resolveable (allowing for access control, temporary unavailability, etc.). Resolution can be either by retrieval from the URL, or, where applicable by resource type, by treating an absolute reference as a canonical URL and looking it up in a local registry/repository.
参照は、実際のFHIRリソースへの参照である必要があり、内容に辿り着ける（解決できる）必要がある（アクセス制御、一時的な使用不可などを考慮に入れる）。解決は、URLから取得するか、リソースタイプによって該当する場合は、絶対参照を正規URLとして扱い、ローカルレジストリ/リポジトリで検索することによって行うことができる。","This is used to document a condition that is a result of the procedure, not the condition that was the reason for the procedure.
これは、プロシジャーの理由であった状態ではなく、プロシジャーの結果である状態を文書化するために使用される。","","","","","","","",,,,,"",,,,"Procedure.complicationDetail",0,*,"","ele-1:All FHIR elements must have a @value or children {hasValue() or (children().count() > id.count())}
",".outboundRelationship[typeCode=OUTC].target[classCode=OBS, code=""complication"", moodCode=EVN].value"
"Procedure.followUp","Procedure.followUp","","","",0,*,"","","","CodeableConcept {[]} {[]}
","Instructions for follow up フォローアップの指示","If the procedure required specific follow up - e.g. removal of sutures. The follow up may be represented as a simple note or could potentially be more complex, in which case the CarePlan resource can be used.

処置が特別なフォローアップを必要とする場合（例：抜糸）、フォローアップはシンプルなnote として表現してもよいが、より複雑になる可能性もあり、その場合はケアプランリソースを使用することができる。","Not all terminology uses fit this general pattern. In some cases, models should not use CodeableConcept and use Coding directly and provide their own structure for managing text, codings, translations and the relationship between elements and pre- and post-coordination.

すべてのターミノロジーの使用がこの一般的なパターンに適合するわけではない。場合によっては、モデルはCodeableConceptを使用せず、コーディングを直接使用して、テキスト、コーディング、翻訳、および要素間の関係と調整前後の関係を管理するための独自の構造を提供する必要がある。","","","","","","","","",,"example","","http://jpfhir.jp/fhir/Common/ValueSet/JP_ProcedureFollowUpCodes_VS","",,,,"Procedure.followUp",0,*,"","ele-1:All FHIR elements must have a @value or children {hasValue() or (children().count() > id.count())}
",".outboundRelationship[typeCode=COMP].target[classCode=ACT, moodCode=INT].code"
"Procedure.note","Procedure.note","","","",0,*,"","","","Annotation {[]} {[]}
","Additional information about the procedure プロシジャーの関する追加情報","Any other notes and comments about the procedure.
Procedureに関する注意点やコメントなど。","For systems that do not have structured annotations, they can simply communicate a single annotation with no author or time.  This element may need to be included in narrative because of the potential for modifying information.  *Annotations SHOULD NOT* be used to communicate ""modifying"" information that could be computable. (This is a SHOULD because enforcing user behavior is nearly impossible).

構造化された注釈（アノテーション）を持たないシステムの場合、作成者や時間なしで単一の注釈を簡単に伝達できる。情報を変更する可能性があるため、この要素をナラティブに含める必要がある場合がある。 
*注釈は、計算機処理れきる「変更」情報を伝達するために使用されるべきではない*。 （ユーザーの行動を強制することはほとんど不可能であるため、これはSHOULDとする）。","","","","","","","","",,,,,"",,,,"Procedure.note",0,*,"","ele-1:All FHIR elements must have a @value or children {hasValue() or (children().count() > id.count())}
","Event.note",".inboundRelationship[typeCode=SUBJ].source[classCode=OBS, moodCode=EVN, code=""annotation""].value","NTE"
"Procedure.focalDevice","Procedure.focalDevice","","","",0,*,"","","","BackboneElement {[]} {[]}
","Manipulated, implanted, or removed device 操作、埋め込み、または削除されたデバイス","A device that is implanted, removed or otherwise manipulated (calibration, battery replacement, fitting a prosthesis, attaching a wound-vac, etc.) as a focal portion of the Procedure.

Procedureが行われる局所に、あるいは、そこから、埋め込まれる、取り外される、またはその他の操作（キャリブレーション、バッテリー交換、プロテーゼの装着、陰圧ドレインバックの装着など）が行われるデバイス。","","","","","","","","","",,,,,"",,,,"Procedure.focalDevice",0,*,"","ele-1:All FHIR elements must have a @value or children {hasValue() or (children().count() > id.count())}
",".participation[typeCode=DEV].role[classCode=MANU]"
"Procedure.focalDevice.id","Procedure.focalDevice.id","","","",0,1,"","","","string {[]} {[]}
","Unique id for inter-element referencing","Unique id for the element within a resource (for internal references). This may be any string value that does not contain spaces.","","","","","","","","","",,,,,"",,,,"Element.id",0,1,"","","n/a"
"Procedure.focalDevice.extension","Procedure.focalDevice.extension","","extensions
user content","",0,*,"","","","Extension {[]} {[]}
","Additional content defined by implementations","May be used to represent additional information that is not part of the basic definition of the element. To make the use of extensions safe and manageable, there is a strict set of governance  applied to the definition and use of extensions. Though any implementer can define an extension, there is a set of requirements that SHALL be met as part of the definition of the extension.","There can be no stigma associated with the use of extensions by any application, project, or standard - regardless of the institution or jurisdiction that uses or defines the extensions.  The use of extensions is what allows the FHIR specification to retain a core level of simplicity for everyone.","","","","","","","","",,,,,"",,,,"Element.extension",0,*,"","ele-1:All FHIR elements must have a @value or children {hasValue() or (children().count() > id.count())}
ext-1:Must have either extensions or value[x], not both {extension.exists() != value.exists()}","n/a"
"Procedure.focalDevice.modifierExtension","Procedure.focalDevice.modifierExtension","","extensions
user contentmodifiers","",0,*,"","Y","Y","Extension {[]} {[]}
","Extensions that cannot be ignored even if unrecognized","May be used to represent additional information that is not part of the basic definition of the element and that modifies the understanding of the element in which it is contained and/or the understanding of the containing element's descendants. Usually modifier elements provide negation or qualification. To make the use of extensions safe and manageable, there is a strict set of governance applied to the definition and use of extensions. Though any implementer can define an extension, there is a set of requirements that SHALL be met as part of the definition of the extension. Applications processing a resource are required to check for modifier extensions.

Modifier extensions SHALL NOT change the meaning of any elements on Resource or DomainResource (including cannot change the meaning of modifierExtension itself).","There can be no stigma associated with the use of extensions by any application, project, or standard - regardless of the institution or jurisdiction that uses or defines the extensions.  The use of extensions is what allows the FHIR specification to retain a core level of simplicity for everyone.","Modifier extensions allow for extensions that *cannot* be safely ignored to be clearly distinguished from the vast majority of extensions which can be safely ignored.  This promotes interoperability by eliminating the need for implementers to prohibit the presence of extensions. For further information, see the [definition of modifier extensions](http://hl7.org/fhir/R4/extensibility.html#modifierExtension).","","","","","","","",,,,,"",,,,"BackboneElement.modifierExtension",0,*,"","ele-1:All FHIR elements must have a @value or children {hasValue() or (children().count() > id.count())}
ext-1:Must have either extensions or value[x], not both {extension.exists() != value.exists()}","N/A"
"Procedure.focalDevice.action","Procedure.focalDevice.action","","","",0,1,"","","","CodeableConcept {[]} {[]}
","Kind of change to device","Procedure中にデバイスに起こった変化の種類。【JP仕様】https://www.hl7.org/fhir/procedure.htmlを参照","","","","","","","","","",,"preferred","","http://jpfhir.jp/fhir/Common/ValueSet/JP_ProcedureDeviceActionCodes_VS","",,,,"Procedure.focalDevice.action",0,1,"","ele-1:All FHIR elements must have a @value or children {hasValue() or (children().count() > id.count())}
",".inboundRelationship[typeCode=SUBJ].source[classCode=OBS, moodCode=EVN, code=""procedure device action""].value=:procedure device action codes"
"Procedure.focalDevice.manipulated","Procedure.focalDevice.manipulated","","","",1,1,"","","","Reference {[]} {[CanonicalType[http://hl7.org/fhir/StructureDefinition/Device]]}
","Device that was changed","Procedure中に操作（変更）されたデバイス。【JP仕様】https://www.hl7.org/fhir/procedure.htmlを参照","","","","","","","","","",,,,,"",,,,"Procedure.focalDevice.manipulated",1,1,"","ele-1:All FHIR elements must have a @value or children {hasValue() or (children().count() > id.count())}
",".participation[typeCode=DEV].role[classCode=SDLOC]"
"Procedure.usedReference","Procedure.usedReference","","","",0,*,"","","","Reference {[]} {[CanonicalType[http://hl7.org/fhir/StructureDefinition/Device], CanonicalType[http://jpfhir.jp/fhir/core/StructureDefinition/JP_Medication], CanonicalType[http://hl7.org/fhir/StructureDefinition/Substance]]}
","Items used during procedure プロシジャー中に使用されるアイテム","Identifies medications, devices and any other substance used as part of the procedure.

プロシジャーの一部として使用される薬剤、機器およびその他の物質を特定する。","For devices actually implanted or removed, use Procedure.device.

実際に埋め込まれた、または取り外されたデバイスについては、Procedure.deviceを使用すること。","Used for tracking contamination, etc.","","","","","","","",,,,,"",,,,"Procedure.usedReference",0,*,"","ele-1:All FHIR elements must have a @value or children {hasValue() or (children().count() > id.count())}
",".participation[typeCode=DEV].role[classCode=MANU] or
.participation[typeCode=CSM].role[classCode=ADMM] (for Medication or Substance)"
"Procedure.usedCode","Procedure.usedCode","","","",0,*,"","","","CodeableConcept {[]} {[]}
","Coded items used during the procedure プロシジャー中に使用したアイテムのコード","Identifies coded items that were used as part of the procedure.
Procedureの一部として使用されたコード化されたアイテムを識別する。","For devices actually implanted or removed, use Procedure.device.
実際に埋め込まれた、または取り外されたデバイスについては、Procedure.deviceを使用すること。","","","","","","","","",,"example","","http://jpfhir.jp/fhir/Common/ValueSet/JP_ProcedureDeviceKind_VS","",,,,"Procedure.usedCode",0,*,"","ele-1:All FHIR elements must have a @value or children {hasValue() or (children().count() > id.count())}
","participation[typeCode=Dev].role[classCode=MANU]"
