{
  "resourceType" : "CodeSystem",
  "id" : "jp-codesystem-eprescription-section",
  "meta" : {
    "versionId" : "1",
    "lastUpdated" : "2022-10-04T00:43:07.700+09:00"
  },
  "url" : "http://jpfhir.jp/fhir/ePrescription/CodeSystem/prescription-section",
  "version" : "1.1.2",
  "name" : "JP_codeSystem_ePrescription_section",
  "status" : "active",
  "date" : "2023-08-30T09:03:20+00:00",
  "publisher" : "FHIR Japanese implementation research working group in Japan Association of Medical Informatics (JAMI)",
  "contact" : [{
    "name" : "FHIR Japanese implementation research working group in Japan Association of Medical Informatics (JAMI)",
    "telecom" : [{
      "system" : "url",
      "value" : "http://jpfhir.jp"
    },
    {
      "system" : "email",
      "value" : "office@hlfhir.jp"
    }]
  }],
  "description" : "処方セクション区分コード",
  "jurisdiction" : [{
    "coding" : [{
      "system" : "urn:iso:std:iso:3166",
      "code" : "JP"
    }]
  }],
  "copyright" : "Copyright Japan Association of Medical Informatics (JAMI)  一般社団法人日本医療情報学会 https://www.jami.jp/jamistd/",
  "caseSensitive" : false,
  "content" : "complete",
  "count" : 3,
  "concept" : [{
    "code" : "01",
    "display" : "処方情報セクション"
  },
  {
    "code" : "11",
    "display" : "分割処方箋セクション"
  },
  {
    "code" : "12",
    "display" : "分割処方箋別紙セクション"
  }]
}