{
  "resourceType" : "CodeSystem",
  "id" : "mhlw-codesystem-eprecda-instructionresidual-tbl09",
  "meta" : {
    "versionId" : "1",
    "lastUpdated" : "2022-10-04T00:43:09.093+09:00"
  },
  "url" : "urn:oid:1.2.392.100495.20.2.42",
  "version" : "1.1.2",
  "name" : "MHLW_codeSystem_ePreCDA_instructionResidual_tbl09",
  "status" : "active",
  "date" : "2023-08-30T05:38:38+00:00",
  "publisher" : "FHIR Japanese implementation research working group in Japan Association of Medical Informatics (JAMI)",
  "contact" : [{
    "name" : "FHIR Japanese implementation research working group in Japan Association of Medical Informatics (JAMI)",
    "telecom" : [{
      "system" : "url",
      "value" : "http://jpfhir.jp"
    },
    {
      "system" : "email",
      "value" : "office@hlfhir.jp"
    }]
  }],
  "description" : "厚労省電子処方CDA規格別表9 残薬確認指示コード",
  "jurisdiction" : [{
    "coding" : [{
      "system" : "urn:iso:std:iso:3166",
      "code" : "JP"
    }]
  }],
  "copyright" : "Copyright FHIR Japanese implementation research working group in Japan Association of Medical Informatics (JAMI) 一般社団法人日本医療情報学会NeXEHRS課題研究会FHIR日本実装検討WG",
  "caseSensitive" : false,
  "content" : "complete",
  "count" : 3,
  "concept" : [{
    "code" : "0",
    "display" : "指示無し"
  },
  {
    "code" : "1",
    "display" : "疑義照会の上調剤"
  },
  {
    "code" : "2",
    "display" : "情報提供"
  }]
}