{
  "resourceType" : "ValueSet",
  "id" : "jp-medication-example-uncategorized-comment-vs",
  "text" : {
    "status" : "generated",
    "div" : "<div xmlns=\"http://www.w3.org/1999/xhtml\">Placeholder</div>"
  },
  "url" : "http://jpfhir.jp/fhir/Examples/ValueSet/JP_MedicationAdministrationUncategorizedComment_VS",
  "version" : "1.1.2",
  "name" : "JP_MedicationExampleUncategorizedComment_VS",
  "title" : "JP Core MedicationAdministration Example Uncategorized Comment ValueSet",
  "status" : "active",
  "experimental" : false,
  "date" : "2023-06-26",
  "publisher" : "FHIR Japanese implementation research working group in Japan Association of Medical Informatics (JAMI)",
  "contact" : [{
    "name" : "FHIR Japanese implementation research working group in Japan Association of Medical Informatics (JAMI)",
    "telecom" : [{
      "system" : "url",
      "value" : "http://jpfhir.jp"
    },
    {
      "system" : "email",
      "value" : "office@hlfhir.jp"
    }]
  }],
  "description" : "注射実施未分類コメントの値セット例",
  "jurisdiction" : [{
    "coding" : [{
      "system" : "urn:iso:std:iso:3166",
      "code" : "JP",
      "display" : "Japan"
    }]
  }],
  "copyright" : "Copyright FHIR Japanese implementation research working group in Japan Association of Medical Informatics (JAMI) 一般社団法人日本医療情報学会NeXEHRS課題研究会FHIR日本実装検討WG",
  "compose" : {
    "include" : [{
      "system" : "http://jpfhir.jp/fhir/Examples/CodeSystem/JP_MedicationAdministrationUncategorizedComment_CS"
    }]
  }
}