{
  "resourceType" : "ValueSet",
  "id" : "jp-reason-codes-jed-vs",
  "text" : {
    "status" : "generated",
    "div" : "<div xmlns=\"http://www.w3.org/1999/xhtml\">Placeholder</div>"
  },
  "url" : "http://jpfhir.jp/fhir/core/ValueSet/JP_ReasonCodesJed_VS",
  "version" : "1.1.2",
  "name" : "JP_ReasonCodesJed_VS",
  "title" : "JP Core ImagingStudy Endoscopy Reason Code JED ValueSet",
  "status" : "active",
  "experimental" : false,
  "date" : "2023-06-26",
  "publisher" : "FHIR Japanese implementation research working group in Japan Association of Medical Informatics (JAMI)",
  "contact" : [{
    "name" : "FHIR Japanese implementation research working group in Japan Association of Medical Informatics (JAMI)",
    "telecom" : [{
      "system" : "url",
      "value" : "http://jpfhir.jp"
    },
    {
      "system" : "email",
      "value" : "office@hlfhir.jp"
    }]
  }],
  "description" : "日本消化器内視鏡学会が推進するJED (Japan Endoscopy Database) Projectのコード値セットのうち「検査目的」、「治療目的」に該当するコード",
  "jurisdiction" : [{
    "coding" : [{
      "system" : "urn:iso:std:iso:3166-2",
      "code" : "JP",
      "display" : "Japan"
    }]
  }],
  "copyright" : "Copyright JED-Project 一般社団法人 日本消化器内視鏡学会",
  "compose" : {
    "include" : [{
      "system" : "urn:oid:1.2.392.200270.4.1000.1",
      "concept" : [{
        "code" : "Z1320021",
        "display" : "スクリーニング"
      },
      {
        "code" : "Z1320022",
        "display" : "吐・下血"
      },
      {
        "code" : "Z1320023",
        "display" : "吐・下血以外の有症状"
      },
      {
        "code" : "Z1320024",
        "display" : "治療前精査"
      },
      {
        "code" : "Z1320025",
        "display" : "内視鏡治療後サーベイランス"
      },
      {
        "code" : "Z1320026",
        "display" : "便潜血精査"
      },
      {
        "code" : "Z1320027",
        "display" : "下血/血便"
      },
      {
        "code" : "Z1320028",
        "display" : "下血/血便以外の有症状"
      },
      {
        "code" : "Z1320029",
        "display" : "ポリープ経過観察"
      },
      {
        "code" : "Z1320030",
        "display" : "内視鏡切除"
      },
      {
        "code" : "Z1320031",
        "display" : "大腸癌術後サーベイランス"
      },
      {
        "code" : "Z1320032",
        "display" : "大腸癌化療・放射線治療後評価"
      },
      {
        "code" : "Z1320033",
        "display" : "炎症性腸疾患サーベイランス"
      },
      {
        "code" : "Z1320034",
        "display" : "炎症性腸疾患"
      },
      {
        "code" : "Z1320035",
        "display" : "術前(点墨)マーキング"
      },
      {
        "code" : "Z1320036",
        "display" : "原因不明の消化管出血精査"
      },
      {
        "code" : "Z1320037",
        "display" : "腹部有症状"
      },
      {
        "code" : "Z1320038",
        "display" : "便通異常"
      },
      {
        "code" : "Z1320039",
        "display" : "他画像検査で異常"
      },
      {
        "code" : "Z1320040",
        "display" : "カプセル内視鏡で異常"
      },
      {
        "code" : "Z1320041",
        "display" : "外科手術前"
      },
      {
        "code" : "Z1320042",
        "display" : "内視鏡治療（他院治療依頼）"
      },
      {
        "code" : "Z1320043",
        "display" : "化学療法効果判定"
      },
      {
        "code" : "Z1320044",
        "display" : "経過観察"
      },
      {
        "code" : "Z1320045",
        "display" : "閉塞性黄疸（良性）"
      },
      {
        "code" : "Z1320046",
        "display" : "閉塞性黄疸（悪性）"
      },
      {
        "code" : "Z1320047",
        "display" : "LFT(Liver Function Test)異常"
      },
      {
        "code" : "Z1320048",
        "display" : "既知及び疑われる胆管結石"
      },
      {
        "code" : "Z1320049",
        "display" : "急性膵炎"
      },
      {
        "code" : "Z1320050",
        "display" : "反復する膵炎"
      },
      {
        "code" : "Z1320051",
        "display" : "慢性膵炎"
      },
      {
        "code" : "Z1320052",
        "display" : "慢性の腹痛"
      },
      {
        "code" : "Z1320053",
        "display" : "間欠的な腹痛（SODを含む）"
      },
      {
        "code" : "Z1320054",
        "display" : "外科的治療後の漏出や狭窄"
      },
      {
        "code" : "Z1320055",
        "display" : "胆道のステント交換・抜去"
      },
      {
        "code" : "Z1320056",
        "display" : "膵管のステント交換・抜去"
      },
      {
        "code" : "Z1320057",
        "display" : "他の画像診断による胆管系の異常"
      },
      {
        "code" : "Z1320058",
        "display" : "腫瘍焼灼"
      },
      {
        "code" : "ZZZ05121",
        "display" : "ポリペクトミー"
      },
      {
        "code" : "ZZZ05131",
        "display" : "EMR"
      },
      {
        "code" : "ZZZ05161",
        "display" : "ESD"
      },
      {
        "code" : "ZZZ05181",
        "display" : "PDT"
      },
      {
        "code" : "ZZZ05191",
        "display" : "腫瘍焼灼（APC含む）"
      },
      {
        "code" : "ZZZ05241",
        "display" : "静脈瘤止血（予防含む）"
      },
      {
        "code" : "ZZZ05251",
        "display" : "非静脈瘤止血（予防含む）"
      },
      {
        "code" : "ZZZ05260",
        "display" : "拡張術、RIC"
      },
      {
        "code" : "ZZZ05291",
        "display" : "ステント留置"
      },
      {
        "code" : "ZZZ05351",
        "display" : "異物除去"
      },
      {
        "code" : "ZZZ05340",
        "display" : "PEG、PTEG"
      },
      {
        "code" : "ZZZ10301",
        "display" : "その他（記述する）"
      }]
    }]
  }
}