<?xml version="1.0" encoding="UTF-8"?>

<CodeSystem xmlns="http://hl7.org/fhir">
  <id value="jp-medication-form-merit9-cs"/>
  <text>
    <status value="generated"/><div xmlns="http://www.w3.org/1999/xhtml"><p>This code system http://jpfhir.jp/fhir/Common/CodeSystem/JP_MedicationFormMERIT9_CS defines the following codes:</p><table class="codes"><tr><td style="white-space:nowrap"><b>Code</b></td><td><b>Display</b></td></tr><tr><td style="white-space:nowrap">TAB<a name="jp-medication-form-merit9-cs-TAB"> </a></td><td>錠剤</td></tr><tr><td style="white-space:nowrap">CAP<a name="jp-medication-form-merit9-cs-CAP"> </a></td><td>カプセル剤</td></tr><tr><td style="white-space:nowrap">PWD<a name="jp-medication-form-merit9-cs-PWD"> </a></td><td>散剤、ドライシロップ剤</td></tr><tr><td style="white-space:nowrap">SYR<a name="jp-medication-form-merit9-cs-SYR"> </a></td><td>シロップ剤</td></tr><tr><td style="white-space:nowrap">SUP<a name="jp-medication-form-merit9-cs-SUP"> </a></td><td>坐剤</td></tr><tr><td style="white-space:nowrap">LQD<a name="jp-medication-form-merit9-cs-LQD"> </a></td><td>液剤</td></tr><tr><td style="white-space:nowrap">OIT<a name="jp-medication-form-merit9-cs-OIT"> </a></td><td>軟膏、ゲル</td></tr><tr><td style="white-space:nowrap">CRM<a name="jp-medication-form-merit9-cs-CRM"> </a></td><td>クリーム</td></tr><tr><td style="white-space:nowrap">TPE<a name="jp-medication-form-merit9-cs-TPE"> </a></td><td>テープ、貼付剤</td></tr><tr><td style="white-space:nowrap">INJ<a name="jp-medication-form-merit9-cs-INJ"> </a></td><td>注射剤</td></tr></table></div>
  </text>
  <url value="http://jpfhir.jp/fhir/Common/CodeSystem/JP_MedicationFormMERIT9_CS"/>
  <version value="1.1.0a"/>
  <name value="JP_MedicationFormMERIT9_CS"/>
  <title value="JP Core Medication MERIT9 Form CodeSystem"/>
  <status value="draft"/>
  <date value="2022-09-07T06:49:20+00:00"/>
  <publisher value="FHIR Japanese implementation research working group in Japan Association of Medical Informatics (JAMI)"/>
  <contact>
    <name value="FHIR Japanese implementation research working group in Japan Association of Medical Informatics (JAMI)"/>
    <telecom>
      <system value="url"/>
      <value value="http://jpfhir.jp"/>
    </telecom>
    <telecom>
      <system value="email"/>
      <value value="office@hlfhir.jp"/>
    </telecom>
  </contact>
  <description value="MERIT9剤形コードのコードシステム"/>
  <jurisdiction>
    <coding>
      <system value="urn:iso:std:iso:3166"/>
      <code value="JP"/>
    </coding>
  </jurisdiction>
  <copyright value="FHIR Japanese implementation research working group in Japan Association of Medical Informatics (JAMI)"/>
  <caseSensitive value="true"/>
  <valueSet value="http://jpfhir.jp/fhir/Common/ValueSet/JP_MedicationFormMERIT9_VS"/>
  <content value="complete"/>
  <count value="10"/>
  <concept>
    <code value="TAB"/>
    <display value="錠剤"/>
  </concept>
  <concept>
    <code value="CAP"/>
    <display value="カプセル剤"/>
  </concept>
  <concept>
    <code value="PWD"/>
    <display value="散剤、ドライシロップ剤"/>
  </concept>
  <concept>
    <code value="SYR"/>
    <display value="シロップ剤"/>
  </concept>
  <concept>
    <code value="SUP"/>
    <display value="坐剤"/>
  </concept>
  <concept>
    <code value="LQD"/>
    <display value="液剤"/>
  </concept>
  <concept>
    <code value="OIT"/>
    <display value="軟膏、ゲル"/>
  </concept>
  <concept>
    <code value="CRM"/>
    <display value="クリーム"/>
  </concept>
  <concept>
    <code value="TPE"/>
    <display value="テープ、貼付剤"/>
  </concept>
  <concept>
    <code value="INJ"/>
    <display value="注射剤"/>
  </concept>
</CodeSystem>