<?xml version="1.0" encoding="UTF-8"?>

<CodeSystem xmlns="http://hl7.org/fhir">
  <id value="jp-practitioner-role-cs"/>
  <text>
    <status value="generated"/><div xmlns="http://www.w3.org/1999/xhtml"><p>This code system <code>http://jpfhir.jp/fhir/Common/CodeSystem/JP_PractitionerRole_CS</code> defines the following codes:</p><table class="codes"><tr><td style="white-space:nowrap"><b>Code</b></td><td><b>Display</b></td></tr><tr><td style="white-space:nowrap">JPR10000<a name="jp-practitioner-role-cs-JPR10000"> </a></td><td>医師</td></tr><tr><td style="white-space:nowrap">JPR10100<a name="jp-practitioner-role-cs-JPR10100"> </a></td><td>研修医</td></tr><tr><td style="white-space:nowrap">JPR10101<a name="jp-practitioner-role-cs-JPR10101"> </a></td><td>研修医（１年目）</td></tr><tr><td style="white-space:nowrap">JPR10102<a name="jp-practitioner-role-cs-JPR10102"> </a></td><td>研修医（２年目）</td></tr><tr><td style="white-space:nowrap">JPR10200<a name="jp-practitioner-role-cs-JPR10200"> </a></td><td>歯科医師</td></tr><tr><td style="white-space:nowrap">JPR10300<a name="jp-practitioner-role-cs-JPR10300"> </a></td><td>非常勤医師</td></tr><tr><td style="white-space:nowrap">JPR10400<a name="jp-practitioner-role-cs-JPR10400"> </a></td><td>登録医</td></tr><tr><td style="white-space:nowrap">JPR10500<a name="jp-practitioner-role-cs-JPR10500"> </a></td><td>医学生</td></tr><tr><td style="white-space:nowrap">JPR20000<a name="jp-practitioner-role-cs-JPR20000"> </a></td><td>看護師</td></tr><tr><td style="white-space:nowrap">JPR20001<a name="jp-practitioner-role-cs-JPR20001"> </a></td><td>看護師（学生・実習生）</td></tr><tr><td style="white-space:nowrap">JPR20100<a name="jp-practitioner-role-cs-JPR20100"> </a></td><td>准看護師</td></tr><tr><td style="white-space:nowrap">JPR20200<a name="jp-practitioner-role-cs-JPR20200"> </a></td><td>看護助手</td></tr><tr><td style="white-space:nowrap">JPR20300<a name="jp-practitioner-role-cs-JPR20300"> </a></td><td>保健師</td></tr><tr><td style="white-space:nowrap">JPR20400<a name="jp-practitioner-role-cs-JPR20400"> </a></td><td>助産師</td></tr><tr><td style="white-space:nowrap">JPR20600<a name="jp-practitioner-role-cs-JPR20600"> </a></td><td>介護士</td></tr><tr><td style="white-space:nowrap">JPR20700<a name="jp-practitioner-role-cs-JPR20700"> </a></td><td>歯科技工士</td></tr><tr><td style="white-space:nowrap">JPR20800<a name="jp-practitioner-role-cs-JPR20800"> </a></td><td>歯科衛生士</td></tr><tr><td style="white-space:nowrap">JPR30000<a name="jp-practitioner-role-cs-JPR30000"> </a></td><td>薬剤師</td></tr><tr><td style="white-space:nowrap">JPR30100<a name="jp-practitioner-role-cs-JPR30100"> </a></td><td>臨床検査技師</td></tr><tr><td style="white-space:nowrap">JPR30200<a name="jp-practitioner-role-cs-JPR30200"> </a></td><td>診療放射線技師</td></tr><tr><td style="white-space:nowrap">JPR30300<a name="jp-practitioner-role-cs-JPR30300"> </a></td><td>臨床工学技士</td></tr><tr><td style="white-space:nowrap">JPR30400<a name="jp-practitioner-role-cs-JPR30400"> </a></td><td>理学療法士</td></tr><tr><td style="white-space:nowrap">JPR30500<a name="jp-practitioner-role-cs-JPR30500"> </a></td><td>作業療法士</td></tr><tr><td style="white-space:nowrap">JPR30600<a name="jp-practitioner-role-cs-JPR30600"> </a></td><td>言語聴覚士</td></tr><tr><td style="white-space:nowrap">JPR30700<a name="jp-practitioner-role-cs-JPR30700"> </a></td><td>視能訓練士</td></tr><tr><td style="white-space:nowrap">JPR30800<a name="jp-practitioner-role-cs-JPR30800"> </a></td><td>臨床心理士</td></tr><tr><td style="white-space:nowrap">JPR30900<a name="jp-practitioner-role-cs-JPR30900"> </a></td><td>管理栄養士</td></tr><tr><td style="white-space:nowrap">JPR40000<a name="jp-practitioner-role-cs-JPR40000"> </a></td><td>栄養士</td></tr><tr><td style="white-space:nowrap">JPR50000<a name="jp-practitioner-role-cs-JPR50000"> </a></td><td>事務職</td></tr><tr><td style="white-space:nowrap">JPR50100<a name="jp-practitioner-role-cs-JPR50100"> </a></td><td>医事会計</td></tr><tr><td style="white-space:nowrap">JPR50200<a name="jp-practitioner-role-cs-JPR50200"> </a></td><td>診療情報管理士</td></tr><tr><td style="white-space:nowrap">JPR50300<a name="jp-practitioner-role-cs-JPR50300"> </a></td><td>医療社会福祉士（ＭＳＷ）</td></tr><tr><td style="white-space:nowrap">JPR70100<a name="jp-practitioner-role-cs-JPR70100"> </a></td><td>治験依頼者</td></tr><tr><td style="white-space:nowrap">JPR70200<a name="jp-practitioner-role-cs-JPR70200"> </a></td><td>大学教員</td></tr><tr><td style="white-space:nowrap">JPR80100<a name="jp-practitioner-role-cs-JPR80100"> </a></td><td>臨床開発モニター</td></tr><tr><td style="white-space:nowrap">JPR80200<a name="jp-practitioner-role-cs-JPR80200"> </a></td><td>閲覧用</td></tr><tr><td style="white-space:nowrap">JPR90100<a name="jp-practitioner-role-cs-JPR90100"> </a></td><td>他専門職</td></tr><tr><td style="white-space:nowrap">JPR90200<a name="jp-practitioner-role-cs-JPR90200"> </a></td><td>その他</td></tr><tr><td style="white-space:nowrap">JPR90908<a name="jp-practitioner-role-cs-JPR90908"> </a></td><td>ベンダーＳＥ</td></tr><tr><td style="white-space:nowrap">JPR90909<a name="jp-practitioner-role-cs-JPR90909"> </a></td><td>システム管理者</td></tr></table></div>
  </text>
  <url value="http://jpfhir.jp/fhir/Common/CodeSystem/JP_PractitionerRole_CS"/>
  <version value="1.1.0a"/>
  <name value="JP_PractitionerRole_CS"/>
  <title value="JP Core Practitioner Role CodeSystem"/>
  <status value="draft"/>
  <date value="2022-09-14T12:56:24+00:00"/>
  <publisher value="FHIR Japanese implementation research working group in Japan Association of Medical Informatics (JAMI)"/>
  <contact>
    <name value="FHIR Japanese implementation research working group in Japan Association of Medical Informatics (JAMI)"/>
    <telecom>
      <system value="url"/>
      <value value="http://jpfhir.jp"/>
    </telecom>
    <telecom>
      <system value="email"/>
      <value value="office@hlfhir.jp"/>
    </telecom>
  </contact>
  <description value="実施者のロール（役割・職種））を示すコード"/>
  <jurisdiction>
    <coding>
      <system value="urn:iso:std:iso:3166"/>
      <code value="JP"/>
    </coding>
  </jurisdiction>
  <copyright value="FHIR Japanese implementation research working group in Japan Association of Medical Informatics (JAMI)"/>
  <caseSensitive value="true"/>
  <valueSet value="http://jpfhir.jp/fhir/Common/ValueSet/JP_PractitionerRole_VS"/>
  <content value="complete"/>
  <count value="40"/>
  <concept>
    <code value="JPR10000"/>
    <display value="医師"/>
  </concept>
  <concept>
    <code value="JPR10100"/>
    <display value="研修医"/>
  </concept>
  <concept>
    <code value="JPR10101"/>
    <display value="研修医（１年目）"/>
  </concept>
  <concept>
    <code value="JPR10102"/>
    <display value="研修医（２年目）"/>
  </concept>
  <concept>
    <code value="JPR10200"/>
    <display value="歯科医師"/>
  </concept>
  <concept>
    <code value="JPR10300"/>
    <display value="非常勤医師"/>
  </concept>
  <concept>
    <code value="JPR10400"/>
    <display value="登録医"/>
  </concept>
  <concept>
    <code value="JPR10500"/>
    <display value="医学生"/>
  </concept>
  <concept>
    <code value="JPR20000"/>
    <display value="看護師"/>
  </concept>
  <concept>
    <code value="JPR20001"/>
    <display value="看護師（学生・実習生）"/>
  </concept>
  <concept>
    <code value="JPR20100"/>
    <display value="准看護師"/>
  </concept>
  <concept>
    <code value="JPR20200"/>
    <display value="看護助手"/>
  </concept>
  <concept>
    <code value="JPR20300"/>
    <display value="保健師"/>
  </concept>
  <concept>
    <code value="JPR20400"/>
    <display value="助産師"/>
  </concept>
  <concept>
    <code value="JPR20600"/>
    <display value="介護士"/>
  </concept>
  <concept>
    <code value="JPR20700"/>
    <display value="歯科技工士"/>
  </concept>
  <concept>
    <code value="JPR20800"/>
    <display value="歯科衛生士"/>
  </concept>
  <concept>
    <code value="JPR30000"/>
    <display value="薬剤師"/>
  </concept>
  <concept>
    <code value="JPR30100"/>
    <display value="臨床検査技師"/>
  </concept>
  <concept>
    <code value="JPR30200"/>
    <display value="診療放射線技師"/>
  </concept>
  <concept>
    <code value="JPR30300"/>
    <display value="臨床工学技士"/>
  </concept>
  <concept>
    <code value="JPR30400"/>
    <display value="理学療法士"/>
  </concept>
  <concept>
    <code value="JPR30500"/>
    <display value="作業療法士"/>
  </concept>
  <concept>
    <code value="JPR30600"/>
    <display value="言語聴覚士"/>
  </concept>
  <concept>
    <code value="JPR30700"/>
    <display value="視能訓練士"/>
  </concept>
  <concept>
    <code value="JPR30800"/>
    <display value="臨床心理士"/>
  </concept>
  <concept>
    <code value="JPR30900"/>
    <display value="管理栄養士"/>
  </concept>
  <concept>
    <code value="JPR40000"/>
    <display value="栄養士"/>
  </concept>
  <concept>
    <code value="JPR50000"/>
    <display value="事務職"/>
  </concept>
  <concept>
    <code value="JPR50100"/>
    <display value="医事会計"/>
  </concept>
  <concept>
    <code value="JPR50200"/>
    <display value="診療情報管理士"/>
  </concept>
  <concept>
    <code value="JPR50300"/>
    <display value="医療社会福祉士（ＭＳＷ）"/>
  </concept>
  <concept>
    <code value="JPR70100"/>
    <display value="治験依頼者"/>
  </concept>
  <concept>
    <code value="JPR70200"/>
    <display value="大学教員"/>
  </concept>
  <concept>
    <code value="JPR80100"/>
    <display value="臨床開発モニター"/>
  </concept>
  <concept>
    <code value="JPR80200"/>
    <display value="閲覧用"/>
  </concept>
  <concept>
    <code value="JPR90100"/>
    <display value="他専門職"/>
  </concept>
  <concept>
    <code value="JPR90200"/>
    <display value="その他"/>
  </concept>
  <concept>
    <code value="JPR90908"/>
    <display value="ベンダーＳＥ"/>
  </concept>
  <concept>
    <code value="JPR90909"/>
    <display value="システム管理者"/>
  </concept>
</CodeSystem>