<?xml version="1.0" encoding="UTF-8"?>

<MedicationRequest xmlns="http://hl7.org/fhir">
  <id value="jp-medicationrequest-injection-example-2"/>
  <meta>
    <profile value="http://jpfhir.jp/fhir/core/StructureDefinition/JP_MedicationRequest_Injection"/>
  </meta>
  <text>
    <status value="extensions"/><div xmlns="http://www.w3.org/1999/xhtml"><p><b>Generated Narrative: MedicationRequest</b><a name="jp-medicationrequest-injection-example-2"> </a></p><div style="display: inline-block; background-color: #d9e0e7; padding: 6px; margin: 4px; border: 1px solid #8da1b4; border-radius: 5px; line-height: 60%"><p style="margin-bottom: 0px">Resource MedicationRequest "jp-medicationrequest-injection-example-2" </p><p style="margin-bottom: 0px">Profile: <a href="StructureDefinition-jp-medicationrequest-injection.html">JP Core MedicationRequest Injection Profile</a></p></div><p><b>identifier</b>: id: 2, id: 1234567890.2.1</p><p><b>status</b>: active</p><p><b>intent</b>: order</p><p><b>category</b>: Inpatient Order <span style="background: LightGoldenRodYellow; margin: 4px; border: 1px solid khaki"> (<a href="http://terminology.hl7.org/4.0.0/CodeSystem-v2-0482.html">orderType</a>#I)</span>, 入院処方 <span style="background: LightGoldenRodYellow; margin: 4px; border: 1px solid khaki"> (<a href="CodeSystem-jp-medication-category-merit9-cs.html">JP Core Medication MERIT9 Category CodeSystem</a>#IHP)</span>, 定時処方 <span style="background: LightGoldenRodYellow; margin: 4px; border: 1px solid khaki"> (<a href="CodeSystem-jp-medication-category-jhsi0001-cs.html">JP Core Medication JHSI0001 Category CodeSystem</a>#FTP)</span></p><p><b>medication</b>: <a name="jp-medicationrequest-injection-medication-example-2"> </a></p><blockquote><p></p><p><a name="jp-medicationrequest-injection-medication-example-2"> </a></p><p><b>status</b>: active</p><blockquote><p><b>ingredient</b></p><p><b>item</b>: ソリタ－Ｔ３号輸液５００ｍＬ <span style="background: LightGoldenRodYellow; margin: 4px; border: 1px solid khaki"> (unknown#107750602)</span></p><p><b>strength</b>: 1 本<span style="background: LightGoldenRodYellow"> (Details: urn:oid:1.2.392.100495.20.2.101 code HON = 'HON')</span>/1 回<span style="background: LightGoldenRodYellow"> (Details: urn:oid:1.2.392.100495.20.2.101 code TIME = 'TIME')</span></p></blockquote><blockquote><p><b>ingredient</b></p><p><b>item</b>: アドナ注（静脈用）５０ｍｇ／１０ｍＬ <span style="background: LightGoldenRodYellow; margin: 4px; border: 1px solid khaki"> (unknown#108010001)</span></p><p><b>strength</b>: 1 アンプル<span style="background: LightGoldenRodYellow"> (Details: urn:oid:1.2.392.100495.20.2.101 code AMP = 'AMP')</span>/1 回<span style="background: LightGoldenRodYellow"> (Details: urn:oid:1.2.392.100495.20.2.101 code TIME = 'TIME')</span></p></blockquote></blockquote><p><b>subject</b>: <a href="Patient-jp-patient-example-1.html">Patient/jp-patient-example-1</a> " 山田"</p><p><b>authoredOn</b>: 2016-07-01 07:28:17+0900</p><p><b>requester</b>: <a href="Practitioner-jp-practitioner-example-female-1.html">Practitioner/jp-practitioner-example-female-1</a> " 東京"</p><p><b>insurance</b>: <a href="Coverage-jp-coverage-example-1.html">Coverage/jp-coverage-example-1</a></p><blockquote><p><b>dosageInstruction</b></p><p><b>JP Core MedicationRequest DosageInstruction Line Extension</b>: 主管 <span style="background: LightGoldenRodYellow; margin: 4px; border: 1px solid khaki"> (99ILL#01)</span></p><p><b>text</b>: 主管 静脈注射 左腕</p><p><b>timing</b>: Starting 2016-07-01 08:00:00+0900, Do Once, Until 2016-07-01 01:00:00+0900</p><p><b>site</b>:  <span style="background: LightGoldenRodYellow; margin: 4px; border: 1px solid khaki"> ()</span></p><p><b>route</b>: 静脈内 <span style="background: LightGoldenRodYellow; margin: 4px; border: 1px solid khaki"> (<a href="CodeSystem-jp-medication-route-hl70162-cs.html">JP Core Medication HL70162-based Route CodeSystem</a>#IV)</span></p><p><b>method</b>: 注射 <span style="background: LightGoldenRodYellow; margin: 4px; border: 1px solid khaki"> (unknown#3)</span></p></blockquote></div>
  </text>
  <contained>
    <Medication>
      <id value="jp-medicationrequest-injection-medication-example-2"/>
      <meta>
        <profile value="http://jpfhir.jp/fhir/core/StructureDefinition/JP_Medication"/>
      </meta>
      <status value="active"/>
      <ingredient>
        <itemCodeableConcept>
          <coding>
            <system value="urn:oid:1.2.392.200119.4.403.1"/>
            <code value="107750602"/>
            <display value="ソリタ－Ｔ３号輸液５００ｍＬ"/>
          </coding>
        </itemCodeableConcept>
        <strength>
          <numerator>
            <value value="1"/>
            <unit value="本"/>
            <system value="urn:oid:1.2.392.100495.20.2.101"/>
            <code value="HON"/>
          </numerator>
          <denominator>
            <value value="1"/>
            <unit value="回"/>
            <system value="urn:oid:1.2.392.100495.20.2.101"/>
            <code value="TIME"/>
          </denominator>
        </strength>
      </ingredient>
      <ingredient>
        <itemCodeableConcept>
          <coding>
            <system value="urn:oid:1.2.392.200119.4.403.1"/>
            <code value="108010001"/>
            <display value="アドナ注（静脈用）５０ｍｇ／１０ｍＬ"/>
          </coding>
        </itemCodeableConcept>
        <strength>
          <numerator>
            <value value="1"/>
            <unit value="アンプル"/>
            <system value="urn:oid:1.2.392.100495.20.2.101"/>
            <code value="AMP"/>
          </numerator>
          <denominator>
            <value value="1"/>
            <unit value="回"/>
            <system value="urn:oid:1.2.392.100495.20.2.101"/>
            <code value="TIME"/>
          </denominator>
        </strength>
      </ingredient>
    </Medication>
  </contained>
  <contained>
    <BodyStructure>
      <id value="jp-medicationrequest-injection-bodystructure-example-2"/>
      <location>
        <coding>
          <system value="http://terminology.hl7.org/CodeSystem/v2-0550"/>
          <code value="ARM"/>
          <display value="Arm"/>
        </coding>
      </location>
      <locationQualifier>
        <coding>
          <system value="http://terminology.hl7.org/CodeSystem/v2-0495"/>
          <code value="R"/>
          <display value="Right"/>
        </coding>
      </locationQualifier>
      <patient>
        <reference value="Patient/jp-patient-example-1"/>
      </patient>
    </BodyStructure>
  </contained>
  <identifier>
    <system value="urn:oid:1.2.392.100495.20.3.81"/>
    <value value="2"/>
  </identifier>
  <identifier>
    <system value="http://jpfhir.jp/fhir/Common/IdSystem/resourceInstance-identifier"/>
    <value value="1234567890.2.1"/>
  </identifier>
  <status value="active"/>
  <intent value="order"/>
  <category>
    <coding>
      <system value="http://terminology.hl7.org/CodeSystem/v2-0482"/>
      <code value="I"/>
      <display value="Inpatient Order"/>
    </coding>
  </category>
  <category>
    <coding>
      <system value="http://jpfhir.jp/fhir/Common/CodeSystem/JP_MedicationCategoryMERIT9_CS"/>
      <code value="IHP"/>
      <display value="入院処方"/>
    </coding>
  </category>
  <category>
    <coding>
      <system value="http://jpfhir.jp/fhir/Common/CodeSystem/JHSI0001"/>
      <code value="FTP"/>
      <display value="定時処方"/>
    </coding>
  </category>
  <medicationReference>
    <reference value="#jp-medicationrequest-injection-medication-example-2"/>
  </medicationReference>
  <subject>
    <reference value="Patient/jp-patient-example-1"/>
  </subject>
  <authoredOn value="2016-07-01T07:28:17+09:00"/>
  <requester>
    <reference value="Practitioner/jp-practitioner-example-female-1"/>
  </requester>
  <insurance>
    <reference value="Coverage/jp-coverage-example-1"/>
  </insurance>
  <dosageInstruction>
    <extension url="http://jpfhir.jp/fhir/core/Extension/StructureDefinition/JP_MedicationRequest_DosageInstruction_Line">
      <valueCodeableConcept>
        <coding>
          <system value="http://hl7fhir.jp/medication/99ILL"/>
          <code value="01"/>
          <display value="主管"/>
        </coding>
      </valueCodeableConcept>
    </extension>
    <text value="主管 静脈注射 左腕"/>
    <timing>
      <repeat>
        <boundsPeriod>
          <start value="2016-07-01T08:00:00+09:00"/>
          <end value="2016-07-01T13:00:00+09:00"/>
        </boundsPeriod>
      </repeat>
    </timing>
    <site>
      <extension url="http://hl7.org/fhir/StructureDefinition/bodySite">
        <valueReference>
          <reference value="#jp-medicationrequest-injection-bodystructure-example-2"/>
        </valueReference>
      </extension>
    </site>
    <route>
      <coding>
        <system value="http://jpfhir.jp/fhir/Common/CodeSystem/route-codes"/>
        <code value="IV"/>
        <display value="静脈内"/>
      </coding>
    </route>
    <method>
      <coding>
        <system value="urn:oid:1.2.392.100495.20.2.34"/>
        <code value="3"/>
        <display value="注射"/>
      </coding>
    </method>
    <doseAndRate>
      <type>
        <coding>
          <system value="urn:oid:1.2.392.100495.20.2.22"/>
          <code value="1"/>
        </coding>
      </type>
      <doseQuantity>
        <value value="510"/>
        <unit value="ミリリッター"/>
        <system value="http://unitsofmeasure.org"/>
        <code value="mL"/>
      </doseQuantity>
      <rateRatio>
        <numerator>
          <value value="102"/>
          <unit value="ミリリッター"/>
          <system value="http://unitsofmeasure.org"/>
          <code value="mL"/>
        </numerator>
        <denominator>
          <value value="1"/>
          <unit value="day"/>
          <system value="http://unitsofmeasure.org"/>
          <code value="d"/>
        </denominator>
      </rateRatio>
    </doseAndRate>
  </dosageInstruction>
</MedicationRequest>