<?xml version="1.0" encoding="UTF-8"?>

<ValueSet xmlns="http://hl7.org/fhir">
  <id value="jp-medicationcode-immunization-vs"/>
  <text>
    <status value="generated"/><div xmlns="http://www.w3.org/1999/xhtml"><p>This value set includes codes based on the following rules:</p><ul><li>Include all codes defined in <a href="CodeSystem-jp-medicationcode-hot13-cs.html"><code>http://jpfhir.jp/fhir/Common/CodeSystem/JP_MedicationCodeHOT13_CS</code></a></li><li>Include all codes defined in <a href="CodeSystem-jp-medicationcode-hot9-cs.html"><code>http://jpfhir.jp/fhir/Common/CodeSystem/JP_MedicationCodeHOT9_CS</code></a></li><li>Include all codes defined in <a href="CodeSystem-jp-medicationcode-yj-cs.html"><code>http://jpfhir.jp/fhir/Common/CodeSystem/JP_MedicationCodeYJ_CS</code></a></li></ul></div>
  </text>
  <url value="http://jpfhir.jp/fhir/Common/ValueSet/JP_MedicationCode_Immunization_VS"/>
  <version value="1.1.0a"/>
  <name value="JP_MedicationCode_Immunization_VS"/>
  <title value="JP Core MedicationCode Immunization ValueSet"/>
  <status value="draft"/>
  <date value="2022-09-16T04:34:30+00:00"/>
  <publisher value="FHIR Japanese implementation research working group in Japan Association of Medical Informatics (JAMI)"/>
  <contact>
    <name value="FHIR Japanese implementation research working group in Japan Association of Medical Informatics (JAMI)"/>
    <telecom>
      <system value="url"/>
      <value value="http://jpfhir.jp"/>
    </telecom>
    <telecom>
      <system value="email"/>
      <value value="office@hlfhir.jp"/>
    </telecom>
  </contact>
  <description value="Immunization用医薬品処方コードの値セット"/>
  <jurisdiction>
    <coding>
      <system value="urn:iso:std:iso:3166"/>
      <code value="JP"/>
    </coding>
  </jurisdiction>
  <copyright value="FHIR Japanese implementation research working group in Japan Association of Medical Informatics (JAMI)"/>
  <compose>
    <include>
      <system value="http://jpfhir.jp/fhir/Common/CodeSystem/JP_MedicationCodeHOT13_CS"/>
    </include>
    <include>
      <system value="http://jpfhir.jp/fhir/Common/CodeSystem/JP_MedicationCodeHOT9_CS"/>
    </include>
    <include>
      <system value="http://jpfhir.jp/fhir/Common/CodeSystem/JP_MedicationCodeYJ_CS"/>
    </include>
  </compose>
</ValueSet>