{"resourceType":"CodeSystem","id":"jp-medication-example-linecomment-cs","text":{"status":"generated","div":"<div xmlns=\"http://www.w3.org/1999/xhtml\"><p>This code system http://jpfhir.jp/fhir/Examples/CodeSystem/JP_MedicationAdministrationDosageLineComment_CS defines some example codes:</p><table class=\"codes\"><tr><td style=\"white-space:nowrap\"><b>Code</b></td><td><b>Display</b></td></tr><tr><td style=\"white-space:nowrap\">01<a name=\"jp-medication-example-linecomment-cs-01\"> </a></td><td>末梢キープ</td></tr><tr><td style=\"white-space:nowrap\">02<a name=\"jp-medication-example-linecomment-cs-02\"> </a></td><td>生食ロック</td></tr><tr><td style=\"white-space:nowrap\">03<a name=\"jp-medication-example-linecomment-cs-03\"> </a></td><td>ヘパリンロック</td></tr></table></div>"},"url":"http://jpfhir.jp/fhir/Examples/CodeSystem/JP_MedicationAdministrationDosageLineComment_CS","version":"1.1.0a","name":"JP_MedicationExampleLineComment_CS","title":"JP Medication Example LineComment","status":"draft","date":"2022-08-31T08:52:30+00:00","publisher":"FHIR Japanese implementation research working group in Japan Association of Medical Informatics (JAMI)","contact":[{"name":"FHIR Japanese implementation research working group in Japan Association of Medical Informatics (JAMI)","telecom":[{"system":"url","value":"http://jpfhir.jp"},{"system":"email","value":"office@hlfhir.jp"}]}],"description":"注射ラインコメントのコードシステム例","jurisdiction":[{"coding":[{"system":"urn:iso:std:iso:3166","code":"JP"}]}],"copyright":"FHIR Japanese implementation research working group in Japan Association of Medical Informatics (JAMI)","caseSensitive":true,"content":"example","concept":[{"code":"01","display":"末梢キープ"},{"code":"02","display":"生食ロック"},{"code":"03","display":"ヘパリンロック"}]}