{"resourceType":"CodeSystem","id":"jp-procedure-category-cs","text":{"status":"generated","div":"<div xmlns=\"http://www.w3.org/1999/xhtml\"><p>This code system http://jpfhir.jp/fhir/Common/CodeSystem/JP_ProcedureCategory_CS defines the following codes:</p><table class=\"codes\"><tr><td style=\"white-space:nowrap\"><b>Code</b></td><td><b>Display</b></td></tr><tr><td style=\"white-space:nowrap\">JPPCC001<a name=\"jp-procedure-category-cs-JPPCC001\"> </a></td><td>精神療法</td></tr><tr><td style=\"white-space:nowrap\">JPPCC002<a name=\"jp-procedure-category-cs-JPPCC002\"> </a></td><td>カウンセリング</td></tr><tr><td style=\"white-space:nowrap\">JPPCC003<a name=\"jp-procedure-category-cs-JPPCC003\"> </a></td><td>教育</td></tr><tr><td style=\"white-space:nowrap\">JPPCC004<a name=\"jp-procedure-category-cs-JPPCC004\"> </a></td><td>外科的処置</td></tr><tr><td style=\"white-space:nowrap\">JPPCC005<a name=\"jp-procedure-category-cs-JPPCC005\"> </a></td><td>診断的処置</td></tr><tr><td style=\"white-space:nowrap\">JPPCC006<a name=\"jp-procedure-category-cs-JPPCC006\"> </a></td><td>カイロプラクティック</td></tr><tr><td style=\"white-space:nowrap\">JPPCC007<a name=\"jp-procedure-category-cs-JPPCC007\"> </a></td><td>社会サービス介入</td></tr></table></div>"},"url":"http://jpfhir.jp/fhir/Common/CodeSystem/JP_ProcedureCategory_CS","version":"1.1.0a","name":"JP_ProcedureCategory_CS","title":"JP Core Procedure Category CodeSystem","status":"draft","date":"2022-09-01T02:21:15+00:00","publisher":"FHIR Japanese implementation research working group in Japan Association of Medical Informatics (JAMI)","contact":[{"name":"FHIR Japanese implementation research working group in Japan Association of Medical Informatics (JAMI)","telecom":[{"system":"url","value":"http://jpfhir.jp"},{"system":"email","value":"office@hlfhir.jp"}]}],"description":"処置のカテゴリを示すコードのコードシステム","jurisdiction":[{"coding":[{"system":"urn:iso:std:iso:3166","code":"JP"}]}],"copyright":"FHIR Japanese implementation research working group in Japan Association of Medical Informatics (JAMI)","caseSensitive":true,"valueSet":"http://jpfhir.jp/fhir/Common/ValueSet/JP_ProcedureCategory_VS","content":"complete","count":7,"concept":[{"code":"JPPCC001","display":"精神療法"},{"code":"JPPCC002","display":"カウンセリング"},{"code":"JPPCC003","display":"教育"},{"code":"JPPCC004","display":"外科的処置"},{"code":"JPPCC005","display":"診断的処置"},{"code":"JPPCC006","display":"カイロプラクティック"},{"code":"JPPCC007","display":"社会サービス介入"}]}