{"resourceType":"CodeSystem","id":"jp-jfagy-non-food-non-medication-allergen-cs","text":{"status":"generated","div":"<div xmlns=\"http://www.w3.org/1999/xhtml\"><p>This code system http://jpfhir.jp/fhir/Common/CodeSystem/JP_JfagyNonFoodNonMedicationAllergen_CS defines the following codes:</p><table class=\"codes\"><tr><td style=\"white-space:nowrap\"><b>Code</b></td><td><b>Display</b></td></tr><tr><td style=\"white-space:nowrap\">J9N000000000<a name=\"jp-jfagy-non-food-non-medication-allergen-cs-J9N000000000\"> </a></td><td>非食品・非医薬品</td></tr></table></div>"},"url":"http://jpfhir.jp/fhir/Common/CodeSystem/JP_JfagyNonFoodNonMedicationAllergen_CS","version":"1.1.0a","name":"JP_JfagyNonFoodNonMedicationAllergen_CS","title":"JFAGY Non Food None Medication Allergen CodeSystem","status":"draft","date":"2022-09-01T00:29:56+00:00","publisher":"FHIR Japanese implementation research working group in Japan Association of Medical Informatics (JAMI)","contact":[{"name":"FHIR Japanese implementation research working group in Japan Association of Medical Informatics (JAMI)","telecom":[{"system":"url","value":"http://jpfhir.jp"},{"system":"email","value":"office@hlfhir.jp"}]}],"description":"JFAGY アレルゲンコード（非食品・非医薬品）","jurisdiction":[{"coding":[{"system":"urn:iso:std:iso:3166","code":"JP"}]}],"copyright":"FHIR Japanese implementation research working group in Japan Association of Medical Informatics (JAMI)","caseSensitive":true,"content":"complete","count":1,"concept":[{"code":"J9N000000000","display":"非食品・非医薬品"}]}