{"resourceType":"ValueSet","id":"jp-medication-category-jhsi0001-vs","text":{"status":"generated","div":"<div xmlns=\"http://www.w3.org/1999/xhtml\"><ul><li>Include all codes defined in <code>http://jpfhir.jp/fhir/core/CodeSystem/JHSI0001</code></li></ul></div>"},"url":"http://jpfhir.jp/fhir/core/ValueSet/JP_MedicationCategoryJHSI0001_VS","version":"1.1.1","name":"JP_MedicationCategoryJHSI0001_VS","title":"JP Core Medication JHSI0001 Category ValueSet","status":"active","experimental":false,"date":"2022-10-24","publisher":"FHIR Japanese implementation research working group in Japan Association of Medical Informatics (JAMI)","contact":[{"name":"FHIR Japanese implementation research working group in Japan Association of Medical Informatics (JAMI)","telecom":[{"system":"url","value":"http://jpfhir.jp"},{"system":"email","value":"office@hlfhir.jp"}]}],"description":"JAHIS注射データ交換規約Ver.2.1C JHSI表0001処方区分コードの値セット","jurisdiction":[{"coding":[{"system":"urn:iso:std:iso:3166","code":"JPN"}]}],"copyright":"Copyright Japanese  Association of Healthcare Information Systems Industry(JAHIS)  一般社団法人保健医療福祉情報システム工業会","compose":{"include":[{"system":"http://jpfhir.jp/fhir/core/CodeSystem/JHSI0001"}]}}