{"resourceType":"ValueSet","id":"jp-observation-vitalsigns-code-vs","text":{"status":"generated","div":"<div xmlns=\"http://www.w3.org/1999/xhtml\"><ul><li>Include all codes defined in <a href=\"CodeSystem-jp-observation-vitalsigns-code-cs.html\"><code>http://jpfhir.jp/fhir/Common/CodeSystem/JP_ObservationVitalSignsCode_CS</code></a></li></ul></div>"},"url":"http://jpfhir.jp/fhir/Common/ValueSet/JP_ObservationVitalSignsCode_VS","version":"1.1.0a","name":"JP_ObservationVitalSignsCode_VS","title":"JP Core Observation VitalSigns Code ValueSet","status":"draft","date":"2022-08-31T08:52:30+00:00","publisher":"FHIR Japanese implementation research working group in Japan Association of Medical Informatics (JAMI)","contact":[{"name":"FHIR Japanese implementation research working group in Japan Association of Medical Informatics (JAMI)","telecom":[{"system":"url","value":"http://jpfhir.jp"},{"system":"email","value":"office@hlfhir.jp"}]}],"description":"Observation（バイタルサイン）で使用する項目コード","jurisdiction":[{"coding":[{"system":"urn:iso:std:iso:3166","code":"JP"}]}],"copyright":"FHIR Japanese implementation research working group in Japan Association of Medical Informatics (JAMI)","compose":{"include":[{"system":"http://jpfhir.jp/fhir/Common/CodeSystem/JP_ObservationVitalSignsCode_CS"}]}}