"Id","Path","Slice Name","Alias(s)","Label","Min","Max","Must Support?","Is Modifier?","Is Summary?","Type(s)","Short","Definition","Comments","Requirements","Default Value","Meaning When Missing","Fixed Value","Pattern","Example","Minimum Value","Maximum Value","Maximum Length","Binding Strength","Binding Description","Binding Value Set","Code","Slicing Discriminator","Slicing Description","Slicing Ordered","Slicing Rules","Base Path","Base Min","Base Max","Condition(s)","Constraint(s)","Mapping: Workflow Pattern","Mapping: RIM Mapping","Mapping: DICOM Tag Mapping","Mapping: FiveWs Pattern Mapping","Mapping: HL7 v2 Mapping"
"ImagingStudy","ImagingStudy","","","",0,*,"","","","null {[]} {[]}
","内視鏡を使用したDICOM画像検査に関する情報。","DICOM画像研究で生成されたコンテンツの表現。 研究には、共通の文脈で収集または生成されたサービスオブジェクトペアインスタンス（SOPインスタンス - 画像またはその他のデータ）のセットで構成される一連のシリーズが含まれます。 シリーズは1つのモダリティのみ（X線、CT、MR、超音波など）、研究には複数の異なるモダリティのシリーズが含まれる場合があります。","","","","","","","","","",,,,,"",,,,"ImagingStudy",0,*,"","","Event","Entity. Role, or Act","Act[classCode=COMPOSITION, moodCode=EVN]","Reference IHE radiology TF vol 2 table 4.14-1"
"ImagingStudy.id","ImagingStudy.id","","","",0,1,"","","Y","id {[]} {[]}
","このアーティファクトの論理ID","「リソースのURLで使用される論理ID。一度割り当てられたら、この値は変更されません。」","「リソースにIDがないのは、作成操作を使用してサーバーに送信されているときだけです。」","","","","","","","","",,,,,"",,,,"Resource.id",0,1,"",""
"ImagingStudy.meta","ImagingStudy.meta","","","",0,1,"","","Y","Meta {[]} {[]}
","「リソースに関するメタデータ」","リソースに関するメタデータ。これはインフラストラクチャによって維持されるコンテンツです。 コンテンツの変更は、リソースのバージョン変更と常に関連しているわけではありません。","","","","","","","","","",,,,,"",,,,"Resource.meta",0,1,"","ele-1:すべてのFHIR要素は、@valueまたはchildrenを持っている必要があります。 {hasValue() or (children().count() > id.count())}
"
"ImagingStudy.implicitRules","ImagingStudy.implicitRules","","","",0,1,"","Y","Y","uri {[]} {[]}
","このコンテンツが作成されたルールセット","「リソース構築時に遵守された一連のルールを指すものであり、コンテンツを処理する際に理解する必要があります。しばしば、特別なルールを定義する実装ガイドとその他のプロファイルなどを含むものです。」","このルールセットを主張することで、取引先の限られた集団にしか内容を理解させることができず、長期的にはデータの有用性が制限されます。しかしながら、現存するヘルスエコシステムは高度に分断化しており、一般的に計算可能な形式でデータを定義、収集、交換する準備が整っていません。できる限り、実装者および/または仕様ライターはこの要素の使用を避けるべきです。使用する場合、URLは、そのナラティブとともに他のプロファイル、値セットなどを含む実装ガイドを定義する参照となります。","","","","","","","","",,,,,"",,,,"Resource.implicitRules",0,1,"","ele-1:すべてのFHIR要素は、@valueまたはchildrenを持っている必要があります。 {hasValue() or (children().count() > id.count())}
"
"ImagingStudy.language","ImagingStudy.language","","","",0,1,"","","","code {[]} {[]}
","「リソースコンテンツの言語」(Risōsukontentsu no gengo)","「リソースが書かれている基本言語。」","言語はインデックスとアクセシビリティをサポートするために提供されます（通常、テキスト読み上げなどのサービスは言語タグを使用します）。物語のHTML言語タグは、物語に適用されます。リソース上の言語タグは、リソース内のデータから生成される他のプレゼンテーションの言語を指定するために使用できます。すべてのコンテンツが基本言語である必要はありません。Resource.languageは自動的に物語に適用されたと想定してはいけません。言語が指定されている場合、HTMLのdiv要素にも指定する必要があります（xml：langとhtml lang属性の関係に関する情報はHTML5の規則を参照）。","","","","","","","","",,"preferred","「人間の言語。」(Ningen no gengo.)","http://hl7.org/fhir/ValueSet/languages","",,,,"Resource.language",0,1,"","ele-1:すべてのFHIR要素は、@valueまたはchildrenを持っている必要があります。 {hasValue() or (children().count() > id.count())}
"
"ImagingStudy.text","ImagingStudy.text","","narrative
htmlxhtmldisplay","",0,1,"","","","Narrative {[]} {[]}
","「人間の解釈のためのリソースのテキスト要約」","「リソースの要約を含む人が読めるナビゲーションであり、リソースの内容を人に表現するために使用できます。ナビゲーションはすべての構造化されたデータをエンコードする必要はありませんが、人間がナビゲーションを読むだけで「臨床的に安全」であるために十分な詳細を含む必要があります。リソース定義には、臨床的な安全性を確保するためにナビゲーションで表現する必要があるコンテンツが定義される場合があります。」","含まれるリソースには説明がありません。含まれないリソースには説明が必要です。場合によっては、リソースが少量のデータしか含まず、テキストだけで表現されることがあります（minOccurs = 1要素がすべて満たされている限り）。これは、情報が「テキストの塊」としてキャプチャされるレガシーシステムからのデータや、テキストが生またはナレーションされて符号化された情報が後で追加される場合に必要な場合があります。","","","","","","","","",,,,,"",,,,"DomainResource.text",0,1,"","ele-1:すべてのFHIR要素は、@valueまたはchildrenを持っている必要があります。 {hasValue() or (children().count() > id.count())}
","Act.text?"
"ImagingStudy.contained","ImagingStudy.contained","","inline resources
anonymous resourcescontained resources","",0,*,"","","","Resource {[]} {[]}
","「含まれている、インラインのリソース」(Fukuma rete iru, inrain no risōsu)","「これらのリソースは、それらを含むリソースから独立した存在を持ちません。それらは独立して識別することはできず、独自の独立したトランザクション範囲を持つこともできません。」","「コンテンツが適切に識別できる場合には、これを行うべきではありません。識別が失われると、再び復元することは非常に困難であり（文脈に依存します）、メタ要素にプロファイルとタグを持つことができますが、セキュリティのラベルを持っていてはいけません。」","","","","","","","","",,,,,"",,,,"DomainResource.contained",0,*,"","","N/A"
"ImagingStudy.extension","ImagingStudy.extension","","extensions
user content","",0,*,"","","","Extension {[]} {[]}
","実装によって定義される追加コンテンツ","「リソースの基本的な定義の一部ではない追加情報を表すために使用することができます。拡張機能の使用を安全かつ管理可能にするために、定義と使用の一定のガバナンスが適用されます。実装者はどんな拡張機能でも定義できますが、拡張機能の定義の一部として満たす必要がある要件があります」","どのようなアプリケーション、プロジェクト、または標準が拡張機能を使用しているかに関わらず、拡張機能の使用には決して汚名が付くわけではありません - それらを使用または定義する機関または管轄区域に関係なく。拡張機能の使用こそが、FHIR仕様を誰にとっても簡単なコアレベルで維持することを可能にします。","","","","","","","","",,,,,"",,,,"DomainResource.extension",0,*,"","ele-1:すべてのFHIR要素は、@valueまたはchildrenを持っている必要があります。 {hasValue() or (children().count() > id.count())}
ext-1:「拡張機能または値[x]のいずれかが必要です。両方ではありません。」 {extension.exists() != value.exists()}","N/A"
"ImagingStudy.modifierExtension","ImagingStudy.modifierExtension","","extensions
user content","",0,*,"","Y","","Extension {[]} {[]}
","無視できない拡張機能 (Mushi dekinai kakuchou kinou)","「リソースの基本的な定義に含まれない、要素の理解や、それを含む要素の子孫の理解を修正する追加情報を表すためにも使用されることがあります。通常、修飾要素は否定や修飾を提供します。拡張機能の使用を安全で管理しやすくするために、拡張機能の定義と使用に対して厳格な統治が適用されます。実装者は拡張機能を定義することが許可されていますが、拡張機能の定義の一部として満たす必要がある要件があります。リソースを処理するアプリケーションは、修飾子拡張をチェックする必要があります。修飾子拡張は、リソースまたはドメインリソースの任意の要素の意味を変更してはなりません（修飾子拡張自体の意味も変更できません）。」","どのようなアプリケーション、プロジェクト、または標準が拡張機能を使用しているかに関わらず、拡張機能の使用には決して汚名が付くわけではありません - それらを使用または定義する機関または管轄区域に関係なく。拡張機能の使用こそが、FHIR仕様を誰にとっても簡単なコアレベルで維持することを可能にします。","Modifier extensions allow for extensions that *cannot* be safely ignored to be clearly distinguished from the vast majority of extensions which can be safely ignored.  This promotes interoperability by eliminating the need for implementers to prohibit the presence of extensions. For further information, see the [definition of modifier extensions](http://hl7.org/fhir/R4/extensibility.html#modifierExtension).","","","","","","","",,,,,"",,,,"DomainResource.modifierExtension",0,*,"","ele-1:すべてのFHIR要素は、@valueまたはchildrenを持っている必要があります。 {hasValue() or (children().count() > id.count())}
ext-1:「拡張機能または値[x]のいずれかが必要です。両方ではありません。」 {extension.exists() != value.exists()}","N/A"
"ImagingStudy.identifier","ImagingStudy.identifier","","StudyInstanceUID
AccessionNumber","",0,*,"Y","","Y","Identifier {[]} {[]}
","DICOM画像検査全体を一意に識別するためのID。【詳細参照】","DICOM画像検査全体を一意に識別するためのID。","Study Instance UIDの値を指定する。","If one or more series elements are present in the ImagingStudy, then there shall be one DICOM Study UID identifier (see [DICOM PS 3.3 C.7.2](http://dicom.nema.org/medical/dicom/current/output/chtml/part03/sect_C.7.2.html).","","","","","","","",,,,,"",,,,"ImagingStudy.identifier",0,*,"","ele-1:すべてのFHIR要素は、@valueまたはchildrenを持っている必要があります。 {hasValue() or (children().count() > id.count())}
","Event.identifier",".id and .inboundRelationship[typeCode=COMP].source[classCode=ACSN, moodCode=EVN].id","StudyInstanceUID (0020,000D) | Accession Number and Issuer (0080,0050)+(0080,0051) | Study ID (0020,0010)","FiveWs.identifier"
"ImagingStudy.status","ImagingStudy.status","","","",1,1,"","Y","Y","code {[]} {[]}
","DICOM画像検査のステータス。","DICOM画像検査のステータス。","「不明」は「その他」を表すものではありません-定義された状態の1つが適用される必要があります。「不明」は、制作システムが現在の状態を確信できない場合に使用されます。」","","","","","","","","",,"required","「ImagingStudyの状態。」","http://hl7.org/fhir/ValueSet/imagingstudy-status|4.0.1","",,,,"ImagingStudy.status",1,1,"","ele-1:すべてのFHIR要素は、@valueまたはchildrenを持っている必要があります。 {hasValue() or (children().count() > id.count())}
","Event.status",".status","FiveWs.status","Varies by domain"
"ImagingStudy.modality","ImagingStudy.modality","","ModalitiesInStudy
","",0,*,"","","Y","Coding {[]} {[]}
","DICOM画像検査で使用された撮影装置（モダリティ）。【詳細参照】","DICOM画像検査で使用された撮影装置（モダリティ）。","内視鏡を表すモダリティコード”ES”を指定する。複数モダリティを使用した場合には、該当するモダリティコードを並記する。","","","","","","","","",,"extensible","「インスタンスにおける取得データの種類。」","http://dicom.nema.org/medical/dicom/current/output/chtml/part16/sect_CID_29.html","",,,,"ImagingStudy.modality",0,*,"","ele-1:すべてのFHIR要素は、@valueまたはchildrenを持っている必要があります。 {hasValue() or (children().count() > id.count())}
",".code","(0008,0061)","FiveWs.class"
"ImagingStudy.subject","ImagingStudy.subject","","","",1,1,"Y","","Y","Reference {[]} {[CanonicalType[http://jpfhir.jp/fhir/core/StructureDefinition/JP_Patient]]}
","DICOM画像検査の対象患者に関する情報。【詳細参照】","DICOM画像検査の対象患者に関する情報。","JP Core Patientリソースを参照する。","","","","","","","","",,,,,"",,,,"ImagingStudy.subject",1,1,"","ele-1:すべてのFHIR要素は、@valueまたはchildrenを持っている必要があります。 {hasValue() or (children().count() > id.count())}
","Event.subject",".participation[typeCode=SBJ].role","(0010/*)","FiveWs.subject[x]","FiveWs.subject"
"ImagingStudy.encounter","ImagingStudy.encounter","","","",0,1,"","","Y","Reference {[]} {[CanonicalType[http://jpfhir.jp/fhir/core/StructureDefinition/JP_Encounter]]}
","このDICOM画像検査を実施するきっかけとなった情報。【詳細参照】","このDICOM画像検査を実施するきっかけとなった情報。","JP Core Encounterリソースを参照する。","","","","","","","","",,,,,"",,,,"ImagingStudy.encounter",0,1,"","ele-1:すべてのFHIR要素は、@valueまたはchildrenを持っている必要があります。 {hasValue() or (children().count() > id.count())}
","Event.encounter","inboundRelationship[typeCode=COMP].source[classCode=ENC, moodCode=EVN]","FiveWs.context"
"ImagingStudy.started","ImagingStudy.started","","StudyDate
StudyTime","",0,1,"","","Y","dateTime {[]} {[]}
","検査開始日時、もしくは撮影装置に患者情報が届いた/入力された日時。","検査開始日時、もしくは撮影装置に患者情報が届いた/入力された日時。","","","","","","","<valueDateTime xmlns=""http://hl7.org/fhir"" value=""2011-01-01T11:01:20+03:00""/>","","",,,,,"",,,,"ImagingStudy.started",0,1,"","ele-1:すべてのFHIR要素は、@valueまたはchildrenを持っている必要があります。 {hasValue() or (children().count() > id.count())}
","Event.occurrence[x]",".effectiveTime","(0008,0020)+(0008,0030)","FiveWs.init"
"ImagingStudy.basedOn","ImagingStudy.basedOn","","","",0,*,"","","Y","Reference {[]} {[CanonicalType[http://hl7.org/fhir/StructureDefinition/CarePlan], CanonicalType[http://hl7.org/fhir/StructureDefinition/ServiceRequest], CanonicalType[http://hl7.org/fhir/StructureDefinition/Appointment], CanonicalType[http://hl7.org/fhir/StructureDefinition/AppointmentResponse], CanonicalType[http://hl7.org/fhir/StructureDefinition/Task]]}
","他のシステムから依頼されたオーダ情報。【詳細参照】","他のシステムから依頼されたオーダ情報。","通常、依頼元となるServiceRequestリソースを参照する。他のシステムと連携していない場合は参照不要。","To support grouped procedures (one imaging study supporting multiple ordered procedures, e.g. chest/abdomen/pelvis CT).","","","","","","","",,,,,"",,,,"ImagingStudy.basedOn",0,*,"","ele-1:すべてのFHIR要素は、@valueまたはchildrenを持っている必要があります。 {hasValue() or (children().count() > id.count())}
","Event.basedOn",".outboundRelationship[typeCode=FLFS].target[classCode=DGIMG, moodCode=RQO]","(0032,1064)","FiveWs.cause"
"ImagingStudy.referrer","ImagingStudy.referrer","","ReferringPhysiciansName
","",0,1,"","","Y","Reference {[]} {[CanonicalType[http://jpfhir.jp/fhir/core/StructureDefinition/JP_Practitioner]]}
","依頼医師。【詳細参照】","依頼医師。","ServiceRequestから参照できるため必須ではない。画像についていない情報を無理に生成してreferrerに入力する必要はない。使用する場合には、JP Core Practitionerリソースを参照する。","","","","","","","","",,,,,"",,,,"ImagingStudy.referrer",0,1,"","ele-1:すべてのFHIR要素は、@valueまたはchildrenを持っている必要があります。 {hasValue() or (children().count() > id.count())}
",".outboundRelationship[typeCode=FLFS].target[classCode=DGIMG, moodCode=RQO].participation[typeCode=AUT].role","(0008,0090)+(0008,0096)","FiveWs.cause"
"ImagingStudy.interpreter","ImagingStudy.interpreter","","Name of Physician(s) Reading Study
","",0,*,"","","Y","Reference {[]} {[CanonicalType[http://jpfhir.jp/fhir/core/StructureDefinition/JP_Practitioner]]}
","画像を診断した医師。【詳細参照】","画像を診断した医師。","通常、読影医。内視鏡では省略してよい。使用する場合には、JP Core Practitionerリソースを参照する。","","","","","","","","",,,,,"",,,,"ImagingStudy.interpreter",0,*,"","ele-1:すべてのFHIR要素は、@valueまたはchildrenを持っている必要があります。 {hasValue() or (children().count() > id.count())}
",".participation[typeCode=PRF].role","(0008,1060)","FiveWs.witness"
"ImagingStudy.endpoint","ImagingStudy.endpoint","","","",0,*,"","","Y","Reference {[]} {[CanonicalType[http://hl7.org/fhir/StructureDefinition/Endpoint]]}
","このDICOM画像検査リソースが存在する位置。【詳細参照】","このDICOM画像検査リソースが存在する位置。","基本的には1つ指定する。","Access methods for viewing (e.g., IHE’s IID profile) or retrieving (e.g., DICOM’s WADO-URI and WADO-RS) the study or the study’s series or instances. The study-level baseLocation applies to each series in the study, unless overridden in series by a series-level baseLocation of the same type.","","","","","","","",,,,,"",,,,"ImagingStudy.endpoint",0,*,"","ele-1:すべてのFHIR要素は、@valueまたはchildrenを持っている必要があります。 {hasValue() or (children().count() > id.count())}
","Not supported"
"ImagingStudy.numberOfSeries","ImagingStudy.numberOfSeries","","NumberOfStudyRelatedSeries
","",0,1,"","","Y","unsignedInt {[]} {[]}
","このDICOM画像検査に含まれるシリーズ数。","このDICOM画像検査に含まれるシリーズ数。","","","","","","","","","",,,,,"",,,,"ImagingStudy.numberOfSeries",0,1,"","ele-1:すべてのFHIR要素は、@valueまたはchildrenを持っている必要があります。 {hasValue() or (children().count() > id.count())}
",".outboundRelationship[typeCode=COMP, subsetCode=SUMM].target[classCode=OBSSER, moodCode=EVN].repeatNumber","(0020,1206)"
"ImagingStudy.numberOfInstances","ImagingStudy.numberOfInstances","","NumberOfStudyRelatedInstances
","",0,1,"","","Y","unsignedInt {[]} {[]}
","このDICOM画像検査に含まれるイメージ（インスタンス）の数。","このDICOM画像検査に含まれるイメージ（インスタンス）の数。","","","","","","","","","",,,,,"",,,,"ImagingStudy.numberOfInstances",0,1,"","ele-1:すべてのFHIR要素は、@valueまたはchildrenを持っている必要があります。 {hasValue() or (children().count() > id.count())}
",".outboundRelationship[typeCode=COMP, subsetCode=SUMM].target[classCode=DGIMG, moodCode=EVN].repeatNumber","(0020,1208)"
"ImagingStudy.procedureReference","ImagingStudy.procedureReference","","","",0,1,"","","Y","Reference {[]} {[CanonicalType[http://jpfhir.jp/fhir/core/StructureDefinition/JP_Procedure]]}
","実施された処置に関する情報。【詳細参照】","実施された処置に関する情報。","内視鏡では省略してよい。使用する場合には、JP Core Procedureを参照する。","","","","","","","","",,,,,"",,,,"ImagingStudy.procedureReference",0,1,"","ele-1:すべてのFHIR要素は、@valueまたはchildrenを持っている必要があります。 {hasValue() or (children().count() > id.count())}
","Event.partOf",".outboundRelationship[typeCode=COMP].target[classCode=PROC, moodCode=EVN]","(0008,1032)"
"ImagingStudy.procedureCode","ImagingStudy.procedureCode","","ProcedureCodeSequence
","",0,*,"","","Y","CodeableConcept {[]} {[]}
","実施された処置を表すコード。【詳細参照】","実施された処置を表すコード。","内視鏡では省略してよい。","","","","","","","","",,"extensible","","http://playbook.radlex.org/playbook/SearchRadlexAction","",,,,"ImagingStudy.procedureCode",0,*,"","ele-1:すべてのFHIR要素は、@valueまたはchildrenを持っている必要があります。 {hasValue() or (children().count() > id.count())}
","Event.code",".outboundRelationship[typeCode=COMP].target[classCode=PROC, moodCode=EVN]","(0008,1032)"
"ImagingStudy.location","ImagingStudy.location","","","",0,1,"","","Y","Reference {[]} {[CanonicalType[http://jpfhir.jp/fhir/core/StructureDefinition/JP_Location]]}
","DICOM画像検査が実施された場所。【詳細参照】","DICOM画像検査が実施された場所。","使用する場合には、JP Core Locationリソースを参照する。","Ties the event to where the records are likely kept and provides context around the event occurrence (e.g. if it occurred inside or outside a dedicated healthcare setting).","","","","","","","",,,,,"",,,,"ImagingStudy.location",0,1,"","ele-1:すべてのFHIR要素は、@valueまたはchildrenを持っている必要があります。 {hasValue() or (children().count() > id.count())}
","Event.location",".participation[typeCode=LOC].role","(0008,1040) | (0040,0243)","FiveWs.where[x]","EVN.7"
"ImagingStudy.reasonCode","ImagingStudy.reasonCode","","","",0,*,"","","Y","CodeableConcept {[]} {[]}
","DICOM画像検査が依頼された理由を表す1つ以上のコード。【詳細参照】","DICOM画像検査が依頼された理由を表す1つ以上のコード。","JED (Japan Endoscopy Database) Projectで定義されている検査種別については、JED基本情報用語の”検査目的”、”治療目的”のコードを使用することを強く推奨する。","","","","","","","","",,"example","","http://jpfhir.jp/fhir/core/ValueSet/JP_ReasonCodesJed_VS","",,,,"ImagingStudy.reasonCode",0,*,"","ele-1:すべてのFHIR要素は、@valueまたはchildrenを持っている必要があります。 {hasValue() or (children().count() > id.count())}
","Event.reasonCode",".reasonCode","(0040,1002)","FiveWs.why[x]"
"ImagingStudy.reasonReference","ImagingStudy.reasonReference","","","",0,*,"","","Y","Reference {[]} {[CanonicalType[http://jpfhir.jp/fhir/core/StructureDefinition/JP_DiagnosticReport_Endoscopy]]}
","DICOM画像検査の実施理由に関する情報。【詳細参照】","DICOM画像検査の実施理由に関する情報。","使用する場合には、JP Core DiagnosticReport Endoscopyリソースを参照する。","","","","","","","","",,,,,"",,,,"ImagingStudy.reasonReference",0,*,"","ele-1:すべてのFHIR要素は、@valueまたはchildrenを持っている必要があります。 {hasValue() or (children().count() > id.count())}
","Event.reasonReference",".outboundRelationship[typeCode=RSON].target","FiveWs.why[x]","EVN.4 or by domain"
"ImagingStudy.note","ImagingStudy.note","","","",0,*,"","","Y","Annotation {[]} {[]}
","description要素に関するコメント。","description要素に関するコメント。","","","","","","","","","",,,,,"",,,,"ImagingStudy.note",0,*,"","ele-1:すべてのFHIR要素は、@valueまたはchildrenを持っている必要があります。 {hasValue() or (children().count() > id.count())}
","Event.note","unknown"
"ImagingStudy.description","ImagingStudy.description","","StudyDescription
","",0,1,"","","Y","string {[]} {[]}
","DICOM画像検査に関する記述。【詳細参照】","DICOM画像検査に関する記述。","JAHIS 内視鏡DICOM画像データ規約の(0008,1030)の記載例に合わせ、検査種別を記載することを推奨する。","","","","","","","","",,,,,"",,,,"ImagingStudy.description",0,1,"","ele-1:すべてのFHIR要素は、@valueまたはchildrenを持っている必要があります。 {hasValue() or (children().count() > id.count())}
",".text","(0008,1030)"
"ImagingStudy.series","ImagingStudy.series","","","",0,*,"","","Y","BackboneElement {[]} {[]}
","DICOM画像検査に含まれるシリーズ（大まかな画像のグループ）。","DICOM画像検査に含まれるシリーズ（大まかな画像のグループ）。","","","","","","","","","",,,,,"",,,,"ImagingStudy.series",0,*,"","",".outboundRelationship[typeCode=COMP].target[classCode=OBSSER, moodCode=EVN]"
"ImagingStudy.series.id","ImagingStudy.series.id","","","",0,1,"","","","string {[]} {[]}
","エレメント相互参照のためのユニークID","リソース内の要素の固有ID（内部参照用）。これは、スペースを含まない任意の文字列値である可能性があります。","","","","","","","","","",,,,,"",,,,"Element.id",0,1,"","","n/a"
"ImagingStudy.series.extension","ImagingStudy.series.extension","","extensions
user content","",0,*,"","","","Extension {[]} {[]}
","実装によって定義される追加コンテンツ","「要素の基本的な定義に含まれない追加情報を表すために使用されることがあります。拡張機能の使用を安全かつ管理しやすくするために、定義および使用に適用される厳格なガバナンスのセットがあります。実装者は拡張機能を定義できますが、拡張機能の定義の一部として満たす必要のある要件のセットがあります。」","どのようなアプリケーション、プロジェクト、または標準が拡張機能を使用しているかに関わらず、拡張機能の使用には決して汚名が付くわけではありません - それらを使用または定義する機関または管轄区域に関係なく。拡張機能の使用こそが、FHIR仕様を誰にとっても簡単なコアレベルで維持することを可能にします。","","","","","","","","",,,,,"",,,,"Element.extension",0,*,"","ele-1:すべてのFHIR要素は、@valueまたはchildrenを持っている必要があります。 {hasValue() or (children().count() > id.count())}
ext-1:「拡張機能または値[x]のいずれかが必要です。両方ではありません。」 {extension.exists() != value.exists()}","n/a"
"ImagingStudy.series.modifierExtension","ImagingStudy.series.modifierExtension","","extensions
user contentmodifiers","",0,*,"","Y","Y","Extension {[]} {[]}
","「認識されなくても無視できない拡張機能」(Ninshiki sarenakutemo mushi dekinai kakuchou kinou)","「基本的な要素の定義に含まれない追加情報を表すために使用されることがあり、それによって、その要素自体または取り込んでいる要素の子孫の理解を修正する。修飾子要素は通常、否定または修飾を提供します。拡張機能の安全で管理しやすい使用を実現するために、定義および使用に厳しいガバナンスセットが適用されています。どの実装者でも拡張機能を定義できますが、拡張機能の定義の一部として満たす必要がある要件があります。リソースを処理するアプリケーションは、修飾子拡張子をチェックする必要があります。

修飾子拡張機能は、リソースまたはドメインリソースの任意の要素の意味を変更してはなりません（修飾子拡張自体の意味を変更することもできません）。」","どのようなアプリケーション、プロジェクト、または標準が拡張機能を使用しているかに関わらず、拡張機能の使用には決して汚名が付くわけではありません - それらを使用または定義する機関または管轄区域に関係なく。拡張機能の使用こそが、FHIR仕様を誰にとっても簡単なコアレベルで維持することを可能にします。","Modifier extensions allow for extensions that *cannot* be safely ignored to be clearly distinguished from the vast majority of extensions which can be safely ignored.  This promotes interoperability by eliminating the need for implementers to prohibit the presence of extensions. For further information, see the [definition of modifier extensions](http://hl7.org/fhir/R4/extensibility.html#modifierExtension).","","","","","","","",,,,,"",,,,"BackboneElement.modifierExtension",0,*,"","ele-1:すべてのFHIR要素は、@valueまたはchildrenを持っている必要があります。 {hasValue() or (children().count() > id.count())}
ext-1:「拡張機能または値[x]のいずれかが必要です。両方ではありません。」 {extension.exists() != value.exists()}","N/A"
"ImagingStudy.series.uid","ImagingStudy.series.uid","","SeriesInstanceUID
","",1,1,"","","Y","id {[]} {[]}
","シリーズを一意に識別するためのUID。【詳細参照】","シリーズを一意に識別するためのUID。","Series Instance UID (0020,000E) の値を指定する。","DICOM Series Instance UID.","","","","","<valueId xmlns=""http://hl7.org/fhir"" value=""2.16.124.113543.6003.2588828330.45298.17418.2723805630""/>","","",,,,,"",,,,"ImagingStudy.series.uid",1,1,"","ele-1:すべてのFHIR要素は、@valueまたはchildrenを持っている必要があります。 {hasValue() or (children().count() > id.count())}
",".id","(0020,000E)"
"ImagingStudy.series.number","ImagingStudy.series.number","","SeriesNumber
","",0,1,"","","Y","unsignedInt {[]} {[]}
","Series Instance UIDとは別に、ユーザー（または装置）が自由に決められるシリーズ番号。","Series Instance UIDとは別に、ユーザー（または装置）が自由に決められるシリーズ番号。","","","","","","","<valueUnsignedInt xmlns=""http://hl7.org/fhir"" value=""3""/>","","",,,,,"",,,,"ImagingStudy.series.number",0,1,"","ele-1:すべてのFHIR要素は、@valueまたはchildrenを持っている必要があります。 {hasValue() or (children().count() > id.count())}
",".inboundRelationship[type=COMP, source[classCode=COMPOSITION, moodCode=EVN]].sequenceNumber","(0020,0011)"
"ImagingStudy.series.modality","ImagingStudy.series.modality","","Modality
","",1,1,"Y","","Y","Coding {[]} {[]}
","このシリーズが取得された撮影装置（モダリティ）。【詳細参照】","このシリーズが取得された撮影装置（モダリティ）。","内視鏡を表すモダリティコード”ES”を指定する。1シリーズ1モダリティで、1つのシリーズの中に複数のモダリティが混在することはない。","","","","","","","","",,"extensible","「インスタンスにおける取得データの種類。」","http://dicom.nema.org/medical/dicom/current/output/chtml/part16/sect_CID_29.html","",,,,"ImagingStudy.series.modality",1,1,"","ele-1:すべてのFHIR要素は、@valueまたはchildrenを持っている必要があります。 {hasValue() or (children().count() > id.count())}
",".code","(0008,0060)"
"ImagingStudy.series.description","ImagingStudy.series.description","","SeriesDescription
","",0,1,"","","Y","string {[]} {[]}
","このシリーズに関する記述。","このシリーズに関する記述。","","","","","","","<valueString xmlns=""http://hl7.org/fhir"" value=""CT Surview 180""/>","","",,,,,"",,,,"ImagingStudy.series.description",0,1,"","ele-1:すべてのFHIR要素は、@valueまたはchildrenを持っている必要があります。 {hasValue() or (children().count() > id.count())}
",".text","(0008,103E)"
"ImagingStudy.series.numberOfInstances","ImagingStudy.series.numberOfInstances","","NumberOfSeriesRelatedInstances
","",0,1,"","","Y","unsignedInt {[]} {[]}
","このシリーズに含まれる画像枚数。","このシリーズに含まれる画像枚数。","","","","","","","","","",,,,,"",,,,"ImagingStudy.series.numberOfInstances",0,1,"","ele-1:すべてのFHIR要素は、@valueまたはchildrenを持っている必要があります。 {hasValue() or (children().count() > id.count())}
",".outboundRelationship[typeCode=COMP, subsetCode=SUMM].target[classCode=DGIMG, moodCode=EVN].repeatNumber","(0020,1209)"
"ImagingStudy.series.endpoint","ImagingStudy.series.endpoint","","","",0,*,"","","Y","Reference {[]} {[CanonicalType[http://hl7.org/fhir/StructureDefinition/Endpoint]]}
","このシリーズのリソースが存在する位置。","このシリーズのリソースが存在する位置。","典型的なエンドポイントタイプには、レストフルAPIを使用してネイティブまたはレンダリング（例：JPG、PNG）形式のDICOMインスタンスを取得するために使用されるDICOM WADO-RSが含まれ、HTTPクエリベースのアプローチを使用して同様のネイティブまたはレンダリングインスタンスを取得することができるDICOM WADO-URIが含まれ、DICOM情報のRESTfulクエリを可能にするDICOM QIDO-RSが含まれます。","Access methods for retrieving (e.g., DICOM’s WADO-URI and WADO-RS) the series or the series’ instances. A baseLocation specified at the series level has precedence over a baseLocation of the same type specified at the study level.","","","","","","","",,,,,"",,,,"ImagingStudy.series.endpoint",0,*,"","ele-1:すべてのFHIR要素は、@valueまたはchildrenを持っている必要があります。 {hasValue() or (children().count() > id.count())}
","Not supported"
"ImagingStudy.series.bodySite","ImagingStudy.series.bodySite","","BodyPartExamined
","",0,1,"","","Y","Coding {[]} {[]}
","このシリーズの対象となる解剖学的部位。【詳細参照】","このシリーズの対象となる解剖学的部位。","内視鏡では省略してよい。","","","","","","","","",,"example","解剖学的位置を記述するコード。左右対称性を含む場合があります。","http://hl7.org/fhir/ValueSet/body-site","",,,,"ImagingStudy.series.bodySite",0,1,"","ele-1:すべてのFHIR要素は、@valueまたはchildrenを持っている必要があります。 {hasValue() or (children().count() > id.count())}
",".targetSiteCode","(0018,0015)"
"ImagingStudy.series.laterality","ImagingStudy.series.laterality","","","",0,1,"","","Y","Coding {[]} {[]}
","解剖学的部位の左右。【詳細参照】","解剖学的部位の左右。","内視鏡では省略してよい。","","","","","","","","",,"example","「適用される部位の側性を示すコード（左側、右側など）」","http://hl7.org/fhir/ValueSet/bodysite-laterality","",,,,"ImagingStudy.series.laterality",0,1,"","ele-1:すべてのFHIR要素は、@valueまたはchildrenを持っている必要があります。 {hasValue() or (children().count() > id.count())}
",".targetSiteCode","(0020,0060)"
"ImagingStudy.series.specimen","ImagingStudy.series.specimen","","","",0,*,"","","Y","Reference {[]} {[CanonicalType[http://hl7.org/fhir/StructureDefinition/Specimen]]}
","このシリーズの検体に関する情報。【詳細参照】","このシリーズの検体に関する情報。","内視鏡では省略してよい。","","","","","","","","",,,,,"",,,,"ImagingStudy.series.specimen",0,*,"","ele-1:すべてのFHIR要素は、@valueまたはchildrenを持っている必要があります。 {hasValue() or (children().count() > id.count())}
","Role[classCode=SPEC]","(0040,0551) + (0040,0562)"
"ImagingStudy.series.started","ImagingStudy.series.started","","","",0,1,"","","Y","dateTime {[]} {[]}
","このシリーズの開始日時。【詳細参照】","このシリーズの開始日時。","Series Date (0008,0021)、およびSeries Time (0008,0031)（いずれもType3）に値が入っていれば、その値を指定する。","","","","","","","","",,,,,"",,,,"ImagingStudy.series.started",0,1,"","ele-1:すべてのFHIR要素は、@valueまたはchildrenを持っている必要があります。 {hasValue() or (children().count() > id.count())}
",".effectiveTime","(0008,0021) + (0008,0031)"
"ImagingStudy.series.performer","ImagingStudy.series.performer","","PerformingPhysicianName
OperatorName","",0,*,"","","Y","BackboneElement {[]} {[]}
","このシリーズの実施医。【詳細参照】","このシリーズの実施医。","内視鏡では省略してよい。","The performer is recorded at the series level, since each series in a study may be performed by a different performer, at different times, and using different devices. A series may be performed by multiple performers.","","","","","","","",,,,,"",,,,"ImagingStudy.series.performer",0,*,"","ele-1:すべてのFHIR要素は、@valueまたはchildrenを持っている必要があります。 {hasValue() or (children().count() > id.count())}
","Event.performer",".participation[typeCode=PRF].role","(0008, 1050) | (0008, 1052) | (0008, 1070) | (0008, 1072)"
"ImagingStudy.series.performer.id","ImagingStudy.series.performer.id","","","",0,1,"","","","string {[]} {[]}
","エレメント相互参照のためのユニークID","リソース内の要素の固有ID（内部参照用）。これは、スペースを含まない任意の文字列値である可能性があります。","","","","","","","","","",,,,,"",,,,"Element.id",0,1,"","","n/a"
"ImagingStudy.series.performer.extension","ImagingStudy.series.performer.extension","","extensions
user content","",0,*,"","","","Extension {[]} {[]}
","実装によって定義される追加コンテンツ","「要素の基本的な定義に含まれない追加情報を表すために使用されることがあります。拡張機能の使用を安全かつ管理しやすくするために、定義および使用に適用される厳格なガバナンスのセットがあります。実装者は拡張機能を定義できますが、拡張機能の定義の一部として満たす必要のある要件のセットがあります。」","どのようなアプリケーション、プロジェクト、または標準が拡張機能を使用しているかに関わらず、拡張機能の使用には決して汚名が付くわけではありません - それらを使用または定義する機関または管轄区域に関係なく。拡張機能の使用こそが、FHIR仕様を誰にとっても簡単なコアレベルで維持することを可能にします。","","","","","","","","",,,,,"",,,,"Element.extension",0,*,"","ele-1:すべてのFHIR要素は、@valueまたはchildrenを持っている必要があります。 {hasValue() or (children().count() > id.count())}
ext-1:「拡張機能または値[x]のいずれかが必要です。両方ではありません。」 {extension.exists() != value.exists()}","n/a"
"ImagingStudy.series.performer.modifierExtension","ImagingStudy.series.performer.modifierExtension","","extensions
user contentmodifiers","",0,*,"","Y","Y","Extension {[]} {[]}
","「認識されなくても無視できない拡張機能」(Ninshiki sarenakutemo mushi dekinai kakuchou kinou)","「基本的な要素の定義に含まれない追加情報を表すために使用されることがあり、それによって、その要素自体または取り込んでいる要素の子孫の理解を修正する。修飾子要素は通常、否定または修飾を提供します。拡張機能の安全で管理しやすい使用を実現するために、定義および使用に厳しいガバナンスセットが適用されています。どの実装者でも拡張機能を定義できますが、拡張機能の定義の一部として満たす必要がある要件があります。リソースを処理するアプリケーションは、修飾子拡張子をチェックする必要があります。

修飾子拡張機能は、リソースまたはドメインリソースの任意の要素の意味を変更してはなりません（修飾子拡張自体の意味を変更することもできません）。」","どのようなアプリケーション、プロジェクト、または標準が拡張機能を使用しているかに関わらず、拡張機能の使用には決して汚名が付くわけではありません - それらを使用または定義する機関または管轄区域に関係なく。拡張機能の使用こそが、FHIR仕様を誰にとっても簡単なコアレベルで維持することを可能にします。","Modifier extensions allow for extensions that *cannot* be safely ignored to be clearly distinguished from the vast majority of extensions which can be safely ignored.  This promotes interoperability by eliminating the need for implementers to prohibit the presence of extensions. For further information, see the [definition of modifier extensions](http://hl7.org/fhir/R4/extensibility.html#modifierExtension).","","","","","","","",,,,,"",,,,"BackboneElement.modifierExtension",0,*,"","ele-1:すべてのFHIR要素は、@valueまたはchildrenを持っている必要があります。 {hasValue() or (children().count() > id.count())}
ext-1:「拡張機能または値[x]のいずれかが必要です。両方ではありません。」 {extension.exists() != value.exists()}","N/A"
"ImagingStudy.series.performer.function","ImagingStudy.series.performer.function","","","",0,1,"","","Y","CodeableConcept {[]} {[]}
","このシリーズの実施医の役割。【詳細参照】","このシリーズの実施医の役割。","内視鏡では省略してよい。","Allows disambiguation of the types of involvement of different performers.","","","","","","","",,"extensible","「パフォーマーの関与のタイプ」","http://hl7.org/fhir/ValueSet/series-performer-function","",,,,"ImagingStudy.series.performer.function",0,1,"","ele-1:すべてのFHIR要素は、@valueまたはchildrenを持っている必要があります。 {hasValue() or (children().count() > id.count())}
",".participation[typeCode=PRF].role"
"ImagingStudy.series.performer.actor","ImagingStudy.series.performer.actor","","","",1,1,"","","Y","Reference {[]} {[CanonicalType[http://hl7.org/fhir/StructureDefinition/Practitioner], CanonicalType[http://hl7.org/fhir/StructureDefinition/PractitionerRole], CanonicalType[http://hl7.org/fhir/StructureDefinition/Organization], CanonicalType[http://hl7.org/fhir/StructureDefinition/CareTeam], CanonicalType[http://hl7.org/fhir/StructureDefinition/Patient], CanonicalType[http://hl7.org/fhir/StructureDefinition/Device], CanonicalType[http://hl7.org/fhir/StructureDefinition/RelatedPerson]]}
","このシリーズの撮影者、もしくは組織。【詳細参照】","このシリーズの撮影者、もしくは組織。","内視鏡では省略してよい。","","","","","","","","",,,,,"",,,,"ImagingStudy.series.performer.actor",1,1,"","ele-1:すべてのFHIR要素は、@valueまたはchildrenを持っている必要があります。 {hasValue() or (children().count() > id.count())}
",".participation[typeCode=PRF].role[scoper.determinerCode=INSTANCE]","FiveWs.actor","EVN.5 or by domain"
"ImagingStudy.series.instance","ImagingStudy.series.instance","","","",0,*,"","","","BackboneElement {[]} {[]}
","シリーズに含まれるインスタンス（画像）単位の情報。","シリーズに含まれるインスタンス（画像）単位の情報。","","","","","","","","","",,,,,"",,,,"ImagingStudy.series.instance",0,*,"","",".outboundRelationship[typeCode=COMP].target[classCode=DGIMG, moodCode=EVN]"
"ImagingStudy.series.instance.id","ImagingStudy.series.instance.id","","","",0,1,"","","","string {[]} {[]}
","エレメント相互参照のためのユニークID","リソース内の要素の固有ID（内部参照用）。これは、スペースを含まない任意の文字列値である可能性があります。","","","","","","","","","",,,,,"",,,,"Element.id",0,1,"","","n/a"
"ImagingStudy.series.instance.extension","ImagingStudy.series.instance.extension","","extensions
user content","",0,*,"","","","Extension {[]} {[]}
","実装によって定義される追加コンテンツ","「要素の基本的な定義に含まれない追加情報を表すために使用されることがあります。拡張機能の使用を安全かつ管理しやすくするために、定義および使用に適用される厳格なガバナンスのセットがあります。実装者は拡張機能を定義できますが、拡張機能の定義の一部として満たす必要のある要件のセットがあります。」","どのようなアプリケーション、プロジェクト、または標準が拡張機能を使用しているかに関わらず、拡張機能の使用には決して汚名が付くわけではありません - それらを使用または定義する機関または管轄区域に関係なく。拡張機能の使用こそが、FHIR仕様を誰にとっても簡単なコアレベルで維持することを可能にします。","","","","","","","","",,,,,"",,,,"Element.extension",0,*,"","ele-1:すべてのFHIR要素は、@valueまたはchildrenを持っている必要があります。 {hasValue() or (children().count() > id.count())}
ext-1:「拡張機能または値[x]のいずれかが必要です。両方ではありません。」 {extension.exists() != value.exists()}","n/a"
"ImagingStudy.series.instance.modifierExtension","ImagingStudy.series.instance.modifierExtension","","extensions
user contentmodifiers","",0,*,"","Y","Y","Extension {[]} {[]}
","「認識されなくても無視できない拡張機能」(Ninshiki sarenakutemo mushi dekinai kakuchou kinou)","「基本的な要素の定義に含まれない追加情報を表すために使用されることがあり、それによって、その要素自体または取り込んでいる要素の子孫の理解を修正する。修飾子要素は通常、否定または修飾を提供します。拡張機能の安全で管理しやすい使用を実現するために、定義および使用に厳しいガバナンスセットが適用されています。どの実装者でも拡張機能を定義できますが、拡張機能の定義の一部として満たす必要がある要件があります。リソースを処理するアプリケーションは、修飾子拡張子をチェックする必要があります。

修飾子拡張機能は、リソースまたはドメインリソースの任意の要素の意味を変更してはなりません（修飾子拡張自体の意味を変更することもできません）。」","どのようなアプリケーション、プロジェクト、または標準が拡張機能を使用しているかに関わらず、拡張機能の使用には決して汚名が付くわけではありません - それらを使用または定義する機関または管轄区域に関係なく。拡張機能の使用こそが、FHIR仕様を誰にとっても簡単なコアレベルで維持することを可能にします。","Modifier extensions allow for extensions that *cannot* be safely ignored to be clearly distinguished from the vast majority of extensions which can be safely ignored.  This promotes interoperability by eliminating the need for implementers to prohibit the presence of extensions. For further information, see the [definition of modifier extensions](http://hl7.org/fhir/R4/extensibility.html#modifierExtension).","","","","","","","",,,,,"",,,,"BackboneElement.modifierExtension",0,*,"","ele-1:すべてのFHIR要素は、@valueまたはchildrenを持っている必要があります。 {hasValue() or (children().count() > id.count())}
ext-1:「拡張機能または値[x]のいずれかが必要です。両方ではありません。」 {extension.exists() != value.exists()}","N/A"
"ImagingStudy.series.instance.uid","ImagingStudy.series.instance.uid","","SOPInstanceUID
","",1,1,"Y","","","id {[]} {[]}
","インスタンス（画像）のユニークID。【詳細参照】","インスタンス（画像）のユニークID。","SOP Instance UID (0008,0018) に入力されている値を指定する。","DICOM SOP Instance UID.","","","","","<valueId xmlns=""http://hl7.org/fhir"" value=""2.16.124.113543.6003.189642796.63084.16748.2599092903""/>","","",,,,,"",,,,"ImagingStudy.series.instance.uid",1,1,"","ele-1:すべてのFHIR要素は、@valueまたはchildrenを持っている必要があります。 {hasValue() or (children().count() > id.count())}
",".id","(0008,0018)"
"ImagingStudy.series.instance.sopClass","ImagingStudy.series.instance.sopClass","","SOPClassUID
","",1,1,"Y","","","Coding {[]} {[]}
","SOPクラスUID。【詳細参照】","SOPクラスUID。","内視鏡では、主に以下の値が指定される。

 VL Endoscopic Image Storage:1.2.840.10008.5.1.4.1.1.77.1.1 

 Secondary Capture Image Storage:1.2.840.10008.5.1.4.1.1.7","","","","","","","","",,"extensible","インスタンスのSOPクラス。","http://dicom.nema.org/medical/dicom/current/output/chtml/part04/sect_B.5.html#table_B.5-1","",,,,"ImagingStudy.series.instance.sopClass",1,1,"","ele-1:すべてのFHIR要素は、@valueまたはchildrenを持っている必要があります。 {hasValue() or (children().count() > id.count())}
",".inboundRelationship[typeCode=COMP]. source[classCode=OBS, moodCode=EVN, code=""sop class""].value","(0008,0016)"
"ImagingStudy.series.instance.number","ImagingStudy.series.instance.number","","InstanceNumber
","",0,1,"","","","unsignedInt {[]} {[]}
","SOP Instance UIDとは別に、ユーザー（または装置）が自由に決められるインスタンス（画像）ごとの番号。【詳細参照】","SOP Instance UIDとは別に、ユーザー（または装置）が自由に決められるインスタンス（画像）ごとの番号。","Instance Number (0020,0013) に値が入っていた場合は、その値を指定する。","","","","","","<valueUnsignedInt xmlns=""http://hl7.org/fhir"" value=""1""/>","","",,,,,"",,,,"ImagingStudy.series.instance.number",0,1,"","ele-1:すべてのFHIR要素は、@valueまたはchildrenを持っている必要があります。 {hasValue() or (children().count() > id.count())}
",".inboundRelationship[typeCode=COMP, source[classCode=OBSSER, moodCode=EVN]].sequenceNumber","(0020,0013)"
"ImagingStudy.series.instance.title","ImagingStudy.series.instance.title","","","",0,1,"","","","string {[]} {[]}
","画像に関する説明。【詳細参照】","画像に関する説明。","部門システム側で説明を付ける場合は、その説明を指定してもよい。","","","","","","","","",,,,,"",,,,"ImagingStudy.series.instance.title",0,1,"","ele-1:すべてのFHIR要素は、@valueまたはchildrenを持っている必要があります。 {hasValue() or (children().count() > id.count())}
",".title","(0008,0008) | (0007,0080) | (0040,A043) + (0008,0104) | (0042,0010)"
