<?xml version="1.0" encoding="UTF-8"?>

<MedicationRequest xmlns="http://hl7.org/fhir">
  <id value="jp-medicationrequest-injection-example-1"/>
  <meta>
    <profile value="http://jpfhir.jp/fhir/core/StructureDefinition/JP_MedicationRequest_Injection"/>
  </meta>
  <text>
    <status value="generated"/><div xmlns="http://www.w3.org/1999/xhtml"><p class="res-header-id"><b>Generated Narrative: MedicationRequest jp-medicationrequest-injection-example-1</b></p><a name="jp-medicationrequest-injection-example-1"> </a><a name="hcjp-medicationrequest-injection-example-1"> </a><a name="jp-medicationrequest-injection-example-1-ja"> </a><p><b>identifier</b>: <code>urn:oid:1.2.392.100495.20.3.81</code>/1, <code>http://jpfhir.jp/fhir/core/IdSystem/resourceInstance-identifier</code>/1234567890.1</p><p><b>status</b>: Active</p><p><b>intent</b>: Order</p><p><b>category</b>: <span title="Codes:{http://terminology.hl7.org/CodeSystem/v2-0482 I}">Inpatient Order</span>, <span title="Codes:{http://jpfhir.jp/fhir/core/CodeSystem/JP_MedicationCategoryMERIT9_CS IHP}">入院処方</span>, <span title="Codes:{http://jpfhir.jp/fhir/core/CodeSystem/JHSI0001 FTP}">定時処方</span></p><p><b>medication</b>: <a href="#hcjp-medicationrequest-injection-example-1/jp-medicationrequest-injection-medication-example-1">Medication: status = active</a></p><p><b>subject</b>: <a href="Patient-jp-patient-example-1.html">山田 太郎 Male, DoB: 1970-01-01 ( urn:oid:1.2.392.100495.20.3.51.11311234567#00000010)</a></p><p><b>authoredOn</b>: 2016-07-01 09:28:17+0900</p><p><b>requester</b>: <a href="Practitioner-jp-practitioner-example-female-1.html">Practitioner 東京 春子</a></p><p><b>insurance</b>: <a href="Coverage-jp-coverage-example-1.html">Coverage: extension = １２－３４,５６７８,００; identifier = &quot;１２－３４&quot;,&quot;５６７８&quot;,&quot;００&quot;; status = active; type = PUBLICPOL; subscriberId = &quot;１２－３４&quot;,&quot;５６７８&quot;; dependent = ００</a></p><blockquote><p><b>dosageInstruction</b></p></blockquote><hr/><blockquote><p class="res-header-id"><b>Generated Narrative: Medication  #jp-medicationrequest-injection-medication-example-1</b></p><a name="jp-medicationrequest-injection-example-1/jp-medicationrequest-injection-medication-example-1"> </a><a name="hcjp-medicationrequest-injection-example-1/jp-medicationrequest-injection-medication-example-1"> </a><a name="jp-medicationrequest-injection-example-1/jp-medicationrequest-injection-medication-example-1-ja"> </a><p><b>status</b>: Active</p><h3>Ingredients</h3><table class="grid"><tr><td style="display: none">-</td><td><b>Extension</b></td><td><b>Item[x]</b></td><td><b>Strength</b></td></tr><tr><td style="display: none">*</td><td/><td><span title="Codes:{urn:oid:1.2.392.200119.4.403.1 100558502}">ホリゾン注射液１０ｍｇ</span></td><td>1 アンプル<span style="background: LightGoldenRodYellow"> (Details: JP Core Medication MERIT9 Unit CodeSystem  codeAMP = 'アンプル')</span>/1 回<span style="background: LightGoldenRodYellow"> (Details: JP Core Medication MERIT9 Unit CodeSystem  codeTIME = '回')</span></td></tr></table></blockquote><hr/><blockquote><p class="res-header-id"><b>Generated Narrative: BodyStructure  #jp-medicationrequest-injection-bodystructure-example-1</b></p><a name="jp-medicationrequest-injection-example-1/jp-medicationrequest-injection-bodystructure-example-1"> </a><a name="hcjp-medicationrequest-injection-example-1/jp-medicationrequest-injection-bodystructure-example-1"> </a><a name="jp-medicationrequest-injection-example-1/jp-medicationrequest-injection-bodystructure-example-1-ja"> </a><p><b>location</b>: <span title="Codes:{http://terminology.hl7.org/CodeSystem/v2-0550 ARM}">Arm</span></p><p><b>locationQualifier</b>: <span title="Codes:{http://terminology.hl7.org/CodeSystem/v2-0495 L}">Left</span></p><p><b>patient</b>: <a href="Patient-jp-patient-example-1.html">山田 太郎 Male, DoB: 1970-01-01 ( urn:oid:1.2.392.100495.20.3.51.11311234567#00000010)</a></p></blockquote></div>
  </text>
  <contained>
    <Medication>
      <id value="jp-medicationrequest-injection-medication-example-1"/>
      <meta>
        <profile value="http://jpfhir.jp/fhir/core/StructureDefinition/JP_Medication"/>
      </meta>
      <status value="active"/>
      <ingredient>
        <extension url="http://jpfhir.jp/fhir/core/Extension/StructureDefinition/JP_Medication_Ingredient_DrugNo">
          <valueInteger value="1"/>
        </extension>
        <itemCodeableConcept>
          <coding>
            <system value="urn:oid:1.2.392.200119.4.403.1"/>
            <code value="100558502"/>
            <display value="ホリゾン注射液１０ｍｇ"/>
          </coding>
        </itemCodeableConcept>
        <strength>
          <extension url="http://jpfhir.jp/fhir/core/Extension/StructureDefinition/JP_Medication_IngredientStrength_StrengthType">
            <valueCodeableConcept>
              <coding>
                <system value="urn:oid:1.2.392.100495.20.2.22"/>
                <code value="1"/>
                <display value="製剤量"/>
              </coding>
            </valueCodeableConcept>
          </extension>
          <numerator>
            <value value="1"/>
            <unit value="アンプル"/>
            <system value="urn:oid:1.2.392.100495.20.2.101"/>
            <code value="AMP"/>
          </numerator>
          <denominator>
            <value value="1"/>
            <unit value="回"/>
            <system value="urn:oid:1.2.392.100495.20.2.101"/>
            <code value="TIME"/>
          </denominator>
        </strength>
      </ingredient>
    </Medication>
  </contained>
  <contained>
    <BodyStructure>
      <id value="jp-medicationrequest-injection-bodystructure-example-1"/>
      <location>
        <coding>
          <system value="http://terminology.hl7.org/CodeSystem/v2-0550"/>
          <code value="ARM"/>
          <display value="Arm"/>
        </coding>
      </location>
      <locationQualifier>
        <coding>
          <system value="http://terminology.hl7.org/CodeSystem/v2-0495"/>
          <code value="L"/>
          <display value="Left"/>
        </coding>
      </locationQualifier>
      <patient>
        <reference value="Patient/jp-patient-example-1"/>
      </patient>
    </BodyStructure>
  </contained>
  <identifier>
    <system value="urn:oid:1.2.392.100495.20.3.81"/>
    <value value="1"/>
  </identifier>
  <identifier>
    <system value="http://jpfhir.jp/fhir/core/IdSystem/resourceInstance-identifier"/>
    <value value="1234567890.1"/>
  </identifier>
  <status value="active"/>
  <intent value="order"/>
  <category>
    <coding>
      <system value="http://terminology.hl7.org/CodeSystem/v2-0482"/>
      <code value="I"/>
      <display value="Inpatient Order"/>
    </coding>
  </category>
  <category>
    <coding>
      <system value="http://jpfhir.jp/fhir/core/CodeSystem/JP_MedicationCategoryMERIT9_CS"/>
      <code value="IHP"/>
      <display value="入院処方"/>
    </coding>
  </category>
  <category>
    <coding>
      <system value="http://jpfhir.jp/fhir/core/CodeSystem/JHSI0001"/>
      <code value="FTP"/>
      <display value="定時処方"/>
    </coding>
  </category>
  <medicationReference>
    <reference value="#jp-medicationrequest-injection-medication-example-1"/>
  </medicationReference>
  <subject>
    <reference value="Patient/jp-patient-example-1"/>
  </subject>
  <authoredOn value="2016-07-01T09:28:17+09:00"/>
  <requester>
    <reference value="Practitioner/jp-practitioner-example-female-1"/>
  </requester>
  <insurance>
    <reference value="Coverage/jp-coverage-example-1"/>
  </insurance>
  <dosageInstruction>
    <text value="静脈注射 静脈内 左腕 １日おき"/>
    <additionalInstruction>
      <coding>
        <system value="urn:oid:1.2.392.200250.2.2.20.22"/>
        <code value="I1100000"/>
        <display value="１日おき"/>
      </coding>
    </additionalInstruction>
    <timing>
      <repeat>
        <boundsPeriod>
          <start value="2016-07-01T10:00:00+09:00"/>
        </boundsPeriod>
      </repeat>
    </timing>
    <site>
      <extension url="http://hl7.org/fhir/StructureDefinition/bodySite">
        <valueReference>
          <reference value="#jp-medicationrequest-injection-bodystructure-example-1"/>
        </valueReference>
      </extension>
    </site>
    <route>
      <coding>
        <system value="http://jpfhir.jp/fhir/core/CodeSystem/route-codes"/>
        <code value="IV"/>
        <display value="静脈内"/>
      </coding>
    </route>
    <method>
      <coding>
        <system value="urn:oid:1.2.392.200250.2.2.20.40"/>
        <code value="30"/>
        <display value="静脈注射"/>
      </coding>
    </method>
    <doseAndRate>
      <type>
        <coding>
          <system value="urn:oid:1.2.392.100495.20.2.22"/>
          <code value="1"/>
        </coding>
      </type>
      <doseQuantity>
        <value value="2"/>
        <unit value="mL"/>
        <system value="urn:oid:1.2.392.100495.20.2.101"/>
        <code value="ML"/>
      </doseQuantity>
    </doseAndRate>
  </dosageInstruction>
</MedicationRequest>