<?xml version="1.0" encoding="UTF-8"?><CodeSystem xmlns="http://hl7.org/fhir"><id value="jp-observation-physicalexam-method-cs"/><text><status value="generated"/><div xmlns="http://www.w3.org/1999/xhtml"><p>This code system <code>http://jpfhir.jp/fhir/core/CodeSystem/JP_ObservationPhysicalExamMethod_CS</code> defines the following codes:</p><table class="codes"><tr><td style="white-space:nowrap"><b>Code</b></td><td><b>Display</b></td></tr><tr><td style="white-space:nowrap">M001<a name="jp-observation-physicalexam-method-cs-M001"> </a></td><td>視診</td></tr><tr><td style="white-space:nowrap">M002<a name="jp-observation-physicalexam-method-cs-M002"> </a></td><td>触診</td></tr><tr><td style="white-space:nowrap">M003<a name="jp-observation-physicalexam-method-cs-M003"> </a></td><td>血圧計</td></tr><tr><td style="white-space:nowrap">M004<a name="jp-observation-physicalexam-method-cs-M004"> </a></td><td>測定</td></tr><tr><td style="white-space:nowrap">M005<a name="jp-observation-physicalexam-method-cs-M005"> </a></td><td>体温計</td></tr><tr><td style="white-space:nowrap">M006<a name="jp-observation-physicalexam-method-cs-M006"> </a></td><td>パルスオキシメータ</td></tr><tr><td style="white-space:nowrap">M007<a name="jp-observation-physicalexam-method-cs-M007"> </a></td><td>観血的</td></tr><tr><td style="white-space:nowrap">M008<a name="jp-observation-physicalexam-method-cs-M008"> </a></td><td>身長計</td></tr><tr><td style="white-space:nowrap">M009<a name="jp-observation-physicalexam-method-cs-M009"> </a></td><td>体重計</td></tr><tr><td style="white-space:nowrap">M010<a name="jp-observation-physicalexam-method-cs-M010"> </a></td><td>ネックフレクションテスト</td></tr><tr><td style="white-space:nowrap">M011<a name="jp-observation-physicalexam-method-cs-M011"> </a></td><td>神経診察</td></tr><tr><td style="white-space:nowrap">M012<a name="jp-observation-physicalexam-method-cs-M012"> </a></td><td>視力検査</td></tr><tr><td style="white-space:nowrap">M013<a name="jp-observation-physicalexam-method-cs-M013"> </a></td><td>Goldmann視野計</td></tr><tr><td style="white-space:nowrap">M014<a name="jp-observation-physicalexam-method-cs-M014"> </a></td><td>オージオメーター</td></tr><tr><td style="white-space:nowrap">M015<a name="jp-observation-physicalexam-method-cs-M015"> </a></td><td>音叉</td></tr><tr><td style="white-space:nowrap">M016<a name="jp-observation-physicalexam-method-cs-M016"> </a></td><td>水</td></tr><tr><td style="white-space:nowrap">M017<a name="jp-observation-physicalexam-method-cs-M017"> </a></td><td>起立試験</td></tr><tr><td style="white-space:nowrap">M018<a name="jp-observation-physicalexam-method-cs-M018"> </a></td><td>歩行試験</td></tr><tr><td style="white-space:nowrap">M019<a name="jp-observation-physicalexam-method-cs-M019"> </a></td><td>握力計</td></tr><tr><td style="white-space:nowrap">M020<a name="jp-observation-physicalexam-method-cs-M020"> </a></td><td>叩打診</td></tr><tr><td style="white-space:nowrap">M021<a name="jp-observation-physicalexam-method-cs-M021"> </a></td><td>発語試験</td></tr><tr><td style="white-space:nowrap">M022<a name="jp-observation-physicalexam-method-cs-M022"> </a></td><td>書字試験</td></tr><tr><td style="white-space:nowrap">M023<a name="jp-observation-physicalexam-method-cs-M023"> </a></td><td>指鼻試験</td></tr><tr><td style="white-space:nowrap">M024<a name="jp-observation-physicalexam-method-cs-M024"> </a></td><td>膝うち試験</td></tr><tr><td style="white-space:nowrap">M025<a name="jp-observation-physicalexam-method-cs-M025"> </a></td><td>交互変換試験</td></tr><tr><td style="white-space:nowrap">M026<a name="jp-observation-physicalexam-method-cs-M026"> </a></td><td>踵膝試験</td></tr><tr><td style="white-space:nowrap">M027<a name="jp-observation-physicalexam-method-cs-M027"> </a></td><td>音叉・触</td></tr><tr><td style="white-space:nowrap">M028<a name="jp-observation-physicalexam-method-cs-M028"> </a></td><td>問診</td></tr><tr><td style="white-space:nowrap">M029<a name="jp-observation-physicalexam-method-cs-M029"> </a></td><td>アドソン試験</td></tr><tr><td style="white-space:nowrap">M030<a name="jp-observation-physicalexam-method-cs-M030"> </a></td><td>アレン試験</td></tr><tr><td style="white-space:nowrap">M031<a name="jp-observation-physicalexam-method-cs-M031"> </a></td><td>エデン試験</td></tr><tr><td style="white-space:nowrap">M032<a name="jp-observation-physicalexam-method-cs-M032"> </a></td><td>ライト試験</td></tr><tr><td style="white-space:nowrap">M033<a name="jp-observation-physicalexam-method-cs-M033"> </a></td><td>排尿試験・排便試験</td></tr><tr><td style="white-space:nowrap">M034<a name="jp-observation-physicalexam-method-cs-M034"> </a></td><td>排尿試験</td></tr><tr><td style="white-space:nowrap">M035<a name="jp-observation-physicalexam-method-cs-M035"> </a></td><td>排便試験</td></tr><tr><td style="white-space:nowrap">M036<a name="jp-observation-physicalexam-method-cs-M036"> </a></td><td>自動血圧計</td></tr><tr><td style="white-space:nowrap">M037<a name="jp-observation-physicalexam-method-cs-M037"> </a></td><td>打診</td></tr><tr><td style="white-space:nowrap">M038<a name="jp-observation-physicalexam-method-cs-M038"> </a></td><td>色覚検査</td></tr><tr><td style="white-space:nowrap">M039<a name="jp-observation-physicalexam-method-cs-M039"> </a></td><td>検眼鏡</td></tr><tr><td style="white-space:nowrap">M040<a name="jp-observation-physicalexam-method-cs-M040"> </a></td><td>眼圧計</td></tr><tr><td style="white-space:nowrap">M041<a name="jp-observation-physicalexam-method-cs-M041"> </a></td><td>耳鏡</td></tr><tr><td style="white-space:nowrap">M042<a name="jp-observation-physicalexam-method-cs-M042"> </a></td><td>臭診</td></tr><tr><td style="white-space:nowrap">M043<a name="jp-observation-physicalexam-method-cs-M043"> </a></td><td>視診・触診</td></tr><tr><td style="white-space:nowrap">M044<a name="jp-observation-physicalexam-method-cs-M044"> </a></td><td>聴診</td></tr><tr><td style="white-space:nowrap">M045<a name="jp-observation-physicalexam-method-cs-M045"> </a></td><td>肛門鏡</td></tr><tr><td style="white-space:nowrap">M046<a name="jp-observation-physicalexam-method-cs-M046"> </a></td><td>直腸指診</td></tr><tr><td style="white-space:nowrap">M047<a name="jp-observation-physicalexam-method-cs-M047"> </a></td><td>内診</td></tr></table></div></text><url value="http://jpfhir.jp/fhir/core/CodeSystem/JP_ObservationPhysicalExamMethod_CS"/><version value="1.1.0"/><name value="JP_ObservationPhysicalExamMethod_CS"/><title value="JP Core Observation PhysicalExam Method CodeSystem"/><status value="active"/><experimental value="false"/><date value="2022-09-26"/><publisher value="FHIR Japanese implementation research working group in Japan Association of Medical Informatics (JAMI)"/><contact><name value="FHIR Japanese implementation research working group in Japan Association of Medical Informatics (JAMI)"/><telecom><system value="url"/><value value="http://jpfhir.jp"/></telecom><telecom><system value="email"/><value value="office@hlfhir.jp"/></telecom></contact><description value="Observation（身体所見）で使用する診察方法のコード"/><jurisdiction><coding><system value="urn:iso:std:iso:3166"/><code value="JP"/></coding></jurisdiction><copyright value="FHIR Japanese implementation research working group in Japan Association of Medical Informatics (JAMI)"/><caseSensitive value="true"/><valueSet value="http://jpfhir.jp/fhir/core/ValueSet/JP_ObservationPhysicalExamMethod_VS"/><content value="complete"/><count value="47"/><concept><code value="M001"/><display value="視診"/></concept><concept><code value="M002"/><display value="触診"/></concept><concept><code value="M003"/><display value="血圧計"/></concept><concept><code value="M004"/><display value="測定"/></concept><concept><code value="M005"/><display value="体温計"/></concept><concept><code value="M006"/><display value="パルスオキシメータ"/></concept><concept><code value="M007"/><display value="観血的"/></concept><concept><code value="M008"/><display value="身長計"/></concept><concept><code value="M009"/><display value="体重計"/></concept><concept><code value="M010"/><display value="ネックフレクションテスト"/></concept><concept><code value="M011"/><display value="神経診察"/></concept><concept><code value="M012"/><display value="視力検査"/></concept><concept><code value="M013"/><display value="Goldmann視野計"/></concept><concept><code value="M014"/><display value="オージオメーター"/></concept><concept><code value="M015"/><display value="音叉"/></concept><concept><code value="M016"/><display value="水"/></concept><concept><code value="M017"/><display value="起立試験"/></concept><concept><code value="M018"/><display value="歩行試験"/></concept><concept><code value="M019"/><display value="握力計"/></concept><concept><code value="M020"/><display value="叩打診"/></concept><concept><code value="M021"/><display value="発語試験"/></concept><concept><code value="M022"/><display value="書字試験"/></concept><concept><code value="M023"/><display value="指鼻試験"/></concept><concept><code value="M024"/><display value="膝うち試験"/></concept><concept><code value="M025"/><display value="交互変換試験"/></concept><concept><code value="M026"/><display value="踵膝試験"/></concept><concept><code value="M027"/><display value="音叉・触"/></concept><concept><code value="M028"/><display value="問診"/></concept><concept><code value="M029"/><display value="アドソン試験"/></concept><concept><code value="M030"/><display value="アレン試験"/></concept><concept><code value="M031"/><display value="エデン試験"/></concept><concept><code value="M032"/><display value="ライト試験"/></concept><concept><code value="M033"/><display value="排尿試験・排便試験"/></concept><concept><code value="M034"/><display value="排尿試験"/></concept><concept><code value="M035"/><display value="排便試験"/></concept><concept><code value="M036"/><display value="自動血圧計"/></concept><concept><code value="M037"/><display value="打診"/></concept><concept><code value="M038"/><display value="色覚検査"/></concept><concept><code value="M039"/><display value="検眼鏡"/></concept><concept><code value="M040"/><display value="眼圧計"/></concept><concept><code value="M041"/><display value="耳鏡"/></concept><concept><code value="M042"/><display value="臭診"/></concept><concept><code value="M043"/><display value="視診・触診"/></concept><concept><code value="M044"/><display value="聴診"/></concept><concept><code value="M045"/><display value="肛門鏡"/></concept><concept><code value="M046"/><display value="直腸指診"/></concept><concept><code value="M047"/><display value="内診"/></concept></CodeSystem>