<?xml version="1.0" encoding="UTF-8"?><CodeSystem xmlns="http://hl7.org/fhir"><id value="jp-prefecturenumber-cs"/><text><status value="generated"/><div xmlns="http://www.w3.org/1999/xhtml"><p>This code system <code>urn:oid:1.2.392.100495.20.3.21</code> defines the following codes:</p><table class="codes"><tr><td style="white-space:nowrap"><b>Code</b></td><td><b>Display</b></td></tr><tr><td style="white-space:nowrap">01<a name="jp-prefecturenumber-cs-01"> </a></td><td>北海道</td></tr><tr><td style="white-space:nowrap">02<a name="jp-prefecturenumber-cs-02"> </a></td><td>青森県</td></tr><tr><td style="white-space:nowrap">03<a name="jp-prefecturenumber-cs-03"> </a></td><td>岩手県</td></tr><tr><td style="white-space:nowrap">04<a name="jp-prefecturenumber-cs-04"> </a></td><td>宮城県</td></tr><tr><td style="white-space:nowrap">05<a name="jp-prefecturenumber-cs-05"> </a></td><td>秋田県</td></tr><tr><td style="white-space:nowrap">06<a name="jp-prefecturenumber-cs-06"> </a></td><td>山形県</td></tr><tr><td style="white-space:nowrap">07<a name="jp-prefecturenumber-cs-07"> </a></td><td>福島県</td></tr><tr><td style="white-space:nowrap">08<a name="jp-prefecturenumber-cs-08"> </a></td><td>茨城県</td></tr><tr><td style="white-space:nowrap">09<a name="jp-prefecturenumber-cs-09"> </a></td><td>栃木県</td></tr><tr><td style="white-space:nowrap">10<a name="jp-prefecturenumber-cs-10"> </a></td><td>群馬県</td></tr><tr><td style="white-space:nowrap">11<a name="jp-prefecturenumber-cs-11"> </a></td><td>埼玉県</td></tr><tr><td style="white-space:nowrap">12<a name="jp-prefecturenumber-cs-12"> </a></td><td>千葉県</td></tr><tr><td style="white-space:nowrap">13<a name="jp-prefecturenumber-cs-13"> </a></td><td>東京都</td></tr><tr><td style="white-space:nowrap">14<a name="jp-prefecturenumber-cs-14"> </a></td><td>神奈川県</td></tr><tr><td style="white-space:nowrap">15<a name="jp-prefecturenumber-cs-15"> </a></td><td>新潟県</td></tr><tr><td style="white-space:nowrap">16<a name="jp-prefecturenumber-cs-16"> </a></td><td>富山県</td></tr><tr><td style="white-space:nowrap">17<a name="jp-prefecturenumber-cs-17"> </a></td><td>石川県</td></tr><tr><td style="white-space:nowrap">18<a name="jp-prefecturenumber-cs-18"> </a></td><td>福井県</td></tr><tr><td style="white-space:nowrap">19<a name="jp-prefecturenumber-cs-19"> </a></td><td>山梨県</td></tr><tr><td style="white-space:nowrap">20<a name="jp-prefecturenumber-cs-20"> </a></td><td>長野県</td></tr><tr><td style="white-space:nowrap">21<a name="jp-prefecturenumber-cs-21"> </a></td><td>岐阜県</td></tr><tr><td style="white-space:nowrap">22<a name="jp-prefecturenumber-cs-22"> </a></td><td>静岡県</td></tr><tr><td style="white-space:nowrap">23<a name="jp-prefecturenumber-cs-23"> </a></td><td>愛知県</td></tr><tr><td style="white-space:nowrap">24<a name="jp-prefecturenumber-cs-24"> </a></td><td>三重県</td></tr><tr><td style="white-space:nowrap">25<a name="jp-prefecturenumber-cs-25"> </a></td><td>滋賀県</td></tr><tr><td style="white-space:nowrap">26<a name="jp-prefecturenumber-cs-26"> </a></td><td>京都府</td></tr><tr><td style="white-space:nowrap">27<a name="jp-prefecturenumber-cs-27"> </a></td><td>大阪府</td></tr><tr><td style="white-space:nowrap">28<a name="jp-prefecturenumber-cs-28"> </a></td><td>兵庫県</td></tr><tr><td style="white-space:nowrap">29<a name="jp-prefecturenumber-cs-29"> </a></td><td>奈良県</td></tr><tr><td style="white-space:nowrap">30<a name="jp-prefecturenumber-cs-30"> </a></td><td>和歌山県</td></tr><tr><td style="white-space:nowrap">31<a name="jp-prefecturenumber-cs-31"> </a></td><td>鳥取県</td></tr><tr><td style="white-space:nowrap">32<a name="jp-prefecturenumber-cs-32"> </a></td><td>島根県</td></tr><tr><td style="white-space:nowrap">33<a name="jp-prefecturenumber-cs-33"> </a></td><td>岡山県</td></tr><tr><td style="white-space:nowrap">34<a name="jp-prefecturenumber-cs-34"> </a></td><td>広島県</td></tr><tr><td style="white-space:nowrap">35<a name="jp-prefecturenumber-cs-35"> </a></td><td>山口県</td></tr><tr><td style="white-space:nowrap">36<a name="jp-prefecturenumber-cs-36"> </a></td><td>徳島県</td></tr><tr><td style="white-space:nowrap">37<a name="jp-prefecturenumber-cs-37"> </a></td><td>香川県</td></tr><tr><td style="white-space:nowrap">38<a name="jp-prefecturenumber-cs-38"> </a></td><td>愛媛県</td></tr><tr><td style="white-space:nowrap">39<a name="jp-prefecturenumber-cs-39"> </a></td><td>高知県</td></tr><tr><td style="white-space:nowrap">40<a name="jp-prefecturenumber-cs-40"> </a></td><td>福岡県</td></tr><tr><td style="white-space:nowrap">41<a name="jp-prefecturenumber-cs-41"> </a></td><td>佐賀県</td></tr><tr><td style="white-space:nowrap">42<a name="jp-prefecturenumber-cs-42"> </a></td><td>長崎県</td></tr><tr><td style="white-space:nowrap">43<a name="jp-prefecturenumber-cs-43"> </a></td><td>熊本県</td></tr><tr><td style="white-space:nowrap">44<a name="jp-prefecturenumber-cs-44"> </a></td><td>大分県</td></tr><tr><td style="white-space:nowrap">45<a name="jp-prefecturenumber-cs-45"> </a></td><td>宮崎県</td></tr><tr><td style="white-space:nowrap">46<a name="jp-prefecturenumber-cs-46"> </a></td><td>鹿児島県</td></tr><tr><td style="white-space:nowrap">47<a name="jp-prefecturenumber-cs-47"> </a></td><td>沖縄県</td></tr></table></div></text><url value="urn:oid:1.2.392.100495.20.3.21"/><identifier><system value="urn:ietf:rfc:3986"/><value value="urn:oid:1.2.392.100495.20.3.21"/></identifier><version value="1.1.0"/><name value="JP_PrefectureNumber_CS"/><title value="JP Core PrefectureNumber CodeSystem"/><status value="active"/><experimental value="false"/><date value="2022-09-26"/><publisher value="FHIR Japanese implementation research working group in Japan Association of Medical Informatics (JAMI)"/><contact><name value="FHIR Japanese implementation research working group in Japan Association of Medical Informatics (JAMI)"/><telecom><system value="url"/><value value="http://jpfhir.jp"/></telecom><telecom><system value="email"/><value value="office@hlfhir.jp"/></telecom></contact><description value="全国地方公共団体コードの都道府県コード（ISO 3166-2:JP）"/><jurisdiction><coding><system value="urn:iso:std:iso:3166"/><code value="JP"/></coding></jurisdiction><copyright value="FHIR Japanese implementation research working group in Japan Association of Medical Informatics (JAMI)"/><caseSensitive value="true"/><valueSet value="http://jpfhir.jp/fhir/core/ValueSet/JP_PrefectureNumber_VS"/><content value="complete"/><count value="47"/><concept><code value="01"/><display value="北海道"/></concept><concept><code value="02"/><display value="青森県"/></concept><concept><code value="03"/><display value="岩手県"/></concept><concept><code value="04"/><display value="宮城県"/></concept><concept><code value="05"/><display value="秋田県"/></concept><concept><code value="06"/><display value="山形県"/></concept><concept><code value="07"/><display value="福島県"/></concept><concept><code value="08"/><display value="茨城県"/></concept><concept><code value="09"/><display value="栃木県"/></concept><concept><code value="10"/><display value="群馬県"/></concept><concept><code value="11"/><display value="埼玉県"/></concept><concept><code value="12"/><display value="千葉県"/></concept><concept><code value="13"/><display value="東京都"/></concept><concept><code value="14"/><display value="神奈川県"/></concept><concept><code value="15"/><display value="新潟県"/></concept><concept><code value="16"/><display value="富山県"/></concept><concept><code value="17"/><display value="石川県"/></concept><concept><code value="18"/><display value="福井県"/></concept><concept><code value="19"/><display value="山梨県"/></concept><concept><code value="20"/><display value="長野県"/></concept><concept><code value="21"/><display value="岐阜県"/></concept><concept><code value="22"/><display value="静岡県"/></concept><concept><code value="23"/><display value="愛知県"/></concept><concept><code value="24"/><display value="三重県"/></concept><concept><code value="25"/><display value="滋賀県"/></concept><concept><code value="26"/><display value="京都府"/></concept><concept><code value="27"/><display value="大阪府"/></concept><concept><code value="28"/><display value="兵庫県"/></concept><concept><code value="29"/><display value="奈良県"/></concept><concept><code value="30"/><display value="和歌山県"/></concept><concept><code value="31"/><display value="鳥取県"/></concept><concept><code value="32"/><display value="島根県"/></concept><concept><code value="33"/><display value="岡山県"/></concept><concept><code value="34"/><display value="広島県"/></concept><concept><code value="35"/><display value="山口県"/></concept><concept><code value="36"/><display value="徳島県"/></concept><concept><code value="37"/><display value="香川県"/></concept><concept><code value="38"/><display value="愛媛県"/></concept><concept><code value="39"/><display value="高知県"/></concept><concept><code value="40"/><display value="福岡県"/></concept><concept><code value="41"/><display value="佐賀県"/></concept><concept><code value="42"/><display value="長崎県"/></concept><concept><code value="43"/><display value="熊本県"/></concept><concept><code value="44"/><display value="大分県"/></concept><concept><code value="45"/><display value="宮崎県"/></concept><concept><code value="46"/><display value="鹿児島県"/></concept><concept><code value="47"/><display value="沖縄県"/></concept></CodeSystem>