<?xml version="1.0" encoding="UTF-8"?><CodeSystem xmlns="http://hl7.org/fhir"><id value="jp-procedure-codes-stem7-cs"/><text><status value="generated"/><div xmlns="http://www.w3.org/1999/xhtml"><p>This code system <code>http://jpfhir.jp/fhir/core/CodeSystem/JP_ProcedureCodesSTEM7_CS</code> defines the following codes:</p><table class="codes"><tr><td style="white-space:nowrap"><b>Code</b></td></tr></table></div></text><url value="http://jpfhir.jp/fhir/core/CodeSystem/JP_ProcedureCodesSTEM7_CS"/><version value="1.1.0"/><name value="JP_ProcedureCodesSTEM7_CS"/><title value="JP Core Procedure Codes STEM7 CodeSystem"/><status value="active"/><experimental value="false"/><date value="2022-09-26"/><publisher value="FHIR Japanese implementation research working group in Japan Association of Medical Informatics (JAMI)"/><contact><name value="FHIR Japanese implementation research working group in Japan Association of Medical Informatics (JAMI)"/><telecom><system value="url"/><value value="http://jpfhir.jp"/></telecom><telecom><system value="email"/><value value="office@hlfhir.jp"/></telecom></contact><description value="処置のコード:外保連手術基幹コード(STEM7)"/><jurisdiction><coding><system value="urn:iso:std:iso:3166"/><code value="JP"/></coding></jurisdiction><copyright value="FHIR Japanese implementation research working group in Japan Association of Medical Informatics (JAMI)"/><caseSensitive value="true"/><valueSet value="http://jpfhir.jp/fhir/core/ValueSet/JP_ProcedureCodesSTEM7_VS"/><content value="complete"/></CodeSystem>