<?xml version="1.0" encoding="UTF-8"?><SearchParameter xmlns="http://hl7.org/fhir"><id value="jp-organization-insuranceorganizationcategory-sp"/><url value="http://jpfhir.jp/fhir/core/SearchParameter/JP_Organization_InsuranceOrganizationCategory_SP"/><version value="1.1.0a"/><name value="JP_Organization_InsuranceOrganizationCategory_SP"/><status value="active"/><date value="2022-07-31"/><publisher value="FHIR Japanese implementation research working group in Japan Association of Medical Informatics (JAMI)"/><contact><name value="FHIR Japanese implementation research working group in Japan Association of Medical Informatics (JAMI)"/><telecom><system value="url"/><value value="http://jpfhir.jp"/></telecom><telecom><system value="email"/><value value="office@hlfhir.jp"/></telecom></contact><description value="OrganizationリソースのInsuranceOrganizationCategory(点数表コード)に関する検索を定義する。"/><jurisdiction><coding><system value="urn:iso:std:iso:3166"/><code value="JP"/></coding></jurisdiction><code value="jp-insurance-organizationcategory"/><base value="Organization"/><type value="token"/><expression value="Organization.extension.where(url='http://jpfhir.jp/fhir/core/Extension/StructureDefinition/JP_Organization_InsuranceOrganizationCategory').value.as(code)"/><xpath value="f:Organization/f:extension[@url='http://jpfhir.jp/fhir/core/Extension/StructureDefinition/JP_Organization_InsuranceOrganizationCategory']/f:valueCoding/f:code"/><xpathUsage value="normal"/><multipleOr value="true"><extension url="http://hl7.org/fhir/StructureDefinition/capabilitystatement-expectation"><valueCode value="MAY"/></extension></multipleOr><multipleAnd value="true"><extension url="http://hl7.org/fhir/StructureDefinition/capabilitystatement-expectation"><valueCode value="MAY"/></extension></multipleAnd></SearchParameter>