<?xml version="1.0" encoding="UTF-8"?><ValueSet xmlns="http://hl7.org/fhir"><id value="jp-medication-as-needed-condition-jami-vs"/><text><status value="generated"/><div xmlns="http://www.w3.org/1999/xhtml"><ul><li>Include all codes defined in <code>http://jpfhir.jp/fhir/core/CodeSystem/JP_MedicationAsNeededConditionJAMI_CS</code></li></ul></div></text><url value="http://jpfhir.jp/fhir/core/ValueSet/JP_MedicationAsNeededConditionJAMI_VS"/><version value="1.1.0"/><name value="JP_MedicationAsNeededConditionJAMI_VS"/><title value="JP Core Medication JAMI As Needed Condition ValueSet"/><status value="active"/><experimental value="false"/><date value="2022-09-26"/><publisher value="FHIR Japanese implementation research working group in Japan Association of Medical Informatics (JAMI)"/><contact><name value="FHIR Japanese implementation research working group in Japan Association of Medical Informatics (JAMI)"/><telecom><system value="url"/><value value="http://jpfhir.jp"/></telecom><telecom><system value="email"/><value value="office@hlfhir.jp"/></telecom></contact><description value="JAMI標準用法規格頓用指示コードの値セット"/><jurisdiction><coding><system value="urn:iso:std:iso:3166"/><code value="JP"/></coding></jurisdiction><copyright value="Copyright Japan Association of Medical Informatics (JAMI)  一般社団法人日本医療情報学会"/><compose><include><system value="http://jpfhir.jp/fhir/core/CodeSystem/JP_MedicationAsNeededConditionJAMI_CS"/></include></compose></ValueSet>