{
  "resourceType": "CodeSystem",
  "id": "jp-observation-vitalsigns-category-cs",
  "text": {
    "status": "generated",
    "div": "<div xmlns=\"http://www.w3.org/1999/xhtml\"><p>This code system <code>http://jpfhir.jp/fhir/Common/CodeSystem/JP_ObservationVitalSignsCategory_CS</code> defines the following codes:</p><table class=\"codes\"><tr><td style=\"white-space:nowrap\"><b>Code</b></td><td><b>Display</b></td></tr><tr><td style=\"white-space:nowrap\">respiratory-function<a name=\"jp-observation-vitalsigns-category-cs-respiratory-function\"> </a></td><td>呼吸機能</td></tr><tr><td style=\"white-space:nowrap\">constrained-respiration<a name=\"jp-observation-vitalsigns-category-cs-constrained-respiration\"> </a></td><td>努力呼吸</td></tr><tr><td style=\"white-space:nowrap\">respiratory-abnormality<a name=\"jp-observation-vitalsigns-category-cs-respiratory-abnormality\"> </a></td><td>呼吸異常</td></tr><tr><td style=\"white-space:nowrap\">pulsation<a name=\"jp-observation-vitalsigns-category-cs-pulsation\"> </a></td><td>動悸</td></tr><tr><td style=\"white-space:nowrap\">arrhythmia<a name=\"jp-observation-vitalsigns-category-cs-arrhythmia\"> </a></td><td>不整脈</td></tr><tr><td style=\"white-space:nowrap\">ecg-waveform<a name=\"jp-observation-vitalsigns-category-cs-ecg-waveform\"> </a></td><td>心電図波形</td></tr><tr><td style=\"white-space:nowrap\">cardiac-function<a name=\"jp-observation-vitalsigns-category-cs-cardiac-function\"> </a></td><td>心機能</td></tr><tr><td style=\"white-space:nowrap\">blood-pressure<a name=\"jp-observation-vitalsigns-category-cs-blood-pressure\"> </a></td><td>血圧</td></tr><tr><td style=\"white-space:nowrap\">body-surface-skin-temperature<a name=\"jp-observation-vitalsigns-category-cs-body-surface-skin-temperature\"> </a></td><td>体表面皮膚温</td></tr><tr><td style=\"white-space:nowrap\">signs-symptoms<a name=\"jp-observation-vitalsigns-category-cs-signs-symptoms\"> </a></td><td>徴候・症状</td></tr><tr><td style=\"white-space:nowrap\">sleep<a name=\"jp-observation-vitalsigns-category-cs-sleep\"> </a></td><td>睡眠</td></tr><tr><td style=\"white-space:nowrap\">disorientation<a name=\"jp-observation-vitalsigns-category-cs-disorientation\"> </a></td><td>失見当識</td></tr><tr><td style=\"white-space:nowrap\">consciousness-evaluation<a name=\"jp-observation-vitalsigns-category-cs-consciousness-evaluation\"> </a></td><td>意識評価</td></tr><tr><td style=\"white-space:nowrap\">disturbance-of-consciousness<a name=\"jp-observation-vitalsigns-category-cs-disturbance-of-consciousness\"> </a></td><td>意識障害</td></tr><tr><td style=\"white-space:nowrap\">fetal-cardiac-function<a name=\"jp-observation-vitalsigns-category-cs-fetal-cardiac-function\"> </a></td><td>胎児心機能</td></tr><tr><td style=\"white-space:nowrap\">temperature<a name=\"jp-observation-vitalsigns-category-cs-temperature\"> </a></td><td>体温</td></tr><tr><td style=\"white-space:nowrap\">pulse-rate<a name=\"jp-observation-vitalsigns-category-cs-pulse-rate\"> </a></td><td>脈拍数</td></tr><tr><td style=\"white-space:nowrap\">artery-palpating<a name=\"jp-observation-vitalsigns-category-cs-artery-palpating\"> </a></td><td>動脈触知</td></tr><tr><td style=\"white-space:nowrap\">ventilation<a name=\"jp-observation-vitalsigns-category-cs-ventilation\"> </a></td><td>換気</td></tr><tr><td style=\"white-space:nowrap\">fetal-condition<a name=\"jp-observation-vitalsigns-category-cs-fetal-condition\"> </a></td><td>胎児の状態</td></tr><tr><td style=\"white-space:nowrap\">tracheal-breath-sound<a name=\"jp-observation-vitalsigns-category-cs-tracheal-breath-sound\"> </a></td><td>気管呼吸音</td></tr><tr><td style=\"white-space:nowrap\">alveolar-breath-sound<a name=\"jp-observation-vitalsigns-category-cs-alveolar-breath-sound\"> </a></td><td>肺胞呼吸音</td></tr></table></div>"
  },
  "url": "http://jpfhir.jp/fhir/Common/CodeSystem/JP_ObservationVitalSignsCategory_CS",
  "version": "1.1.0a",
  "name": "JP_ObservationVitalSignsCategory_CS",
  "title": "JP Core Observation VitalSigns Category CodeSystem",
  "status": "draft",
  "date": "2022-09-17T13:53:57+00:00",
  "publisher": "FHIR Japanese implementation research working group in Japan Association of Medical Informatics (JAMI)",
  "contact": [
    {
      "name": "FHIR Japanese implementation research working group in Japan Association of Medical Informatics (JAMI)",
      "telecom": [
        {
          "system": "url",
          "value": "http://jpfhir.jp"
        },
        {
          "system": "email",
          "value": "office@hlfhir.jp"
        }
      ]
    }
  ],
  "description": "Observation（バイタルサイン）で使用する分類のコード",
  "jurisdiction": [
    {
      "coding": [
        {
          "system": "urn:iso:std:iso:3166",
          "code": "JP"
        }
      ]
    }
  ],
  "copyright": "FHIR Japanese implementation research working group in Japan Association of Medical Informatics (JAMI)",
  "caseSensitive": true,
  "valueSet": "http://jpfhir.jp/fhir/Common/ValueSet/JP_ObservationVitalSignsCategory_VS",
  "content": "complete",
  "count": 22,
  "concept": [
    {
      "code": "respiratory-function",
      "display": "呼吸機能"
    },
    {
      "code": "constrained-respiration",
      "display": "努力呼吸"
    },
    {
      "code": "respiratory-abnormality",
      "display": "呼吸異常"
    },
    {
      "code": "pulsation",
      "display": "動悸"
    },
    {
      "code": "arrhythmia",
      "display": "不整脈"
    },
    {
      "code": "ecg-waveform",
      "display": "心電図波形"
    },
    {
      "code": "cardiac-function",
      "display": "心機能"
    },
    {
      "code": "blood-pressure",
      "display": "血圧"
    },
    {
      "code": "body-surface-skin-temperature",
      "display": "体表面皮膚温"
    },
    {
      "code": "signs-symptoms",
      "display": "徴候・症状"
    },
    {
      "code": "sleep",
      "display": "睡眠"
    },
    {
      "code": "disorientation",
      "display": "失見当識"
    },
    {
      "code": "consciousness-evaluation",
      "display": "意識評価"
    },
    {
      "code": "disturbance-of-consciousness",
      "display": "意識障害"
    },
    {
      "code": "fetal-cardiac-function",
      "display": "胎児心機能"
    },
    {
      "code": "temperature",
      "display": "体温"
    },
    {
      "code": "pulse-rate",
      "display": "脈拍数"
    },
    {
      "code": "artery-palpating",
      "display": "動脈触知"
    },
    {
      "code": "ventilation",
      "display": "換気"
    },
    {
      "code": "fetal-condition",
      "display": "胎児の状態"
    },
    {
      "code": "tracheal-breath-sound",
      "display": "気管呼吸音"
    },
    {
      "code": "alveolar-breath-sound",
      "display": "肺胞呼吸音"
    }
  ]
}