{
  "resourceType": "CodeSystem",
  "id": "jp-procedure-performer-role-codes-cs",
  "text": {
    "status": "generated",
    "div": "<div xmlns=\"http://www.w3.org/1999/xhtml\"><p>This code system http://jpfhir.jp/fhir/Common/CodeSystem/JP_ProcedurePerformerRoleCodes_CS defines the following codes:</p><table class=\"codes\"><tr><td style=\"white-space:nowrap\"><b>Code</b></td><td><b>Display</b></td></tr><tr><td style=\"white-space:nowrap\">B12101<a name=\"jp-procedure-performer-role-codes-cs-B12101\"> </a></td><td>医師</td></tr><tr><td style=\"white-space:nowrap\">B12201<a name=\"jp-procedure-performer-role-codes-cs-B12201\"> </a></td><td>歯科医師</td></tr><tr><td style=\"white-space:nowrap\">B12301<a name=\"jp-procedure-performer-role-codes-cs-B12301\"> </a></td><td>獣医師</td></tr><tr><td style=\"white-space:nowrap\">B12401<a name=\"jp-procedure-performer-role-codes-cs-B12401\"> </a></td><td>薬剤師（調剤）</td></tr><tr><td style=\"white-space:nowrap\">B12402<a name=\"jp-procedure-performer-role-codes-cs-B12402\"> </a></td><td>薬剤師（医薬品販売）</td></tr><tr><td style=\"white-space:nowrap\">B12499<a name=\"jp-procedure-performer-role-codes-cs-B12499\"> </a></td><td>他に分類されない薬剤師</td></tr><tr><td style=\"white-space:nowrap\">B13101<a name=\"jp-procedure-performer-role-codes-cs-B13101\"> </a></td><td>保健師</td></tr><tr><td style=\"white-space:nowrap\">B13201<a name=\"jp-procedure-performer-role-codes-cs-B13201\"> </a></td><td>助産師</td></tr><tr><td style=\"white-space:nowrap\">B13301<a name=\"jp-procedure-performer-role-codes-cs-B13301\"> </a></td><td>看護師</td></tr><tr><td style=\"white-space:nowrap\">B13302<a name=\"jp-procedure-performer-role-codes-cs-B13302\"> </a></td><td>准看護師</td></tr><tr><td style=\"white-space:nowrap\">B14101<a name=\"jp-procedure-performer-role-codes-cs-B14101\"> </a></td><td>診療放射線技師</td></tr><tr><td style=\"white-space:nowrap\">B14201<a name=\"jp-procedure-performer-role-codes-cs-B14201\"> </a></td><td>臨床工学技士</td></tr><tr><td style=\"white-space:nowrap\">B14301<a name=\"jp-procedure-performer-role-codes-cs-B14301\"> </a></td><td>臨床検査技師</td></tr><tr><td style=\"white-space:nowrap\">B14401<a name=\"jp-procedure-performer-role-codes-cs-B14401\"> </a></td><td>理学療法士</td></tr><tr><td style=\"white-space:nowrap\">B14501<a name=\"jp-procedure-performer-role-codes-cs-B14501\"> </a></td><td>作業療法士</td></tr><tr><td style=\"white-space:nowrap\">B14601<a name=\"jp-procedure-performer-role-codes-cs-B14601\"> </a></td><td>視能訓練士</td></tr><tr><td style=\"white-space:nowrap\">B14602<a name=\"jp-procedure-performer-role-codes-cs-B14602\"> </a></td><td>言語聴覚士</td></tr><tr><td style=\"white-space:nowrap\">B14701<a name=\"jp-procedure-performer-role-codes-cs-B14701\"> </a></td><td>歯科衛生士</td></tr><tr><td style=\"white-space:nowrap\">B14801<a name=\"jp-procedure-performer-role-codes-cs-B14801\"> </a></td><td>歯科技工士</td></tr><tr><td style=\"white-space:nowrap\">B15101<a name=\"jp-procedure-performer-role-codes-cs-B15101\"> </a></td><td>栄養士</td></tr><tr><td style=\"white-space:nowrap\">B15102<a name=\"jp-procedure-performer-role-codes-cs-B15102\"> </a></td><td>管理栄養士</td></tr></table></div>"
  },
  "url": "http://jpfhir.jp/fhir/Common/CodeSystem/JP_ProcedurePerformerRoleCodes_CS",
  "version": "1.1.0a",
  "name": "JP_ProcedurePerformerRoleCodes_CS",
  "title": "JP Procedure Performer Role Codes",
  "status": "draft",
  "date": "2022-07-04T15:21:33+00:00",
  "publisher": "FHIR Japanese implementation research working group in Japan Association of Medical Informatics (JAMI)",
  "contact": [
    {
      "name": "FHIR Japanese implementation research working group in Japan Association of Medical Informatics (JAMI)",
      "telecom": [
        {
          "system": "url",
          "value": "http://jpfhir.jp"
        },
        {
          "system": "email",
          "value": "office@hlfhir.jp"
        }
      ]
    }
  ],
  "description": "This code system defines the set of codes that can be used to indicate a role of a procedure performer.",
  "jurisdiction": [
    {
      "coding": [
        {
          "system": "urn:iso:std:iso:3166",
          "code": "JP"
        }
      ]
    }
  ],
  "copyright": "FHIR Japanese implementation research working group in Japan Association of Medical Informatics (JAMI)",
  "caseSensitive": true,
  "content": "complete",
  "count": 21,
  "concept": [
    {
      "code": "B12101",
      "display": "医師"
    },
    {
      "code": "B12201",
      "display": "歯科医師"
    },
    {
      "code": "B12301",
      "display": "獣医師"
    },
    {
      "code": "B12401",
      "display": "薬剤師（調剤）"
    },
    {
      "code": "B12402",
      "display": "薬剤師（医薬品販売）"
    },
    {
      "code": "B12499",
      "display": "他に分類されない薬剤師"
    },
    {
      "code": "B13101",
      "display": "保健師"
    },
    {
      "code": "B13201",
      "display": "助産師"
    },
    {
      "code": "B13301",
      "display": "看護師"
    },
    {
      "code": "B13302",
      "display": "准看護師"
    },
    {
      "code": "B14101",
      "display": "診療放射線技師"
    },
    {
      "code": "B14201",
      "display": "臨床工学技士"
    },
    {
      "code": "B14301",
      "display": "臨床検査技師"
    },
    {
      "code": "B14401",
      "display": "理学療法士"
    },
    {
      "code": "B14501",
      "display": "作業療法士"
    },
    {
      "code": "B14601",
      "display": "視能訓練士"
    },
    {
      "code": "B14602",
      "display": "言語聴覚士"
    },
    {
      "code": "B14701",
      "display": "歯科衛生士"
    },
    {
      "code": "B14801",
      "display": "歯科技工士"
    },
    {
      "code": "B15101",
      "display": "栄養士"
    },
    {
      "code": "B15102",
      "display": "管理栄養士"
    }
  ]
}