{
  "resourceType": "CodeSystem",
  "id": "jp-medication-as-needed-condition-merit9-cs",
  "text": {
    "status": "generated",
    "div": "<div xmlns=\"http://www.w3.org/1999/xhtml\"><p>This code system http://jpfhir.jp/fhir/Common/CodeSystem/merit9-asNeededCondition defines the following codes:</p><table class=\"codes\"><tr><td style=\"white-space:nowrap\"><b>Code</b></td><td><b>Display</b></td></tr><tr><td style=\"white-space:nowrap\">PRNLTs<a name=\"jp-medication-as-needed-condition-merit9-cs-PRNLTs\"> </a></td><td>検査時</td></tr><tr><td style=\"white-space:nowrap\">PRNheadache<a name=\"jp-medication-as-needed-condition-merit9-cs-PRNheadache\"> </a></td><td>頭痛時</td></tr><tr><td style=\"white-space:nowrap\">PRNpain<a name=\"jp-medication-as-needed-condition-merit9-cs-PRNpain\"> </a></td><td>疼痛時</td></tr><tr><td style=\"white-space:nowrap\">PRNteeth pain<a name=\"jp-medication-as-needed-condition-merit9-cs-PRNteethpain\"> </a></td><td>歯痛時</td></tr><tr><td style=\"white-space:nowrap\">PRNfever<a name=\"jp-medication-as-needed-condition-merit9-cs-PRNfever\"> </a></td><td>発熱時</td></tr><tr><td style=\"white-space:nowrap\">PRNfebrile<a name=\"jp-medication-as-needed-condition-merit9-cs-PRNfebrile\"> </a></td><td>発熱時</td></tr><tr><td style=\"white-space:nowrap\">PRNchest pain<a name=\"jp-medication-as-needed-condition-merit9-cs-PRNchestpain\"> </a></td><td>胸痛時</td></tr><tr><td style=\"white-space:nowrap\">PRNabdominal pain<a name=\"jp-medication-as-needed-condition-merit9-cs-PRNabdominalpain\"> </a></td><td>腹痛時</td></tr><tr><td style=\"white-space:nowrap\">PRNinsomnia<a name=\"jp-medication-as-needed-condition-merit9-cs-PRNinsomnia\"> </a></td><td>不眠時</td></tr><tr><td style=\"white-space:nowrap\">PRNanxiety<a name=\"jp-medication-as-needed-condition-merit9-cs-PRNanxiety\"> </a></td><td>不安時</td></tr><tr><td style=\"white-space:nowrap\">PRNnervous<a name=\"jp-medication-as-needed-condition-merit9-cs-PRNnervous\"> </a></td><td>いらいら時</td></tr><tr><td style=\"white-space:nowrap\">PRNdizziness<a name=\"jp-medication-as-needed-condition-merit9-cs-PRNdizziness\"> </a></td><td>めまい時</td></tr><tr><td style=\"white-space:nowrap\">PRNvertigo<a name=\"jp-medication-as-needed-condition-merit9-cs-PRNvertigo\"> </a></td><td>めまい時</td></tr><tr><td style=\"white-space:nowrap\">PRNitching<a name=\"jp-medication-as-needed-condition-merit9-cs-PRNitching\"> </a></td><td>かゆいとき</td></tr><tr><td style=\"white-space:nowrap\">PRNattack<a name=\"jp-medication-as-needed-condition-merit9-cs-PRNattack\"> </a></td><td>発作時</td></tr><tr><td style=\"white-space:nowrap\">PRNcostipation<a name=\"jp-medication-as-needed-condition-merit9-cs-PRNcostipation\"> </a></td><td>便秘時</td></tr><tr><td style=\"white-space:nowrap\">PRNdiarrhea<a name=\"jp-medication-as-needed-condition-merit9-cs-PRNdiarrhea\"> </a></td><td>下痢時</td></tr><tr><td style=\"white-space:nowrap\">PRNvommiting<a name=\"jp-medication-as-needed-condition-merit9-cs-PRNvommiting\"> </a></td><td>嘔吐時</td></tr><tr><td style=\"white-space:nowrap\">PRNcough<a name=\"jp-medication-as-needed-condition-merit9-cs-PRNcough\"> </a></td><td>咳き込み時</td></tr><tr><td style=\"white-space:nowrap\">PRNhungry<a name=\"jp-medication-as-needed-condition-merit9-cs-PRNhungry\"> </a></td><td>空腹時</td></tr><tr><td style=\"white-space:nowrap\">PRNhigh BP<a name=\"jp-medication-as-needed-condition-merit9-cs-PRNhighBP\"> </a></td><td>血圧上昇時</td></tr><tr><td style=\"white-space:nowrap\">PRNauria<a name=\"jp-medication-as-needed-condition-merit9-cs-PRNauria\"> </a></td><td>亡尿時</td></tr><tr><td style=\"white-space:nowrap\">PRNpolyuria<a name=\"jp-medication-as-needed-condition-merit9-cs-PRNpolyuria\"> </a></td><td>多尿時</td></tr></table></div>"
  },
  "url": "http://jpfhir.jp/fhir/Common/CodeSystem/merit9-asNeededCondition",
  "version": "1.1.0a",
  "name": "JP_MedicationAsNeededConditionMERIT9_CS",
  "title": "JP Core Medication MERIT9 As Needed Condition CodeSystem",
  "status": "draft",
  "date": "2022-08-29T13:33:12+00:00",
  "publisher": "FHIR Japanese implementation research working group in Japan Association of Medical Informatics (JAMI)",
  "contact": [
    {
      "name": "FHIR Japanese implementation research working group in Japan Association of Medical Informatics (JAMI)",
      "telecom": [
        {
          "system": "url",
          "value": "http://jpfhir.jp"
        },
        {
          "system": "email",
          "value": "office@hlfhir.jp"
        }
      ]
    }
  ],
  "description": "MERIT9頓用指示コードのコードシステム",
  "jurisdiction": [
    {
      "coding": [
        {
          "system": "urn:iso:std:iso:3166",
          "code": "JP"
        }
      ]
    }
  ],
  "copyright": "FHIR Japanese implementation research working group in Japan Association of Medical Informatics (JAMI)",
  "caseSensitive": true,
  "valueSet": "http://jpfhir.jp/fhir/Common/ValueSet/JP_MedicationAsNeededConditionMERIT9_VS",
  "content": "complete",
  "count": 23,
  "concept": [
    {
      "code": "PRNLTs",
      "display": "検査時"
    },
    {
      "code": "PRNheadache",
      "display": "頭痛時"
    },
    {
      "code": "PRNpain",
      "display": "疼痛時"
    },
    {
      "code": "PRNteeth pain",
      "display": "歯痛時"
    },
    {
      "code": "PRNfever",
      "display": "発熱時"
    },
    {
      "code": "PRNfebrile",
      "display": "発熱時"
    },
    {
      "code": "PRNchest pain",
      "display": "胸痛時"
    },
    {
      "code": "PRNabdominal pain",
      "display": "腹痛時"
    },
    {
      "code": "PRNinsomnia",
      "display": "不眠時"
    },
    {
      "code": "PRNanxiety",
      "display": "不安時"
    },
    {
      "code": "PRNnervous",
      "display": "いらいら時"
    },
    {
      "code": "PRNdizziness",
      "display": "めまい時"
    },
    {
      "code": "PRNvertigo",
      "display": "めまい時"
    },
    {
      "code": "PRNitching",
      "display": "かゆいとき"
    },
    {
      "code": "PRNattack",
      "display": "発作時"
    },
    {
      "code": "PRNcostipation",
      "display": "便秘時"
    },
    {
      "code": "PRNdiarrhea",
      "display": "下痢時"
    },
    {
      "code": "PRNvommiting",
      "display": "嘔吐時"
    },
    {
      "code": "PRNcough",
      "display": "咳き込み時"
    },
    {
      "code": "PRNhungry",
      "display": "空腹時"
    },
    {
      "code": "PRNhigh BP",
      "display": "血圧上昇時"
    },
    {
      "code": "PRNauria",
      "display": "亡尿時"
    },
    {
      "code": "PRNpolyuria",
      "display": "多尿時"
    }
  ]
}