{
  "resourceType": "CodeSystem",
  "id": "jp-medication-method-jami-detail-usage-cs",
  "text": {
    "status": "generated",
    "div": "<div xmlns=\"http://www.w3.org/1999/xhtml\"><p>This code system <code>http://jpfhir.jp/fhir/Common/CodeSystem/JP_MedicationMethodJAMIDetailUsage_CS</code> defines the following codes:</p><table class=\"codes\"><tr><td style=\"white-space:nowrap\"><b>Code</b></td><td><b>Display</b></td></tr><tr><td style=\"white-space:nowrap\">10<a name=\"jp-medication-method-jami-detail-usage-cs-10\"> </a></td><td>経口</td></tr><tr><td style=\"white-space:nowrap\">11<a name=\"jp-medication-method-jami-detail-usage-cs-11\"> </a></td><td>舌下</td></tr><tr><td style=\"white-space:nowrap\">12<a name=\"jp-medication-method-jami-detail-usage-cs-12\"> </a></td><td>バッカル</td></tr><tr><td style=\"white-space:nowrap\">13<a name=\"jp-medication-method-jami-detail-usage-cs-13\"> </a></td><td>口腔内塗布</td></tr><tr><td style=\"white-space:nowrap\">2A<a name=\"jp-medication-method-jami-detail-usage-cs-2A\"> </a></td><td>貼付</td></tr><tr><td style=\"white-space:nowrap\">2B<a name=\"jp-medication-method-jami-detail-usage-cs-2B\"> </a></td><td>塗布</td></tr><tr><td style=\"white-space:nowrap\">2C<a name=\"jp-medication-method-jami-detail-usage-cs-2C\"> </a></td><td>湿布</td></tr><tr><td style=\"white-space:nowrap\">2D<a name=\"jp-medication-method-jami-detail-usage-cs-2D\"> </a></td><td>撒布</td></tr><tr><td style=\"white-space:nowrap\">2E<a name=\"jp-medication-method-jami-detail-usage-cs-2E\"> </a></td><td>噴霧</td></tr><tr><td style=\"white-space:nowrap\">2F<a name=\"jp-medication-method-jami-detail-usage-cs-2F\"> </a></td><td>消毒</td></tr><tr><td style=\"white-space:nowrap\">2G<a name=\"jp-medication-method-jami-detail-usage-cs-2G\"> </a></td><td>点耳</td></tr><tr><td style=\"white-space:nowrap\">2H<a name=\"jp-medication-method-jami-detail-usage-cs-2H\"> </a></td><td>点眼</td></tr><tr><td style=\"white-space:nowrap\">2J<a name=\"jp-medication-method-jami-detail-usage-cs-2J\"> </a></td><td>点鼻</td></tr><tr><td style=\"white-space:nowrap\">2K<a name=\"jp-medication-method-jami-detail-usage-cs-2K\"> </a></td><td>うがい</td></tr><tr><td style=\"white-space:nowrap\">2L<a name=\"jp-medication-method-jami-detail-usage-cs-2L\"> </a></td><td>吸入</td></tr><tr><td style=\"white-space:nowrap\">2M<a name=\"jp-medication-method-jami-detail-usage-cs-2M\"> </a></td><td>トローチ</td></tr><tr><td style=\"white-space:nowrap\">2N<a name=\"jp-medication-method-jami-detail-usage-cs-2N\"> </a></td><td>膀胱洗浄</td></tr><tr><td style=\"white-space:nowrap\">2P<a name=\"jp-medication-method-jami-detail-usage-cs-2P\"> </a></td><td>鼻腔内洗浄</td></tr><tr><td style=\"white-space:nowrap\">2O<a name=\"jp-medication-method-jami-detail-usage-cs-2O\"> </a></td><td>浣腸</td></tr><tr><td style=\"white-space:nowrap\">2R<a name=\"jp-medication-method-jami-detail-usage-cs-2R\"> </a></td><td>肛門挿入</td></tr><tr><td style=\"white-space:nowrap\">2S<a name=\"jp-medication-method-jami-detail-usage-cs-2S\"> </a></td><td>肛門注入</td></tr><tr><td style=\"white-space:nowrap\">2T<a name=\"jp-medication-method-jami-detail-usage-cs-2T\"> </a></td><td>膣内挿入</td></tr><tr><td style=\"white-space:nowrap\">2U<a name=\"jp-medication-method-jami-detail-usage-cs-2U\"> </a></td><td>膀胱注入</td></tr><tr><td style=\"white-space:nowrap\">30<a name=\"jp-medication-method-jami-detail-usage-cs-30\"> </a></td><td>静脈注射</td></tr><tr><td style=\"white-space:nowrap\">31<a name=\"jp-medication-method-jami-detail-usage-cs-31\"> </a></td><td>中心静脈注射</td></tr><tr><td style=\"white-space:nowrap\">32<a name=\"jp-medication-method-jami-detail-usage-cs-32\"> </a></td><td>皮下注射</td></tr><tr><td style=\"white-space:nowrap\">33<a name=\"jp-medication-method-jami-detail-usage-cs-33\"> </a></td><td>筋肉内注射</td></tr><tr><td style=\"white-space:nowrap\">34<a name=\"jp-medication-method-jami-detail-usage-cs-34\"> </a></td><td>皮内注射</td></tr><tr><td style=\"white-space:nowrap\">35<a name=\"jp-medication-method-jami-detail-usage-cs-35\"> </a></td><td>動脈注射</td></tr><tr><td style=\"white-space:nowrap\">3A<a name=\"jp-medication-method-jami-detail-usage-cs-3A\"> </a></td><td>硬膜外注射</td></tr><tr><td style=\"white-space:nowrap\">3B<a name=\"jp-medication-method-jami-detail-usage-cs-3B\"> </a></td><td>脳脊髄腔注射</td></tr><tr><td style=\"white-space:nowrap\">3C<a name=\"jp-medication-method-jami-detail-usage-cs-3C\"> </a></td><td>骨髄内注射</td></tr><tr><td style=\"white-space:nowrap\">3D<a name=\"jp-medication-method-jami-detail-usage-cs-3D\"> </a></td><td>関節腔内注射</td></tr><tr><td style=\"white-space:nowrap\">3E<a name=\"jp-medication-method-jami-detail-usage-cs-3E\"> </a></td><td>腱鞘内注射</td></tr><tr><td style=\"white-space:nowrap\">3F<a name=\"jp-medication-method-jami-detail-usage-cs-3F\"> </a></td><td>腱鞘周囲注射</td></tr><tr><td style=\"white-space:nowrap\">3G<a name=\"jp-medication-method-jami-detail-usage-cs-3G\"> </a></td><td>硝子体内注射</td></tr><tr><td style=\"white-space:nowrap\">3H<a name=\"jp-medication-method-jami-detail-usage-cs-3H\"> </a></td><td>結膜下注射</td></tr><tr><td style=\"white-space:nowrap\">3J<a name=\"jp-medication-method-jami-detail-usage-cs-3J\"> </a></td><td>テノン氏のう内注射</td></tr><tr><td style=\"white-space:nowrap\">3K<a name=\"jp-medication-method-jami-detail-usage-cs-3K\"> </a></td><td>耳茸内注射</td></tr><tr><td style=\"white-space:nowrap\">3L<a name=\"jp-medication-method-jami-detail-usage-cs-3L\"> </a></td><td>咽頭注射</td></tr><tr><td style=\"white-space:nowrap\">3M<a name=\"jp-medication-method-jami-detail-usage-cs-3M\"> </a></td><td>胸腔内注射</td></tr><tr><td style=\"white-space:nowrap\">3N<a name=\"jp-medication-method-jami-detail-usage-cs-3N\"> </a></td><td>痔核注射</td></tr><tr><td style=\"white-space:nowrap\">3P<a name=\"jp-medication-method-jami-detail-usage-cs-3P\"> </a></td><td>角膜内注射</td></tr><tr><td style=\"white-space:nowrap\">3Q<a name=\"jp-medication-method-jami-detail-usage-cs-3Q\"> </a></td><td>球後注射</td></tr><tr><td style=\"white-space:nowrap\">3R<a name=\"jp-medication-method-jami-detail-usage-cs-3R\"> </a></td><td>腹腔内注射</td></tr><tr><td style=\"white-space:nowrap\">3Z<a name=\"jp-medication-method-jami-detail-usage-cs-3Z\"> </a></td><td>局所・病巣内注射</td></tr><tr><td style=\"white-space:nowrap\">40<a name=\"jp-medication-method-jami-detail-usage-cs-40\"> </a></td><td>腹膜透析</td></tr><tr><td style=\"white-space:nowrap\">41<a name=\"jp-medication-method-jami-detail-usage-cs-41\"> </a></td><td>気管内注入</td></tr><tr><td style=\"white-space:nowrap\">42<a name=\"jp-medication-method-jami-detail-usage-cs-42\"> </a></td><td>涙のう内注入</td></tr><tr><td style=\"white-space:nowrap\">43<a name=\"jp-medication-method-jami-detail-usage-cs-43\"> </a></td><td>鼓室内注入</td></tr><tr><td style=\"white-space:nowrap\">44<a name=\"jp-medication-method-jami-detail-usage-cs-44\"> </a></td><td>滑液囊穿刺後の注入</td></tr><tr><td style=\"white-space:nowrap\">45<a name=\"jp-medication-method-jami-detail-usage-cs-45\"> </a></td><td>腹腔内注入</td></tr><tr><td style=\"white-space:nowrap\">4Z<a name=\"jp-medication-method-jami-detail-usage-cs-4Z\"> </a></td><td>病巣内注入</td></tr></table></div>"
  },
  "url": "http://jpfhir.jp/fhir/Common/CodeSystem/JP_MedicationMethodJAMIDetailUsage_CS",
  "identifier": [
    {
      "system": "urn:ietf:rfc:3986",
      "value": "urn:oid:1.2.392.200250.2.2.20.40"
    }
  ],
  "version": "1.1.0a",
  "name": "JP_MedicationMethodJAMIDetailUsage_CS",
  "title": "JP Core Medication JAMI Detail Usage Type CodeSystem",
  "status": "draft",
  "date": "2022-09-18T02:15:16+00:00",
  "publisher": "FHIR Japanese implementation research working group in Japan Association of Medical Informatics (JAMI)",
  "contact": [
    {
      "name": "FHIR Japanese implementation research working group in Japan Association of Medical Informatics (JAMI)",
      "telecom": [
        {
          "system": "url",
          "value": "http://jpfhir.jp"
        },
        {
          "system": "email",
          "value": "office@hlfhir.jp"
        }
      ]
    }
  ],
  "description": "JAMI標準用法規格表２用法詳細区分のコードシステム",
  "jurisdiction": [
    {
      "coding": [
        {
          "system": "urn:iso:std:iso:3166",
          "code": "JP"
        }
      ]
    }
  ],
  "copyright": "FHIR Japanese implementation research working group in Japan Association of Medical Informatics (JAMI)",
  "caseSensitive": true,
  "valueSet": "http://jpfhir.jp/fhir/Common/ValueSet/JP_MedicationMethodJAMIDetailUsage_VS",
  "content": "complete",
  "count": 53,
  "concept": [
    {
      "code": "10",
      "display": "経口"
    },
    {
      "code": "11",
      "display": "舌下"
    },
    {
      "code": "12",
      "display": "バッカル"
    },
    {
      "code": "13",
      "display": "口腔内塗布"
    },
    {
      "code": "2A",
      "display": "貼付"
    },
    {
      "code": "2B",
      "display": "塗布"
    },
    {
      "code": "2C",
      "display": "湿布"
    },
    {
      "code": "2D",
      "display": "撒布"
    },
    {
      "code": "2E",
      "display": "噴霧"
    },
    {
      "code": "2F",
      "display": "消毒"
    },
    {
      "code": "2G",
      "display": "点耳"
    },
    {
      "code": "2H",
      "display": "点眼"
    },
    {
      "code": "2J",
      "display": "点鼻"
    },
    {
      "code": "2K",
      "display": "うがい"
    },
    {
      "code": "2L",
      "display": "吸入"
    },
    {
      "code": "2M",
      "display": "トローチ"
    },
    {
      "code": "2N",
      "display": "膀胱洗浄"
    },
    {
      "code": "2P",
      "display": "鼻腔内洗浄"
    },
    {
      "code": "2O",
      "display": "浣腸"
    },
    {
      "code": "2R",
      "display": "肛門挿入"
    },
    {
      "code": "2S",
      "display": "肛門注入"
    },
    {
      "code": "2T",
      "display": "膣内挿入"
    },
    {
      "code": "2U",
      "display": "膀胱注入"
    },
    {
      "code": "30",
      "display": "静脈注射"
    },
    {
      "code": "31",
      "display": "中心静脈注射"
    },
    {
      "code": "32",
      "display": "皮下注射"
    },
    {
      "code": "33",
      "display": "筋肉内注射"
    },
    {
      "code": "34",
      "display": "皮内注射"
    },
    {
      "code": "35",
      "display": "動脈注射"
    },
    {
      "code": "3A",
      "display": "硬膜外注射"
    },
    {
      "code": "3B",
      "display": "脳脊髄腔注射"
    },
    {
      "code": "3C",
      "display": "骨髄内注射"
    },
    {
      "code": "3D",
      "display": "関節腔内注射"
    },
    {
      "code": "3E",
      "display": "腱鞘内注射"
    },
    {
      "code": "3F",
      "display": "腱鞘周囲注射"
    },
    {
      "code": "3G",
      "display": "硝子体内注射"
    },
    {
      "code": "3H",
      "display": "結膜下注射"
    },
    {
      "code": "3J",
      "display": "テノン氏のう内注射"
    },
    {
      "code": "3K",
      "display": "耳茸内注射"
    },
    {
      "code": "3L",
      "display": "咽頭注射"
    },
    {
      "code": "3M",
      "display": "胸腔内注射"
    },
    {
      "code": "3N",
      "display": "痔核注射"
    },
    {
      "code": "3P",
      "display": "角膜内注射"
    },
    {
      "code": "3Q",
      "display": "球後注射"
    },
    {
      "code": "3R",
      "display": "腹腔内注射"
    },
    {
      "code": "3Z",
      "display": "局所・病巣内注射"
    },
    {
      "code": "40",
      "display": "腹膜透析"
    },
    {
      "code": "41",
      "display": "気管内注入"
    },
    {
      "code": "42",
      "display": "涙のう内注入"
    },
    {
      "code": "43",
      "display": "鼓室内注入"
    },
    {
      "code": "44",
      "display": "滑液囊穿刺後の注入"
    },
    {
      "code": "45",
      "display": "腹腔内注入"
    },
    {
      "code": "4Z",
      "display": "病巣内注入"
    }
  ]
}