{
  "resourceType": "CodeSystem",
  "id": "jp-medication-usage-jami-cs",
  "text": {
    "status": "generated",
    "div": "<div xmlns=\"http://www.w3.org/1999/xhtml\"><p>This code system urn:oid:1.2.392.200250.2.2.20.20 defines many codes, of which the following are a subset:</p><table class=\"codes\"><tr><td style=\"white-space:nowrap\"><b>Code</b></td><td><b>Display</b></td></tr><tr><td style=\"white-space:nowrap\">1011000090000000<a name=\"jp-medication-usage-jami-cs-1011000090000000\"> </a></td><td>内服・経口・１日１回起床時</td></tr><tr><td style=\"white-space:nowrap\">1011000100000000<a name=\"jp-medication-usage-jami-cs-1011000100000000\"> </a></td><td>内服・経口・１日１回朝食前</td></tr><tr><td style=\"white-space:nowrap\">1011000200000000<a name=\"jp-medication-usage-jami-cs-1011000200000000\"> </a></td><td>内服・経口・１日１回朝食直前</td></tr><tr><td style=\"white-space:nowrap\">1011000300000000<a name=\"jp-medication-usage-jami-cs-1011000300000000\"> </a></td><td>内服・経口・１日１回朝食直後</td></tr><tr><td style=\"white-space:nowrap\">1011000400000000<a name=\"jp-medication-usage-jami-cs-1011000400000000\"> </a></td><td>内服・経口・１日１回朝食後</td></tr><tr><td style=\"white-space:nowrap\">1011000500000000<a name=\"jp-medication-usage-jami-cs-1011000500000000\"> </a></td><td>内服・経口・１日１回朝食２時間後</td></tr><tr><td style=\"white-space:nowrap\">1011001000000000<a name=\"jp-medication-usage-jami-cs-1011001000000000\"> </a></td><td>内服・経口・１日１回昼食前</td></tr><tr><td style=\"white-space:nowrap\">1011002000000000<a name=\"jp-medication-usage-jami-cs-1011002000000000\"> </a></td><td>内服・経口・１日１回昼食直前</td></tr><tr><td style=\"white-space:nowrap\">1011003000000000<a name=\"jp-medication-usage-jami-cs-1011003000000000\"> </a></td><td>内服・経口・１日１回昼食直後</td></tr><tr><td style=\"white-space:nowrap\">1011004000000000<a name=\"jp-medication-usage-jami-cs-1011004000000000\"> </a></td><td>内服・経口・１日１回昼食後</td></tr><tr><td style=\"white-space:nowrap\">1011005000000000<a name=\"jp-medication-usage-jami-cs-1011005000000000\"> </a></td><td>内服・経口・１日１回昼食２時間後</td></tr><tr><td style=\"white-space:nowrap\">1011010000000000<a name=\"jp-medication-usage-jami-cs-1011010000000000\"> </a></td><td>内服・経口・１日１回夕食前</td></tr><tr><td style=\"white-space:nowrap\">1011020000000000<a name=\"jp-medication-usage-jami-cs-1011020000000000\"> </a></td><td>内服・経口・１日１回夕食直前</td></tr><tr><td style=\"white-space:nowrap\">1011030000000000<a name=\"jp-medication-usage-jami-cs-1011030000000000\"> </a></td><td>内服・経口・１日１回夕食直後</td></tr><tr><td style=\"white-space:nowrap\">1011040000000000<a name=\"jp-medication-usage-jami-cs-1011040000000000\"> </a></td><td>内服・経口・１日１回夕食後</td></tr><tr><td style=\"white-space:nowrap\">1011050000000000<a name=\"jp-medication-usage-jami-cs-1011050000000000\"> </a></td><td>内服・経口・１日１回夕食２時間後</td></tr><tr><td style=\"white-space:nowrap\">1011100000000000<a name=\"jp-medication-usage-jami-cs-1011100000000000\"> </a></td><td>内服・経口・１日１回就寝前</td></tr><tr><td style=\"white-space:nowrap\">1041480000000000<a name=\"jp-medication-usage-jami-cs-1041480000000000\"> </a></td><td>内服・経口・１日１回空腹時</td></tr><tr><td style=\"white-space:nowrap\">1012100100000000<a name=\"jp-medication-usage-jami-cs-1012100100000000\"> </a></td><td>内服・経口・１日２回朝食前と就寝前</td></tr><tr><td style=\"white-space:nowrap\">1012100400000000<a name=\"jp-medication-usage-jami-cs-1012100400000000\"> </a></td><td>内服・経口・１日２回朝食後と就寝前</td></tr><tr><td style=\"white-space:nowrap\">1012001100000000<a name=\"jp-medication-usage-jami-cs-1012001100000000\"> </a></td><td>内服・経口・１日２回朝昼食前</td></tr><tr><td style=\"white-space:nowrap\">1012002200000000<a name=\"jp-medication-usage-jami-cs-1012002200000000\"> </a></td><td>内服・経口・１日２回朝昼食直前</td></tr><tr><td style=\"white-space:nowrap\">1012004400000000<a name=\"jp-medication-usage-jami-cs-1012004400000000\"> </a></td><td>内服・経口・１日２回朝昼食後</td></tr><tr><td style=\"white-space:nowrap\">1012010100000000<a name=\"jp-medication-usage-jami-cs-1012010100000000\"> </a></td><td>内服・経口・１日２回朝夕食前</td></tr><tr><td style=\"white-space:nowrap\">1012020200000000<a name=\"jp-medication-usage-jami-cs-1012020200000000\"> </a></td><td>内服・経口・１日２回朝夕食直前</td></tr><tr><td style=\"white-space:nowrap\">1012030300000000<a name=\"jp-medication-usage-jami-cs-1012030300000000\"> </a></td><td>内服・経口・１日２回朝夕食直後</td></tr><tr><td style=\"white-space:nowrap\">1012040400000000<a name=\"jp-medication-usage-jami-cs-1012040400000000\"> </a></td><td>内服・経口・１日２回朝夕食後</td></tr><tr><td style=\"white-space:nowrap\">1012050500000000<a name=\"jp-medication-usage-jami-cs-1012050500000000\"> </a></td><td>内服・経口・１日２回朝夕食事２時間後</td></tr><tr><td style=\"white-space:nowrap\">1012011000000000<a name=\"jp-medication-usage-jami-cs-1012011000000000\"> </a></td><td>内服・経口・１日２回昼夕食前</td></tr><tr><td style=\"white-space:nowrap\">1012022000000000<a name=\"jp-medication-usage-jami-cs-1012022000000000\"> </a></td><td>内服・経口・１日２回昼夕食直前</td></tr><tr><td style=\"white-space:nowrap\">1012101000000000<a name=\"jp-medication-usage-jami-cs-1012101000000000\"> </a></td><td>内服・経口・１日２回昼食前と就寝前</td></tr><tr><td style=\"white-space:nowrap\">1012044000000000<a name=\"jp-medication-usage-jami-cs-1012044000000000\"> </a></td><td>内服・経口・１日２回昼夕食後</td></tr><tr><td style=\"white-space:nowrap\">1012104000000000<a name=\"jp-medication-usage-jami-cs-1012104000000000\"> </a></td><td>内服・経口・１日２回昼食後と就寝前</td></tr><tr><td style=\"white-space:nowrap\">1012110000000000<a name=\"jp-medication-usage-jami-cs-1012110000000000\"> </a></td><td>内服・経口・１日２回夕食前と就寝前</td></tr><tr><td style=\"white-space:nowrap\">1012140000000000<a name=\"jp-medication-usage-jami-cs-1012140000000000\"> </a></td><td>内服・経口・１日２回夕食後と就寝前</td></tr><tr><td style=\"white-space:nowrap\">1013011100000000<a name=\"jp-medication-usage-jami-cs-1013011100000000\"> </a></td><td>内服・経口・１日３回朝昼夕食前</td></tr><tr><td style=\"white-space:nowrap\">1013022200000000<a name=\"jp-medication-usage-jami-cs-1013022200000000\"> </a></td><td>内服・経口・１日３回朝昼夕食直前</td></tr><tr><td style=\"white-space:nowrap\">1013033300000000<a name=\"jp-medication-usage-jami-cs-1013033300000000\"> </a></td><td>内服・経口・１日３回朝昼夕食直後</td></tr><tr><td style=\"white-space:nowrap\">1013044400000000<a name=\"jp-medication-usage-jami-cs-1013044400000000\"> </a></td><td>内服・経口・１日３回朝昼夕食後</td></tr><tr><td style=\"white-space:nowrap\">1013055500000000<a name=\"jp-medication-usage-jami-cs-1013055500000000\"> </a></td><td>内服・経口・１日３回朝昼夕食後２時間</td></tr><tr><td style=\"white-space:nowrap\">1013101100000000<a name=\"jp-medication-usage-jami-cs-1013101100000000\"> </a></td><td>内服・経口・１日３回朝昼食前と就寝前</td></tr><tr><td style=\"white-space:nowrap\">1013104400000000<a name=\"jp-medication-usage-jami-cs-1013104400000000\"> </a></td><td>内服・経口・１日３回朝昼食後と就寝前</td></tr><tr><td style=\"white-space:nowrap\">1013110100000000<a name=\"jp-medication-usage-jami-cs-1013110100000000\"> </a></td><td>内服・経口・１日３回朝夕食前と就寝前</td></tr><tr><td style=\"white-space:nowrap\">1013140400000000<a name=\"jp-medication-usage-jami-cs-1013140400000000\"> </a></td><td>内服・経口・１日３回朝夕食後と就寝前</td></tr><tr><td style=\"white-space:nowrap\">1013111000000000<a name=\"jp-medication-usage-jami-cs-1013111000000000\"> </a></td><td>内服・経口・１日３回昼夕食前と就寝前</td></tr><tr><td style=\"white-space:nowrap\">1013144000000000<a name=\"jp-medication-usage-jami-cs-1013144000000000\"> </a></td><td>内服・経口・１日３回昼夕食後と就寝前</td></tr><tr><td style=\"white-space:nowrap\">1014111100000000<a name=\"jp-medication-usage-jami-cs-1014111100000000\"> </a></td><td>内服・経口・１日４回朝昼夕食前と就寝前</td></tr><tr><td style=\"white-space:nowrap\">1014144400000000<a name=\"jp-medication-usage-jami-cs-1014144400000000\"> </a></td><td>内服・経口・１日４回朝昼夕食後と就寝前</td></tr><tr><td style=\"white-space:nowrap\">101514440P000000<a name=\"jp-medication-usage-jami-cs-101514440P000000\"> </a></td><td>内服・経口・１日５回朝昼夕食後、１５時、就寝前</td></tr><tr><td style=\"white-space:nowrap\">1022000000000000<a name=\"jp-medication-usage-jami-cs-1022000000000000\"> </a></td><td>内服・経口・１日２回１２時間毎</td></tr><tr><td style=\"white-space:nowrap\">1023000000000000<a name=\"jp-medication-usage-jami-cs-1023000000000000\"> </a></td><td>内服・経口・１日３回８時間毎</td></tr><tr><td style=\"white-space:nowrap\">1024000000000000<a name=\"jp-medication-usage-jami-cs-1024000000000000\"> </a></td><td>内服・経口・１日４回６時間毎</td></tr><tr><td style=\"white-space:nowrap\">1026000000000000<a name=\"jp-medication-usage-jami-cs-1026000000000000\"> </a></td><td>内服・経口・１日６回４時間毎</td></tr><tr><td style=\"white-space:nowrap\">1028000000000000<a name=\"jp-medication-usage-jami-cs-1028000000000000\"> </a></td><td>内服・経口・１日８回３時間毎</td></tr></table></div>"
  },
  "url": "urn:oid:1.2.392.200250.2.2.20.20",
  "version": "1.1.0a",
  "name": "JP_MedicationUsageJAMI_CS",
  "title": "JP Core Medication JAMI Usage CodeSystem",
  "status": "draft",
  "date": "2022-08-29T14:08:50+00:00",
  "publisher": "FHIR Japanese implementation research working group in Japan Association of Medical Informatics (JAMI)",
  "contact": [
    {
      "name": "FHIR Japanese implementation research working group in Japan Association of Medical Informatics (JAMI)",
      "telecom": [
        {
          "system": "url",
          "value": "http://jpfhir.jp"
        },
        {
          "system": "email",
          "value": "office@hlfhir.jp"
        }
      ]
    }
  ],
  "description": "JAMI標準用法コードのコードシステム",
  "jurisdiction": [
    {
      "coding": [
        {
          "system": "urn:iso:std:iso:3166",
          "code": "JP"
        }
      ]
    }
  ],
  "copyright": "FHIR Japanese implementation research working group in Japan Association of Medical Informatics (JAMI)",
  "caseSensitive": true,
  "content": "fragment",
  "concept": [
    {
      "code": "1011000090000000",
      "display": "内服・経口・１日１回起床時"
    },
    {
      "code": "1011000100000000",
      "display": "内服・経口・１日１回朝食前"
    },
    {
      "code": "1011000200000000",
      "display": "内服・経口・１日１回朝食直前"
    },
    {
      "code": "1011000300000000",
      "display": "内服・経口・１日１回朝食直後"
    },
    {
      "code": "1011000400000000",
      "display": "内服・経口・１日１回朝食後"
    },
    {
      "code": "1011000500000000",
      "display": "内服・経口・１日１回朝食２時間後"
    },
    {
      "code": "1011001000000000",
      "display": "内服・経口・１日１回昼食前"
    },
    {
      "code": "1011002000000000",
      "display": "内服・経口・１日１回昼食直前"
    },
    {
      "code": "1011003000000000",
      "display": "内服・経口・１日１回昼食直後"
    },
    {
      "code": "1011004000000000",
      "display": "内服・経口・１日１回昼食後"
    },
    {
      "code": "1011005000000000",
      "display": "内服・経口・１日１回昼食２時間後"
    },
    {
      "code": "1011010000000000",
      "display": "内服・経口・１日１回夕食前"
    },
    {
      "code": "1011020000000000",
      "display": "内服・経口・１日１回夕食直前"
    },
    {
      "code": "1011030000000000",
      "display": "内服・経口・１日１回夕食直後"
    },
    {
      "code": "1011040000000000",
      "display": "内服・経口・１日１回夕食後"
    },
    {
      "code": "1011050000000000",
      "display": "内服・経口・１日１回夕食２時間後"
    },
    {
      "code": "1011100000000000",
      "display": "内服・経口・１日１回就寝前"
    },
    {
      "code": "1041480000000000",
      "display": "内服・経口・１日１回空腹時"
    },
    {
      "code": "1012100100000000",
      "display": "内服・経口・１日２回朝食前と就寝前"
    },
    {
      "code": "1012100400000000",
      "display": "内服・経口・１日２回朝食後と就寝前"
    },
    {
      "code": "1012001100000000",
      "display": "内服・経口・１日２回朝昼食前"
    },
    {
      "code": "1012002200000000",
      "display": "内服・経口・１日２回朝昼食直前"
    },
    {
      "code": "1012004400000000",
      "display": "内服・経口・１日２回朝昼食後"
    },
    {
      "code": "1012010100000000",
      "display": "内服・経口・１日２回朝夕食前"
    },
    {
      "code": "1012020200000000",
      "display": "内服・経口・１日２回朝夕食直前"
    },
    {
      "code": "1012030300000000",
      "display": "内服・経口・１日２回朝夕食直後"
    },
    {
      "code": "1012040400000000",
      "display": "内服・経口・１日２回朝夕食後"
    },
    {
      "code": "1012050500000000",
      "display": "内服・経口・１日２回朝夕食事２時間後"
    },
    {
      "code": "1012011000000000",
      "display": "内服・経口・１日２回昼夕食前"
    },
    {
      "code": "1012022000000000",
      "display": "内服・経口・１日２回昼夕食直前"
    },
    {
      "code": "1012101000000000",
      "display": "内服・経口・１日２回昼食前と就寝前"
    },
    {
      "code": "1012044000000000",
      "display": "内服・経口・１日２回昼夕食後"
    },
    {
      "code": "1012104000000000",
      "display": "内服・経口・１日２回昼食後と就寝前"
    },
    {
      "code": "1012110000000000",
      "display": "内服・経口・１日２回夕食前と就寝前"
    },
    {
      "code": "1012140000000000",
      "display": "内服・経口・１日２回夕食後と就寝前"
    },
    {
      "code": "1013011100000000",
      "display": "内服・経口・１日３回朝昼夕食前"
    },
    {
      "code": "1013022200000000",
      "display": "内服・経口・１日３回朝昼夕食直前"
    },
    {
      "code": "1013033300000000",
      "display": "内服・経口・１日３回朝昼夕食直後"
    },
    {
      "code": "1013044400000000",
      "display": "内服・経口・１日３回朝昼夕食後"
    },
    {
      "code": "1013055500000000",
      "display": "内服・経口・１日３回朝昼夕食後２時間"
    },
    {
      "code": "1013101100000000",
      "display": "内服・経口・１日３回朝昼食前と就寝前"
    },
    {
      "code": "1013104400000000",
      "display": "内服・経口・１日３回朝昼食後と就寝前"
    },
    {
      "code": "1013110100000000",
      "display": "内服・経口・１日３回朝夕食前と就寝前"
    },
    {
      "code": "1013140400000000",
      "display": "内服・経口・１日３回朝夕食後と就寝前"
    },
    {
      "code": "1013111000000000",
      "display": "内服・経口・１日３回昼夕食前と就寝前"
    },
    {
      "code": "1013144000000000",
      "display": "内服・経口・１日３回昼夕食後と就寝前"
    },
    {
      "code": "1014111100000000",
      "display": "内服・経口・１日４回朝昼夕食前と就寝前"
    },
    {
      "code": "1014144400000000",
      "display": "内服・経口・１日４回朝昼夕食後と就寝前"
    },
    {
      "code": "101514440P000000",
      "display": "内服・経口・１日５回朝昼夕食後、１５時、就寝前"
    },
    {
      "code": "1022000000000000",
      "display": "内服・経口・１日２回１２時間毎"
    },
    {
      "code": "1023000000000000",
      "display": "内服・経口・１日３回８時間毎"
    },
    {
      "code": "1024000000000000",
      "display": "内服・経口・１日４回６時間毎"
    },
    {
      "code": "1026000000000000",
      "display": "内服・経口・１日６回４時間毎"
    },
    {
      "code": "1028000000000000",
      "display": "内服・経口・１日８回３時間毎"
    }
  ]
}