{
  "resourceType": "CodeSystem",
  "id": "jp-jfagy-medication-allergen-cs",
  "text": {
    "status": "generated",
    "div": "<div xmlns=\"http://www.w3.org/1999/xhtml\"><p>This code system <code>http://jpfhir.jp/fhir/Common/CodeSystem/JP_JfagyMedicationAllergen_CS</code> defines the following codes:</p><table class=\"codes\"><tr><td style=\"white-space:nowrap\"><b>Code</b></td><td><b>Display</b></td></tr><tr><td style=\"white-space:nowrap\">YCM000000000<a name=\"jp-jfagy-medication-allergen-cs-YCM000000000\"> </a></td><td>YJコード医薬品</td></tr></table></div>"
  },
  "url": "http://jpfhir.jp/fhir/Common/CodeSystem/JP_JfagyMedicationAllergen_CS",
  "version": "1.1.0a",
  "name": "JP_JfagyMedicationAllergen_CS",
  "title": "JFAGY Medication Allergen CodeSystem",
  "status": "draft",
  "date": "2022-09-12T00:20:59+00:00",
  "publisher": "FHIR Japanese implementation research working group in Japan Association of Medical Informatics (JAMI)",
  "contact": [
    {
      "name": "FHIR Japanese implementation research working group in Japan Association of Medical Informatics (JAMI)",
      "telecom": [
        {
          "system": "url",
          "value": "http://jpfhir.jp"
        },
        {
          "system": "email",
          "value": "office@hlfhir.jp"
        }
      ]
    }
  ],
  "description": "JFAGY アレルゲンコード（医薬品）",
  "jurisdiction": [
    {
      "coding": [
        {
          "system": "urn:iso:std:iso:3166",
          "code": "JP"
        }
      ]
    }
  ],
  "copyright": "FHIR Japanese implementation research working group in Japan Association of Medical Informatics (JAMI)",
  "caseSensitive": true,
  "content": "complete",
  "count": 1,
  "concept": [
    {
      "code": "YCM000000000",
      "display": "YJコード医薬品"
    }
  ]
}