{
  "resourceType": "CodeSystem",
  "id": "jp-department-ssmix3digits-cs",
  "text": {
    "status": "generated",
    "div": "<div xmlns=\"http://www.w3.org/1999/xhtml\"><p>This code system http://jpfhir.jp/fhir/Common/CodeSystem/JP_Department_SsMix3Digits_CS defines the following codes:</p><table class=\"codes\"><tr><td style=\"white-space:nowrap\"><b>Code</b></td><td><b>Display</b></td></tr><tr><td style=\"white-space:nowrap\">011<a name=\"jp-department-ssmix3digits-cs-011\"> </a></td><td>第１内科</td></tr><tr><td style=\"white-space:nowrap\">012<a name=\"jp-department-ssmix3digits-cs-012\"> </a></td><td>第２内科</td></tr><tr><td style=\"white-space:nowrap\">013<a name=\"jp-department-ssmix3digits-cs-013\"> </a></td><td>第３内科</td></tr><tr><td style=\"white-space:nowrap\">014<a name=\"jp-department-ssmix3digits-cs-014\"> </a></td><td>第４内科</td></tr><tr><td style=\"white-space:nowrap\">018<a name=\"jp-department-ssmix3digits-cs-018\"> </a></td><td>一般内科</td></tr><tr><td style=\"white-space:nowrap\">01A<a name=\"jp-department-ssmix3digits-cs-01A\"> </a></td><td>被爆放射線医療内科</td></tr><tr><td style=\"white-space:nowrap\">021<a name=\"jp-department-ssmix3digits-cs-021\"> </a></td><td>精神科・心の診療科</td></tr><tr><td style=\"white-space:nowrap\">022<a name=\"jp-department-ssmix3digits-cs-022\"> </a></td><td>精神科デイケア</td></tr><tr><td style=\"white-space:nowrap\">04A<a name=\"jp-department-ssmix3digits-cs-04A\"> </a></td><td>てんかん科</td></tr><tr><td style=\"white-space:nowrap\">04B<a name=\"jp-department-ssmix3digits-cs-04B\"> </a></td><td>もの忘れ科</td></tr><tr><td style=\"white-space:nowrap\">04C<a name=\"jp-department-ssmix3digits-cs-04C\"> </a></td><td>高次脳機能障害科</td></tr><tr><td style=\"white-space:nowrap\">04D<a name=\"jp-department-ssmix3digits-cs-04D\"> </a></td><td>頭痛外来</td></tr><tr><td style=\"white-space:nowrap\">04E<a name=\"jp-department-ssmix3digits-cs-04E\"> </a></td><td>脳卒中外来</td></tr><tr><td style=\"white-space:nowrap\">051<a name=\"jp-department-ssmix3digits-cs-051\"> </a></td><td>呼吸器・アレルギー科</td></tr><tr><td style=\"white-space:nowrap\">052<a name=\"jp-department-ssmix3digits-cs-052\"> </a></td><td>呼吸器・感染症内科</td></tr><tr><td style=\"white-space:nowrap\">05A<a name=\"jp-department-ssmix3digits-cs-05A\"> </a></td><td>せき外来</td></tr><tr><td style=\"white-space:nowrap\">05B<a name=\"jp-department-ssmix3digits-cs-05B\"> </a></td><td>禁煙外来</td></tr><tr><td style=\"white-space:nowrap\">061<a name=\"jp-department-ssmix3digits-cs-061\"> </a></td><td>肝臓内科</td></tr><tr><td style=\"white-space:nowrap\">062<a name=\"jp-department-ssmix3digits-cs-062\"> </a></td><td>肝胆膵科</td></tr><tr><td style=\"white-space:nowrap\">063<a name=\"jp-department-ssmix3digits-cs-063\"> </a></td><td>膵臓内科</td></tr><tr><td style=\"white-space:nowrap\">064<a name=\"jp-department-ssmix3digits-cs-064\"> </a></td><td>胆道・膵臓内科</td></tr><tr><td style=\"white-space:nowrap\">06A<a name=\"jp-department-ssmix3digits-cs-06A\"> </a></td><td>肝臓病科</td></tr><tr><td style=\"white-space:nowrap\">06B<a name=\"jp-department-ssmix3digits-cs-06B\"> </a></td><td>脂肪肝外来</td></tr><tr><td style=\"white-space:nowrap\">07A<a name=\"jp-department-ssmix3digits-cs-07A\"> </a></td><td>炎症性腸疾患外来</td></tr><tr><td style=\"white-space:nowrap\">07B<a name=\"jp-department-ssmix3digits-cs-07B\"> </a></td><td>ピロリ菌外来</td></tr><tr><td style=\"white-space:nowrap\">081<a name=\"jp-department-ssmix3digits-cs-081\"> </a></td><td>循環器内科</td></tr><tr><td style=\"white-space:nowrap\">082<a name=\"jp-department-ssmix3digits-cs-082\"> </a></td><td>冠動脈疾患治療部</td></tr><tr><td style=\"white-space:nowrap\">083<a name=\"jp-department-ssmix3digits-cs-083\"> </a></td><td>リンパ科</td></tr><tr><td style=\"white-space:nowrap\">091<a name=\"jp-department-ssmix3digits-cs-091\"> </a></td><td>小児科周産母子</td></tr><tr><td style=\"white-space:nowrap\">092<a name=\"jp-department-ssmix3digits-cs-092\"> </a></td><td>新生児科</td></tr><tr><td style=\"white-space:nowrap\">093<a name=\"jp-department-ssmix3digits-cs-093\"> </a></td><td>小児循環器科</td></tr><tr><td style=\"white-space:nowrap\">094<a name=\"jp-department-ssmix3digits-cs-094\"> </a></td><td>小児神経科</td></tr><tr><td style=\"white-space:nowrap\">095<a name=\"jp-department-ssmix3digits-cs-095\"> </a></td><td>未熟児センター</td></tr><tr><td style=\"white-space:nowrap\">096<a name=\"jp-department-ssmix3digits-cs-096\"> </a></td><td>ＮＩＣＵ</td></tr><tr><td style=\"white-space:nowrap\">097<a name=\"jp-department-ssmix3digits-cs-097\"> </a></td><td>ＧＣＵ</td></tr><tr><td style=\"white-space:nowrap\">09A<a name=\"jp-department-ssmix3digits-cs-09A\"> </a></td><td>成長発達外来</td></tr><tr><td style=\"white-space:nowrap\">101<a name=\"jp-department-ssmix3digits-cs-101\"> </a></td><td>第１外科</td></tr><tr><td style=\"white-space:nowrap\">102<a name=\"jp-department-ssmix3digits-cs-102\"> </a></td><td>第２外科</td></tr><tr><td style=\"white-space:nowrap\">103<a name=\"jp-department-ssmix3digits-cs-103\"> </a></td><td>第３外科</td></tr><tr><td style=\"white-space:nowrap\">105<a name=\"jp-department-ssmix3digits-cs-105\"> </a></td><td>一般外科</td></tr><tr><td style=\"white-space:nowrap\">106<a name=\"jp-department-ssmix3digits-cs-106\"> </a></td><td>総合外科</td></tr><tr><td style=\"white-space:nowrap\">107<a name=\"jp-department-ssmix3digits-cs-107\"> </a></td><td>病態外科</td></tr><tr><td style=\"white-space:nowrap\">10A<a name=\"jp-department-ssmix3digits-cs-10A\"> </a></td><td>被爆放射線医療外科</td></tr><tr><td style=\"white-space:nowrap\">111<a name=\"jp-department-ssmix3digits-cs-111\"> </a></td><td>整形外科・脊椎外科</td></tr><tr><td style=\"white-space:nowrap\">112<a name=\"jp-department-ssmix3digits-cs-112\"> </a></td><td>脊椎外科</td></tr><tr><td style=\"white-space:nowrap\">113<a name=\"jp-department-ssmix3digits-cs-113\"> </a></td><td>ロコモティブ外来</td></tr><tr><td style=\"white-space:nowrap\">114<a name=\"jp-department-ssmix3digits-cs-114\"> </a></td><td>人工関節センター</td></tr><tr><td style=\"white-space:nowrap\">115<a name=\"jp-department-ssmix3digits-cs-115\"> </a></td><td>装具外来</td></tr><tr><td style=\"white-space:nowrap\">116<a name=\"jp-department-ssmix3digits-cs-116\"> </a></td><td>アスリート診療</td></tr><tr><td style=\"white-space:nowrap\">117<a name=\"jp-department-ssmix3digits-cs-117\"> </a></td><td>スポーツ医学</td></tr><tr><td style=\"white-space:nowrap\">119<a name=\"jp-department-ssmix3digits-cs-119\"> </a></td><td>関節外科</td></tr><tr><td style=\"white-space:nowrap\">11A<a name=\"jp-department-ssmix3digits-cs-11A\"> </a></td><td>手外科</td></tr><tr><td style=\"white-space:nowrap\">121<a name=\"jp-department-ssmix3digits-cs-121\"> </a></td><td>形成外科・美容外科</td></tr><tr><td style=\"white-space:nowrap\">122<a name=\"jp-department-ssmix3digits-cs-122\"> </a></td><td>再建外科</td></tr><tr><td style=\"white-space:nowrap\">141<a name=\"jp-department-ssmix3digits-cs-141\"> </a></td><td>脳腫瘍科</td></tr><tr><td style=\"white-space:nowrap\">162<a name=\"jp-department-ssmix3digits-cs-162\"> </a></td><td>心臓外科</td></tr><tr><td style=\"white-space:nowrap\">163<a name=\"jp-department-ssmix3digits-cs-163\"> </a></td><td>胸部外科</td></tr><tr><td style=\"white-space:nowrap\">164<a name=\"jp-department-ssmix3digits-cs-164\"> </a></td><td>循環器外科</td></tr><tr><td style=\"white-space:nowrap\">165<a name=\"jp-department-ssmix3digits-cs-165\"> </a></td><td>心臓・人工臓器外科</td></tr><tr><td style=\"white-space:nowrap\">171<a name=\"jp-department-ssmix3digits-cs-171\"> </a></td><td>小児外科（周産母子）</td></tr><tr><td style=\"white-space:nowrap\">191<a name=\"jp-department-ssmix3digits-cs-191\"> </a></td><td>皮膚科・レーザ科</td></tr><tr><td style=\"white-space:nowrap\">192<a name=\"jp-department-ssmix3digits-cs-192\"> </a></td><td>紫外線外来</td></tr><tr><td style=\"white-space:nowrap\">201<a name=\"jp-department-ssmix3digits-cs-201\"> </a></td><td>泌尿器科・男性科</td></tr><tr><td style=\"white-space:nowrap\">202<a name=\"jp-department-ssmix3digits-cs-202\"> </a></td><td>コンチネンス外来</td></tr><tr><td style=\"white-space:nowrap\">221<a name=\"jp-department-ssmix3digits-cs-221\"> </a></td><td>ストマケア外来</td></tr><tr><td style=\"white-space:nowrap\">230<a name=\"jp-department-ssmix3digits-cs-230\"> </a></td><td>産科婦人科</td></tr><tr><td style=\"white-space:nowrap\">231<a name=\"jp-department-ssmix3digits-cs-231\"> </a></td><td>女性外科</td></tr><tr><td style=\"white-space:nowrap\">241<a name=\"jp-department-ssmix3digits-cs-241\"> </a></td><td>助産師外来</td></tr><tr><td style=\"white-space:nowrap\">251<a name=\"jp-department-ssmix3digits-cs-251\"> </a></td><td>不妊内分泌科</td></tr><tr><td style=\"white-space:nowrap\">252<a name=\"jp-department-ssmix3digits-cs-252\"> </a></td><td>周産科</td></tr><tr><td style=\"white-space:nowrap\">253<a name=\"jp-department-ssmix3digits-cs-253\"> </a></td><td>周産期母性科</td></tr><tr><td style=\"white-space:nowrap\">254<a name=\"jp-department-ssmix3digits-cs-254\"> </a></td><td>婦人周産期科</td></tr><tr><td style=\"white-space:nowrap\">255<a name=\"jp-department-ssmix3digits-cs-255\"> </a></td><td>腹腔鏡外来</td></tr><tr><td style=\"white-space:nowrap\">25A<a name=\"jp-department-ssmix3digits-cs-25A\"> </a></td><td>女性科</td></tr><tr><td style=\"white-space:nowrap\">25B<a name=\"jp-department-ssmix3digits-cs-25B\"> </a></td><td>女性外来</td></tr><tr><td style=\"white-space:nowrap\">25C<a name=\"jp-department-ssmix3digits-cs-25C\"> </a></td><td>女性診療科・産科</td></tr><tr><td style=\"white-space:nowrap\">261<a name=\"jp-department-ssmix3digits-cs-261\"> </a></td><td>眼科・視覚矯正科</td></tr><tr><td style=\"white-space:nowrap\">262<a name=\"jp-department-ssmix3digits-cs-262\"> </a></td><td>白内障外来</td></tr><tr><td style=\"white-space:nowrap\">263<a name=\"jp-department-ssmix3digits-cs-263\"> </a></td><td>コンタクトレンズ外来</td></tr><tr><td style=\"white-space:nowrap\">264<a name=\"jp-department-ssmix3digits-cs-264\"> </a></td><td>ドライアイ外来</td></tr><tr><td style=\"white-space:nowrap\">265<a name=\"jp-department-ssmix3digits-cs-265\"> </a></td><td>ぶどう膜炎外来</td></tr><tr><td style=\"white-space:nowrap\">266<a name=\"jp-department-ssmix3digits-cs-266\"> </a></td><td>角膜・眼アレルギー外来</td></tr><tr><td style=\"white-space:nowrap\">267<a name=\"jp-department-ssmix3digits-cs-267\"> </a></td><td>網膜疾患外来</td></tr><tr><td style=\"white-space:nowrap\">26A<a name=\"jp-department-ssmix3digits-cs-26A\"> </a></td><td>角膜移植部</td></tr><tr><td style=\"white-space:nowrap\">271<a name=\"jp-department-ssmix3digits-cs-271\"> </a></td><td>耳鼻咽喉科・神経耳科</td></tr><tr><td style=\"white-space:nowrap\">272<a name=\"jp-department-ssmix3digits-cs-272\"> </a></td><td>耳鼻咽喉・頭頸部外科</td></tr><tr><td style=\"white-space:nowrap\">273<a name=\"jp-department-ssmix3digits-cs-273\"> </a></td><td>困難気道外来</td></tr><tr><td style=\"white-space:nowrap\">274<a name=\"jp-department-ssmix3digits-cs-274\"> </a></td><td>頭頸部科</td></tr><tr><td style=\"white-space:nowrap\">301<a name=\"jp-department-ssmix3digits-cs-301\"> </a></td><td>放射線部</td></tr><tr><td style=\"white-space:nowrap\">302<a name=\"jp-department-ssmix3digits-cs-302\"> </a></td><td>放射線診断科</td></tr><tr><td style=\"white-space:nowrap\">303<a name=\"jp-department-ssmix3digits-cs-303\"> </a></td><td>放射線画像診断・ＩＶＲ科</td></tr><tr><td style=\"white-space:nowrap\">304<a name=\"jp-department-ssmix3digits-cs-304\"> </a></td><td>核医学科</td></tr><tr><td style=\"white-space:nowrap\">30B<a name=\"jp-department-ssmix3digits-cs-30B\"> </a></td><td>放射線治療科</td></tr><tr><td style=\"white-space:nowrap\">30C<a name=\"jp-department-ssmix3digits-cs-30C\"> </a></td><td>Ｘ線科</td></tr><tr><td style=\"white-space:nowrap\">311<a name=\"jp-department-ssmix3digits-cs-311\"> </a></td><td>麻酔・疼痛・緩和医療科</td></tr><tr><td style=\"white-space:nowrap\">312<a name=\"jp-department-ssmix3digits-cs-312\"> </a></td><td>麻酔科蘇生科</td></tr><tr><td style=\"white-space:nowrap\">313<a name=\"jp-department-ssmix3digits-cs-313\"> </a></td><td>麻酔・疼痛科</td></tr><tr><td style=\"white-space:nowrap\">31A<a name=\"jp-department-ssmix3digits-cs-31A\"> </a></td><td>ペインクリニック科</td></tr><tr><td style=\"white-space:nowrap\">331<a name=\"jp-department-ssmix3digits-cs-331\"> </a></td><td>心身医学科</td></tr><tr><td style=\"white-space:nowrap\">332<a name=\"jp-department-ssmix3digits-cs-332\"> </a></td><td>心の内科</td></tr><tr><td style=\"white-space:nowrap\">333<a name=\"jp-department-ssmix3digits-cs-333\"> </a></td><td>こどものこころ診療</td></tr><tr><td style=\"white-space:nowrap\">334<a name=\"jp-department-ssmix3digits-cs-334\"> </a></td><td>小児精神科</td></tr><tr><td style=\"white-space:nowrap\">34A<a name=\"jp-department-ssmix3digits-cs-34A\"> </a></td><td>環境医学外来（アレルギー科）</td></tr><tr><td style=\"white-space:nowrap\">34B<a name=\"jp-department-ssmix3digits-cs-34B\"> </a></td><td>アレルギー内科</td></tr><tr><td style=\"white-space:nowrap\">34C<a name=\"jp-department-ssmix3digits-cs-34C\"> </a></td><td>アレルギー・免疫内科</td></tr><tr><td style=\"white-space:nowrap\">34D<a name=\"jp-department-ssmix3digits-cs-34D\"> </a></td><td>アレルギー・リウマチ内科</td></tr><tr><td style=\"white-space:nowrap\">35A<a name=\"jp-department-ssmix3digits-cs-35A\"> </a></td><td>リウマチ内科</td></tr><tr><td style=\"white-space:nowrap\">35B<a name=\"jp-department-ssmix3digits-cs-35B\"> </a></td><td>内分泌・リウマチ科</td></tr><tr><td style=\"white-space:nowrap\">361<a name=\"jp-department-ssmix3digits-cs-361\"> </a></td><td>言語療法科</td></tr><tr><td style=\"white-space:nowrap\">362<a name=\"jp-department-ssmix3digits-cs-362\"> </a></td><td>股体不自由リハビリテーション科</td></tr><tr><td style=\"white-space:nowrap\">363<a name=\"jp-department-ssmix3digits-cs-363\"> </a></td><td>内部障害リハビリテーション科</td></tr><tr><td style=\"white-space:nowrap\">364<a name=\"jp-department-ssmix3digits-cs-364\"> </a></td><td>理学療法科</td></tr><tr><td style=\"white-space:nowrap\">365<a name=\"jp-department-ssmix3digits-cs-365\"> </a></td><td>物理療法内科</td></tr><tr><td style=\"white-space:nowrap\">391<a name=\"jp-department-ssmix3digits-cs-391\"> </a></td><td>救命救急センター</td></tr><tr><td style=\"white-space:nowrap\">392<a name=\"jp-department-ssmix3digits-cs-392\"> </a></td><td>内科系救急科</td></tr><tr><td style=\"white-space:nowrap\">393<a name=\"jp-department-ssmix3digits-cs-393\"> </a></td><td>救急外科</td></tr><tr><td style=\"white-space:nowrap\">394<a name=\"jp-department-ssmix3digits-cs-394\"> </a></td><td>外科系救急科</td></tr><tr><td style=\"white-space:nowrap\">398<a name=\"jp-department-ssmix3digits-cs-398\"> </a></td><td>初期診療・救急科</td></tr><tr><td style=\"white-space:nowrap\">41C<a name=\"jp-department-ssmix3digits-cs-41C\"> </a></td><td>血液免疫科</td></tr><tr><td style=\"white-space:nowrap\">41D<a name=\"jp-department-ssmix3digits-cs-41D\"> </a></td><td>血液科</td></tr><tr><td style=\"white-space:nowrap\">421<a name=\"jp-department-ssmix3digits-cs-421\"> </a></td><td>無菌治療部</td></tr><tr><td style=\"white-space:nowrap\">431<a name=\"jp-department-ssmix3digits-cs-431\"> </a></td><td>血液浄化療法部</td></tr><tr><td style=\"white-space:nowrap\">432<a name=\"jp-department-ssmix3digits-cs-432\"> </a></td><td>透析治療部</td></tr><tr><td style=\"white-space:nowrap\">471<a name=\"jp-department-ssmix3digits-cs-471\"> </a></td><td>腫瘍内科</td></tr><tr><td style=\"white-space:nowrap\">472<a name=\"jp-department-ssmix3digits-cs-472\"> </a></td><td>化学療法部</td></tr><tr><td style=\"white-space:nowrap\">473<a name=\"jp-department-ssmix3digits-cs-473\"> </a></td><td>小児腫瘍科</td></tr><tr><td style=\"white-space:nowrap\">474<a name=\"jp-department-ssmix3digits-cs-474\"> </a></td><td>精神腫瘍外来</td></tr><tr><td style=\"white-space:nowrap\">475<a name=\"jp-department-ssmix3digits-cs-475\"> </a></td><td>免疫療法外来</td></tr><tr><td style=\"white-space:nowrap\">476<a name=\"jp-department-ssmix3digits-cs-476\"> </a></td><td>脳腫瘍診療部</td></tr><tr><td style=\"white-space:nowrap\">48D<a name=\"jp-department-ssmix3digits-cs-48D\"> </a></td><td>腎不全科</td></tr><tr><td style=\"white-space:nowrap\">48E<a name=\"jp-department-ssmix3digits-cs-48E\"> </a></td><td>腎移植科</td></tr><tr><td style=\"white-space:nowrap\">491<a name=\"jp-department-ssmix3digits-cs-491\"> </a></td><td>睡眠時無呼吸症候群外来</td></tr><tr><td style=\"white-space:nowrap\">51A<a name=\"jp-department-ssmix3digits-cs-51A\"> </a></td><td>予診科</td></tr><tr><td style=\"white-space:nowrap\">51B<a name=\"jp-department-ssmix3digits-cs-51B\"> </a></td><td>初診科</td></tr><tr><td style=\"white-space:nowrap\">51G<a name=\"jp-department-ssmix3digits-cs-51G\"> </a></td><td>総合内科</td></tr><tr><td style=\"white-space:nowrap\">521<a name=\"jp-department-ssmix3digits-cs-521\"> </a></td><td>光学医療診療部</td></tr><tr><td style=\"white-space:nowrap\">53A<a name=\"jp-department-ssmix3digits-cs-53A\"> </a></td><td>内分泌・代謝内科</td></tr><tr><td style=\"white-space:nowrap\">54A<a name=\"jp-department-ssmix3digits-cs-54A\"> </a></td><td>膠原病内科</td></tr><tr><td style=\"white-space:nowrap\">54B<a name=\"jp-department-ssmix3digits-cs-54B\"> </a></td><td>膠原病・アレルギ—内科</td></tr><tr><td style=\"white-space:nowrap\">54C<a name=\"jp-department-ssmix3digits-cs-54C\"> </a></td><td>膠原病・アレルギ—・リウマチ内科</td></tr><tr><td style=\"white-space:nowrap\">54D<a name=\"jp-department-ssmix3digits-cs-54D\"> </a></td><td>免疫・膠原病・感染症科</td></tr><tr><td style=\"white-space:nowrap\">54E<a name=\"jp-department-ssmix3digits-cs-54E\"> </a></td><td>膠原病・リウマチ内科</td></tr><tr><td style=\"white-space:nowrap\">54F<a name=\"jp-department-ssmix3digits-cs-54F\"> </a></td><td>膠原病・感染症内科</td></tr><tr><td style=\"white-space:nowrap\">54G<a name=\"jp-department-ssmix3digits-cs-54G\"> </a></td><td>免疫・膠原病内科</td></tr><tr><td style=\"white-space:nowrap\">70A<a name=\"jp-department-ssmix3digits-cs-70A\"> </a></td><td>消化管内科</td></tr><tr><td style=\"white-space:nowrap\">72A<a name=\"jp-department-ssmix3digits-cs-72A\"> </a></td><td>骨粗鬆症外来</td></tr><tr><td style=\"white-space:nowrap\">731<a name=\"jp-department-ssmix3digits-cs-731\"> </a></td><td>糖尿病科</td></tr><tr><td style=\"white-space:nowrap\">73B<a name=\"jp-department-ssmix3digits-cs-73B\"> </a></td><td>糖尿病・代謝内科</td></tr><tr><td style=\"white-space:nowrap\">73C<a name=\"jp-department-ssmix3digits-cs-73C\"> </a></td><td>糖尿病・内分泌内科</td></tr><tr><td style=\"white-space:nowrap\">73D<a name=\"jp-department-ssmix3digits-cs-73D\"> </a></td><td>糖尿病・代謝・内分泌内科</td></tr><tr><td style=\"white-space:nowrap\">73F<a name=\"jp-department-ssmix3digits-cs-73F\"> </a></td><td>肝臓・糖尿病・内分泌内科</td></tr><tr><td style=\"white-space:nowrap\">73G<a name=\"jp-department-ssmix3digits-cs-73G\"> </a></td><td>糖尿病・栄養内科</td></tr><tr><td style=\"white-space:nowrap\">74A<a name=\"jp-department-ssmix3digits-cs-74A\"> </a></td><td>腎・高血圧・脳血管科</td></tr><tr><td style=\"white-space:nowrap\">74B<a name=\"jp-department-ssmix3digits-cs-74B\"> </a></td><td>腎・高血圧・内分泌科</td></tr><tr><td style=\"white-space:nowrap\">74C<a name=\"jp-department-ssmix3digits-cs-74C\"> </a></td><td>腎臓・内分泌代謝内科</td></tr><tr><td style=\"white-space:nowrap\">751<a name=\"jp-department-ssmix3digits-cs-751\"> </a></td><td>感染症内科</td></tr><tr><td style=\"white-space:nowrap\">752<a name=\"jp-department-ssmix3digits-cs-752\"> </a></td><td>総合感染症科</td></tr><tr><td style=\"white-space:nowrap\">753<a name=\"jp-department-ssmix3digits-cs-753\"> </a></td><td>感染症管理治療部</td></tr><tr><td style=\"white-space:nowrap\">754<a name=\"jp-department-ssmix3digits-cs-754\"> </a></td><td>感染制御部</td></tr><tr><td style=\"white-space:nowrap\">761<a name=\"jp-department-ssmix3digits-cs-761\"> </a></td><td>漢方内科</td></tr><tr><td style=\"white-space:nowrap\">762<a name=\"jp-department-ssmix3digits-cs-762\"> </a></td><td>和漢診療科</td></tr><tr><td style=\"white-space:nowrap\">771<a name=\"jp-department-ssmix3digits-cs-771\"> </a></td><td>老年病内科</td></tr><tr><td style=\"white-space:nowrap\">772<a name=\"jp-department-ssmix3digits-cs-772\"> </a></td><td>老人科</td></tr><tr><td style=\"white-space:nowrap\">79A<a name=\"jp-department-ssmix3digits-cs-79A\"> </a></td><td>脳血管内治療科</td></tr><tr><td style=\"white-space:nowrap\">7A1<a name=\"jp-department-ssmix3digits-cs-7A1\"> </a></td><td>消化管外科</td></tr><tr><td style=\"white-space:nowrap\">7B1<a name=\"jp-department-ssmix3digits-cs-7B1\"> </a></td><td>食道外科</td></tr><tr><td style=\"white-space:nowrap\">7B2<a name=\"jp-department-ssmix3digits-cs-7B2\"> </a></td><td>食道・胃腸外科</td></tr><tr><td style=\"white-space:nowrap\">7B3<a name=\"jp-department-ssmix3digits-cs-7B3\"> </a></td><td>胃・食道外科</td></tr><tr><td style=\"white-space:nowrap\">7B4<a name=\"jp-department-ssmix3digits-cs-7B4\"> </a></td><td>胃腸外科</td></tr><tr><td style=\"white-space:nowrap\">7B5<a name=\"jp-department-ssmix3digits-cs-7B5\"> </a></td><td>胃外科</td></tr><tr><td style=\"white-space:nowrap\">7C1<a name=\"jp-department-ssmix3digits-cs-7C1\"> </a></td><td>大腸外科</td></tr><tr><td style=\"white-space:nowrap\">7C2<a name=\"jp-department-ssmix3digits-cs-7C2\"> </a></td><td>大腸・肛門外科</td></tr><tr><td style=\"white-space:nowrap\">801<a name=\"jp-department-ssmix3digits-cs-801\"> </a></td><td>肝胆外科</td></tr><tr><td style=\"white-space:nowrap\">802<a name=\"jp-department-ssmix3digits-cs-802\"> </a></td><td>肝胆膵・移植外科</td></tr><tr><td style=\"white-space:nowrap\">811<a name=\"jp-department-ssmix3digits-cs-811\"> </a></td><td>移植・再建・内視鏡外科</td></tr><tr><td style=\"white-space:nowrap\">812<a name=\"jp-department-ssmix3digits-cs-812\"> </a></td><td>人工臓器移植外科</td></tr><tr><td style=\"white-space:nowrap\">813<a name=\"jp-department-ssmix3digits-cs-813\"> </a></td><td>移植診療部</td></tr><tr><td style=\"white-space:nowrap\">814<a name=\"jp-department-ssmix3digits-cs-814\"> </a></td><td>骨バンク</td></tr><tr><td style=\"white-space:nowrap\">821<a name=\"jp-department-ssmix3digits-cs-821\"> </a></td><td>乳腺内分泌外科</td></tr><tr><td style=\"white-space:nowrap\">822<a name=\"jp-department-ssmix3digits-cs-822\"> </a></td><td>乳腺・甲状腺外科</td></tr><tr><td style=\"white-space:nowrap\">823<a name=\"jp-department-ssmix3digits-cs-823\"> </a></td><td>乳腺・内分泌外科</td></tr><tr><td style=\"white-space:nowrap\">824<a name=\"jp-department-ssmix3digits-cs-824\"> </a></td><td>ブレストセンター</td></tr><tr><td style=\"white-space:nowrap\">831<a name=\"jp-department-ssmix3digits-cs-831\"> </a></td><td>緩和ケア相談</td></tr><tr><td style=\"white-space:nowrap\">832<a name=\"jp-department-ssmix3digits-cs-832\"> </a></td><td>緩和医療</td></tr><tr><td style=\"white-space:nowrap\">833<a name=\"jp-department-ssmix3digits-cs-833\"> </a></td><td>地域包括緩和ケア</td></tr><tr><td style=\"white-space:nowrap\">851<a name=\"jp-department-ssmix3digits-cs-851\"> </a></td><td>ゲノム診療部</td></tr><tr><td style=\"white-space:nowrap\">861<a name=\"jp-department-ssmix3digits-cs-861\"> </a></td><td>顎口腔外科</td></tr><tr><td style=\"white-space:nowrap\">862<a name=\"jp-department-ssmix3digits-cs-862\"> </a></td><td>顎顔面再建科</td></tr><tr><td style=\"white-space:nowrap\">863<a name=\"jp-department-ssmix3digits-cs-863\"> </a></td><td>顎機能科</td></tr><tr><td style=\"white-space:nowrap\">864<a name=\"jp-department-ssmix3digits-cs-864\"> </a></td><td>顎検査科</td></tr><tr><td style=\"white-space:nowrap\">865<a name=\"jp-department-ssmix3digits-cs-865\"> </a></td><td>顎歯科</td></tr><tr><td style=\"white-space:nowrap\">866<a name=\"jp-department-ssmix3digits-cs-866\"> </a></td><td>顔面口腔外科</td></tr><tr><td style=\"white-space:nowrap\">867<a name=\"jp-department-ssmix3digits-cs-867\"> </a></td><td>顔面外科</td></tr><tr><td style=\"white-space:nowrap\">86A<a name=\"jp-department-ssmix3digits-cs-86A\"> </a></td><td>口腔診療科</td></tr><tr><td style=\"white-space:nowrap\">86D<a name=\"jp-department-ssmix3digits-cs-86D\"> </a></td><td>口腔総合診療科</td></tr><tr><td style=\"white-space:nowrap\">86E<a name=\"jp-department-ssmix3digits-cs-86E\"> </a></td><td>口腔画像診断科</td></tr><tr><td style=\"white-space:nowrap\">86F<a name=\"jp-department-ssmix3digits-cs-86F\"> </a></td><td>口腔機能回復科</td></tr><tr><td style=\"white-space:nowrap\">86G<a name=\"jp-department-ssmix3digits-cs-86G\"> </a></td><td>口腔診断科</td></tr><tr><td style=\"white-space:nowrap\">86H<a name=\"jp-department-ssmix3digits-cs-86H\"> </a></td><td>口腔言語科</td></tr><tr><td style=\"white-space:nowrap\">882<a name=\"jp-department-ssmix3digits-cs-882\"> </a></td><td>保健診療部</td></tr><tr><td style=\"white-space:nowrap\">883<a name=\"jp-department-ssmix3digits-cs-883\"> </a></td><td>メディカルフィットネス</td></tr><tr><td style=\"white-space:nowrap\">8D2<a name=\"jp-department-ssmix3digits-cs-8D2\"> </a></td><td>デイ・サージェリー</td></tr><tr><td style=\"white-space:nowrap\">8E1<a name=\"jp-department-ssmix3digits-cs-8E1\"> </a></td><td>薬剤情報部</td></tr><tr><td style=\"white-space:nowrap\">8E2<a name=\"jp-department-ssmix3digits-cs-8E2\"> </a></td><td>臨床薬理内科</td></tr><tr><td style=\"white-space:nowrap\">901<a name=\"jp-department-ssmix3digits-cs-901\"> </a></td><td>歯科顎口腔外科</td></tr><tr><td style=\"white-space:nowrap\">902<a name=\"jp-department-ssmix3digits-cs-902\"> </a></td><td>歯科口腔外科</td></tr><tr><td style=\"white-space:nowrap\">903<a name=\"jp-department-ssmix3digits-cs-903\"> </a></td><td>矯正歯科</td></tr><tr><td style=\"white-space:nowrap\">904<a name=\"jp-department-ssmix3digits-cs-904\"> </a></td><td>歯周科</td></tr><tr><td style=\"white-space:nowrap\">905<a name=\"jp-department-ssmix3digits-cs-905\"> </a></td><td>歯内治療科</td></tr><tr><td style=\"white-space:nowrap\">906<a name=\"jp-department-ssmix3digits-cs-906\"> </a></td><td>小児歯科</td></tr><tr><td style=\"white-space:nowrap\">907<a name=\"jp-department-ssmix3digits-cs-907\"> </a></td><td>障害歯科</td></tr><tr><td style=\"white-space:nowrap\">908<a name=\"jp-department-ssmix3digits-cs-908\"> </a></td><td>クラウン補綴科</td></tr><tr><td style=\"white-space:nowrap\">909<a name=\"jp-department-ssmix3digits-cs-909\"> </a></td><td>特殊歯科</td></tr><tr><td style=\"white-space:nowrap\">90A<a name=\"jp-department-ssmix3digits-cs-90A\"> </a></td><td>虫歯科</td></tr><tr><td style=\"white-space:nowrap\">90B<a name=\"jp-department-ssmix3digits-cs-90B\"> </a></td><td>医学支援歯科</td></tr><tr><td style=\"white-space:nowrap\">90C<a name=\"jp-department-ssmix3digits-cs-90C\"> </a></td><td>全身管理歯科</td></tr><tr><td style=\"white-space:nowrap\">90D<a name=\"jp-department-ssmix3digits-cs-90D\"> </a></td><td>総合歯科</td></tr><tr><td style=\"white-space:nowrap\">90E<a name=\"jp-department-ssmix3digits-cs-90E\"> </a></td><td>保存修復歯科</td></tr><tr><td style=\"white-space:nowrap\">90F<a name=\"jp-department-ssmix3digits-cs-90F\"> </a></td><td>予防歯科</td></tr><tr><td style=\"white-space:nowrap\">90G<a name=\"jp-department-ssmix3digits-cs-90G\"> </a></td><td>咬合修復科</td></tr><tr><td style=\"white-space:nowrap\">90H<a name=\"jp-department-ssmix3digits-cs-90H\"> </a></td><td>審美歯科</td></tr><tr><td style=\"white-space:nowrap\">90J<a name=\"jp-department-ssmix3digits-cs-90J\"> </a></td><td>義歯科</td></tr><tr><td style=\"white-space:nowrap\">90K<a name=\"jp-department-ssmix3digits-cs-90K\"> </a></td><td>義歯補綴科</td></tr><tr><td style=\"white-space:nowrap\">90L<a name=\"jp-department-ssmix3digits-cs-90L\"> </a></td><td>インプラント歯科</td></tr><tr><td style=\"white-space:nowrap\">90M<a name=\"jp-department-ssmix3digits-cs-90M\"> </a></td><td>高齢歯科</td></tr><tr><td style=\"white-space:nowrap\">90N<a name=\"jp-department-ssmix3digits-cs-90N\"> </a></td><td>小児咬合障害科</td></tr><tr><td style=\"white-space:nowrap\">90P<a name=\"jp-department-ssmix3digits-cs-90P\"> </a></td><td>歯科麻酔科</td></tr><tr><td style=\"white-space:nowrap\">90R<a name=\"jp-department-ssmix3digits-cs-90R\"> </a></td><td>歯科X線科</td></tr><tr><td style=\"white-space:nowrap\">90S<a name=\"jp-department-ssmix3digits-cs-90S\"> </a></td><td>健康歯科</td></tr><tr><td style=\"white-space:nowrap\">90T<a name=\"jp-department-ssmix3digits-cs-90T\"> </a></td><td>歯科予診</td></tr><tr><td style=\"white-space:nowrap\">981<a name=\"jp-department-ssmix3digits-cs-981\"> </a></td><td>病歴部</td></tr><tr><td style=\"white-space:nowrap\">982<a name=\"jp-department-ssmix3digits-cs-982\"> </a></td><td>事務</td></tr><tr><td style=\"white-space:nowrap\">983<a name=\"jp-department-ssmix3digits-cs-983\"> </a></td><td>医療社会福祉部</td></tr></table></div>"
  },
  "url": "http://jpfhir.jp/fhir/Common/CodeSystem/JP_Department_SsMix3Digits_CS",
  "version": "1.1.0a",
  "name": "JP_Department_SsMix3Digits_CS",
  "title": "JP Core Department SS-MIX2 3Digits CodeSystem",
  "status": "draft",
  "date": "2022-08-23T14:14:41+00:00",
  "publisher": "FHIR Japanese implementation research working group in Japan Association of Medical Informatics (JAMI)",
  "contact": [
    {
      "name": "FHIR Japanese implementation research working group in Japan Association of Medical Informatics (JAMI)",
      "telecom": [
        {
          "system": "url",
          "value": "http://jpfhir.jp"
        },
        {
          "system": "email",
          "value": "office@hlfhir.jp"
        }
      ]
    }
  ],
  "description": "SS-MIX統一診療科コード（３桁）",
  "jurisdiction": [
    {
      "coding": [
        {
          "system": "urn:iso:std:iso:3166",
          "code": "JP"
        }
      ]
    }
  ],
  "copyright": "FHIR Japanese implementation research working group in Japan Association of Medical Informatics (JAMI)",
  "caseSensitive": true,
  "content": "complete",
  "count": 233,
  "concept": [
    {
      "code": "011",
      "display": "第１内科"
    },
    {
      "code": "012",
      "display": "第２内科"
    },
    {
      "code": "013",
      "display": "第３内科"
    },
    {
      "code": "014",
      "display": "第４内科"
    },
    {
      "code": "018",
      "display": "一般内科"
    },
    {
      "code": "01A",
      "display": "被爆放射線医療内科"
    },
    {
      "code": "021",
      "display": "精神科・心の診療科"
    },
    {
      "code": "022",
      "display": "精神科デイケア"
    },
    {
      "code": "04A",
      "display": "てんかん科"
    },
    {
      "code": "04B",
      "display": "もの忘れ科"
    },
    {
      "code": "04C",
      "display": "高次脳機能障害科"
    },
    {
      "code": "04D",
      "display": "頭痛外来"
    },
    {
      "code": "04E",
      "display": "脳卒中外来"
    },
    {
      "code": "051",
      "display": "呼吸器・アレルギー科"
    },
    {
      "code": "052",
      "display": "呼吸器・感染症内科"
    },
    {
      "code": "05A",
      "display": "せき外来"
    },
    {
      "code": "05B",
      "display": "禁煙外来"
    },
    {
      "code": "061",
      "display": "肝臓内科"
    },
    {
      "code": "062",
      "display": "肝胆膵科"
    },
    {
      "code": "063",
      "display": "膵臓内科"
    },
    {
      "code": "064",
      "display": "胆道・膵臓内科"
    },
    {
      "code": "06A",
      "display": "肝臓病科"
    },
    {
      "code": "06B",
      "display": "脂肪肝外来"
    },
    {
      "code": "07A",
      "display": "炎症性腸疾患外来"
    },
    {
      "code": "07B",
      "display": "ピロリ菌外来"
    },
    {
      "code": "081",
      "display": "循環器内科"
    },
    {
      "code": "082",
      "display": "冠動脈疾患治療部"
    },
    {
      "code": "083",
      "display": "リンパ科"
    },
    {
      "code": "091",
      "display": "小児科周産母子"
    },
    {
      "code": "092",
      "display": "新生児科"
    },
    {
      "code": "093",
      "display": "小児循環器科"
    },
    {
      "code": "094",
      "display": "小児神経科"
    },
    {
      "code": "095",
      "display": "未熟児センター"
    },
    {
      "code": "096",
      "display": "ＮＩＣＵ"
    },
    {
      "code": "097",
      "display": "ＧＣＵ"
    },
    {
      "code": "09A",
      "display": "成長発達外来"
    },
    {
      "code": "101",
      "display": "第１外科"
    },
    {
      "code": "102",
      "display": "第２外科"
    },
    {
      "code": "103",
      "display": "第３外科"
    },
    {
      "code": "105",
      "display": "一般外科"
    },
    {
      "code": "106",
      "display": "総合外科"
    },
    {
      "code": "107",
      "display": "病態外科"
    },
    {
      "code": "10A",
      "display": "被爆放射線医療外科"
    },
    {
      "code": "111",
      "display": "整形外科・脊椎外科"
    },
    {
      "code": "112",
      "display": "脊椎外科"
    },
    {
      "code": "113",
      "display": "ロコモティブ外来"
    },
    {
      "code": "114",
      "display": "人工関節センター"
    },
    {
      "code": "115",
      "display": "装具外来"
    },
    {
      "code": "116",
      "display": "アスリート診療"
    },
    {
      "code": "117",
      "display": "スポーツ医学"
    },
    {
      "code": "119",
      "display": "関節外科"
    },
    {
      "code": "11A",
      "display": "手外科"
    },
    {
      "code": "121",
      "display": "形成外科・美容外科"
    },
    {
      "code": "122",
      "display": "再建外科"
    },
    {
      "code": "141",
      "display": "脳腫瘍科"
    },
    {
      "code": "162",
      "display": "心臓外科"
    },
    {
      "code": "163",
      "display": "胸部外科"
    },
    {
      "code": "164",
      "display": "循環器外科"
    },
    {
      "code": "165",
      "display": "心臓・人工臓器外科"
    },
    {
      "code": "171",
      "display": "小児外科（周産母子）"
    },
    {
      "code": "191",
      "display": "皮膚科・レーザ科"
    },
    {
      "code": "192",
      "display": "紫外線外来"
    },
    {
      "code": "201",
      "display": "泌尿器科・男性科"
    },
    {
      "code": "202",
      "display": "コンチネンス外来"
    },
    {
      "code": "221",
      "display": "ストマケア外来"
    },
    {
      "code": "230",
      "display": "産科婦人科"
    },
    {
      "code": "231",
      "display": "女性外科"
    },
    {
      "code": "241",
      "display": "助産師外来"
    },
    {
      "code": "251",
      "display": "不妊内分泌科"
    },
    {
      "code": "252",
      "display": "周産科"
    },
    {
      "code": "253",
      "display": "周産期母性科"
    },
    {
      "code": "254",
      "display": "婦人周産期科"
    },
    {
      "code": "255",
      "display": "腹腔鏡外来"
    },
    {
      "code": "25A",
      "display": "女性科"
    },
    {
      "code": "25B",
      "display": "女性外来"
    },
    {
      "code": "25C",
      "display": "女性診療科・産科"
    },
    {
      "code": "261",
      "display": "眼科・視覚矯正科"
    },
    {
      "code": "262",
      "display": "白内障外来"
    },
    {
      "code": "263",
      "display": "コンタクトレンズ外来"
    },
    {
      "code": "264",
      "display": "ドライアイ外来"
    },
    {
      "code": "265",
      "display": "ぶどう膜炎外来"
    },
    {
      "code": "266",
      "display": "角膜・眼アレルギー外来"
    },
    {
      "code": "267",
      "display": "網膜疾患外来"
    },
    {
      "code": "26A",
      "display": "角膜移植部"
    },
    {
      "code": "271",
      "display": "耳鼻咽喉科・神経耳科"
    },
    {
      "code": "272",
      "display": "耳鼻咽喉・頭頸部外科"
    },
    {
      "code": "273",
      "display": "困難気道外来"
    },
    {
      "code": "274",
      "display": "頭頸部科"
    },
    {
      "code": "301",
      "display": "放射線部"
    },
    {
      "code": "302",
      "display": "放射線診断科"
    },
    {
      "code": "303",
      "display": "放射線画像診断・ＩＶＲ科"
    },
    {
      "code": "304",
      "display": "核医学科"
    },
    {
      "code": "30B",
      "display": "放射線治療科"
    },
    {
      "code": "30C",
      "display": "Ｘ線科"
    },
    {
      "code": "311",
      "display": "麻酔・疼痛・緩和医療科"
    },
    {
      "code": "312",
      "display": "麻酔科蘇生科"
    },
    {
      "code": "313",
      "display": "麻酔・疼痛科"
    },
    {
      "code": "31A",
      "display": "ペインクリニック科"
    },
    {
      "code": "331",
      "display": "心身医学科"
    },
    {
      "code": "332",
      "display": "心の内科"
    },
    {
      "code": "333",
      "display": "こどものこころ診療"
    },
    {
      "code": "334",
      "display": "小児精神科"
    },
    {
      "code": "34A",
      "display": "環境医学外来（アレルギー科）"
    },
    {
      "code": "34B",
      "display": "アレルギー内科"
    },
    {
      "code": "34C",
      "display": "アレルギー・免疫内科"
    },
    {
      "code": "34D",
      "display": "アレルギー・リウマチ内科"
    },
    {
      "code": "35A",
      "display": "リウマチ内科"
    },
    {
      "code": "35B",
      "display": "内分泌・リウマチ科"
    },
    {
      "code": "361",
      "display": "言語療法科"
    },
    {
      "code": "362",
      "display": "股体不自由リハビリテーション科"
    },
    {
      "code": "363",
      "display": "内部障害リハビリテーション科"
    },
    {
      "code": "364",
      "display": "理学療法科"
    },
    {
      "code": "365",
      "display": "物理療法内科"
    },
    {
      "code": "391",
      "display": "救命救急センター"
    },
    {
      "code": "392",
      "display": "内科系救急科"
    },
    {
      "code": "393",
      "display": "救急外科"
    },
    {
      "code": "394",
      "display": "外科系救急科"
    },
    {
      "code": "398",
      "display": "初期診療・救急科"
    },
    {
      "code": "41C",
      "display": "血液免疫科"
    },
    {
      "code": "41D",
      "display": "血液科"
    },
    {
      "code": "421",
      "display": "無菌治療部"
    },
    {
      "code": "431",
      "display": "血液浄化療法部"
    },
    {
      "code": "432",
      "display": "透析治療部"
    },
    {
      "code": "471",
      "display": "腫瘍内科"
    },
    {
      "code": "472",
      "display": "化学療法部"
    },
    {
      "code": "473",
      "display": "小児腫瘍科"
    },
    {
      "code": "474",
      "display": "精神腫瘍外来"
    },
    {
      "code": "475",
      "display": "免疫療法外来"
    },
    {
      "code": "476",
      "display": "脳腫瘍診療部"
    },
    {
      "code": "48D",
      "display": "腎不全科"
    },
    {
      "code": "48E",
      "display": "腎移植科"
    },
    {
      "code": "491",
      "display": "睡眠時無呼吸症候群外来"
    },
    {
      "code": "51A",
      "display": "予診科"
    },
    {
      "code": "51B",
      "display": "初診科"
    },
    {
      "code": "51G",
      "display": "総合内科"
    },
    {
      "code": "521",
      "display": "光学医療診療部"
    },
    {
      "code": "53A",
      "display": "内分泌・代謝内科"
    },
    {
      "code": "54A",
      "display": "膠原病内科"
    },
    {
      "code": "54B",
      "display": "膠原病・アレルギ—内科"
    },
    {
      "code": "54C",
      "display": "膠原病・アレルギ—・リウマチ内科"
    },
    {
      "code": "54D",
      "display": "免疫・膠原病・感染症科"
    },
    {
      "code": "54E",
      "display": "膠原病・リウマチ内科"
    },
    {
      "code": "54F",
      "display": "膠原病・感染症内科"
    },
    {
      "code": "54G",
      "display": "免疫・膠原病内科"
    },
    {
      "code": "70A",
      "display": "消化管内科"
    },
    {
      "code": "72A",
      "display": "骨粗鬆症外来"
    },
    {
      "code": "731",
      "display": "糖尿病科"
    },
    {
      "code": "73B",
      "display": "糖尿病・代謝内科"
    },
    {
      "code": "73C",
      "display": "糖尿病・内分泌内科"
    },
    {
      "code": "73D",
      "display": "糖尿病・代謝・内分泌内科"
    },
    {
      "code": "73F",
      "display": "肝臓・糖尿病・内分泌内科"
    },
    {
      "code": "73G",
      "display": "糖尿病・栄養内科"
    },
    {
      "code": "74A",
      "display": "腎・高血圧・脳血管科"
    },
    {
      "code": "74B",
      "display": "腎・高血圧・内分泌科"
    },
    {
      "code": "74C",
      "display": "腎臓・内分泌代謝内科"
    },
    {
      "code": "751",
      "display": "感染症内科"
    },
    {
      "code": "752",
      "display": "総合感染症科"
    },
    {
      "code": "753",
      "display": "感染症管理治療部"
    },
    {
      "code": "754",
      "display": "感染制御部"
    },
    {
      "code": "761",
      "display": "漢方内科"
    },
    {
      "code": "762",
      "display": "和漢診療科"
    },
    {
      "code": "771",
      "display": "老年病内科"
    },
    {
      "code": "772",
      "display": "老人科"
    },
    {
      "code": "79A",
      "display": "脳血管内治療科"
    },
    {
      "code": "7A1",
      "display": "消化管外科"
    },
    {
      "code": "7B1",
      "display": "食道外科"
    },
    {
      "code": "7B2",
      "display": "食道・胃腸外科"
    },
    {
      "code": "7B3",
      "display": "胃・食道外科"
    },
    {
      "code": "7B4",
      "display": "胃腸外科"
    },
    {
      "code": "7B5",
      "display": "胃外科"
    },
    {
      "code": "7C1",
      "display": "大腸外科"
    },
    {
      "code": "7C2",
      "display": "大腸・肛門外科"
    },
    {
      "code": "801",
      "display": "肝胆外科"
    },
    {
      "code": "802",
      "display": "肝胆膵・移植外科"
    },
    {
      "code": "811",
      "display": "移植・再建・内視鏡外科"
    },
    {
      "code": "812",
      "display": "人工臓器移植外科"
    },
    {
      "code": "813",
      "display": "移植診療部"
    },
    {
      "code": "814",
      "display": "骨バンク"
    },
    {
      "code": "821",
      "display": "乳腺内分泌外科"
    },
    {
      "code": "822",
      "display": "乳腺・甲状腺外科"
    },
    {
      "code": "823",
      "display": "乳腺・内分泌外科"
    },
    {
      "code": "824",
      "display": "ブレストセンター"
    },
    {
      "code": "831",
      "display": "緩和ケア相談"
    },
    {
      "code": "832",
      "display": "緩和医療"
    },
    {
      "code": "833",
      "display": "地域包括緩和ケア"
    },
    {
      "code": "851",
      "display": "ゲノム診療部"
    },
    {
      "code": "861",
      "display": "顎口腔外科"
    },
    {
      "code": "862",
      "display": "顎顔面再建科"
    },
    {
      "code": "863",
      "display": "顎機能科"
    },
    {
      "code": "864",
      "display": "顎検査科"
    },
    {
      "code": "865",
      "display": "顎歯科"
    },
    {
      "code": "866",
      "display": "顔面口腔外科"
    },
    {
      "code": "867",
      "display": "顔面外科"
    },
    {
      "code": "86A",
      "display": "口腔診療科"
    },
    {
      "code": "86D",
      "display": "口腔総合診療科"
    },
    {
      "code": "86E",
      "display": "口腔画像診断科"
    },
    {
      "code": "86F",
      "display": "口腔機能回復科"
    },
    {
      "code": "86G",
      "display": "口腔診断科"
    },
    {
      "code": "86H",
      "display": "口腔言語科"
    },
    {
      "code": "882",
      "display": "保健診療部"
    },
    {
      "code": "883",
      "display": "メディカルフィットネス"
    },
    {
      "code": "8D2",
      "display": "デイ・サージェリー"
    },
    {
      "code": "8E1",
      "display": "薬剤情報部"
    },
    {
      "code": "8E2",
      "display": "臨床薬理内科"
    },
    {
      "code": "901",
      "display": "歯科顎口腔外科"
    },
    {
      "code": "902",
      "display": "歯科口腔外科"
    },
    {
      "code": "903",
      "display": "矯正歯科"
    },
    {
      "code": "904",
      "display": "歯周科"
    },
    {
      "code": "905",
      "display": "歯内治療科"
    },
    {
      "code": "906",
      "display": "小児歯科"
    },
    {
      "code": "907",
      "display": "障害歯科"
    },
    {
      "code": "908",
      "display": "クラウン補綴科"
    },
    {
      "code": "909",
      "display": "特殊歯科"
    },
    {
      "code": "90A",
      "display": "虫歯科"
    },
    {
      "code": "90B",
      "display": "医学支援歯科"
    },
    {
      "code": "90C",
      "display": "全身管理歯科"
    },
    {
      "code": "90D",
      "display": "総合歯科"
    },
    {
      "code": "90E",
      "display": "保存修復歯科"
    },
    {
      "code": "90F",
      "display": "予防歯科"
    },
    {
      "code": "90G",
      "display": "咬合修復科"
    },
    {
      "code": "90H",
      "display": "審美歯科"
    },
    {
      "code": "90J",
      "display": "義歯科"
    },
    {
      "code": "90K",
      "display": "義歯補綴科"
    },
    {
      "code": "90L",
      "display": "インプラント歯科"
    },
    {
      "code": "90M",
      "display": "高齢歯科"
    },
    {
      "code": "90N",
      "display": "小児咬合障害科"
    },
    {
      "code": "90P",
      "display": "歯科麻酔科"
    },
    {
      "code": "90R",
      "display": "歯科X線科"
    },
    {
      "code": "90S",
      "display": "健康歯科"
    },
    {
      "code": "90T",
      "display": "歯科予診"
    },
    {
      "code": "981",
      "display": "病歴部"
    },
    {
      "code": "982",
      "display": "事務"
    },
    {
      "code": "983",
      "display": "医療社会福祉部"
    }
  ]
}