{
  "resourceType": "CodeSystem",
  "id": "jp-medication-unit-merit9-cs",
  "text": {
    "status": "generated",
    "div": "<div xmlns=\"http://www.w3.org/1999/xhtml\"><p>This code system urn:oid:1.2.392.100495.20.2.101 defines the following codes:</p><table class=\"codes\"><tr><td style=\"white-space:nowrap\"><b>Code</b></td><td><b>Display</b></td></tr><tr><td style=\"white-space:nowrap\">PART<a name=\"jp-medication-unit-merit9-cs-PART\"> </a></td><td>分</td></tr><tr><td style=\"white-space:nowrap\">TIME<a name=\"jp-medication-unit-merit9-cs-TIME\"> </a></td><td>回</td></tr><tr><td style=\"white-space:nowrap\">KIND<a name=\"jp-medication-unit-merit9-cs-KIND\"> </a></td><td>種</td></tr><tr><td style=\"white-space:nowrap\">BOX<a name=\"jp-medication-unit-merit9-cs-BOX\"> </a></td><td>箱</td></tr><tr><td style=\"white-space:nowrap\">ROLL<a name=\"jp-medication-unit-merit9-cs-ROLL\"> </a></td><td>巻</td></tr><tr><td style=\"white-space:nowrap\">SHT<a name=\"jp-medication-unit-merit9-cs-SHT\"> </a></td><td>枚</td></tr><tr><td style=\"white-space:nowrap\">HON<a name=\"jp-medication-unit-merit9-cs-HON\"> </a></td><td>本</td></tr><tr><td style=\"white-space:nowrap\">PARI<a name=\"jp-medication-unit-merit9-cs-PARI\"> </a></td><td>組</td></tr><tr><td style=\"white-space:nowrap\">SET<a name=\"jp-medication-unit-merit9-cs-SET\"> </a></td><td>セット</td></tr><tr><td style=\"white-space:nowrap\">KO<a name=\"jp-medication-unit-merit9-cs-KO\"> </a></td><td>個</td></tr><tr><td style=\"white-space:nowrap\">TEAR<a name=\"jp-medication-unit-merit9-cs-TEAR\"> </a></td><td>裂</td></tr><tr><td style=\"white-space:nowrap\">DIR<a name=\"jp-medication-unit-merit9-cs-DIR\"> </a></td><td>方向</td></tr><tr><td style=\"white-space:nowrap\">TROC<a name=\"jp-medication-unit-merit9-cs-TROC\"> </a></td><td>トローチ</td></tr><tr><td style=\"white-space:nowrap\">AMP<a name=\"jp-medication-unit-merit9-cs-AMP\"> </a></td><td>アンプル</td></tr><tr><td style=\"white-space:nowrap\">CAP<a name=\"jp-medication-unit-merit9-cs-CAP\"> </a></td><td>カプセル</td></tr><tr><td style=\"white-space:nowrap\">TAB<a name=\"jp-medication-unit-merit9-cs-TAB\"> </a></td><td>錠</td></tr><tr><td style=\"white-space:nowrap\">PILL<a name=\"jp-medication-unit-merit9-cs-PILL\"> </a></td><td>丸</td></tr><tr><td style=\"white-space:nowrap\">PCK<a name=\"jp-medication-unit-merit9-cs-PCK\"> </a></td><td>包</td></tr><tr><td style=\"white-space:nowrap\">BTL<a name=\"jp-medication-unit-merit9-cs-BTL\"> </a></td><td>瓶</td></tr><tr><td style=\"white-space:nowrap\">BAG<a name=\"jp-medication-unit-merit9-cs-BAG\"> </a></td><td>袋</td></tr><tr><td style=\"white-space:nowrap\">BTLB<a name=\"jp-medication-unit-merit9-cs-BTLB\"> </a></td><td>瓶（袋）</td></tr><tr><td style=\"white-space:nowrap\">TUBE<a name=\"jp-medication-unit-merit9-cs-TUBE\"> </a></td><td>管</td></tr><tr><td style=\"white-space:nowrap\">SYRG<a name=\"jp-medication-unit-merit9-cs-SYRG\"> </a></td><td>シリンジ</td></tr><tr><td style=\"white-space:nowrap\">DOSE<a name=\"jp-medication-unit-merit9-cs-DOSE\"> </a></td><td>回分</td></tr><tr><td style=\"white-space:nowrap\">TEST<a name=\"jp-medication-unit-merit9-cs-TEST\"> </a></td><td>テスト分</td></tr><tr><td style=\"white-space:nowrap\">GCYL<a name=\"jp-medication-unit-merit9-cs-GCYL\"> </a></td><td>ガラス筒</td></tr><tr><td style=\"white-space:nowrap\">RODT<a name=\"jp-medication-unit-merit9-cs-RODT\"> </a></td><td>桿錠</td></tr><tr><td style=\"white-space:nowrap\">UNT<a name=\"jp-medication-unit-merit9-cs-UNT\"> </a></td><td>単位</td></tr><tr><td style=\"white-space:nowrap\">TTUN<a name=\"jp-medication-unit-merit9-cs-TTUN\"> </a></td><td>万単位</td></tr><tr><td style=\"white-space:nowrap\">FEET<a name=\"jp-medication-unit-merit9-cs-FEET\"> </a></td><td>フィート</td></tr><tr><td style=\"white-space:nowrap\">DROP<a name=\"jp-medication-unit-merit9-cs-DROP\"> </a></td><td>滴</td></tr><tr><td style=\"white-space:nowrap\">MG<a name=\"jp-medication-unit-merit9-cs-MG\"> </a></td><td>ｍｇ</td></tr><tr><td style=\"white-space:nowrap\">G<a name=\"jp-medication-unit-merit9-cs-G\"> </a></td><td>ｇ</td></tr><tr><td style=\"white-space:nowrap\">KG<a name=\"jp-medication-unit-merit9-cs-KG\"> </a></td><td>ｋｇ</td></tr><tr><td style=\"white-space:nowrap\">CC<a name=\"jp-medication-unit-merit9-cs-CC\"> </a></td><td>ｃｃ</td></tr><tr><td style=\"white-space:nowrap\">ML<a name=\"jp-medication-unit-merit9-cs-ML\"> </a></td><td>ｍＬ</td></tr><tr><td style=\"white-space:nowrap\">L<a name=\"jp-medication-unit-merit9-cs-L\"> </a></td><td>Ｌ</td></tr><tr><td style=\"white-space:nowrap\">MLV<a name=\"jp-medication-unit-merit9-cs-MLV\"> </a></td><td>ｍＬＶ</td></tr><tr><td style=\"white-space:nowrap\">VIL<a name=\"jp-medication-unit-merit9-cs-VIL\"> </a></td><td>バイアル</td></tr><tr><td style=\"white-space:nowrap\">CM<a name=\"jp-medication-unit-merit9-cs-CM\"> </a></td><td>ｃｍ</td></tr><tr><td style=\"white-space:nowrap\">CM2<a name=\"jp-medication-unit-merit9-cs-CM2\"> </a></td><td>ｃｍ２</td></tr><tr><td style=\"white-space:nowrap\">M<a name=\"jp-medication-unit-merit9-cs-M\"> </a></td><td>ｍ</td></tr><tr><td style=\"white-space:nowrap\">MCCI<a name=\"jp-medication-unit-merit9-cs-MCCI\"> </a></td><td>μＣｉ</td></tr><tr><td style=\"white-space:nowrap\">MCI<a name=\"jp-medication-unit-merit9-cs-MCI\"> </a></td><td>ｍＣｉ</td></tr><tr><td style=\"white-space:nowrap\">MCG<a name=\"jp-medication-unit-merit9-cs-MCG\"> </a></td><td>μｇ</td></tr><tr><td style=\"white-space:nowrap\">BKR<a name=\"jp-medication-unit-merit9-cs-BKR\"> </a></td><td>管（瓶）</td></tr><tr><td style=\"white-space:nowrap\">PIPE<a name=\"jp-medication-unit-merit9-cs-PIPE\"> </a></td><td>筒</td></tr><tr><td style=\"white-space:nowrap\">GBQ<a name=\"jp-medication-unit-merit9-cs-GBQ\"> </a></td><td>ＧＢｑ</td></tr><tr><td style=\"white-space:nowrap\">MGBQ<a name=\"jp-medication-unit-merit9-cs-MGBQ\"> </a></td><td>ＭＢｑ</td></tr><tr><td style=\"white-space:nowrap\">KBQ<a name=\"jp-medication-unit-merit9-cs-KBQ\"> </a></td><td>ＫＢｑ</td></tr><tr><td style=\"white-space:nowrap\">KIT<a name=\"jp-medication-unit-merit9-cs-KIT\"> </a></td><td>キット</td></tr><tr><td style=\"white-space:nowrap\">IUNT<a name=\"jp-medication-unit-merit9-cs-IUNT\"> </a></td><td>国際単位</td></tr><tr><td style=\"white-space:nowrap\">PAT<a name=\"jp-medication-unit-merit9-cs-PAT\"> </a></td><td>患者当り</td></tr><tr><td style=\"white-space:nowrap\">ATM<a name=\"jp-medication-unit-merit9-cs-ATM\"> </a></td><td>気圧</td></tr><tr><td style=\"white-space:nowrap\">CAN<a name=\"jp-medication-unit-merit9-cs-CAN\"> </a></td><td>缶</td></tr><tr><td style=\"white-space:nowrap\">OPE<a name=\"jp-medication-unit-merit9-cs-OPE\"> </a></td><td>手術当り</td></tr><tr><td style=\"white-space:nowrap\">VSL<a name=\"jp-medication-unit-merit9-cs-VSL\"> </a></td><td>容器</td></tr><tr><td style=\"white-space:nowrap\">MLG<a name=\"jp-medication-unit-merit9-cs-MLG\"> </a></td><td>ｍＬ（ｇ）</td></tr><tr><td style=\"white-space:nowrap\">BLST<a name=\"jp-medication-unit-merit9-cs-BLST\"> </a></td><td>ブリスター</td></tr><tr><td style=\"white-space:nowrap\">SHET<a name=\"jp-medication-unit-merit9-cs-SHET\"> </a></td><td>シート</td></tr><tr><td style=\"white-space:nowrap\">TUNT<a name=\"jp-medication-unit-merit9-cs-TUNT\"> </a></td><td>千単位</td></tr><tr><td style=\"white-space:nowrap\">TTIU<a name=\"jp-medication-unit-merit9-cs-TTIU\"> </a></td><td>万国際単位</td></tr><tr><td style=\"white-space:nowrap\">MEQ<a name=\"jp-medication-unit-merit9-cs-MEQ\"> </a></td><td>ｍＥｑ</td></tr><tr><td style=\"white-space:nowrap\">MCL<a name=\"jp-medication-unit-merit9-cs-MCL\"> </a></td><td>μＬ</td></tr></table></div>"
  },
  "url": "urn:oid:1.2.392.100495.20.2.101",
  "version": "1.1.0a",
  "name": "JP_MedicationUnitMERIT9_CS",
  "title": "JP Core Medication MERIT9 Unit CodeSystem",
  "status": "draft",
  "date": "2022-08-29T14:08:50+00:00",
  "publisher": "FHIR Japanese implementation research working group in Japan Association of Medical Informatics (JAMI)",
  "contact": [
    {
      "name": "FHIR Japanese implementation research working group in Japan Association of Medical Informatics (JAMI)",
      "telecom": [
        {
          "system": "url",
          "value": "http://jpfhir.jp"
        },
        {
          "system": "email",
          "value": "office@hlfhir.jp"
        }
      ]
    }
  ],
  "description": "MERIT9医薬品単位略号のコードシステム",
  "jurisdiction": [
    {
      "coding": [
        {
          "system": "urn:iso:std:iso:3166",
          "code": "JP"
        }
      ]
    }
  ],
  "copyright": "FHIR Japanese implementation research working group in Japan Association of Medical Informatics (JAMI)",
  "caseSensitive": true,
  "content": "complete",
  "count": 64,
  "concept": [
    {
      "code": "PART",
      "display": "分"
    },
    {
      "code": "TIME",
      "display": "回"
    },
    {
      "code": "KIND",
      "display": "種"
    },
    {
      "code": "BOX",
      "display": "箱"
    },
    {
      "code": "ROLL",
      "display": "巻"
    },
    {
      "code": "SHT",
      "display": "枚"
    },
    {
      "code": "HON",
      "display": "本"
    },
    {
      "code": "PARI",
      "display": "組"
    },
    {
      "code": "SET",
      "display": "セット"
    },
    {
      "code": "KO",
      "display": "個"
    },
    {
      "code": "TEAR",
      "display": "裂"
    },
    {
      "code": "DIR",
      "display": "方向"
    },
    {
      "code": "TROC",
      "display": "トローチ"
    },
    {
      "code": "AMP",
      "display": "アンプル"
    },
    {
      "code": "CAP",
      "display": "カプセル"
    },
    {
      "code": "TAB",
      "display": "錠"
    },
    {
      "code": "PILL",
      "display": "丸"
    },
    {
      "code": "PCK",
      "display": "包"
    },
    {
      "code": "BTL",
      "display": "瓶"
    },
    {
      "code": "BAG",
      "display": "袋"
    },
    {
      "code": "BTLB",
      "display": "瓶（袋）"
    },
    {
      "code": "TUBE",
      "display": "管"
    },
    {
      "code": "SYRG",
      "display": "シリンジ"
    },
    {
      "code": "DOSE",
      "display": "回分"
    },
    {
      "code": "TEST",
      "display": "テスト分"
    },
    {
      "code": "GCYL",
      "display": "ガラス筒"
    },
    {
      "code": "RODT",
      "display": "桿錠"
    },
    {
      "code": "UNT",
      "display": "単位"
    },
    {
      "code": "TTUN",
      "display": "万単位"
    },
    {
      "code": "FEET",
      "display": "フィート"
    },
    {
      "code": "DROP",
      "display": "滴"
    },
    {
      "code": "MG",
      "display": "ｍｇ"
    },
    {
      "code": "G",
      "display": "ｇ"
    },
    {
      "code": "KG",
      "display": "ｋｇ"
    },
    {
      "code": "CC",
      "display": "ｃｃ"
    },
    {
      "code": "ML",
      "display": "ｍＬ"
    },
    {
      "code": "L",
      "display": "Ｌ"
    },
    {
      "code": "MLV",
      "display": "ｍＬＶ"
    },
    {
      "code": "VIL",
      "display": "バイアル"
    },
    {
      "code": "CM",
      "display": "ｃｍ"
    },
    {
      "code": "CM2",
      "display": "ｃｍ２"
    },
    {
      "code": "M",
      "display": "ｍ"
    },
    {
      "code": "MCCI",
      "display": "μＣｉ"
    },
    {
      "code": "MCI",
      "display": "ｍＣｉ"
    },
    {
      "code": "MCG",
      "display": "μｇ"
    },
    {
      "code": "BKR",
      "display": "管（瓶）"
    },
    {
      "code": "PIPE",
      "display": "筒"
    },
    {
      "code": "GBQ",
      "display": "ＧＢｑ"
    },
    {
      "code": "MGBQ",
      "display": "ＭＢｑ"
    },
    {
      "code": "KBQ",
      "display": "ＫＢｑ"
    },
    {
      "code": "KIT",
      "display": "キット"
    },
    {
      "code": "IUNT",
      "display": "国際単位"
    },
    {
      "code": "PAT",
      "display": "患者当り"
    },
    {
      "code": "ATM",
      "display": "気圧"
    },
    {
      "code": "CAN",
      "display": "缶"
    },
    {
      "code": "OPE",
      "display": "手術当り"
    },
    {
      "code": "VSL",
      "display": "容器"
    },
    {
      "code": "MLG",
      "display": "ｍＬ（ｇ）"
    },
    {
      "code": "BLST",
      "display": "ブリスター"
    },
    {
      "code": "SHET",
      "display": "シート"
    },
    {
      "code": "TUNT",
      "display": "千単位"
    },
    {
      "code": "TTIU",
      "display": "万国際単位"
    },
    {
      "code": "MEQ",
      "display": "ｍＥｑ"
    },
    {
      "code": "MCL",
      "display": "μＬ"
    }
  ]
}