{
  "resourceType": "CodeSystem",
  "id": "jp-procedure-codes-nurse-cs",
  "text": {
    "status": "generated",
    "div": "<div xmlns=\"http://www.w3.org/1999/xhtml\"><p>This code system http://jpfhir.jp/fhir/Common/CodeSystem/JP_ProcedureCodesNurse_CS defines the following codes:</p><table class=\"codes\"><tr><td style=\"white-space:nowrap\"><b>Code</b></td></tr></table></div>"
  },
  "url": "http://jpfhir.jp/fhir/Common/CodeSystem/JP_ProcedureCodesNurse_CS",
  "version": "1.1.0a",
  "name": "JP_ProcedureCodesNurse_CS",
  "title": "JP Core Procedure Codes(Nurse)",
  "status": "draft",
  "date": "2022-07-14T07:22:28+00:00",
  "publisher": "FHIR Japanese implementation research working group in Japan Association of Medical Informatics (JAMI)",
  "contact": [
    {
      "name": "FHIR Japanese implementation research working group in Japan Association of Medical Informatics (JAMI)",
      "telecom": [
        {
          "system": "url",
          "value": "http://jpfhir.jp"
        },
        {
          "system": "email",
          "value": "office@hlfhir.jp"
        }
      ]
    }
  ],
  "description": "Procesureで使用する処置のコード 看護実践用語標準マスター(看護行為)",
  "jurisdiction": [
    {
      "coding": [
        {
          "system": "urn:iso:std:iso:3166",
          "code": "JP"
        }
      ]
    }
  ],
  "copyright": "FHIR Japanese implementation research working group in Japan Association of Medical Informatics (JAMI)",
  "caseSensitive": true,
  "content": "complete"
}