{
  "resourceType": "CodeSystem",
  "id": "jp-procedure-codes-dental-cs",
  "text": {
    "status": "generated",
    "div": "<div xmlns=\"http://www.w3.org/1999/xhtml\"><p>This code system http://jpfhir.jp/fhir/Common/CodeSystem/JP_ProcedureCodesDental_CS defines the following codes:</p><table class=\"codes\"><tr><td style=\"white-space:nowrap\"><b>Code</b></td><td><b>Display</b></td></tr><tr><td style=\"white-space:nowrap\">304000110<a name=\"jp-procedure-codes-dental-cs-304000110\"> </a></td><td>電気的根管長測定検査</td></tr><tr><td style=\"white-space:nowrap\">304000270<a name=\"jp-procedure-codes-dental-cs-304000270\"> </a></td><td>２根管以上加算（電気的根管長測定検査）</td></tr><tr><td style=\"white-space:nowrap\">304000310<a name=\"jp-procedure-codes-dental-cs-304000310\"> </a></td><td>細菌簡易培養検査</td></tr><tr><td style=\"white-space:nowrap\">304000410<a name=\"jp-procedure-codes-dental-cs-304000410\"> </a></td><td>歯周基本検査（１歯以上１０歯未満）</td></tr><tr><td style=\"white-space:nowrap\">304000510<a name=\"jp-procedure-codes-dental-cs-304000510\"> </a></td><td>歯周基本検査（１０歯以上２０歯未満）</td></tr></table></div>"
  },
  "url": "http://jpfhir.jp/fhir/Common/CodeSystem/JP_ProcedureCodesDental_CS",
  "version": "1.1.0a",
  "name": "JP_ProcedureCodesDental_CS",
  "title": "JP Core Procedure Codes(Dental)",
  "status": "draft",
  "date": "2022-07-14T11:39:13+00:00",
  "publisher": "FHIR Japanese implementation research working group in Japan Association of Medical Informatics (JAMI)",
  "contact": [
    {
      "name": "FHIR Japanese implementation research working group in Japan Association of Medical Informatics (JAMI)",
      "telecom": [
        {
          "system": "url",
          "value": "http://jpfhir.jp"
        },
        {
          "system": "email",
          "value": "office@hlfhir.jp"
        }
      ]
    }
  ],
  "description": "Procesureで使用する処置のコード 歯科診療行為マスタ",
  "jurisdiction": [
    {
      "coding": [
        {
          "system": "urn:iso:std:iso:3166",
          "code": "JP"
        }
      ]
    }
  ],
  "copyright": "FHIR Japanese implementation research working group in Japan Association of Medical Informatics (JAMI)",
  "caseSensitive": true,
  "content": "complete",
  "count": 5,
  "concept": [
    {
      "code": "304000110",
      "display": "電気的根管長測定検査"
    },
    {
      "code": "304000270",
      "display": "２根管以上加算（電気的根管長測定検査）"
    },
    {
      "code": "304000310",
      "display": "細菌簡易培養検査"
    },
    {
      "code": "304000410",
      "display": "歯周基本検査（１歯以上１０歯未満）"
    },
    {
      "code": "304000510",
      "display": "歯周基本検査（１０歯以上２０歯未満）"
    }
  ]
}