{
  "resourceType": "CodeSystem",
  "id": "jp-medication-example-ratecomment-cs",
  "text": {
    "status": "generated",
    "div": "<div xmlns=\"http://www.w3.org/1999/xhtml\"><p>This code system <code>http://jpfhir.jp/fhir/Examples/CodeSystem/JP_MedicationAdministrationDosageRateComment_CS</code> defines some example codes:</p><table class=\"codes\"><tr><td style=\"white-space:nowrap\"><b>Code</b></td><td><b>Display</b></td></tr><tr><td style=\"white-space:nowrap\">01<a name=\"jp-medication-example-ratecomment-cs-01\"> </a></td><td>１時間一定速度で</td></tr><tr><td style=\"white-space:nowrap\">02<a name=\"jp-medication-example-ratecomment-cs-02\"> </a></td><td>２時間一定速度で</td></tr><tr><td style=\"white-space:nowrap\">03<a name=\"jp-medication-example-ratecomment-cs-03\"> </a></td><td>３時間一定速度で</td></tr><tr><td style=\"white-space:nowrap\">04<a name=\"jp-medication-example-ratecomment-cs-04\"> </a></td><td>４時間一定速度で</td></tr><tr><td style=\"white-space:nowrap\">05<a name=\"jp-medication-example-ratecomment-cs-05\"> </a></td><td>５時間一定速度で</td></tr><tr><td style=\"white-space:nowrap\">10<a name=\"jp-medication-example-ratecomment-cs-10\"> </a></td><td>倍速で実施</td></tr></table></div>"
  },
  "url": "http://jpfhir.jp/fhir/Examples/CodeSystem/JP_MedicationAdministrationDosageRateComment_CS",
  "version": "1.1.0a",
  "name": "JP_MedicationExampleRateComment_CS",
  "title": "JP Medication Example RateComment",
  "status": "draft",
  "date": "2022-09-18T06:42:45+00:00",
  "publisher": "FHIR Japanese implementation research working group in Japan Association of Medical Informatics (JAMI)",
  "contact": [
    {
      "name": "FHIR Japanese implementation research working group in Japan Association of Medical Informatics (JAMI)",
      "telecom": [
        {
          "system": "url",
          "value": "http://jpfhir.jp"
        },
        {
          "system": "email",
          "value": "office@hlfhir.jp"
        }
      ]
    }
  ],
  "description": "注射投与速度コメントのコードシステム例",
  "jurisdiction": [
    {
      "coding": [
        {
          "system": "urn:iso:std:iso:3166",
          "code": "JP"
        }
      ]
    }
  ],
  "copyright": "FHIR Japanese implementation research working group in Japan Association of Medical Informatics (JAMI)",
  "caseSensitive": true,
  "content": "example",
  "concept": [
    {
      "code": "01",
      "display": "１時間一定速度で"
    },
    {
      "code": "02",
      "display": "２時間一定速度で"
    },
    {
      "code": "03",
      "display": "３時間一定速度で"
    },
    {
      "code": "04",
      "display": "４時間一定速度で"
    },
    {
      "code": "05",
      "display": "５時間一定速度で"
    },
    {
      "code": "10",
      "display": "倍速で実施"
    }
  ]
}