{
  "resourceType": "CodeSystem",
  "id": "jp-observation-bodymeasurement-code-cs",
  "text": {
    "status": "generated",
    "div": "<div xmlns=\"http://www.w3.org/1999/xhtml\"><p>This code system http://jpfhir.jp/fhir/Common/CodeSystem/JP_ObservationBodyMeasurementCode_CS defines the following codes:</p><table class=\"codes\"><tr><td style=\"white-space:nowrap\"><b>Code</b></td><td><b>Display</b></td></tr><tr><td style=\"white-space:nowrap\">31000296<a name=\"jp-observation-bodymeasurement-code-cs-31000296\"> </a></td><td>体重</td></tr><tr><td style=\"white-space:nowrap\">31000297<a name=\"jp-observation-bodymeasurement-code-cs-31000297\"> </a></td><td>体重</td></tr><tr><td style=\"white-space:nowrap\">31000298<a name=\"jp-observation-bodymeasurement-code-cs-31000298\"> </a></td><td>身長</td></tr><tr><td style=\"white-space:nowrap\">31000299<a name=\"jp-observation-bodymeasurement-code-cs-31000299\"> </a></td><td>胸囲</td></tr><tr><td style=\"white-space:nowrap\">31000300<a name=\"jp-observation-bodymeasurement-code-cs-31000300\"> </a></td><td>腹囲（臍上）</td></tr><tr><td style=\"white-space:nowrap\">31000301<a name=\"jp-observation-bodymeasurement-code-cs-31000301\"> </a></td><td>腹囲</td></tr><tr><td style=\"white-space:nowrap\">31000901<a name=\"jp-observation-bodymeasurement-code-cs-31000901\"> </a></td><td>開口度</td></tr><tr><td style=\"white-space:nowrap\">31000902<a name=\"jp-observation-bodymeasurement-code-cs-31000902\"> </a></td><td>開口度</td></tr><tr><td style=\"white-space:nowrap\">31001697<a name=\"jp-observation-bodymeasurement-code-cs-31001697\"> </a></td><td>体脂肪率</td></tr><tr><td style=\"white-space:nowrap\">31002749<a name=\"jp-observation-bodymeasurement-code-cs-31002749\"> </a></td><td>右上腕周囲</td></tr><tr><td style=\"white-space:nowrap\">31002750<a name=\"jp-observation-bodymeasurement-code-cs-31002750\"> </a></td><td>左上腕周囲</td></tr><tr><td style=\"white-space:nowrap\">31002751<a name=\"jp-observation-bodymeasurement-code-cs-31002751\"> </a></td><td>右前腕周囲</td></tr><tr><td style=\"white-space:nowrap\">31002752<a name=\"jp-observation-bodymeasurement-code-cs-31002752\"> </a></td><td>左前腕周囲</td></tr><tr><td style=\"white-space:nowrap\">31002753<a name=\"jp-observation-bodymeasurement-code-cs-31002753\"> </a></td><td>右大腿周囲</td></tr><tr><td style=\"white-space:nowrap\">31002754<a name=\"jp-observation-bodymeasurement-code-cs-31002754\"> </a></td><td>左大腿周囲</td></tr><tr><td style=\"white-space:nowrap\">31002755<a name=\"jp-observation-bodymeasurement-code-cs-31002755\"> </a></td><td>右下腿周囲</td></tr><tr><td style=\"white-space:nowrap\">31002756<a name=\"jp-observation-bodymeasurement-code-cs-31002756\"> </a></td><td>左下腿周囲</td></tr><tr><td style=\"white-space:nowrap\">31002900<a name=\"jp-observation-bodymeasurement-code-cs-31002900\"> </a></td><td>出生体重</td></tr><tr><td style=\"white-space:nowrap\">31003020<a name=\"jp-observation-bodymeasurement-code-cs-31003020\"> </a></td><td>ＢＭＩ</td></tr><tr><td style=\"white-space:nowrap\">31003138<a name=\"jp-observation-bodymeasurement-code-cs-31003138\"> </a></td><td>標準体重</td></tr><tr><td style=\"white-space:nowrap\">31003177<a name=\"jp-observation-bodymeasurement-code-cs-31003177\"> </a></td><td>肘窩上部１０ｃｍ周囲長（右患側）</td></tr><tr><td style=\"white-space:nowrap\">31003178<a name=\"jp-observation-bodymeasurement-code-cs-31003178\"> </a></td><td>肘窩上部１０ｃｍ周囲長（左患側）</td></tr><tr><td style=\"white-space:nowrap\">31003179<a name=\"jp-observation-bodymeasurement-code-cs-31003179\"> </a></td><td>肘窩上部１０ｃｍ周囲長（患側）</td></tr><tr><td style=\"white-space:nowrap\">31003180<a name=\"jp-observation-bodymeasurement-code-cs-31003180\"> </a></td><td>肘窩上部１０ｃｍ周囲長（右健側）</td></tr><tr><td style=\"white-space:nowrap\">31003181<a name=\"jp-observation-bodymeasurement-code-cs-31003181\"> </a></td><td>肘窩上部１０ｃｍ周囲長（左健側）</td></tr><tr><td style=\"white-space:nowrap\">31003182<a name=\"jp-observation-bodymeasurement-code-cs-31003182\"> </a></td><td>肘窩上部１０ｃｍ周囲長（健側）</td></tr><tr><td style=\"white-space:nowrap\">31003183<a name=\"jp-observation-bodymeasurement-code-cs-31003183\"> </a></td><td>肘窩下部５ｃｍ周囲長（右患側）</td></tr><tr><td style=\"white-space:nowrap\">31003184<a name=\"jp-observation-bodymeasurement-code-cs-31003184\"> </a></td><td>肘窩下部５ｃｍ周囲長（左患側）</td></tr><tr><td style=\"white-space:nowrap\">31003185<a name=\"jp-observation-bodymeasurement-code-cs-31003185\"> </a></td><td>肘窩下部５ｃｍ周囲長（患側）</td></tr><tr><td style=\"white-space:nowrap\">31003186<a name=\"jp-observation-bodymeasurement-code-cs-31003186\"> </a></td><td>肘窩下部５ｃｍ周囲長（右健側）</td></tr><tr><td style=\"white-space:nowrap\">31003187<a name=\"jp-observation-bodymeasurement-code-cs-31003187\"> </a></td><td>肘窩下部５ｃｍ周囲長（左健側）</td></tr><tr><td style=\"white-space:nowrap\">31003188<a name=\"jp-observation-bodymeasurement-code-cs-31003188\"> </a></td><td>肘窩下部５ｃｍ周囲長（健側）</td></tr><tr><td style=\"white-space:nowrap\">31003189<a name=\"jp-observation-bodymeasurement-code-cs-31003189\"> </a></td><td>手関節周囲長（右患側）</td></tr><tr><td style=\"white-space:nowrap\">31003190<a name=\"jp-observation-bodymeasurement-code-cs-31003190\"> </a></td><td>手関節周囲長（左患側）</td></tr><tr><td style=\"white-space:nowrap\">31003191<a name=\"jp-observation-bodymeasurement-code-cs-31003191\"> </a></td><td>手関節周囲長（患側）</td></tr><tr><td style=\"white-space:nowrap\">31003192<a name=\"jp-observation-bodymeasurement-code-cs-31003192\"> </a></td><td>手関節周囲長（右健側）</td></tr><tr><td style=\"white-space:nowrap\">31003193<a name=\"jp-observation-bodymeasurement-code-cs-31003193\"> </a></td><td>手関節周囲長（左健側）</td></tr><tr><td style=\"white-space:nowrap\">31003194<a name=\"jp-observation-bodymeasurement-code-cs-31003194\"> </a></td><td>手関節周囲長（健側）</td></tr><tr><td style=\"white-space:nowrap\">31003195<a name=\"jp-observation-bodymeasurement-code-cs-31003195\"> </a></td><td>ＭＰ関節周囲長（右患側）</td></tr><tr><td style=\"white-space:nowrap\">31003196<a name=\"jp-observation-bodymeasurement-code-cs-31003196\"> </a></td><td>ＭＰ関節周囲長（左患側）</td></tr><tr><td style=\"white-space:nowrap\">31003197<a name=\"jp-observation-bodymeasurement-code-cs-31003197\"> </a></td><td>ＭＰ関節周囲長（患側）</td></tr><tr><td style=\"white-space:nowrap\">31003198<a name=\"jp-observation-bodymeasurement-code-cs-31003198\"> </a></td><td>ＭＰ関節周囲長（右健側）</td></tr><tr><td style=\"white-space:nowrap\">31003199<a name=\"jp-observation-bodymeasurement-code-cs-31003199\"> </a></td><td>ＭＰ関節周囲長（左健側）</td></tr><tr><td style=\"white-space:nowrap\">31003200<a name=\"jp-observation-bodymeasurement-code-cs-31003200\"> </a></td><td>ＭＰ関節周囲長（健側）</td></tr><tr><td style=\"white-space:nowrap\">31003201<a name=\"jp-observation-bodymeasurement-code-cs-31003201\"> </a></td><td>大腿根部周囲長（右患側）</td></tr><tr><td style=\"white-space:nowrap\">31003202<a name=\"jp-observation-bodymeasurement-code-cs-31003202\"> </a></td><td>大腿根部周囲長（左患側）</td></tr><tr><td style=\"white-space:nowrap\">31003203<a name=\"jp-observation-bodymeasurement-code-cs-31003203\"> </a></td><td>大腿根部周囲長（患側）</td></tr><tr><td style=\"white-space:nowrap\">31003204<a name=\"jp-observation-bodymeasurement-code-cs-31003204\"> </a></td><td>大腿根部周囲長（右健側）</td></tr><tr><td style=\"white-space:nowrap\">31003205<a name=\"jp-observation-bodymeasurement-code-cs-31003205\"> </a></td><td>大腿根部周囲長（左健側）</td></tr><tr><td style=\"white-space:nowrap\">31003206<a name=\"jp-observation-bodymeasurement-code-cs-31003206\"> </a></td><td>大腿根部周囲長（健側）</td></tr><tr><td style=\"white-space:nowrap\">31003207<a name=\"jp-observation-bodymeasurement-code-cs-31003207\"> </a></td><td>膝窩上部１０ｃｍ周囲長（右患側）</td></tr><tr><td style=\"white-space:nowrap\">31003208<a name=\"jp-observation-bodymeasurement-code-cs-31003208\"> </a></td><td>膝窩上部１０ｃｍ周囲長（左患側）</td></tr><tr><td style=\"white-space:nowrap\">31003209<a name=\"jp-observation-bodymeasurement-code-cs-31003209\"> </a></td><td>膝窩上部１０ｃｍ周囲長（患側）</td></tr><tr><td style=\"white-space:nowrap\">31003210<a name=\"jp-observation-bodymeasurement-code-cs-31003210\"> </a></td><td>膝窩上部１０ｃｍ周囲長（右健側）</td></tr><tr><td style=\"white-space:nowrap\">31003211<a name=\"jp-observation-bodymeasurement-code-cs-31003211\"> </a></td><td>膝窩上部１０ｃｍ周囲長（左健側）</td></tr><tr><td style=\"white-space:nowrap\">31003212<a name=\"jp-observation-bodymeasurement-code-cs-31003212\"> </a></td><td>膝窩上部１０ｃｍ周囲長（健側）</td></tr><tr><td style=\"white-space:nowrap\">31003213<a name=\"jp-observation-bodymeasurement-code-cs-31003213\"> </a></td><td>膝窩下部５ｃｍ周囲長（右患側）</td></tr><tr><td style=\"white-space:nowrap\">31003214<a name=\"jp-observation-bodymeasurement-code-cs-31003214\"> </a></td><td>膝窩下部５ｃｍ周囲長（左患側）</td></tr><tr><td style=\"white-space:nowrap\">31003215<a name=\"jp-observation-bodymeasurement-code-cs-31003215\"> </a></td><td>膝窩下部５ｃｍ周囲長（患側）</td></tr><tr><td style=\"white-space:nowrap\">31003216<a name=\"jp-observation-bodymeasurement-code-cs-31003216\"> </a></td><td>膝窩下部５ｃｍ周囲長（右健側）</td></tr><tr><td style=\"white-space:nowrap\">31003217<a name=\"jp-observation-bodymeasurement-code-cs-31003217\"> </a></td><td>膝窩下部５ｃｍ周囲長（左健側）</td></tr><tr><td style=\"white-space:nowrap\">31003218<a name=\"jp-observation-bodymeasurement-code-cs-31003218\"> </a></td><td>膝窩下部５ｃｍ周囲長（健側）</td></tr><tr><td style=\"white-space:nowrap\">31003219<a name=\"jp-observation-bodymeasurement-code-cs-31003219\"> </a></td><td>足関節周囲長（右患側）</td></tr><tr><td style=\"white-space:nowrap\">31003220<a name=\"jp-observation-bodymeasurement-code-cs-31003220\"> </a></td><td>足関節周囲長（左患側）</td></tr><tr><td style=\"white-space:nowrap\">31003221<a name=\"jp-observation-bodymeasurement-code-cs-31003221\"> </a></td><td>足関節周囲長（患側）</td></tr><tr><td style=\"white-space:nowrap\">31003222<a name=\"jp-observation-bodymeasurement-code-cs-31003222\"> </a></td><td>足関節周囲長（右健側）</td></tr><tr><td style=\"white-space:nowrap\">31003223<a name=\"jp-observation-bodymeasurement-code-cs-31003223\"> </a></td><td>足関節周囲長（左健側）</td></tr><tr><td style=\"white-space:nowrap\">31003224<a name=\"jp-observation-bodymeasurement-code-cs-31003224\"> </a></td><td>足関節周囲長（健側）</td></tr><tr><td style=\"white-space:nowrap\">31003225<a name=\"jp-observation-bodymeasurement-code-cs-31003225\"> </a></td><td>足背周囲長（右患側）</td></tr><tr><td style=\"white-space:nowrap\">31003226<a name=\"jp-observation-bodymeasurement-code-cs-31003226\"> </a></td><td>足背周囲長（左患側）</td></tr><tr><td style=\"white-space:nowrap\">31003227<a name=\"jp-observation-bodymeasurement-code-cs-31003227\"> </a></td><td>足背周囲長（患側）</td></tr><tr><td style=\"white-space:nowrap\">31003228<a name=\"jp-observation-bodymeasurement-code-cs-31003228\"> </a></td><td>足背周囲長（右健側）</td></tr><tr><td style=\"white-space:nowrap\">31003229<a name=\"jp-observation-bodymeasurement-code-cs-31003229\"> </a></td><td>足背周囲長（左健側）</td></tr><tr><td style=\"white-space:nowrap\">31003230<a name=\"jp-observation-bodymeasurement-code-cs-31003230\"> </a></td><td>足背周囲長（健側）</td></tr><tr><td style=\"white-space:nowrap\">31003421<a name=\"jp-observation-bodymeasurement-code-cs-31003421\"> </a></td><td>上腕周囲長（ＡＣ）</td></tr><tr><td style=\"white-space:nowrap\">31003422<a name=\"jp-observation-bodymeasurement-code-cs-31003422\"> </a></td><td>下腿周囲長（ＣＣ）</td></tr><tr><td style=\"white-space:nowrap\">31003423<a name=\"jp-observation-bodymeasurement-code-cs-31003423\"> </a></td><td>上腕筋囲</td></tr><tr><td style=\"white-space:nowrap\">31003424<a name=\"jp-observation-bodymeasurement-code-cs-31003424\"> </a></td><td>上腕筋面積</td></tr><tr><td style=\"white-space:nowrap\">31003425<a name=\"jp-observation-bodymeasurement-code-cs-31003425\"> </a></td><td>上腕三頭筋部皮下脂肪厚（ＴＳＦ）</td></tr><tr><td style=\"white-space:nowrap\">31003426<a name=\"jp-observation-bodymeasurement-code-cs-31003426\"> </a></td><td>肩甲骨下部皮下脂肪厚（ＳＳＦ）</td></tr><tr><td style=\"white-space:nowrap\">31003601<a name=\"jp-observation-bodymeasurement-code-cs-31003601\"> </a></td><td>肥満度</td></tr><tr><td style=\"white-space:nowrap\">31003602<a name=\"jp-observation-bodymeasurement-code-cs-31003602\"> </a></td><td>ローレル指数</td></tr><tr><td style=\"white-space:nowrap\">31003603<a name=\"jp-observation-bodymeasurement-code-cs-31003603\"> </a></td><td>体重減少率</td></tr><tr><td style=\"white-space:nowrap\">31003604<a name=\"jp-observation-bodymeasurement-code-cs-31003604\"> </a></td><td>体重増加率</td></tr><tr><td style=\"white-space:nowrap\">31003605<a name=\"jp-observation-bodymeasurement-code-cs-31003605\"> </a></td><td>体重変化率</td></tr><tr><td style=\"white-space:nowrap\">31003607<a name=\"jp-observation-bodymeasurement-code-cs-31003607\"> </a></td><td>身長推定値</td></tr><tr><td style=\"white-space:nowrap\">31003623<a name=\"jp-observation-bodymeasurement-code-cs-31003623\"> </a></td><td>肘窩上部１０ｃｍ周囲長（右）</td></tr><tr><td style=\"white-space:nowrap\">31003624<a name=\"jp-observation-bodymeasurement-code-cs-31003624\"> </a></td><td>肘窩上部１０ｃｍ周囲長（左）</td></tr><tr><td style=\"white-space:nowrap\">31003625<a name=\"jp-observation-bodymeasurement-code-cs-31003625\"> </a></td><td>肘窩下部５ｃｍ周囲長（右）</td></tr><tr><td style=\"white-space:nowrap\">31003626<a name=\"jp-observation-bodymeasurement-code-cs-31003626\"> </a></td><td>肘窩下部５ｃｍ周囲長（左）</td></tr><tr><td style=\"white-space:nowrap\">31003627<a name=\"jp-observation-bodymeasurement-code-cs-31003627\"> </a></td><td>手関節周囲長（右）</td></tr><tr><td style=\"white-space:nowrap\">31003628<a name=\"jp-observation-bodymeasurement-code-cs-31003628\"> </a></td><td>手関節周囲長（左）</td></tr><tr><td style=\"white-space:nowrap\">31003629<a name=\"jp-observation-bodymeasurement-code-cs-31003629\"> </a></td><td>ＭＰ関節周囲長（右）</td></tr><tr><td style=\"white-space:nowrap\">31003630<a name=\"jp-observation-bodymeasurement-code-cs-31003630\"> </a></td><td>ＭＰ関節周囲長（左）</td></tr><tr><td style=\"white-space:nowrap\">31003631<a name=\"jp-observation-bodymeasurement-code-cs-31003631\"> </a></td><td>大腿根部周囲長（右）</td></tr><tr><td style=\"white-space:nowrap\">31003632<a name=\"jp-observation-bodymeasurement-code-cs-31003632\"> </a></td><td>大腿根部周囲長（左）</td></tr><tr><td style=\"white-space:nowrap\">31003633<a name=\"jp-observation-bodymeasurement-code-cs-31003633\"> </a></td><td>膝窩上部１０ｃｍ周囲長（右）</td></tr><tr><td style=\"white-space:nowrap\">31003634<a name=\"jp-observation-bodymeasurement-code-cs-31003634\"> </a></td><td>膝窩上部１０ｃｍ周囲長（左）</td></tr><tr><td style=\"white-space:nowrap\">31003635<a name=\"jp-observation-bodymeasurement-code-cs-31003635\"> </a></td><td>膝窩下部５ｃｍ周囲長（右）</td></tr><tr><td style=\"white-space:nowrap\">31003636<a name=\"jp-observation-bodymeasurement-code-cs-31003636\"> </a></td><td>膝窩下部５ｃｍ周囲長（左）</td></tr><tr><td style=\"white-space:nowrap\">31003637<a name=\"jp-observation-bodymeasurement-code-cs-31003637\"> </a></td><td>足関節周囲長（右）</td></tr><tr><td style=\"white-space:nowrap\">31003638<a name=\"jp-observation-bodymeasurement-code-cs-31003638\"> </a></td><td>足関節周囲長（左）</td></tr><tr><td style=\"white-space:nowrap\">31003639<a name=\"jp-observation-bodymeasurement-code-cs-31003639\"> </a></td><td>足背周囲長（右）</td></tr><tr><td style=\"white-space:nowrap\">31003640<a name=\"jp-observation-bodymeasurement-code-cs-31003640\"> </a></td><td>足背周囲長（左）</td></tr><tr><td style=\"white-space:nowrap\">31003721<a name=\"jp-observation-bodymeasurement-code-cs-31003721\"> </a></td><td>体重（透析前）</td></tr><tr><td style=\"white-space:nowrap\">31003722<a name=\"jp-observation-bodymeasurement-code-cs-31003722\"> </a></td><td>体重（透析前）</td></tr><tr><td style=\"white-space:nowrap\">31003723<a name=\"jp-observation-bodymeasurement-code-cs-31003723\"> </a></td><td>体重（透析後）</td></tr><tr><td style=\"white-space:nowrap\">31003724<a name=\"jp-observation-bodymeasurement-code-cs-31003724\"> </a></td><td>体重（透析後）</td></tr><tr><td style=\"white-space:nowrap\">31003725<a name=\"jp-observation-bodymeasurement-code-cs-31003725\"> </a></td><td>目標体重</td></tr><tr><td style=\"white-space:nowrap\">31003726<a name=\"jp-observation-bodymeasurement-code-cs-31003726\"> </a></td><td>目標体重</td></tr><tr><td style=\"white-space:nowrap\">31003727<a name=\"jp-observation-bodymeasurement-code-cs-31003727\"> </a></td><td>体重変化量</td></tr><tr><td style=\"white-space:nowrap\">31003728<a name=\"jp-observation-bodymeasurement-code-cs-31003728\"> </a></td><td>体重変化量</td></tr><tr><td style=\"white-space:nowrap\">31006116<a name=\"jp-observation-bodymeasurement-code-cs-31006116\"> </a></td><td>頭囲</td></tr><tr><td style=\"white-space:nowrap\">31006215<a name=\"jp-observation-bodymeasurement-code-cs-31006215\"> </a></td><td>握力（右）</td></tr><tr><td style=\"white-space:nowrap\">31006216<a name=\"jp-observation-bodymeasurement-code-cs-31006216\"> </a></td><td>握力（左）</td></tr><tr><td style=\"white-space:nowrap\">31006397<a name=\"jp-observation-bodymeasurement-code-cs-31006397\"> </a></td><td>体重（前日差）</td></tr></table></div>"
  },
  "url": "http://jpfhir.jp/fhir/Common/CodeSystem/JP_ObservationBodyMeasurementCode_CS",
  "version": "1.1.0a",
  "name": "JP_ObservationBodyMeasurementCode_CS",
  "title": "JP Core Observation BodyMeasurement Code CodeSystem",
  "status": "draft",
  "date": "2022-08-31T10:47:17+00:00",
  "publisher": "FHIR Japanese implementation research working group in Japan Association of Medical Informatics (JAMI)",
  "contact": [
    {
      "name": "FHIR Japanese implementation research working group in Japan Association of Medical Informatics (JAMI)",
      "telecom": [
        {
          "system": "url",
          "value": "http://jpfhir.jp"
        },
        {
          "system": "email",
          "value": "office@hlfhir.jp"
        }
      ]
    }
  ],
  "description": "Observation（身体計測）で使用する項目コードのコードシステム",
  "jurisdiction": [
    {
      "coding": [
        {
          "system": "urn:iso:std:iso:3166",
          "code": "JP"
        }
      ]
    }
  ],
  "copyright": "FHIR Japanese implementation research working group in Japan Association of Medical Informatics (JAMI)",
  "caseSensitive": true,
  "valueSet": "http://jpfhir.jp/fhir/Common/ValueSet/JP_ObservationBodyMeasurementCode_VS",
  "content": "complete",
  "count": 116,
  "concept": [
    {
      "code": "31000296",
      "display": "体重"
    },
    {
      "code": "31000297",
      "display": "体重"
    },
    {
      "code": "31000298",
      "display": "身長"
    },
    {
      "code": "31000299",
      "display": "胸囲"
    },
    {
      "code": "31000300",
      "display": "腹囲（臍上）"
    },
    {
      "code": "31000301",
      "display": "腹囲"
    },
    {
      "code": "31000901",
      "display": "開口度"
    },
    {
      "code": "31000902",
      "display": "開口度"
    },
    {
      "code": "31001697",
      "display": "体脂肪率"
    },
    {
      "code": "31002749",
      "display": "右上腕周囲"
    },
    {
      "code": "31002750",
      "display": "左上腕周囲"
    },
    {
      "code": "31002751",
      "display": "右前腕周囲"
    },
    {
      "code": "31002752",
      "display": "左前腕周囲"
    },
    {
      "code": "31002753",
      "display": "右大腿周囲"
    },
    {
      "code": "31002754",
      "display": "左大腿周囲"
    },
    {
      "code": "31002755",
      "display": "右下腿周囲"
    },
    {
      "code": "31002756",
      "display": "左下腿周囲"
    },
    {
      "code": "31002900",
      "display": "出生体重"
    },
    {
      "code": "31003020",
      "display": "ＢＭＩ"
    },
    {
      "code": "31003138",
      "display": "標準体重"
    },
    {
      "code": "31003177",
      "display": "肘窩上部１０ｃｍ周囲長（右患側）"
    },
    {
      "code": "31003178",
      "display": "肘窩上部１０ｃｍ周囲長（左患側）"
    },
    {
      "code": "31003179",
      "display": "肘窩上部１０ｃｍ周囲長（患側）"
    },
    {
      "code": "31003180",
      "display": "肘窩上部１０ｃｍ周囲長（右健側）"
    },
    {
      "code": "31003181",
      "display": "肘窩上部１０ｃｍ周囲長（左健側）"
    },
    {
      "code": "31003182",
      "display": "肘窩上部１０ｃｍ周囲長（健側）"
    },
    {
      "code": "31003183",
      "display": "肘窩下部５ｃｍ周囲長（右患側）"
    },
    {
      "code": "31003184",
      "display": "肘窩下部５ｃｍ周囲長（左患側）"
    },
    {
      "code": "31003185",
      "display": "肘窩下部５ｃｍ周囲長（患側）"
    },
    {
      "code": "31003186",
      "display": "肘窩下部５ｃｍ周囲長（右健側）"
    },
    {
      "code": "31003187",
      "display": "肘窩下部５ｃｍ周囲長（左健側）"
    },
    {
      "code": "31003188",
      "display": "肘窩下部５ｃｍ周囲長（健側）"
    },
    {
      "code": "31003189",
      "display": "手関節周囲長（右患側）"
    },
    {
      "code": "31003190",
      "display": "手関節周囲長（左患側）"
    },
    {
      "code": "31003191",
      "display": "手関節周囲長（患側）"
    },
    {
      "code": "31003192",
      "display": "手関節周囲長（右健側）"
    },
    {
      "code": "31003193",
      "display": "手関節周囲長（左健側）"
    },
    {
      "code": "31003194",
      "display": "手関節周囲長（健側）"
    },
    {
      "code": "31003195",
      "display": "ＭＰ関節周囲長（右患側）"
    },
    {
      "code": "31003196",
      "display": "ＭＰ関節周囲長（左患側）"
    },
    {
      "code": "31003197",
      "display": "ＭＰ関節周囲長（患側）"
    },
    {
      "code": "31003198",
      "display": "ＭＰ関節周囲長（右健側）"
    },
    {
      "code": "31003199",
      "display": "ＭＰ関節周囲長（左健側）"
    },
    {
      "code": "31003200",
      "display": "ＭＰ関節周囲長（健側）"
    },
    {
      "code": "31003201",
      "display": "大腿根部周囲長（右患側）"
    },
    {
      "code": "31003202",
      "display": "大腿根部周囲長（左患側）"
    },
    {
      "code": "31003203",
      "display": "大腿根部周囲長（患側）"
    },
    {
      "code": "31003204",
      "display": "大腿根部周囲長（右健側）"
    },
    {
      "code": "31003205",
      "display": "大腿根部周囲長（左健側）"
    },
    {
      "code": "31003206",
      "display": "大腿根部周囲長（健側）"
    },
    {
      "code": "31003207",
      "display": "膝窩上部１０ｃｍ周囲長（右患側）"
    },
    {
      "code": "31003208",
      "display": "膝窩上部１０ｃｍ周囲長（左患側）"
    },
    {
      "code": "31003209",
      "display": "膝窩上部１０ｃｍ周囲長（患側）"
    },
    {
      "code": "31003210",
      "display": "膝窩上部１０ｃｍ周囲長（右健側）"
    },
    {
      "code": "31003211",
      "display": "膝窩上部１０ｃｍ周囲長（左健側）"
    },
    {
      "code": "31003212",
      "display": "膝窩上部１０ｃｍ周囲長（健側）"
    },
    {
      "code": "31003213",
      "display": "膝窩下部５ｃｍ周囲長（右患側）"
    },
    {
      "code": "31003214",
      "display": "膝窩下部５ｃｍ周囲長（左患側）"
    },
    {
      "code": "31003215",
      "display": "膝窩下部５ｃｍ周囲長（患側）"
    },
    {
      "code": "31003216",
      "display": "膝窩下部５ｃｍ周囲長（右健側）"
    },
    {
      "code": "31003217",
      "display": "膝窩下部５ｃｍ周囲長（左健側）"
    },
    {
      "code": "31003218",
      "display": "膝窩下部５ｃｍ周囲長（健側）"
    },
    {
      "code": "31003219",
      "display": "足関節周囲長（右患側）"
    },
    {
      "code": "31003220",
      "display": "足関節周囲長（左患側）"
    },
    {
      "code": "31003221",
      "display": "足関節周囲長（患側）"
    },
    {
      "code": "31003222",
      "display": "足関節周囲長（右健側）"
    },
    {
      "code": "31003223",
      "display": "足関節周囲長（左健側）"
    },
    {
      "code": "31003224",
      "display": "足関節周囲長（健側）"
    },
    {
      "code": "31003225",
      "display": "足背周囲長（右患側）"
    },
    {
      "code": "31003226",
      "display": "足背周囲長（左患側）"
    },
    {
      "code": "31003227",
      "display": "足背周囲長（患側）"
    },
    {
      "code": "31003228",
      "display": "足背周囲長（右健側）"
    },
    {
      "code": "31003229",
      "display": "足背周囲長（左健側）"
    },
    {
      "code": "31003230",
      "display": "足背周囲長（健側）"
    },
    {
      "code": "31003421",
      "display": "上腕周囲長（ＡＣ）"
    },
    {
      "code": "31003422",
      "display": "下腿周囲長（ＣＣ）"
    },
    {
      "code": "31003423",
      "display": "上腕筋囲"
    },
    {
      "code": "31003424",
      "display": "上腕筋面積"
    },
    {
      "code": "31003425",
      "display": "上腕三頭筋部皮下脂肪厚（ＴＳＦ）"
    },
    {
      "code": "31003426",
      "display": "肩甲骨下部皮下脂肪厚（ＳＳＦ）"
    },
    {
      "code": "31003601",
      "display": "肥満度"
    },
    {
      "code": "31003602",
      "display": "ローレル指数"
    },
    {
      "code": "31003603",
      "display": "体重減少率"
    },
    {
      "code": "31003604",
      "display": "体重増加率"
    },
    {
      "code": "31003605",
      "display": "体重変化率"
    },
    {
      "code": "31003607",
      "display": "身長推定値"
    },
    {
      "code": "31003623",
      "display": "肘窩上部１０ｃｍ周囲長（右）"
    },
    {
      "code": "31003624",
      "display": "肘窩上部１０ｃｍ周囲長（左）"
    },
    {
      "code": "31003625",
      "display": "肘窩下部５ｃｍ周囲長（右）"
    },
    {
      "code": "31003626",
      "display": "肘窩下部５ｃｍ周囲長（左）"
    },
    {
      "code": "31003627",
      "display": "手関節周囲長（右）"
    },
    {
      "code": "31003628",
      "display": "手関節周囲長（左）"
    },
    {
      "code": "31003629",
      "display": "ＭＰ関節周囲長（右）"
    },
    {
      "code": "31003630",
      "display": "ＭＰ関節周囲長（左）"
    },
    {
      "code": "31003631",
      "display": "大腿根部周囲長（右）"
    },
    {
      "code": "31003632",
      "display": "大腿根部周囲長（左）"
    },
    {
      "code": "31003633",
      "display": "膝窩上部１０ｃｍ周囲長（右）"
    },
    {
      "code": "31003634",
      "display": "膝窩上部１０ｃｍ周囲長（左）"
    },
    {
      "code": "31003635",
      "display": "膝窩下部５ｃｍ周囲長（右）"
    },
    {
      "code": "31003636",
      "display": "膝窩下部５ｃｍ周囲長（左）"
    },
    {
      "code": "31003637",
      "display": "足関節周囲長（右）"
    },
    {
      "code": "31003638",
      "display": "足関節周囲長（左）"
    },
    {
      "code": "31003639",
      "display": "足背周囲長（右）"
    },
    {
      "code": "31003640",
      "display": "足背周囲長（左）"
    },
    {
      "code": "31003721",
      "display": "体重（透析前）"
    },
    {
      "code": "31003722",
      "display": "体重（透析前）"
    },
    {
      "code": "31003723",
      "display": "体重（透析後）"
    },
    {
      "code": "31003724",
      "display": "体重（透析後）"
    },
    {
      "code": "31003725",
      "display": "目標体重"
    },
    {
      "code": "31003726",
      "display": "目標体重"
    },
    {
      "code": "31003727",
      "display": "体重変化量"
    },
    {
      "code": "31003728",
      "display": "体重変化量"
    },
    {
      "code": "31006116",
      "display": "頭囲"
    },
    {
      "code": "31006215",
      "display": "握力（右）"
    },
    {
      "code": "31006216",
      "display": "握力（左）"
    },
    {
      "code": "31006397",
      "display": "体重（前日差）"
    }
  ]
}