{
  "resourceType" : "NamingSystem",
  "id" : "jp-medicationcodehot7-namingsystem",
  "text" : {
    "status" : "generated",
    "div" : "<div xmlns=\"http://www.w3.org/1999/xhtml\">Placeholder</div>"
  },
  "extension" : [{
    "url" : "http://hl7.org/fhir/5.0/StructureDefinition/extension-NamingSystem.url",
    "valueUri" : "http://jpfhir.jp/fhir/core/NamingSystem/jp-medicationcodehot7-namingsystem"
  },
  {
    "url" : "http://hl7.org/fhir/5.0/StructureDefinition/extension-NamingSystem.version",
    "valueString" : "1.1.2"
  }],
  "name" : "JP_MedicationCodeHOT7_NamingSystem",
  "status" : "active",
  "kind" : "codesystem",
  "date" : "2023-06-26",
  "publisher" : "FHIR Japanese implementation research working group in Japan Association of Medical Informatics (JAMI)",
  "contact" : [{
    "name" : "FHIR Japanese implementation research working group in Japan Association of Medical Informatics (JAMI)",
    "telecom" : [{
      "system" : "url",
      "value" : "http://jpfhir.jp"
    },
    {
      "system" : "email",
      "value" : "office@hlfhir.jp"
    }]
  }],
  "description" : "JP Core MedicationCode HOT7 NamingSystem",
  "jurisdiction" : [{
    "coding" : [{
      "system" : "urn:iso:std:iso:3166",
      "code" : "JP"
    }]
  }],
  "uniqueId" : [{
    "type" : "oid",
    "value" : "1.2.392.200119.4.403.2"
  },
  {
    "type" : "uri",
    "value" : "urn:oid:1.2.392.200119.4.403.2",
    "preferred" : true
  },
  {
    "type" : "uri",
    "value" : "http://jpfhir.jp/fhir/core/CodeSystem/JP_MedicationCodeHOT7_CS"
  }]
}