{
  "resourceType" : "SearchParameter",
  "id" : "jp-coverage-insuredpersonsymbol-sp",
  "text" : {
    "status" : "generated",
    "div" : "<div xmlns=\"http://www.w3.org/1999/xhtml\"><h2>JP_Coverage_InsuredPersonSymbol_SP</h2><p>Parameter <code>jp-insured-personsymbol</code>:<code>string</code></p><div><p>CoverageリソースのInsuredPersonSymbol(健康保険における被保険者証記号)に関する検索を定義する。</p>\n</div><table class=\"grid\"><tr><td>Resource</td><td><a href=\"http://hl7.org/fhir/R4/coverage.html\">Coverage</a></td></tr><tr><td>Expression</td><td><code>Coverage.extension.where(url='http://jpfhir.jp/fhir/core/Extension/StructureDefinition/JP_Coverage_InsuredPersonSymbol').value.as(string)</code></td></tr><tr><td>Processing Mode</td><td>Normal</td></tr><tr><td>Multiples</td><td>The parameter can repeat (and) and can have repeating values (or)</td></tr></table></div>"
  },
  "url" : "http://jpfhir.jp/fhir/core/SearchParameter/JP_Coverage_InsuredPersonSymbol_SP",
  "version" : "1.1.2",
  "name" : "JP_Coverage_InsuredPersonSymbol_SP",
  "status" : "active",
  "date" : "2023-10-31",
  "publisher" : "FHIR Japanese implementation research working group in Japan Association of Medical Informatics (JAMI)",
  "contact" : [{
    "name" : "FHIR Japanese implementation research working group in Japan Association of Medical Informatics (JAMI)",
    "telecom" : [{
      "system" : "url",
      "value" : "http://jpfhir.jp"
    },
    {
      "system" : "email",
      "value" : "office@hlfhir.jp"
    }]
  }],
  "description" : "CoverageリソースのInsuredPersonSymbol(健康保険における被保険者証記号)に関する検索を定義する。",
  "jurisdiction" : [{
    "coding" : [{
      "system" : "urn:iso:std:iso:3166",
      "code" : "JP"
    }]
  }],
  "code" : "jp-insured-personsymbol",
  "base" : ["Coverage"],
  "type" : "string",
  "expression" : "Coverage.extension.where(url='http://jpfhir.jp/fhir/core/Extension/StructureDefinition/JP_Coverage_InsuredPersonSymbol').value.as(string)",
  "xpathUsage" : "normal",
  "multipleOr" : true,
  "_multipleOr" : {
    "extension" : [{
      "url" : "http://hl7.org/fhir/StructureDefinition/capabilitystatement-expectation",
      "valueCode" : "MAY"
    }]
  },
  "multipleAnd" : true,
  "_multipleAnd" : {
    "extension" : [{
      "url" : "http://hl7.org/fhir/StructureDefinition/capabilitystatement-expectation",
      "valueCode" : "MAY"
    }]
  }
}