{
  "resourceType": "ValueSet",
  "id": "jp-procedure-condition-vs",
  "text": {
    "status": "generated",
    "div": "<div xmlns=\"http://www.w3.org/1999/xhtml\"><ul><li>Include all codes defined in <a href=\"CodeSystem-jp-procedure-condition-cs.html\"><code>http://jpfhir.jp/fhir/Common/CodeSystem/JP_ProcedureCondition_CS</code></a></li></ul></div>"
  },
  "url": "http://jpfhir.jp/fhir/Common/ValueSet/JP_ProcedureCondition_VS",
  "version": "1.1.0a",
  "name": "JP_ProcedureCondition_VS",
  "title": "JP Core Procedure Condition ValueSet",
  "status": "draft",
  "date": "2022-08-29T14:08:50+00:00",
  "publisher": "FHIR Japanese implementation research working group in Japan Association of Medical Informatics (JAMI)",
  "contact": [
    {
      "name": "FHIR Japanese implementation research working group in Japan Association of Medical Informatics (JAMI)",
      "telecom": [
        {
          "system": "url",
          "value": "http://jpfhir.jp"
        },
        {
          "system": "email",
          "value": "office@hlfhir.jp"
        }
      ]
    }
  ],
  "description": "処置中もしくは処置の後に発生した合併症を示すコード(Condition/Problem/Diagnosis)",
  "jurisdiction": [
    {
      "coding": [
        {
          "system": "urn:iso:std:iso:3166",
          "code": "JP"
        }
      ]
    }
  ],
  "copyright": "FHIR Japanese implementation research working group in Japan Association of Medical Informatics (JAMI)",
  "compose": {
    "include": [
      {
        "system": "http://jpfhir.jp/fhir/Common/CodeSystem/JP_ProcedureCondition_CS"
      }
    ]
  }
}