{
  "resourceType": "ValueSet",
  "id": "jp-medication-method-jami-detail-usage-vs",
  "text": {
    "status": "generated",
    "div": "<div xmlns=\"http://www.w3.org/1999/xhtml\"><ul><li>Include all codes defined in <a href=\"CodeSystem-jp-medication-method-jami-detail-usage-cs.html\"><code>urn:oid:1.2.392.200250.2.2.20.40</code></a></li></ul></div>"
  },
  "url": "http://jpfhir.jp/fhir/Common/ValueSet/JP_MedicationMethodJAMIDetailUsage_VS",
  "version": "1.1.0a",
  "name": "JP_MedicationMethodJAMIDetailUsage_VS",
  "title": "JP Core Medication JAMI Detail Usage ValueSet",
  "status": "draft",
  "date": "2022-08-29T12:54:27+00:00",
  "publisher": "FHIR Japanese implementation research working group in Japan Association of Medical Informatics (JAMI)",
  "contact": [
    {
      "name": "FHIR Japanese implementation research working group in Japan Association of Medical Informatics (JAMI)",
      "telecom": [
        {
          "system": "url",
          "value": "http://jpfhir.jp"
        },
        {
          "system": "email",
          "value": "office@hlfhir.jp"
        }
      ]
    }
  ],
  "description": "JAMI標準用法規格表２用法詳細区分のの値セット",
  "jurisdiction": [
    {
      "coding": [
        {
          "system": "urn:iso:std:iso:3166",
          "code": "JP"
        }
      ]
    }
  ],
  "copyright": "FHIR Japanese implementation research working group in Japan Association of Medical Informatics (JAMI)",
  "compose": {
    "include": [
      {
        "system": "urn:oid:1.2.392.200250.2.2.20.40"
      }
    ]
  }
}