{
  "resourceType" : "ValueSet",
  "id" : "jp-microbiology-category-laboratory-vs",
  "text" : {
    "status" : "generated",
    "div" : "<div xmlns=\"http://www.w3.org/1999/xhtml\"><ul><li>Include these codes as defined in <a href=\"http://loinc.org\"><code>http://loinc.org</code></a><table class=\"none\"><tr><td style=\"white-space:nowrap\"><b>Code</b></td><td><b>Display</b></td></tr><tr><td><a href=\"https://simplifier.net/resolve?scope=jpfhir-terminology@1.1.1&amp;canonical=http://loinc.org.html#us-loinc-cs-18725-2\">18725-2</a></td><td>微生物学検査</td></tr></table></li></ul></div>"
  },
  "url" : "http://jpfhir.jp/fhir/core/ValueSet/JP_ObservationCategory_Microbiology_VS",
  "version" : "1.1.2-dev",
  "name" : "JP_ObservationCategory_Microbiology_VS",
  "title" : "JP Core MicrobiologyCategory ValueSet",
  "status" : "active",
  "experimental" : false,
  "date" : "2023-06-26",
  "publisher" : "FHIR Japanese implementation research working group in Japan Association of Medical Informatics (JAMI)",
  "contact" : [{
    "name" : "FHIR Japanese implementation research working group in Japan Association of Medical Informatics (JAMI)",
    "telecom" : [{
      "system" : "url",
      "value" : "http://jpfhir.jp"
    },
    {
      "system" : "email",
      "value" : "office@hlfhir.jp"
    }]
  }],
  "description" : "微生物学検査カテゴリ値セット",
  "jurisdiction" : [{
    "coding" : [{
      "system" : "urn:iso:std:iso:3166",
      "code" : "JP"
    }]
  }],
  "copyright" : "Copyright FHIR Japanese implementation research working group in Japan Association of Medical Informatics (JAMI) 一般社団法人日本医療情報学会NeXEHRS課題研究会FHIR日本実装検討WG",
  "compose" : {
    "include" : [{
      "system" : "http://loinc.org",
      "concept" : [{
        "code" : "18725-2",
        "display" : "微生物学検査"
      }]
    }]
  }
}