{
  "resourceType" : "ValueSet",
  "id" : "jp-medication-example-methodcomment-vs",
  "text" : {
    "status" : "generated",
    "div" : "<div xmlns=\"http://www.w3.org/1999/xhtml\"><p class=\"res-header-id\"><b>Generated Narrative: ValueSet jp-medication-example-methodcomment-vs</b></p><a name=\"jp-medication-example-methodcomment-vs\"> </a><a name=\"hcjp-medication-example-methodcomment-vs\"> </a><a name=\"jp-medication-example-methodcomment-vs-ja\"> </a><ul><li>Include all codes defined in <a href=\"CodeSystem-jp-medication-example-methodcomment-cs.html\"><code>http://jpfhir.jp/fhir/Examples/CodeSystem/JP_MedicationAdministrationDosageMethodComment_CS</code></a></li></ul></div>"
  },
  "url" : "http://jpfhir.jp/fhir/Examples/ValueSet/JP_MedicationAdministrationDosageMethodComment_VS",
  "version" : "1.2.0-dev",
  "name" : "JP_MedicationExampleMethodComment_VS",
  "title" : "JP Core Medication Example MethodComment ValueSet",
  "status" : "active",
  "experimental" : false,
  "date" : "2023-10-31",
  "publisher" : "FHIR Japanese implementation research working group in Japan Association of Medical Informatics (JAMI)",
  "contact" : [{
    "name" : "FHIR Japanese implementation research working group in Japan Association of Medical Informatics (JAMI)",
    "telecom" : [{
      "system" : "url",
      "value" : "http://jpfhir.jp"
    },
    {
      "system" : "email",
      "value" : "office@hlfhir.jp"
    }]
  }],
  "description" : "注射手技コメントの値セット例",
  "jurisdiction" : [{
    "coding" : [{
      "system" : "urn:iso:std:iso:3166",
      "code" : "JP",
      "display" : "Japan"
    }]
  }],
  "copyright" : "Copyright FHIR Japanese implementation research working group in Japan Association of Medical Informatics (JAMI) 一般社団法人日本医療情報学会NeXEHRS課題研究会FHIR日本実装検討WG",
  "compose" : {
    "include" : [{
      "system" : "http://jpfhir.jp/fhir/Examples/CodeSystem/JP_MedicationAdministrationDosageMethodComment_CS"
    }]
  }
}