{
  "resourceType" : "ValueSet",
  "id" : "jp-medication-usage-jami-additional-vs",
  "text" : {
    "status" : "generated",
    "div" : "<div xmlns=\"http://www.w3.org/1999/xhtml\"><ul><li>Include all codes defined in <code>urn:oid:1.2.392.200250.2.2.20.22</code></li></ul></div>"
  },
  "url" : "http://jpfhir.jp/fhir/core/ValueSet/JP_MedicationUsageJAMIAdditional_VS",
  "version" : "1.1.1",
  "name" : "JP_MedicationUsageJAMIAdditional_VS",
  "title" : "JP Core Medication JAMI Additional Usage ValueSet",
  "status" : "active",
  "experimental" : false,
  "date" : "2022-10-24",
  "publisher" : "FHIR Japanese implementation research working group in Japan Association of Medical Informatics (JAMI)",
  "contact" : [{
    "name" : "FHIR Japanese implementation research working group in Japan Association of Medical Informatics (JAMI)",
    "telecom" : [{
      "system" : "url",
      "value" : "http://jpfhir.jp"
    },
    {
      "system" : "email",
      "value" : "office@hlfhir.jp"
    }]
  }],
  "description" : "JAMI標準用法規格補足用法コードの値セット",
  "jurisdiction" : [{
    "coding" : [{
      "system" : "urn:iso:std:iso:3166",
      "code" : "JPN"
    }]
  }],
  "copyright" : "Copyright Japan Association of Medical Informatics (JAMI)  一般社団法人日本医療情報学会",
  "compose" : {
    "include" : [{
      "system" : "urn:oid:1.2.392.200250.2.2.20.22"
    }]
  }
}