{
  "resourceType": "ValueSet",
  "id": "jp-department-ssmix-vs",
  "text": {
    "status": "generated",
    "div": "<div xmlns=\"http://www.w3.org/1999/xhtml\"><p>This value set includes codes based on the following rules:</p><ul><li>Include all codes defined in <a href=\"CodeSystem-jp-department-ssmix-2digits-cs.html\"><code>http://jpfhir.jp/fhir/Common/CodeSystem/JP_Department_SsMix2Digits_CS</code></a></li><li>Include all codes defined in <a href=\"CodeSystem-jp-department-ssmix3digits-cs.html\"><code>http://jpfhir.jp/fhir/Common/CodeSystem/JP_Department_SsMix3Digits_CS</code></a></li></ul></div>"
  },
  "url": "http://jpfhir.jp/fhir/Common/ValueSet/JP_Department_SsMix_VS",
  "version": "1.1.0a",
  "name": "JP_Department_SsMix_VS",
  "title": "JP Core Department SS-MIX2 ValueSet",
  "status": "draft",
  "date": "2022-08-26T11:44:17+00:00",
  "publisher": "FHIR Japanese implementation research working group in Japan Association of Medical Informatics (JAMI)",
  "contact": [
    {
      "name": "FHIR Japanese implementation research working group in Japan Association of Medical Informatics (JAMI)",
      "telecom": [
        {
          "system": "url",
          "value": "http://jpfhir.jp"
        },
        {
          "system": "email",
          "value": "office@hlfhir.jp"
        }
      ]
    }
  ],
  "description": "SS-MIX統一診療科コードの値セット",
  "jurisdiction": [
    {
      "coding": [
        {
          "system": "urn:iso:std:iso:3166",
          "code": "JP"
        }
      ]
    }
  ],
  "copyright": "FHIR Japanese implementation research working group in Japan Association of Medical Informatics (JAMI)",
  "compose": {
    "include": [
      {
        "system": "http://jpfhir.jp/fhir/Common/CodeSystem/JP_Department_SsMix2Digits_CS"
      },
      {
        "system": "http://jpfhir.jp/fhir/Common/CodeSystem/JP_Department_SsMix3Digits_CS"
      }
    ]
  }
}