{
  "resourceType" : "ValueSet",
  "id" : "jp-DocumentCodes-Endscope-vs",
  "text" : {
    "status" : "generated",
    "div" : "<div xmlns=\"http://www.w3.org/1999/xhtml\"><p>This value set includes codes based on the following rules:</p><ul><li>Include codes from <a href=\"CodeSystem-jp-documentcodes-cs.html\"><code>http://jpfhir.jp/fhir/core/CodeSystem/JP_DocumentCodes_CS</code></a> where concept  =  <a href=\"CodeSystem-jp-documentcodes-cs.html#jp-documentcodes-cs-18751-8\">18751-8</a></li><li>Include codes from <a href=\"CodeSystem-jp-documentcodes-cs.html\"><code>http://jpfhir.jp/fhir/core/CodeSystem/JP_DocumentCodes_CS</code></a> where concept  =  <a href=\"CodeSystem-jp-documentcodes-cs.html#jp-documentcodes-cs-18746-8\">18746-8</a></li><li>Include codes from <a href=\"CodeSystem-jp-documentcodes-cs.html\"><code>http://jpfhir.jp/fhir/core/CodeSystem/JP_DocumentCodes_CS</code></a> where concept  =  <a href=\"CodeSystem-jp-documentcodes-cs.html#jp-documentcodes-cs-28018-0\">28018-0</a></li><li>Include codes from <a href=\"CodeSystem-jp-documentcodes-cs.html\"><code>http://jpfhir.jp/fhir/core/CodeSystem/JP_DocumentCodes_CS</code></a> where concept  =  <a href=\"CodeSystem-jp-documentcodes-cs.html#jp-documentcodes-cs-28016-4\">28016-4</a></li><li>Include codes from <a href=\"CodeSystem-jp-documentcodes-cs.html\"><code>http://jpfhir.jp/fhir/core/CodeSystem/JP_DocumentCodes_CS</code></a> where concept  =  <a href=\"CodeSystem-jp-documentcodes-cs.html#jp-documentcodes-cs-18744-3\">18744-3</a></li><li>Include codes from <a href=\"CodeSystem-jp-documentcodes-cs.html\"><code>http://jpfhir.jp/fhir/core/CodeSystem/JP_DocumentCodes_CS</code></a> where concept  =  <a href=\"CodeSystem-jp-documentcodes-cs.html#jp-documentcodes-cs-19805-1\">19805-1</a></li></ul></div>"
  },
  "url" : "http://jpfhir.jp/fhir/core/ValueSet/JP_DocumentCodes_Endscope_VS",
  "version" : "1.1.1",
  "name" : "JP_DocumentCodes_Endscope_VS",
  "title" : "JP Core Document\u3000Codes\u3000Endscope ValueSet",
  "status" : "active",
  "experimental" : false,
  "date" : "2023-04-18",
  "publisher" : "FHIR Japanese implementation research working group in Japan Association of Medical Informatics (JAMI)",
  "contact" : [{
    "name" : "FHIR Japanese implementation research working group in Japan Association of Medical Informatics (JAMI)",
    "telecom" : [{
      "system" : "url",
      "value" : "http://jpfhir.jp"
    },
    {
      "system" : "email",
      "value" : "office@hlfhir.jp"
    }]
  }],
  "description" : "Document\u3000Codes\u3000Endscope 値セット",
  "jurisdiction" : [{
    "coding" : [{
      "system" : "urn:iso:std:iso:3166",
      "code" : "JP"
    }]
  }],
  "copyright" : "Copyright FHIR Japanese implementation research working group in Japan Association of Medical Informatics (JAMI) 一般社団法人日本医療情報学会NeXEHRS課題研究会FHIR日本実装検討WG",
  "compose" : {
    "include" : [{
      "system" : "http://jpfhir.jp/fhir/core/CodeSystem/JP_DocumentCodes_CS",
      "filter" : [{
        "property" : "concept",
        "op" : "=",
        "value" : "18751-8"
      }]
    },
    {
      "system" : "http://jpfhir.jp/fhir/core/CodeSystem/JP_DocumentCodes_CS",
      "filter" : [{
        "property" : "concept",
        "op" : "=",
        "value" : "18746-8"
      }]
    },
    {
      "system" : "http://jpfhir.jp/fhir/core/CodeSystem/JP_DocumentCodes_CS",
      "filter" : [{
        "property" : "concept",
        "op" : "=",
        "value" : "28018-0"
      }]
    },
    {
      "system" : "http://jpfhir.jp/fhir/core/CodeSystem/JP_DocumentCodes_CS",
      "filter" : [{
        "property" : "concept",
        "op" : "=",
        "value" : "28016-4"
      }]
    },
    {
      "system" : "http://jpfhir.jp/fhir/core/CodeSystem/JP_DocumentCodes_CS",
      "filter" : [{
        "property" : "concept",
        "op" : "=",
        "value" : "18744-3"
      }]
    },
    {
      "system" : "http://jpfhir.jp/fhir/core/CodeSystem/JP_DocumentCodes_CS",
      "filter" : [{
        "property" : "concept",
        "op" : "=",
        "value" : "19805-1"
      }]
    }]
  }
}