<?xml version="1.0" encoding="UTF-8"?><ValueSet xmlns="http://hl7.org/fhir"><id value="jp-procedure-performer-role-vs"/><text><status value="generated"/><div xmlns="http://www.w3.org/1999/xhtml"><p class="res-header-id"><b>Generated Narrative: ValueSet jp-procedure-performer-role-vs</b></p><a name="jp-procedure-performer-role-vs"> </a><a name="hcjp-procedure-performer-role-vs"> </a><a name="jp-procedure-performer-role-vs-ja"> </a><ul><li>Include all codes defined in <a href="https://simplifier.net/resolve?scope=jpfhir-terminology@1.1.1&amp;canonical=http://jpfhir.jp/fhir/core/CodeSystem/JP_PractitionerRole_CS"><code>http://jpfhir.jp/fhir/core/CodeSystem/JP_PractitionerRole_CS</code></a></li></ul></div></text><url value="http://jpfhir.jp/fhir/core/ValueSet/JP_ProcedurePerformerRole_VS"/><version value="1.2.0-dev"/><name value="JP_ProcedurePerformerRole_VS"/><title value="JP Core Procedure Performer Role ValueSet"/><status value="active"/><experimental value="false"/><date value="2023-10-31"/><publisher value="FHIR Japanese implementation research working group in Japan Association of Medical Informatics (JAMI)"/><contact><name value="FHIR Japanese implementation research working group in Japan Association of Medical Informatics (JAMI)"/><telecom><system value="url"/><value value="http://jpfhir.jp"/></telecom><telecom><system value="email"/><value value="office@hlfhir.jp"/></telecom></contact><description value="処置を実施した者の役割（ロール）を示す値セット"/><jurisdiction><coding><system value="urn:iso:std:iso:3166"/><code value="JP"/><display value="Japan"/></coding></jurisdiction><copyright value="Copyright FHIR Japanese implementation research working group in Japan Association of Medical Informatics (JAMI) 一般社団法人日本医療情報学会NeXEHRS課題研究会FHIR日本実装検討WG"/><compose><include><system value="http://jpfhir.jp/fhir/core/CodeSystem/JP_PractitionerRole_CS"/></include></compose></ValueSet>