<?xml version="1.0" encoding="UTF-8"?>

<CodeSystem xmlns="http://hl7.org/fhir">
  <id value="jp-department-ssmix-2digits-cs"/>
  <text>
    <status value="generated"/><div xmlns="http://www.w3.org/1999/xhtml"><p>This code system http://jpfhir.jp/fhir/Common/CodeSystem/JP_Department_SsMix2Digits_CS defines the following codes:</p><table class="codes"><tr><td style="white-space:nowrap"><b>Code</b></td><td><b>Display</b></td></tr><tr><td style="white-space:nowrap">01<a name="jp-department-ssmix-2digits-cs-01"> </a></td><td>内科</td></tr><tr><td style="white-space:nowrap">02<a name="jp-department-ssmix-2digits-cs-02"> </a></td><td>精神科</td></tr><tr><td style="white-space:nowrap">03<a name="jp-department-ssmix-2digits-cs-03"> </a></td><td>神経科</td></tr><tr><td style="white-space:nowrap">04<a name="jp-department-ssmix-2digits-cs-04"> </a></td><td>神経内科</td></tr><tr><td style="white-space:nowrap">05<a name="jp-department-ssmix-2digits-cs-05"> </a></td><td>呼吸器科</td></tr><tr><td style="white-space:nowrap">06<a name="jp-department-ssmix-2digits-cs-06"> </a></td><td>消化器科</td></tr><tr><td style="white-space:nowrap">07<a name="jp-department-ssmix-2digits-cs-07"> </a></td><td>胃腸科</td></tr><tr><td style="white-space:nowrap">08<a name="jp-department-ssmix-2digits-cs-08"> </a></td><td>循環器科</td></tr><tr><td style="white-space:nowrap">09<a name="jp-department-ssmix-2digits-cs-09"> </a></td><td>小児科</td></tr><tr><td style="white-space:nowrap">10<a name="jp-department-ssmix-2digits-cs-10"> </a></td><td>外科</td></tr><tr><td style="white-space:nowrap">11<a name="jp-department-ssmix-2digits-cs-11"> </a></td><td>整形外科</td></tr><tr><td style="white-space:nowrap">12<a name="jp-department-ssmix-2digits-cs-12"> </a></td><td>形成外科</td></tr><tr><td style="white-space:nowrap">13<a name="jp-department-ssmix-2digits-cs-13"> </a></td><td>美容外科</td></tr><tr><td style="white-space:nowrap">14<a name="jp-department-ssmix-2digits-cs-14"> </a></td><td>脳神経外科</td></tr><tr><td style="white-space:nowrap">15<a name="jp-department-ssmix-2digits-cs-15"> </a></td><td>呼吸器外科</td></tr><tr><td style="white-space:nowrap">16<a name="jp-department-ssmix-2digits-cs-16"> </a></td><td>心臓血管外科</td></tr><tr><td style="white-space:nowrap">17<a name="jp-department-ssmix-2digits-cs-17"> </a></td><td>小児外科</td></tr><tr><td style="white-space:nowrap">18<a name="jp-department-ssmix-2digits-cs-18"> </a></td><td>皮膚泌尿器科</td></tr><tr><td style="white-space:nowrap">19<a name="jp-department-ssmix-2digits-cs-19"> </a></td><td>皮膚科</td></tr><tr><td style="white-space:nowrap">20<a name="jp-department-ssmix-2digits-cs-20"> </a></td><td>泌尿器科</td></tr><tr><td style="white-space:nowrap">21<a name="jp-department-ssmix-2digits-cs-21"> </a></td><td>性病科</td></tr><tr><td style="white-space:nowrap">22<a name="jp-department-ssmix-2digits-cs-22"> </a></td><td>肛門科</td></tr><tr><td style="white-space:nowrap">23<a name="jp-department-ssmix-2digits-cs-23"> </a></td><td>産婦人科</td></tr><tr><td style="white-space:nowrap">24<a name="jp-department-ssmix-2digits-cs-24"> </a></td><td>産科</td></tr><tr><td style="white-space:nowrap">25<a name="jp-department-ssmix-2digits-cs-25"> </a></td><td>婦人科</td></tr><tr><td style="white-space:nowrap">26<a name="jp-department-ssmix-2digits-cs-26"> </a></td><td>眼科</td></tr><tr><td style="white-space:nowrap">27<a name="jp-department-ssmix-2digits-cs-27"> </a></td><td>耳鼻咽喉科</td></tr><tr><td style="white-space:nowrap">28<a name="jp-department-ssmix-2digits-cs-28"> </a></td><td>気管食道科</td></tr><tr><td style="white-space:nowrap">30<a name="jp-department-ssmix-2digits-cs-30"> </a></td><td>放射線科</td></tr><tr><td style="white-space:nowrap">31<a name="jp-department-ssmix-2digits-cs-31"> </a></td><td>麻酔科</td></tr><tr><td style="white-space:nowrap">33<a name="jp-department-ssmix-2digits-cs-33"> </a></td><td>心療内科</td></tr><tr><td style="white-space:nowrap">34<a name="jp-department-ssmix-2digits-cs-34"> </a></td><td>アレルギー科</td></tr><tr><td style="white-space:nowrap">35<a name="jp-department-ssmix-2digits-cs-35"> </a></td><td>リウマチ科</td></tr><tr><td style="white-space:nowrap">36<a name="jp-department-ssmix-2digits-cs-36"> </a></td><td>リハビリテーション科</td></tr><tr><td style="white-space:nowrap">37<a name="jp-department-ssmix-2digits-cs-37"> </a></td><td>病理診断科</td></tr><tr><td style="white-space:nowrap">38<a name="jp-department-ssmix-2digits-cs-38"> </a></td><td>臨床検査科</td></tr><tr><td style="white-space:nowrap">39<a name="jp-department-ssmix-2digits-cs-39"> </a></td><td>救急科</td></tr><tr><td style="white-space:nowrap">40<a name="jp-department-ssmix-2digits-cs-40"> </a></td><td>遺伝科</td></tr><tr><td style="white-space:nowrap">41<a name="jp-department-ssmix-2digits-cs-41"> </a></td><td>血液内科</td></tr><tr><td style="white-space:nowrap">42<a name="jp-department-ssmix-2digits-cs-42"> </a></td><td>血液腫瘍内科</td></tr><tr><td style="white-space:nowrap">43<a name="jp-department-ssmix-2digits-cs-43"> </a></td><td>血液透析科</td></tr><tr><td style="white-space:nowrap">44<a name="jp-department-ssmix-2digits-cs-44"> </a></td><td>健診科</td></tr><tr><td style="white-space:nowrap">45<a name="jp-department-ssmix-2digits-cs-45"> </a></td><td>呼吸器内科</td></tr><tr><td style="white-space:nowrap">46<a name="jp-department-ssmix-2digits-cs-46"> </a></td><td>在宅診療科</td></tr><tr><td style="white-space:nowrap">47<a name="jp-department-ssmix-2digits-cs-47"> </a></td><td>腫瘍診療科</td></tr><tr><td style="white-space:nowrap">48<a name="jp-department-ssmix-2digits-cs-48"> </a></td><td>腎臓内科</td></tr><tr><td style="white-space:nowrap">49<a name="jp-department-ssmix-2digits-cs-49"> </a></td><td>睡眠診療部</td></tr><tr><td style="white-space:nowrap">50<a name="jp-department-ssmix-2digits-cs-50"> </a></td><td>精神神経科</td></tr><tr><td style="white-space:nowrap">51<a name="jp-department-ssmix-2digits-cs-51"> </a></td><td>総合診療科</td></tr><tr><td style="white-space:nowrap">52<a name="jp-department-ssmix-2digits-cs-52"> </a></td><td>内視鏡診療部</td></tr><tr><td style="white-space:nowrap">53<a name="jp-department-ssmix-2digits-cs-53"> </a></td><td>内分泌・代謝科</td></tr><tr><td style="white-space:nowrap">54<a name="jp-department-ssmix-2digits-cs-54"> </a></td><td>膠原病科</td></tr><tr><td style="white-space:nowrap">70<a name="jp-department-ssmix-2digits-cs-70"> </a></td><td>消化器内科</td></tr><tr><td style="white-space:nowrap">71<a name="jp-department-ssmix-2digits-cs-71"> </a></td><td>内分泌内科</td></tr><tr><td style="white-space:nowrap">72<a name="jp-department-ssmix-2digits-cs-72"> </a></td><td>代謝内科</td></tr><tr><td style="white-space:nowrap">73<a name="jp-department-ssmix-2digits-cs-73"> </a></td><td>糖尿病内科</td></tr><tr><td style="white-space:nowrap">74<a name="jp-department-ssmix-2digits-cs-74"> </a></td><td>腎臓・内分泌内科</td></tr><tr><td style="white-space:nowrap">75<a name="jp-department-ssmix-2digits-cs-75"> </a></td><td>感染症科</td></tr><tr><td style="white-space:nowrap">76<a name="jp-department-ssmix-2digits-cs-76"> </a></td><td>漢方科</td></tr><tr><td style="white-space:nowrap">77<a name="jp-department-ssmix-2digits-cs-77"> </a></td><td>老年科</td></tr><tr><td style="white-space:nowrap">78<a name="jp-department-ssmix-2digits-cs-78"> </a></td><td>血管外科</td></tr><tr><td style="white-space:nowrap">79<a name="jp-department-ssmix-2digits-cs-79"> </a></td><td>血管内治療科</td></tr><tr><td style="white-space:nowrap">7A<a name="jp-department-ssmix-2digits-cs-7A"> </a></td><td>消化器外科</td></tr><tr><td style="white-space:nowrap">7B<a name="jp-department-ssmix-2digits-cs-7B"> </a></td><td>上部消化管外科</td></tr><tr><td style="white-space:nowrap">7C<a name="jp-department-ssmix-2digits-cs-7C"> </a></td><td>下部消化管外科</td></tr><tr><td style="white-space:nowrap">80<a name="jp-department-ssmix-2digits-cs-80"> </a></td><td>肝胆膵外科</td></tr><tr><td style="white-space:nowrap">81<a name="jp-department-ssmix-2digits-cs-81"> </a></td><td>移植外科</td></tr><tr><td style="white-space:nowrap">82<a name="jp-department-ssmix-2digits-cs-82"> </a></td><td>乳腺外科</td></tr><tr><td style="white-space:nowrap">83<a name="jp-department-ssmix-2digits-cs-83"> </a></td><td>緩和ケア科</td></tr><tr><td style="white-space:nowrap">84<a name="jp-department-ssmix-2digits-cs-84"> </a></td><td>集中治療部</td></tr><tr><td style="white-space:nowrap">85<a name="jp-department-ssmix-2digits-cs-85"> </a></td><td>遺伝子診療部</td></tr><tr><td style="white-space:nowrap">86<a name="jp-department-ssmix-2digits-cs-86"> </a></td><td>顎口腔診療科</td></tr><tr><td style="white-space:nowrap">87<a name="jp-department-ssmix-2digits-cs-87"> </a></td><td>輸血診療部</td></tr><tr><td style="white-space:nowrap">88<a name="jp-department-ssmix-2digits-cs-88"> </a></td><td>予防医学診療部</td></tr><tr><td style="white-space:nowrap">89<a name="jp-department-ssmix-2digits-cs-89"> </a></td><td>予防接種科</td></tr><tr><td style="white-space:nowrap">8A<a name="jp-department-ssmix-2digits-cs-8A"> </a></td><td>先端医療開発診療</td></tr><tr><td style="white-space:nowrap">8B<a name="jp-department-ssmix-2digits-cs-8B"> </a></td><td>分子診療・細胞治療</td></tr><tr><td style="white-space:nowrap">8C<a name="jp-department-ssmix-2digits-cs-8C"> </a></td><td>特殊外来</td></tr><tr><td style="white-space:nowrap">8D<a name="jp-department-ssmix-2digits-cs-8D"> </a></td><td>手術部</td></tr><tr><td style="white-space:nowrap">8E<a name="jp-department-ssmix-2digits-cs-8E"> </a></td><td>薬剤部</td></tr><tr><td style="white-space:nowrap">8G<a name="jp-department-ssmix-2digits-cs-8G"> </a></td><td>栄養指導科</td></tr><tr><td style="white-space:nowrap">8H<a name="jp-department-ssmix-2digits-cs-8H"> </a></td><td>看護部</td></tr><tr><td style="white-space:nowrap">8J<a name="jp-department-ssmix-2digits-cs-8J"> </a></td><td>地域医療連携部</td></tr><tr><td style="white-space:nowrap">8K<a name="jp-department-ssmix-2digits-cs-8K"> </a></td><td>治験センター</td></tr><tr><td style="white-space:nowrap">90<a name="jp-department-ssmix-2digits-cs-90"> </a></td><td>歯科</td></tr><tr><td style="white-space:nowrap">98<a name="jp-department-ssmix-2digits-cs-98"> </a></td><td>医事・事務</td></tr><tr><td style="white-space:nowrap">9Z<a name="jp-department-ssmix-2digits-cs-9Z"> </a></td><td>その他</td></tr></table></div>
  </text>
  <url value="http://jpfhir.jp/fhir/Common/CodeSystem/JP_Department_SsMix2Digits_CS"/>
  <version value="1.1.0a"/>
  <name value="JP_Department_SsMix2Digits_CS"/>
  <title value="JP Core Department SS-MIX2 2DigitsCodes"/>
  <status value="draft"/>
  <date value="2022-08-18T01:06:26+00:00"/>
  <publisher value="FHIR Japanese implementation research working group in Japan Association of Medical Informatics (JAMI)"/>
  <contact>
    <name value="FHIR Japanese implementation research working group in Japan Association of Medical Informatics (JAMI)"/>
    <telecom>
      <system value="url"/>
      <value value="http://jpfhir.jp"/>
    </telecom>
    <telecom>
      <system value="email"/>
      <value value="office@hlfhir.jp"/>
    </telecom>
  </contact>
  <description value="SS-MIX統一診療科コード（２桁）"/>
  <jurisdiction>
    <coding>
      <system value="urn:iso:std:iso:3166"/>
      <code value="JP"/>
    </coding>
  </jurisdiction>
  <copyright value="FHIR Japanese implementation research working group in Japan Association of Medical Informatics (JAMI)"/>
  <caseSensitive value="true"/>
  <content value="complete"/>
  <count value="87"/>
  <concept>
    <code value="01"/>
    <display value="内科"/>
  </concept>
  <concept>
    <code value="02"/>
    <display value="精神科"/>
  </concept>
  <concept>
    <code value="03"/>
    <display value="神経科"/>
  </concept>
  <concept>
    <code value="04"/>
    <display value="神経内科"/>
  </concept>
  <concept>
    <code value="05"/>
    <display value="呼吸器科"/>
  </concept>
  <concept>
    <code value="06"/>
    <display value="消化器科"/>
  </concept>
  <concept>
    <code value="07"/>
    <display value="胃腸科"/>
  </concept>
  <concept>
    <code value="08"/>
    <display value="循環器科"/>
  </concept>
  <concept>
    <code value="09"/>
    <display value="小児科"/>
  </concept>
  <concept>
    <code value="10"/>
    <display value="外科"/>
  </concept>
  <concept>
    <code value="11"/>
    <display value="整形外科"/>
  </concept>
  <concept>
    <code value="12"/>
    <display value="形成外科"/>
  </concept>
  <concept>
    <code value="13"/>
    <display value="美容外科"/>
  </concept>
  <concept>
    <code value="14"/>
    <display value="脳神経外科"/>
  </concept>
  <concept>
    <code value="15"/>
    <display value="呼吸器外科"/>
  </concept>
  <concept>
    <code value="16"/>
    <display value="心臓血管外科"/>
  </concept>
  <concept>
    <code value="17"/>
    <display value="小児外科"/>
  </concept>
  <concept>
    <code value="18"/>
    <display value="皮膚泌尿器科"/>
  </concept>
  <concept>
    <code value="19"/>
    <display value="皮膚科"/>
  </concept>
  <concept>
    <code value="20"/>
    <display value="泌尿器科"/>
  </concept>
  <concept>
    <code value="21"/>
    <display value="性病科"/>
  </concept>
  <concept>
    <code value="22"/>
    <display value="肛門科"/>
  </concept>
  <concept>
    <code value="23"/>
    <display value="産婦人科"/>
  </concept>
  <concept>
    <code value="24"/>
    <display value="産科"/>
  </concept>
  <concept>
    <code value="25"/>
    <display value="婦人科"/>
  </concept>
  <concept>
    <code value="26"/>
    <display value="眼科"/>
  </concept>
  <concept>
    <code value="27"/>
    <display value="耳鼻咽喉科"/>
  </concept>
  <concept>
    <code value="28"/>
    <display value="気管食道科"/>
  </concept>
  <concept>
    <code value="30"/>
    <display value="放射線科"/>
  </concept>
  <concept>
    <code value="31"/>
    <display value="麻酔科"/>
  </concept>
  <concept>
    <code value="33"/>
    <display value="心療内科"/>
  </concept>
  <concept>
    <code value="34"/>
    <display value="アレルギー科"/>
  </concept>
  <concept>
    <code value="35"/>
    <display value="リウマチ科"/>
  </concept>
  <concept>
    <code value="36"/>
    <display value="リハビリテーション科"/>
  </concept>
  <concept>
    <code value="37"/>
    <display value="病理診断科"/>
  </concept>
  <concept>
    <code value="38"/>
    <display value="臨床検査科"/>
  </concept>
  <concept>
    <code value="39"/>
    <display value="救急科"/>
  </concept>
  <concept>
    <code value="40"/>
    <display value="遺伝科"/>
  </concept>
  <concept>
    <code value="41"/>
    <display value="血液内科"/>
  </concept>
  <concept>
    <code value="42"/>
    <display value="血液腫瘍内科"/>
  </concept>
  <concept>
    <code value="43"/>
    <display value="血液透析科"/>
  </concept>
  <concept>
    <code value="44"/>
    <display value="健診科"/>
  </concept>
  <concept>
    <code value="45"/>
    <display value="呼吸器内科"/>
  </concept>
  <concept>
    <code value="46"/>
    <display value="在宅診療科"/>
  </concept>
  <concept>
    <code value="47"/>
    <display value="腫瘍診療科"/>
  </concept>
  <concept>
    <code value="48"/>
    <display value="腎臓内科"/>
  </concept>
  <concept>
    <code value="49"/>
    <display value="睡眠診療部"/>
  </concept>
  <concept>
    <code value="50"/>
    <display value="精神神経科"/>
  </concept>
  <concept>
    <code value="51"/>
    <display value="総合診療科"/>
  </concept>
  <concept>
    <code value="52"/>
    <display value="内視鏡診療部"/>
  </concept>
  <concept>
    <code value="53"/>
    <display value="内分泌・代謝科"/>
  </concept>
  <concept>
    <code value="54"/>
    <display value="膠原病科"/>
  </concept>
  <concept>
    <code value="70"/>
    <display value="消化器内科"/>
  </concept>
  <concept>
    <code value="71"/>
    <display value="内分泌内科"/>
  </concept>
  <concept>
    <code value="72"/>
    <display value="代謝内科"/>
  </concept>
  <concept>
    <code value="73"/>
    <display value="糖尿病内科"/>
  </concept>
  <concept>
    <code value="74"/>
    <display value="腎臓・内分泌内科"/>
  </concept>
  <concept>
    <code value="75"/>
    <display value="感染症科"/>
  </concept>
  <concept>
    <code value="76"/>
    <display value="漢方科"/>
  </concept>
  <concept>
    <code value="77"/>
    <display value="老年科"/>
  </concept>
  <concept>
    <code value="78"/>
    <display value="血管外科"/>
  </concept>
  <concept>
    <code value="79"/>
    <display value="血管内治療科"/>
  </concept>
  <concept>
    <code value="7A"/>
    <display value="消化器外科"/>
  </concept>
  <concept>
    <code value="7B"/>
    <display value="上部消化管外科"/>
  </concept>
  <concept>
    <code value="7C"/>
    <display value="下部消化管外科"/>
  </concept>
  <concept>
    <code value="80"/>
    <display value="肝胆膵外科"/>
  </concept>
  <concept>
    <code value="81"/>
    <display value="移植外科"/>
  </concept>
  <concept>
    <code value="82"/>
    <display value="乳腺外科"/>
  </concept>
  <concept>
    <code value="83"/>
    <display value="緩和ケア科"/>
  </concept>
  <concept>
    <code value="84"/>
    <display value="集中治療部"/>
  </concept>
  <concept>
    <code value="85"/>
    <display value="遺伝子診療部"/>
  </concept>
  <concept>
    <code value="86"/>
    <display value="顎口腔診療科"/>
  </concept>
  <concept>
    <code value="87"/>
    <display value="輸血診療部"/>
  </concept>
  <concept>
    <code value="88"/>
    <display value="予防医学診療部"/>
  </concept>
  <concept>
    <code value="89"/>
    <display value="予防接種科"/>
  </concept>
  <concept>
    <code value="8A"/>
    <display value="先端医療開発診療"/>
  </concept>
  <concept>
    <code value="8B"/>
    <display value="分子診療・細胞治療"/>
  </concept>
  <concept>
    <code value="8C"/>
    <display value="特殊外来"/>
  </concept>
  <concept>
    <code value="8D"/>
    <display value="手術部"/>
  </concept>
  <concept>
    <code value="8E"/>
    <display value="薬剤部"/>
  </concept>
  <concept>
    <code value="8G"/>
    <display value="栄養指導科"/>
  </concept>
  <concept>
    <code value="8H"/>
    <display value="看護部"/>
  </concept>
  <concept>
    <code value="8J"/>
    <display value="地域医療連携部"/>
  </concept>
  <concept>
    <code value="8K"/>
    <display value="治験センター"/>
  </concept>
  <concept>
    <code value="90"/>
    <display value="歯科"/>
  </concept>
  <concept>
    <code value="98"/>
    <display value="医事・事務"/>
  </concept>
  <concept>
    <code value="9Z"/>
    <display value="その他"/>
  </concept>
</CodeSystem>