<?xml version="1.0" encoding="UTF-8"?>

<CodeSystem xmlns="http://hl7.org/fhir">
  <id value="jp-procedure-codes-dental-cs"/>
  <text>
    <status value="generated"/><div xmlns="http://www.w3.org/1999/xhtml"><p>This code system http://jpfhir.jp/fhir/Common/CodeSystem/JP_ProcedureCodesDental_CS defines the following codes:</p><table class="codes"><tr><td style="white-space:nowrap"><b>Code</b></td><td><b>Display</b></td></tr><tr><td style="white-space:nowrap">304000110<a name="jp-procedure-codes-dental-cs-304000110"> </a></td><td>電気的根管長測定検査</td></tr><tr><td style="white-space:nowrap">304000270<a name="jp-procedure-codes-dental-cs-304000270"> </a></td><td>２根管以上加算（電気的根管長測定検査）</td></tr><tr><td style="white-space:nowrap">304000310<a name="jp-procedure-codes-dental-cs-304000310"> </a></td><td>細菌簡易培養検査</td></tr><tr><td style="white-space:nowrap">304000410<a name="jp-procedure-codes-dental-cs-304000410"> </a></td><td>歯周基本検査（１歯以上１０歯未満）</td></tr><tr><td style="white-space:nowrap">304000510<a name="jp-procedure-codes-dental-cs-304000510"> </a></td><td>歯周基本検査（１０歯以上２０歯未満）</td></tr></table></div>
  </text>
  <url value="http://jpfhir.jp/fhir/Common/CodeSystem/JP_ProcedureCodesDental_CS"/>
  <version value="1.1.0a"/>
  <name value="JP_ProcedureCodesDental_CS"/>
  <title value="JP Core Procedure Codes Dental"/>
  <status value="draft"/>
  <date value="2022-08-18T06:58:23+00:00"/>
  <publisher value="FHIR Japanese implementation research working group in Japan Association of Medical Informatics (JAMI)"/>
  <contact>
    <name value="FHIR Japanese implementation research working group in Japan Association of Medical Informatics (JAMI)"/>
    <telecom>
      <system value="url"/>
      <value value="http://jpfhir.jp"/>
    </telecom>
    <telecom>
      <system value="email"/>
      <value value="office@hlfhir.jp"/>
    </telecom>
  </contact>
  <description value="処置のコード:歯科診療行為マスタ"/>
  <jurisdiction>
    <coding>
      <system value="urn:iso:std:iso:3166"/>
      <code value="JP"/>
    </coding>
  </jurisdiction>
  <copyright value="FHIR Japanese implementation research working group in Japan Association of Medical Informatics (JAMI)"/>
  <caseSensitive value="true"/>
  <content value="complete"/>
  <count value="5"/>
  <concept>
    <code value="304000110"/>
    <display value="電気的根管長測定検査"/>
  </concept>
  <concept>
    <code value="304000270"/>
    <display value="２根管以上加算（電気的根管長測定検査）"/>
  </concept>
  <concept>
    <code value="304000310"/>
    <display value="細菌簡易培養検査"/>
  </concept>
  <concept>
    <code value="304000410"/>
    <display value="歯周基本検査（１歯以上１０歯未満）"/>
  </concept>
  <concept>
    <code value="304000510"/>
    <display value="歯周基本検査（１０歯以上２０歯未満）"/>
  </concept>
</CodeSystem>