"Id","Path","Slice Name","Alias(s)","Label","Min","Max","Must Support?","Is Modifier?","Is Summary?","Type(s)","Short","Definition","Comments","Requirements","Default Value","Meaning When Missing","Fixed Value","Pattern","Example","Minimum Value","Maximum Value","Maximum Length","Binding Strength","Binding Description","Binding Value Set","Code","Slicing Discriminator","Slicing Description","Slicing Ordered","Slicing Rules","Base Path","Base Min","Base Max","Condition(s)","Constraint(s)","Mapping: Workflow Pattern","Mapping: RIM Mapping","Mapping: FiveWs Pattern Mapping","Mapping: HL7 v2 Mapping"
"Encounter","Encounter","","Visit
","",0,*,"","","","null {[]} {[]}
","An interaction during which services are provided to the patient / 患者にサービスが提供されている間の相互作用","An interaction between a patient and healthcare provider(s) for the purpose of providing healthcare service(s) or assessing the health status of a patient.

医療サービスの提供または患者の健康状態の評価を目的とした、患者と医療提供者との間の相互作用。Encounterと表現される。

【JP Core仕様】外来受診、救急受診、入院、退院、対面診察、電話診察、など。","","","","","","","","","",,,,,"",,,,"Encounter",0,*,"","","Event","Entity. Role, or Act","Encounter[@moodCode='EVN']"
"Encounter.id","Encounter.id","","","",0,1,"","","Y","id {[]} {[]}
","このアーティファクトの論理ID","「リソースのURLで使用される論理ID。一度割り当てられたら、この値は変更されません。」","「リソースにIDがないのは、作成操作を使用してサーバーに送信されているときだけです。」","","","","","","","","",,,,,"",,,,"Resource.id",0,1,"",""
"Encounter.meta","Encounter.meta","","","",0,1,"","","Y","Meta {[]} {[]}
","「リソースに関するメタデータ」","リソースに関するメタデータ。これはインフラストラクチャによって維持されるコンテンツです。 コンテンツの変更は、リソースのバージョン変更と常に関連しているわけではありません。","","","","","","","","","",,,,,"",,,,"Resource.meta",0,1,"","ele-1:すべてのFHIR要素は、@valueまたはchildrenを持っている必要があります。 {hasValue() or (children().count() > id.count())}
"
"Encounter.implicitRules","Encounter.implicitRules","","","",0,1,"","Y","Y","uri {[]} {[]}
","このコンテンツが作成されたルールセット","「リソース構築時に遵守された一連のルールを指すものであり、コンテンツを処理する際に理解する必要があります。しばしば、特別なルールを定義する実装ガイドとその他のプロファイルなどを含むものです。」","このルールセットを主張することで、取引先の限られた集団にしか内容を理解させることができず、長期的にはデータの有用性が制限されます。しかしながら、現存するヘルスエコシステムは高度に分断化しており、一般的に計算可能な形式でデータを定義、収集、交換する準備が整っていません。できる限り、実装者および/または仕様ライターはこの要素の使用を避けるべきです。使用する場合、URLは、そのナラティブとともに他のプロファイル、値セットなどを含む実装ガイドを定義する参照となります。","","","","","","","","",,,,,"",,,,"Resource.implicitRules",0,1,"","ele-1:すべてのFHIR要素は、@valueまたはchildrenを持っている必要があります。 {hasValue() or (children().count() > id.count())}
"
"Encounter.language","Encounter.language","","","",0,1,"","","","code {[]} {[]}
","「リソースコンテンツの言語」(Risōsukontentsu no gengo)","「リソースが書かれている基本言語。」","言語はインデックスとアクセシビリティをサポートするために提供されます（通常、テキスト読み上げなどのサービスは言語タグを使用します）。物語のHTML言語タグは、物語に適用されます。リソース上の言語タグは、リソース内のデータから生成される他のプレゼンテーションの言語を指定するために使用できます。すべてのコンテンツが基本言語である必要はありません。Resource.languageは自動的に物語に適用されたと想定してはいけません。言語が指定されている場合、HTMLのdiv要素にも指定する必要があります（xml：langとhtml lang属性の関係に関する情報はHTML5の規則を参照）。","","","","","","","","",,"preferred","「人間の言語。」(Ningen no gengo.)","http://hl7.org/fhir/ValueSet/languages","",,,,"Resource.language",0,1,"","ele-1:すべてのFHIR要素は、@valueまたはchildrenを持っている必要があります。 {hasValue() or (children().count() > id.count())}
"
"Encounter.text","Encounter.text","","narrative
htmlxhtmldisplay","",0,1,"","","","Narrative {[]} {[]}
","「人間の解釈のためのリソースのテキスト要約」","「リソースの要約を含む人が読めるナビゲーションであり、リソースの内容を人に表現するために使用できます。ナビゲーションはすべての構造化されたデータをエンコードする必要はありませんが、人間がナビゲーションを読むだけで「臨床的に安全」であるために十分な詳細を含む必要があります。リソース定義には、臨床的な安全性を確保するためにナビゲーションで表現する必要があるコンテンツが定義される場合があります。」","含まれるリソースには説明がありません。含まれないリソースには説明が必要です。場合によっては、リソースが少量のデータしか含まず、テキストだけで表現されることがあります（minOccurs = 1要素がすべて満たされている限り）。これは、情報が「テキストの塊」としてキャプチャされるレガシーシステムからのデータや、テキストが生またはナレーションされて符号化された情報が後で追加される場合に必要な場合があります。","","","","","","","","",,,,,"",,,,"DomainResource.text",0,1,"","ele-1:すべてのFHIR要素は、@valueまたはchildrenを持っている必要があります。 {hasValue() or (children().count() > id.count())}
","Act.text?"
"Encounter.contained","Encounter.contained","","inline resources
anonymous resourcescontained resources","",0,*,"","","","Resource {[]} {[]}
","「含まれている、インラインのリソース」(Fukuma rete iru, inrain no risōsu)","「これらのリソースは、それらを含むリソースから独立した存在を持ちません。それらは独立して識別することはできず、独自の独立したトランザクション範囲を持つこともできません。」","「コンテンツが適切に識別できる場合には、これを行うべきではありません。識別が失われると、再び復元することは非常に困難であり（文脈に依存します）、メタ要素にプロファイルとタグを持つことができますが、セキュリティのラベルを持っていてはいけません。」","","","","","","","","",,,,,"",,,,"DomainResource.contained",0,*,"","","N/A"
"Encounter.extension","Encounter.extension","","","",0,*,"","","","Extension {[]} {[]}
","Extension","An Extension","","","","","","","","","",,,,,"","value:url}
","",,"open","DomainResource.extension",0,*,"","ele-1:すべてのFHIR要素は、@valueまたはchildrenを持っている必要があります。 {hasValue() or (children().count() > id.count())}
ext-1:「拡張機能または値[x]のいずれかが必要です。両方ではありません。」 {extension.exists() != value.exists()}"
"Encounter.extension:associatedEncounter","Encounter.extension","associatedEncounter","","",0,1,"","","","Extension {[CanonicalType[http://hl7.org/fhir/StructureDefinition/encounter-associatedEncounter]]} {[]}
","関連するEncounter","関連するEncounter","","","","","","","","","",,,,,"",,,,"DomainResource.extension",0,*,"ele-1
","ele-1:すべてのFHIR要素には、@valueまたは子供が必要です / All FHIR elements must have a @value or children {hasValue() or (children().count() > id.count())}
ext-1:両方ではなく、拡張または値[x]が必要です / Must have either extensions or value[x], not both {extension.exists() != value.exists()}"
"Encounter.modifierExtension","Encounter.modifierExtension","","extensions
user content","",0,*,"","Y","","Extension {[]} {[]}
","無視できない拡張機能 (Mushi dekinai kakuchou kinou)","「リソースの基本的な定義に含まれない、要素の理解や、それを含む要素の子孫の理解を修正する追加情報を表すためにも使用されることがあります。通常、修飾要素は否定や修飾を提供します。拡張機能の使用を安全で管理しやすくするために、拡張機能の定義と使用に対して厳格な統治が適用されます。実装者は拡張機能を定義することが許可されていますが、拡張機能の定義の一部として満たす必要がある要件があります。リソースを処理するアプリケーションは、修飾子拡張をチェックする必要があります。修飾子拡張は、リソースまたはドメインリソースの任意の要素の意味を変更してはなりません（修飾子拡張自体の意味も変更できません）。」","どのようなアプリケーション、プロジェクト、または標準が拡張機能を使用しているかに関わらず、拡張機能の使用には決して汚名が付くわけではありません - それらを使用または定義する機関または管轄区域に関係なく。拡張機能の使用こそが、FHIR仕様を誰にとっても簡単なコアレベルで維持することを可能にします。","Modifier extensions allow for extensions that *cannot* be safely ignored to be clearly distinguished from the vast majority of extensions which can be safely ignored.  This promotes interoperability by eliminating the need for implementers to prohibit the presence of extensions. For further information, see the [definition of modifier extensions](http://hl7.org/fhir/R4/extensibility.html#modifierExtension).","","","","","","","",,,,,"",,,,"DomainResource.modifierExtension",0,*,"","ele-1:すべてのFHIR要素は、@valueまたはchildrenを持っている必要があります。 {hasValue() or (children().count() > id.count())}
ext-1:「拡張機能または値[x]のいずれかが必要です。両方ではありません。」 {extension.exists() != value.exists()}","N/A"
"Encounter.identifier","Encounter.identifier","","","",0,*,"","","Y","Identifier {[]} {[]}
","Identifier(s) by which this encounter is known / このEncounterが知られている識別子（複数可）【詳細参照】","Identifier(s) by which this encounter is known.

このEncounterが知られている識別子（複数可）。","","","","","","","","","",,,,,"",,,,"Encounter.identifier",0,*,"","ele-1:すべてのFHIR要素は、@valueまたはchildrenを持っている必要があります。 {hasValue() or (children().count() > id.count())}
","Event.identifier",".id","FiveWs.identifier","PV1-19"
"Encounter.status","Encounter.status","","","",1,1,"","Y","Y","code {[]} {[]}
","planned | arrived | triaged | in-progress | onleave | finished | cancelled + / 予定｜到着｜トリアージ｜進行中｜保留中｜終了｜キャンセル+【詳細参照】","planned | arrived | triaged | in-progress | onleave | finished | cancelled +.

予定｜到着｜トリアージ｜進行中｜保留中｜終了｜キャンセル+.","Note that internal business rules will determine the appropriate transitions that may occur between statuses (and also classes).

内部のビジネス・ルールは、ステータス(およびクラス)間で発生する可能性のある適切な遷移を検出することに注意すること。","","","","","","","","",,"required","「出会いの現状。」(Deai no genjou.)","http://hl7.org/fhir/ValueSet/encounter-status|4.0.1","",,,,"Encounter.status",1,1,"","ele-1:すべてのFHIR要素は、@valueまたはchildrenを持っている必要があります。 {hasValue() or (children().count() > id.count())}
","Event.status",".statusCode","FiveWs.status","No clear equivalent in HL7 v2; active/finished could be inferred from PV1-44, PV1-45, PV2-24; inactive could be inferred from PV2-16"
"Encounter.statusHistory","Encounter.statusHistory","","","",0,*,"","","","BackboneElement {[]} {[]}
","List of past encounter statuses / 過去のEncounterのステータス一覧【詳細参照】","The status history permits the encounter resource to contain the status history without needing to read through the historical versions of the resource, or even have the server store them.

ステータス履歴(status History)は、リソースの歴史的なバージョンを読み込んだり、サーバに保存させたりすることなく、Encounterリソースがステータス履歴を含むことを可能にする。","The current status is always found in the current version of the resource, not the status history.

現在のステータスは、ステータスの履歴ではなく、常にリソースの現在のバージョンにある。","","","","","","","","",,,,,"",,,,"Encounter.statusHistory",0,*,"","ele-1:すべてのFHIR要素は、@valueまたはchildrenを持っている必要があります。 {hasValue() or (children().count() > id.count())}
","n/a"
"Encounter.statusHistory.id","Encounter.statusHistory.id","","","",0,1,"","","","string {[]} {[]}
","エレメント相互参照のためのユニークID","リソース内の要素の固有ID（内部参照用）。これは、スペースを含まない任意の文字列値である可能性があります。","","","","","","","","","",,,,,"",,,,"Element.id",0,1,"","","n/a"
"Encounter.statusHistory.extension","Encounter.statusHistory.extension","","extensions
user content","",0,*,"","","","Extension {[]} {[]}
","実装によって定義される追加コンテンツ","「要素の基本的な定義に含まれない追加情報を表すために使用されることがあります。拡張機能の使用を安全かつ管理しやすくするために、定義および使用に適用される厳格なガバナンスのセットがあります。実装者は拡張機能を定義できますが、拡張機能の定義の一部として満たす必要のある要件のセットがあります。」","どのようなアプリケーション、プロジェクト、または標準が拡張機能を使用しているかに関わらず、拡張機能の使用には決して汚名が付くわけではありません - それらを使用または定義する機関または管轄区域に関係なく。拡張機能の使用こそが、FHIR仕様を誰にとっても簡単なコアレベルで維持することを可能にします。","","","","","","","","",,,,,"",,,,"Element.extension",0,*,"","ele-1:すべてのFHIR要素は、@valueまたはchildrenを持っている必要があります。 {hasValue() or (children().count() > id.count())}
ext-1:「拡張機能または値[x]のいずれかが必要です。両方ではありません。」 {extension.exists() != value.exists()}","n/a"
"Encounter.statusHistory.modifierExtension","Encounter.statusHistory.modifierExtension","","extensions
user contentmodifiers","",0,*,"","Y","Y","Extension {[]} {[]}
","「認識されなくても無視できない拡張機能」(Ninshiki sarenakutemo mushi dekinai kakuchou kinou)","「基本的な要素の定義に含まれない追加情報を表すために使用されることがあり、それによって、その要素自体または取り込んでいる要素の子孫の理解を修正する。修飾子要素は通常、否定または修飾を提供します。拡張機能の安全で管理しやすい使用を実現するために、定義および使用に厳しいガバナンスセットが適用されています。どの実装者でも拡張機能を定義できますが、拡張機能の定義の一部として満たす必要がある要件があります。リソースを処理するアプリケーションは、修飾子拡張子をチェックする必要があります。

修飾子拡張機能は、リソースまたはドメインリソースの任意の要素の意味を変更してはなりません（修飾子拡張自体の意味を変更することもできません）。」","どのようなアプリケーション、プロジェクト、または標準が拡張機能を使用しているかに関わらず、拡張機能の使用には決して汚名が付くわけではありません - それらを使用または定義する機関または管轄区域に関係なく。拡張機能の使用こそが、FHIR仕様を誰にとっても簡単なコアレベルで維持することを可能にします。","Modifier extensions allow for extensions that *cannot* be safely ignored to be clearly distinguished from the vast majority of extensions which can be safely ignored.  This promotes interoperability by eliminating the need for implementers to prohibit the presence of extensions. For further information, see the [definition of modifier extensions](http://hl7.org/fhir/R4/extensibility.html#modifierExtension).","","","","","","","",,,,,"",,,,"BackboneElement.modifierExtension",0,*,"","ele-1:すべてのFHIR要素は、@valueまたはchildrenを持っている必要があります。 {hasValue() or (children().count() > id.count())}
ext-1:「拡張機能または値[x]のいずれかが必要です。両方ではありません。」 {extension.exists() != value.exists()}","N/A"
"Encounter.statusHistory.status","Encounter.statusHistory.status","","","",1,1,"","","","code {[]} {[]}
","planned | arrived | triaged | in-progress | onleave | finished | cancelled + / 予定｜到着｜トリアージ｜進行中｜保留中｜終了｜キャンセル+.","planned | arrived | triaged | in-progress | onleave | finished | cancelled +.

予定｜到着｜トリアージ｜進行中｜保留中｜終了｜キャンセル+.","Note that FHIR strings SHALL NOT exceed 1MB in size

FHIR 文字列のサイズは 1MB を超えてはならないことに注意すること。","","","","","","","","",,"required","「出会いの現状。」(Deai no genjou.)","http://hl7.org/fhir/ValueSet/encounter-status|4.0.1","",,,,"Encounter.statusHistory.status",1,1,"","ele-1:すべてのFHIR要素は、@valueまたはchildrenを持っている必要があります。 {hasValue() or (children().count() > id.count())}
","n/a"
"Encounter.statusHistory.period","Encounter.statusHistory.period","","","",1,1,"","","","Period {[]} {[]}
","The time that the episode was in the specified status / そのエピソードが指定された状態になっていた時間","The time that the episode was in the specified status.

そのエピソードが指定された状態になっていた時間。","A Period specifies a range of time; the context of use will specify whether the entire range applies (e.g. ""the patient was an inpatient of the hospital for this time range"") or one value from the range applies (e.g. ""give to the patient between these two times"").

Period is not used for a duration (a measure of elapsed time). See [Duration](http://hl7.org/fhir/R4/datatypes.html#Duration).

これは期間ではない-これは時間の尺度（別のタイプ）であり、時間の固定値で発生する期間である。 期間は時間の範囲を指定する。 使用状況は、範囲全体が適用されるか（たとえば、「患者はこの時間範囲で入院していた」）、または範囲から1つの値が適用されるか（たとえば、「これら2回の間に患者に与える」）を指定する。 期間が必要な場合は、タイプをInterval | Durationとして指定する。","","","","","","","","",,,,,"",,,,"Encounter.statusHistory.period",1,1,"","ele-1:すべてのFHIR要素は、@valueまたはchildrenを持っている必要があります。 {hasValue() or (children().count() > id.count())}
","n/a"
"Encounter.class","Encounter.class","","","",1,1,"","","Y","Coding {[]} {[]}
","Classification of patient encounter / 患者とのEncounterの分類【詳細参照】","Concepts representing classification of patient encounter such as ambulatory (outpatient), inpatient, emergency, home health or others due to local variations.

外来（外来）、入院、救急、在宅医療、その他の地域差による患者Encounterの分類を表す概念。","Codes may be defined very casually in enumerations or code lists, up to very formal definitions such as SNOMED CT - see the HL7 v3 Core Principles for more information.

コードは列挙やコードリストの中で非常にカジュアルに定義されることもあれば、SNOMED CTのような非常にフォーマルな定義まである。 - 詳細はHL7 v3コア・プリンシプルを参照すること。","","","","","","","","",,"extensible","出会いの分類。 (Deai no bunrui.)","http://terminology.hl7.org/ValueSet/v3-ActEncounterCode","",,,,"Encounter.class",1,1,"","ele-1:すべてのFHIR要素は、@valueまたはchildrenを持っている必要があります。 {hasValue() or (children().count() > id.count())}
",".inboundRelationship[typeCode=SUBJ].source[classCode=LIST].code","FiveWs.class","PV1-2"
"Encounter.classHistory","Encounter.classHistory","","","",0,*,"","","","BackboneElement {[]} {[]}
","List of past encounter classes / 過去のEncounter classのリスト【詳細参照】","The class history permits the tracking of the encounters transitions without needing to go  through the resource history.  This would be used for a case where an admission starts of as an emergency encounter, then transitions into an inpatient scenario. Doing this and not restarting a new encounter ensures that any lab/diagnostic results can more easily follow the patient and not require re-processing and not get lost or cancelled during a kind of discharge from emergency to inpatient.

クラスの履歴は、リソースの履歴を経由することなく、Encounterの遷移を追跡することを可能にする。これは、入院患者が緊急時にEncounterした後、入院患者のシナリオに移行する場合に使用される。このようにして、新しいEncounterを再開しないようにすることで、検査/診断結果がより簡単に患者を追跡することができ、再処理を必要とせず、救急から入院への退院の際に紛失したりキャンセルされたりすることがないことを保証する。","","","","","","","","","",,,,,"",,,,"Encounter.classHistory",0,*,"","ele-1:すべてのFHIR要素は、@valueまたはchildrenを持っている必要があります。 {hasValue() or (children().count() > id.count())}
","n/a"
"Encounter.classHistory.id","Encounter.classHistory.id","","","",0,1,"","","","string {[]} {[]}
","エレメント相互参照のためのユニークID","リソース内の要素の固有ID（内部参照用）。これは、スペースを含まない任意の文字列値である可能性があります。","","","","","","","","","",,,,,"",,,,"Element.id",0,1,"","","n/a"
"Encounter.classHistory.extension","Encounter.classHistory.extension","","extensions
user content","",0,*,"","","","Extension {[]} {[]}
","実装によって定義される追加コンテンツ","「要素の基本的な定義に含まれない追加情報を表すために使用されることがあります。拡張機能の使用を安全かつ管理しやすくするために、定義および使用に適用される厳格なガバナンスのセットがあります。実装者は拡張機能を定義できますが、拡張機能の定義の一部として満たす必要のある要件のセットがあります。」","どのようなアプリケーション、プロジェクト、または標準が拡張機能を使用しているかに関わらず、拡張機能の使用には決して汚名が付くわけではありません - それらを使用または定義する機関または管轄区域に関係なく。拡張機能の使用こそが、FHIR仕様を誰にとっても簡単なコアレベルで維持することを可能にします。","","","","","","","","",,,,,"",,,,"Element.extension",0,*,"","ele-1:すべてのFHIR要素は、@valueまたはchildrenを持っている必要があります。 {hasValue() or (children().count() > id.count())}
ext-1:「拡張機能または値[x]のいずれかが必要です。両方ではありません。」 {extension.exists() != value.exists()}","n/a"
"Encounter.classHistory.modifierExtension","Encounter.classHistory.modifierExtension","","extensions
user contentmodifiers","",0,*,"","Y","Y","Extension {[]} {[]}
","「認識されなくても無視できない拡張機能」(Ninshiki sarenakutemo mushi dekinai kakuchou kinou)","「基本的な要素の定義に含まれない追加情報を表すために使用されることがあり、それによって、その要素自体または取り込んでいる要素の子孫の理解を修正する。修飾子要素は通常、否定または修飾を提供します。拡張機能の安全で管理しやすい使用を実現するために、定義および使用に厳しいガバナンスセットが適用されています。どの実装者でも拡張機能を定義できますが、拡張機能の定義の一部として満たす必要がある要件があります。リソースを処理するアプリケーションは、修飾子拡張子をチェックする必要があります。

修飾子拡張機能は、リソースまたはドメインリソースの任意の要素の意味を変更してはなりません（修飾子拡張自体の意味を変更することもできません）。」","どのようなアプリケーション、プロジェクト、または標準が拡張機能を使用しているかに関わらず、拡張機能の使用には決して汚名が付くわけではありません - それらを使用または定義する機関または管轄区域に関係なく。拡張機能の使用こそが、FHIR仕様を誰にとっても簡単なコアレベルで維持することを可能にします。","Modifier extensions allow for extensions that *cannot* be safely ignored to be clearly distinguished from the vast majority of extensions which can be safely ignored.  This promotes interoperability by eliminating the need for implementers to prohibit the presence of extensions. For further information, see the [definition of modifier extensions](http://hl7.org/fhir/R4/extensibility.html#modifierExtension).","","","","","","","",,,,,"",,,,"BackboneElement.modifierExtension",0,*,"","ele-1:すべてのFHIR要素は、@valueまたはchildrenを持っている必要があります。 {hasValue() or (children().count() > id.count())}
ext-1:「拡張機能または値[x]のいずれかが必要です。両方ではありません。」 {extension.exists() != value.exists()}","N/A"
"Encounter.classHistory.class","Encounter.classHistory.class","","","",1,1,"","","","Coding {[]} {[]}
","inpatient | outpatient | ambulatory | emergency + / 入院｜外来｜外来｜救急＋","inpatient | outpatient | ambulatory | emergency +.

入院｜外来｜外来｜救急＋。","Codes may be defined very casually in enumerations or code lists, up to very formal definitions such as SNOMED CT - see the HL7 v3 Core Principles for more information.

コードは列挙やコードリストの中で非常にカジュアルに定義されることもあれば、SNOMED CTのような非常にフォーマルな定義まである- 詳細はHL7 v3コア・プリンシプルを参照すること。","","","","","","","","",,"extensible","出会いの分類。 (Deai no bunrui.)","http://terminology.hl7.org/ValueSet/v3-ActEncounterCode","",,,,"Encounter.classHistory.class",1,1,"","ele-1:すべてのFHIR要素は、@valueまたはchildrenを持っている必要があります。 {hasValue() or (children().count() > id.count())}
","n/a"
"Encounter.classHistory.period","Encounter.classHistory.period","","","",1,1,"","","","Period {[]} {[]}
","The time that the episode was in the specified class / 指定されたクラスにエピソードがあった時間","The time that the episode was in the specified class.

指定されたクラスにエピソードがあった時間。","A Period specifies a range of time; the context of use will specify whether the entire range applies (e.g. ""the patient was an inpatient of the hospital for this time range"") or one value from the range applies (e.g. ""give to the patient between these two times"").

Period is not used for a duration (a measure of elapsed time). See [Duration](http://hl7.org/fhir/R4/datatypes.html#Duration).

これは期間ではない-これは時間の尺度（別のタイプ）であり、時間の固定値で発生する期間である。 期間は時間の範囲を指定する。 使用状況は、範囲全体が適用されるか（たとえば、「患者はこの時間範囲で入院していた」）、または範囲から1つの値が適用されるか（たとえば、「これら2回の間に患者に与える」）を指定する。 期間が必要な場合は、タイプをInterval | Durationとして指定する。","","","","","","","","",,,,,"",,,,"Encounter.classHistory.period",1,1,"","ele-1:すべてのFHIR要素は、@valueまたはchildrenを持っている必要があります。 {hasValue() or (children().count() > id.count())}
","n/a"
"Encounter.type","Encounter.type","","","",0,*,"","","Y","CodeableConcept {[]} {[]}
","Specific type of encounter / Encounterの具体的なタイプ【詳細参照】","Specific type of encounter (e.g. e-mail consultation, surgical day-care, skilled nursing, rehabilitation).

具体的なEncounterの種類（メール相談、外科デイケア、熟練看護、リハビリテーションなど）","Since there are many ways to further classify encounters, this element is ..*.

Encounterをさらに分類する方法はいろいろあるので、この要素は...*である。","","","","","","","","",,"example","出会いのタイプ。 (Deai no taipu.)","http://hl7.org/fhir/ValueSet/encounter-type","",,,,"Encounter.type",0,*,"","ele-1:すべてのFHIR要素は、@valueまたはchildrenを持っている必要があります。 {hasValue() or (children().count() > id.count())}
","Event.code",".code","FiveWs.class","PV1-4 / PV1-18"
"Encounter.serviceType","Encounter.serviceType","","","",0,1,"","","Y","CodeableConcept {[]} {[]}
","Specific type of service / 具体的なサービスの種類【詳細参照】","Broad categorization of the service that is to be provided (e.g. cardiology).

提供されるサービスの大まかな分類（心臓病など）。","Not all terminology uses fit this general pattern. In some cases, models should not use CodeableConcept and use Coding directly and provide their own structure for managing text, codings, translations and the relationship between elements and pre- and post-coordination.

すべてのターミノロジの使用がこの一般的なパターンに適合するわけではない。場合によっては、モデルはCodeableConceptを使用せず、コーディングを直接使用して、テキスト、コーディング、翻訳、および要素間の関係とpre-coordinationとpost-coordinationの用語関係を管理するための独自の構造を提供する必要がある。","","","","","","","","",,"example","提供されるサービスの広範な分類。","http://hl7.org/fhir/ValueSet/service-type","",,,,"Encounter.serviceType",0,1,"","ele-1:すべてのFHIR要素は、@valueまたはchildrenを持っている必要があります。 {hasValue() or (children().count() > id.count())}
","Event.code","n/a","PV1-10"
"Encounter.priority","Encounter.priority","","","",0,1,"","","","CodeableConcept {[]} {[]}
","Indicates the urgency of the encounter / このEncounterの緊急性を示す【詳細参照】","Indicates the urgency of the encounter.

このEncounterの緊急性を示す。","Not all terminology uses fit this general pattern. In some cases, models should not use CodeableConcept and use Coding directly and provide their own structure for managing text, codings, translations and the relationship between elements and pre- and post-coordination.

すべてのターミノロジの使用がこの一般的なパターンに適合するわけではない。場合によっては、モデルはCodeableConceptを使用せず、コーディングを直接使用して、テキスト、コーディング、翻訳、および要素間の関係とpre-coordinationとpost-coordinationの用語関係を管理するための独自の構造を提供する必要がある。","","","","","","","","",,"example","出会いの緊急性を示します。","http://terminology.hl7.org/ValueSet/v3-ActPriority","",,,,"Encounter.priority",0,1,"","ele-1:すべてのFHIR要素は、@valueまたはchildrenを持っている必要があります。 {hasValue() or (children().count() > id.count())}
",".priorityCode","FiveWs.grade","PV2-25"
"Encounter.subject","Encounter.subject","","patient
","",0,1,"","","Y","Reference {[]} {[CanonicalType[http://jpfhir.jp/fhir/core/StructureDefinition/JP_Patient], CanonicalType[http://hl7.org/fhir/StructureDefinition/Group]]}
","The patient or group present at the encounter / このEncounterに立ち会う患者またはグループ【詳細参照】","The patient or group present at the encounter.

このEncounterに立ち会う患者またはグループ。","While the encounter is always about the patient, the patient might not actually be known in all contexts of use, and there may be a group of patients that could be anonymous (such as in a group therapy for Alcoholics Anonymous - where the recording of the encounter could be used for billing on the number of people/staff and not important to the context of the specific patients) or alternately in veterinary care a herd of sheep receiving treatment (where the animals are not individually tracked).

このEncounterは常に患者に関するものであるが、患者は実際にはすべての使用状況で知られているわけではなく、匿名である可能性のある患者のグループが存在する可能性がある。（匿名のアルコール依存症の集団療法など-遭遇は、人数/スタッフの請求に使用でき、特定の患者の状況には重要ではない）","","","","","","","","",,,,,"",,,,"Encounter.subject",0,1,"","ele-1:すべてのFHIR要素は、@valueまたはchildrenを持っている必要があります。 {hasValue() or (children().count() > id.count())}
","Event.subject",".participation[typeCode=SBJ]/role[classCode=PAT]","FiveWs.subject[x]","FiveWs.subject","PID-3"
"Encounter.episodeOfCare","Encounter.episodeOfCare","","","",0,*,"","","Y","Reference {[]} {[CanonicalType[http://hl7.org/fhir/StructureDefinition/EpisodeOfCare]]}
","Episode(s) of care that this encounter should be recorded against / このEncounterが記録されるべきケアのエピソード【詳細参照】","Where a specific encounter should be classified as a part of a specific episode(s) of care this field should be used. This association can facilitate grouping of related encounters together for a specific purpose, such as government reporting, issue tracking, association via a common problem.  The association is recorded on the encounter as these are typically created after the episode of care and grouped on entry rather than editing the episode of care to append another encounter to it (the episode of care could span years).

特定のEncounterをケアの特定のエピソードの一部として分類する必要がある場合は、このフィールドを使用する必要がある。この関連付けにより、政府の報告、問題追跡、一般的な問題を介した関連付けなど、特定の目的のために関連するEncounterをグループ化することが容易になる。これらは通常、ケアのエピソードの後に​​作成され、ケアのエピソードを編集して別のEncounterを追加するのではなく、エントリ時にグループ化されるため、関連付けはEncounterに記録される（ケアのエピソードは数年にわたる場合がある）。","References SHALL be a reference to an actual FHIR resource, and SHALL be resolvable (allowing for access control, temporary unavailability, etc.). Resolution can be either by retrieval from the URL, or, where applicable by resource type, by treating an absolute reference as a canonical URL and looking it up in a local registry/repository.

参照は、実際のFHIRリソースへの参照である必要があり、解決可能（内容に到達可能）である必要がある（アクセス制御、一時的な使用不可などを考慮に入れる）。解決は、URLから取得するか、リソースタイプによって該当する場合は、絶対参照を正規URLとして扱い、ローカルレジストリ/リポジトリで検索することによって行うことができる。","","","","","","","","",,,,,"",,,,"Encounter.episodeOfCare",0,*,"","ele-1:すべてのFHIR要素は、@valueまたはchildrenを持っている必要があります。 {hasValue() or (children().count() > id.count())}
","Event.context","n/a","FiveWs.context","PV1-54, PV1-53"
"Encounter.basedOn","Encounter.basedOn","","incomingReferral
","",0,*,"","","","Reference {[]} {[CanonicalType[http://hl7.org/fhir/StructureDefinition/ServiceRequest]]}
","The ServiceRequest that initiated this encounter / このEncounterを開始したServiceRequest【詳細参照】","The request this encounter satisfies (e.g. incoming referral or procedure request).

このEncounterが満たすリクエスト（例：入ってくる紹介または手続きリクエスト）。","References SHALL be a reference to an actual FHIR resource, and SHALL be resolvable (allowing for access control, temporary unavailability, etc.). Resolution can be either by retrieval from the URL, or, where applicable by resource type, by treating an absolute reference as a canonical URL and looking it up in a local registry/repository.

参照は、実際のFHIRリソースへの参照である必要があり、解決可能（内容に到達可能）である必要がある（アクセス制御、一時的な使用不可などを考慮に入れる）。解決は、URLから取得するか、リソースタイプによって該当する場合は、絶対参照を正規URLとして扱い、ローカルレジストリ/リポジトリで検索することによって行うことができる。","","","","","","","","",,,,,"",,,,"Encounter.basedOn",0,*,"","ele-1:すべてのFHIR要素は、@valueまたはchildrenを持っている必要があります。 {hasValue() or (children().count() > id.count())}
","Event.basedOn",".reason.ClinicalDocument"
"Encounter.participant","Encounter.participant","","","",0,*,"","","Y","BackboneElement {[]} {[]}
","List of participants involved in the encounter / このEncounterに関わった参加者一覧【詳細参照】","The list of people responsible for providing the service.

サービスを提供する責任がある人々のリスト。","","","","","","","","","",,,,,"",,,,"Encounter.participant",0,*,"","ele-1:すべてのFHIR要素は、@valueまたはchildrenを持っている必要があります。 {hasValue() or (children().count() > id.count())}
","Event.performer",".participation[typeCode=PFM]","ROL"
"Encounter.participant.id","Encounter.participant.id","","","",0,1,"","","","string {[]} {[]}
","エレメント相互参照のためのユニークID","リソース内の要素の固有ID（内部参照用）。これは、スペースを含まない任意の文字列値である可能性があります。","","","","","","","","","",,,,,"",,,,"Element.id",0,1,"","","n/a"
"Encounter.participant.extension","Encounter.participant.extension","","extensions
user content","",0,*,"","","","Extension {[]} {[]}
","実装によって定義される追加コンテンツ","「要素の基本的な定義に含まれない追加情報を表すために使用されることがあります。拡張機能の使用を安全かつ管理しやすくするために、定義および使用に適用される厳格なガバナンスのセットがあります。実装者は拡張機能を定義できますが、拡張機能の定義の一部として満たす必要のある要件のセットがあります。」","どのようなアプリケーション、プロジェクト、または標準が拡張機能を使用しているかに関わらず、拡張機能の使用には決して汚名が付くわけではありません - それらを使用または定義する機関または管轄区域に関係なく。拡張機能の使用こそが、FHIR仕様を誰にとっても簡単なコアレベルで維持することを可能にします。","","","","","","","","",,,,,"",,,,"Element.extension",0,*,"","ele-1:すべてのFHIR要素は、@valueまたはchildrenを持っている必要があります。 {hasValue() or (children().count() > id.count())}
ext-1:「拡張機能または値[x]のいずれかが必要です。両方ではありません。」 {extension.exists() != value.exists()}","n/a"
"Encounter.participant.modifierExtension","Encounter.participant.modifierExtension","","extensions
user contentmodifiers","",0,*,"","Y","Y","Extension {[]} {[]}
","「認識されなくても無視できない拡張機能」(Ninshiki sarenakutemo mushi dekinai kakuchou kinou)","「基本的な要素の定義に含まれない追加情報を表すために使用されることがあり、それによって、その要素自体または取り込んでいる要素の子孫の理解を修正する。修飾子要素は通常、否定または修飾を提供します。拡張機能の安全で管理しやすい使用を実現するために、定義および使用に厳しいガバナンスセットが適用されています。どの実装者でも拡張機能を定義できますが、拡張機能の定義の一部として満たす必要がある要件があります。リソースを処理するアプリケーションは、修飾子拡張子をチェックする必要があります。

修飾子拡張機能は、リソースまたはドメインリソースの任意の要素の意味を変更してはなりません（修飾子拡張自体の意味を変更することもできません）。」","どのようなアプリケーション、プロジェクト、または標準が拡張機能を使用しているかに関わらず、拡張機能の使用には決して汚名が付くわけではありません - それらを使用または定義する機関または管轄区域に関係なく。拡張機能の使用こそが、FHIR仕様を誰にとっても簡単なコアレベルで維持することを可能にします。","Modifier extensions allow for extensions that *cannot* be safely ignored to be clearly distinguished from the vast majority of extensions which can be safely ignored.  This promotes interoperability by eliminating the need for implementers to prohibit the presence of extensions. For further information, see the [definition of modifier extensions](http://hl7.org/fhir/R4/extensibility.html#modifierExtension).","","","","","","","",,,,,"",,,,"BackboneElement.modifierExtension",0,*,"","ele-1:すべてのFHIR要素は、@valueまたはchildrenを持っている必要があります。 {hasValue() or (children().count() > id.count())}
ext-1:「拡張機能または値[x]のいずれかが必要です。両方ではありません。」 {extension.exists() != value.exists()}","N/A"
"Encounter.participant.type","Encounter.participant.type","","","",0,*,"","","Y","CodeableConcept {[]} {[]}
","Role of participant in encounter / このEncounterにおける参加者の役割","Role of participant in encounter.

このEncounterにおける参加者の役割。","The participant type indicates how an individual participates in an encounter. It includes non-practitioner participants, and for practitioners this is to describe the action type in the context of this encounter (e.g. Admitting Dr, Attending Dr, Translator, Consulting Dr). This is different to the practitioner roles which are functional roles, derived from terms of employment, education, licensing, etc.

参加者タイプは、個人がEncounterにどのように参加するかを示す。これには、開業医以外の参加者が含まれる。開業医の場合、これは、このEncounterのコンテキストでのアクションタイプを説明することである（例：入院医師、出席医師、翻訳者、コンサルティング医師）。これは、雇用、教育、ライセンスなどの条件から派生した機能的な役割である開業医の役割とは異なる。","","","","","","","","",,"extensible","出会いにおける参加者の役割。","http://hl7.org/fhir/ValueSet/encounter-participant-type","",,,,"Encounter.participant.type",0,*,"","ele-1:すべてのFHIR要素は、@valueまたはchildrenを持っている必要があります。 {hasValue() or (children().count() > id.count())}
","Event.performer.function",".functionCode","ROL-3 (or maybe PRT-4)"
"Encounter.participant.period","Encounter.participant.period","","","",0,1,"","","","Period {[]} {[]}
","Period of time during the encounter that the participant participated / この参加者が参加したEncounterの中での期間","The period of time that the specified participant participated in the encounter. These can overlap or be sub-sets of the overall encounter's period.

指定された参加者がEncounterに参加した期間。これらは重複することも、Encounter全体の期間のサブセットになることもある。","","","","","","","","","",,,,,"",,,,"Encounter.participant.period",0,1,"","ele-1:すべてのFHIR要素は、@valueまたはchildrenを持っている必要があります。 {hasValue() or (children().count() > id.count())}
",".time","ROL-5, ROL-6 (or maybe PRT-5)"
"Encounter.participant.individual","Encounter.participant.individual","","","",0,1,"","","Y","Reference {[]} {[CanonicalType[http://jpfhir.jp/fhir/core/StructureDefinition/JP_Practitioner], CanonicalType[http://jpfhir.jp/fhir/core/StructureDefinition/JP_PractitionerRole], CanonicalType[http://hl7.org/fhir/StructureDefinition/RelatedPerson]]}
","Persons involved in the encounter other than the patient / 患者以外のこのEncounterに関わった人","Persons involved in the encounter other than the patient.

患者以外のこのEncounterに関わった人。","","","","","","","","","",,,,,"",,,,"Encounter.participant.individual",0,1,"","ele-1:すべてのFHIR要素は、@valueまたはchildrenを持っている必要があります。 {hasValue() or (children().count() > id.count())}
","Event.performer.actor",".role","FiveWs.who","ROL-4"
"Encounter.appointment","Encounter.appointment","","","",0,*,"","","Y","Reference {[]} {[CanonicalType[http://hl7.org/fhir/StructureDefinition/Appointment]]}
","The appointment that scheduled this encounter / このEncounterをスケジュールした予定【詳細参照】","The appointment that scheduled this encounter.

このEncounterをスケジュールした予定。","References SHALL be a reference to an actual FHIR resource, and SHALL be resolvable (allowing for access control, temporary unavailability, etc.). Resolution can be either by retrieval from the URL, or, where applicable by resource type, by treating an absolute reference as a canonical URL and looking it up in a local registry/repository.

参照は、実際のFHIRリソースへの参照である必要があり、解決可能（内容に到達可能）である必要がある（アクセス制御、一時的な使用不可などを考慮に入れる）。解決は、URLから取得するか、リソースタイプによって該当する場合は、絶対参照を正規URLとして扱い、ローカルレジストリ/リポジトリで検索することによって行うことができる。","","","","","","","","",,,,,"",,,,"Encounter.appointment",0,*,"","ele-1:すべてのFHIR要素は、@valueまたはchildrenを持っている必要があります。 {hasValue() or (children().count() > id.count())}
","Event.basedOn",".outboundRelationship[typeCode=FLFS].target[classCode=ENC, moodCode=APT]","SCH-1 / SCH-2"
"Encounter.period","Encounter.period","","","",0,1,"","","","Period {[]} {[]}
","The start and end time of the encounter / このEncounterの開始時間と終了時間【詳細参照】","The start and end time of the encounter.

このEncounterの開始時間と終了時間。","If not (yet) known, the end of the Period may be omitted.

（まだ）わからない場合は、期間の終了を省略できる。","","","","","","","","",,,,,"",,,,"Encounter.period",0,1,"","ele-1:すべてのFHIR要素は、@valueまたはchildrenを持っている必要があります。 {hasValue() or (children().count() > id.count())}
","Event.occurrence[x]",".effectiveTime (low & high)","FiveWs.done[x]","PV1-44, PV1-45"
"Encounter.length","Encounter.length","","","",0,1,"","","","Duration {[]} {[]}
","Quantity of time the encounter lasted (less time absent) / Encounterが続いた時間の量（欠席時間が少ない）【詳細参照】","Quantity of time the encounter lasted. This excludes the time during leaves of absence.

このEncounterが続いた時間。これは休職中の時間を除外する。","May differ from the time the Encounter.period lasted because of leave of absence.

休職のため、Encounter.periodが続いた時間とは異なる場合がある。","","","","","","","","",,,,,"",,,,"Encounter.length",0,1,"","ele-1:すべてのFHIR要素は、@valueまたはchildrenを持っている必要があります。 {hasValue() or (children().count() > id.count())}
","Event.occurrence[x]",".lengthOfStayQuantity","(PV1-45 less PV1-44) iff ( (PV1-44 not empty) and (PV1-45 not empty) ); units in minutes"
"Encounter.reasonCode","Encounter.reasonCode","","Indication
Admission diagnosis","",0,*,"","","Y","CodeableConcept {[]} {[]}
","Coded reason the encounter takes place / Encounterの発生をコード化された理由の情報【詳細参照】","Reason the encounter takes place, expressed as a code. For admissions, this can be used for a coded admission diagnosis.

受診理由をコードで表現したもの。入院の場合はコード化された入院診断名に使用することができる。","For systems that need to know which was the primary diagnosis, these will be marked with the standard extension primaryDiagnosis (which is a sequence value rather than a flag, 1 = primary diagnosis).

どれが主たる診断であったかを知る必要があるシステムでは、これらは標準のエクステンションであるprimaryDiagnosis（フラグではなくシーケンス値、1 = 主たる診断）でマークされる。","","","","","","","","",,"preferred","出会いが起こる理由。","http://hl7.org/fhir/ValueSet/encounter-reason","",,,,"Encounter.reasonCode",0,*,"","ele-1:すべてのFHIR要素は、@valueまたはchildrenを持っている必要があります。 {hasValue() or (children().count() > id.count())}
","Event.reasonCode",".reasonCode","FiveWs.why[x]","EVN-4 / PV2-3 (note: PV2-3 is nominally constrained to inpatient admissions; HL7 v2 makes no vocabulary suggestions for PV2-3; would not expect PV2 segment or PV2-3 to be in use in all implementations )"
"Encounter.reasonReference","Encounter.reasonReference","","Indication
Admission diagnosis","",0,*,"","","Y","Reference {[]} {[CanonicalType[http://jpfhir.jp/fhir/core/StructureDefinition/JP_Condition], CanonicalType[http://jpfhir.jp/fhir/core/StructureDefinition/JP_Procedure], CanonicalType[http://jpfhir.jp/fhir/core/StructureDefinition/JP_Observation_Common], CanonicalType[http://hl7.org/fhir/StructureDefinition/ImmunizationRecommendation]]}
","Reason the encounter takes place (reference)　Encounterがあった理由【詳細参照】","Reason the encounter takes place, expressed as a code. For admissions, this can be used for a coded admission diagnosis.

コードとして表現されたEncounterが起こった理由。入院の場合、これはコード化されたコード化された入院時診断に使用できる。","For systems that need to know which was the primary diagnosis, these will be marked with the standard extension primaryDiagnosis (which is a sequence value rather than a flag, 1 = primary diagnosis).

どれが主たる診断であったかを知る必要があるシステムでは、これらは標準のエクステンションであるprimaryDiagnosis（フラグではなくシーケンス値、1 = 主たる診断）でマークされる。","","","","","","","","",,,,,"",,,,"Encounter.reasonReference",0,*,"","ele-1:すべてのFHIR要素は、@valueまたはchildrenを持っている必要があります。 {hasValue() or (children().count() > id.count())}
","Event.reasonCode",".reasonCode","FiveWs.why[x]","EVN-4 / PV2-3 (note: PV2-3 is nominally constrained to inpatient admissions; HL7 v2 makes no vocabulary suggestions for PV2-3; would not expect PV2 segment or PV2-3 to be in use in all implementations )"
"Encounter.diagnosis","Encounter.diagnosis","","","",0,*,"","","Y","BackboneElement {[]} {[]}
","The list of diagnosis relevant to this encounter / このEncounterに関連する診断名のリスト【詳細参照】","The list of diagnosis relevant to this encounter.

このEncounterに関連する診断名のリスト","","","","","","","","","",,,,,"",,,,"Encounter.diagnosis",0,*,"","ele-1:すべてのFHIR要素は、@valueまたはchildrenを持っている必要があります。 {hasValue() or (children().count() > id.count())}
",".outboundRelationship[typeCode=RSON]"
"Encounter.diagnosis.id","Encounter.diagnosis.id","","","",0,1,"","","","string {[]} {[]}
","エレメント相互参照のためのユニークID","リソース内の要素の固有ID（内部参照用）。これは、スペースを含まない任意の文字列値である可能性があります。","","","","","","","","","",,,,,"",,,,"Element.id",0,1,"","","n/a"
"Encounter.diagnosis.extension","Encounter.diagnosis.extension","","extensions
user content","",0,*,"","","","Extension {[]} {[]}
","実装によって定義される追加コンテンツ","「要素の基本的な定義に含まれない追加情報を表すために使用されることがあります。拡張機能の使用を安全かつ管理しやすくするために、定義および使用に適用される厳格なガバナンスのセットがあります。実装者は拡張機能を定義できますが、拡張機能の定義の一部として満たす必要のある要件のセットがあります。」","どのようなアプリケーション、プロジェクト、または標準が拡張機能を使用しているかに関わらず、拡張機能の使用には決して汚名が付くわけではありません - それらを使用または定義する機関または管轄区域に関係なく。拡張機能の使用こそが、FHIR仕様を誰にとっても簡単なコアレベルで維持することを可能にします。","","","","","","","","",,,,,"",,,,"Element.extension",0,*,"","ele-1:すべてのFHIR要素は、@valueまたはchildrenを持っている必要があります。 {hasValue() or (children().count() > id.count())}
ext-1:「拡張機能または値[x]のいずれかが必要です。両方ではありません。」 {extension.exists() != value.exists()}","n/a"
"Encounter.diagnosis.modifierExtension","Encounter.diagnosis.modifierExtension","","extensions
user contentmodifiers","",0,*,"","Y","Y","Extension {[]} {[]}
","「認識されなくても無視できない拡張機能」(Ninshiki sarenakutemo mushi dekinai kakuchou kinou)","「基本的な要素の定義に含まれない追加情報を表すために使用されることがあり、それによって、その要素自体または取り込んでいる要素の子孫の理解を修正する。修飾子要素は通常、否定または修飾を提供します。拡張機能の安全で管理しやすい使用を実現するために、定義および使用に厳しいガバナンスセットが適用されています。どの実装者でも拡張機能を定義できますが、拡張機能の定義の一部として満たす必要がある要件があります。リソースを処理するアプリケーションは、修飾子拡張子をチェックする必要があります。

修飾子拡張機能は、リソースまたはドメインリソースの任意の要素の意味を変更してはなりません（修飾子拡張自体の意味を変更することもできません）。」","どのようなアプリケーション、プロジェクト、または標準が拡張機能を使用しているかに関わらず、拡張機能の使用には決して汚名が付くわけではありません - それらを使用または定義する機関または管轄区域に関係なく。拡張機能の使用こそが、FHIR仕様を誰にとっても簡単なコアレベルで維持することを可能にします。","Modifier extensions allow for extensions that *cannot* be safely ignored to be clearly distinguished from the vast majority of extensions which can be safely ignored.  This promotes interoperability by eliminating the need for implementers to prohibit the presence of extensions. For further information, see the [definition of modifier extensions](http://hl7.org/fhir/R4/extensibility.html#modifierExtension).","","","","","","","",,,,,"",,,,"BackboneElement.modifierExtension",0,*,"","ele-1:すべてのFHIR要素は、@valueまたはchildrenを持っている必要があります。 {hasValue() or (children().count() > id.count())}
ext-1:「拡張機能または値[x]のいずれかが必要です。両方ではありません。」 {extension.exists() != value.exists()}","N/A"
"Encounter.diagnosis.condition","Encounter.diagnosis.condition","","Admission diagnosis
discharge diagnosisindication","",1,1,"","","Y","Reference {[]} {[CanonicalType[http://jpfhir.jp/fhir/core/StructureDefinition/JP_Condition], CanonicalType[http://jpfhir.jp/fhir/core/StructureDefinition/JP_Procedure]]}
","The diagnosis or procedure relevant to the encounter / Encounterに関連する診断または処置","Reason the encounter takes place, as specified using information from another resource. For admissions, this is the admission diagnosis. The indication will typically be a Condition (with other resources referenced in the evidence.detail), or a Procedure.

受診理由（他のリソースからの情報を使用して指定されたもの）。入院の場合、これは入院診断名である。表現方法は通常、状態（evidence.detailで参照されている他のリソースを使用）、または処置である。","For systems that need to know which was the primary diagnosis, these will be marked with the standard extension primaryDiagnosis (which is a sequence value rather than a flag, 1 = primary diagnosis).

どちらが一次診断であったかを知る必要があるシステムでは、これらは標準のエクステンションであるprimaryDiagnosis（フラグではなくシーケンス値、1 = 一次診断）でマークされる。","","","","","","","","",,,,,"",,,,"Encounter.diagnosis.condition",1,1,"","ele-1:すべてのFHIR要素は、@valueまたはchildrenを持っている必要があります。 {hasValue() or (children().count() > id.count())}
","Event.reasonReference",".outboundRelationship[typeCode=RSON].target","FiveWs.why[x]","Resources that would commonly referenced at Encounter.indication would be Condition and/or Procedure. These most closely align with DG1/PRB and PR1 respectively."
"Encounter.diagnosis.use","Encounter.diagnosis.use","","","",0,1,"","","","CodeableConcept {[]} {[]}
","Role that this diagnosis has within the encounter (e.g. admission, billing, discharge …) / この診断名がある受診機会において持っている役割（例えば、入院、請求、退院...）","Role that this diagnosis has within the encounter (e.g. admission, billing, discharge …).

この診断名がある受診機会において持っている役割（例えば、入院、請求、退院...）。","","","","","","","","","",,"preferred","この状態が表す診断のタイプ。 (Kono jōtai ga arawasu shindan no taipu.)","http://hl7.org/fhir/ValueSet/diagnosis-role","",,,,"Encounter.diagnosis.use",0,1,"","ele-1:すべてのFHIR要素は、@valueまたはchildrenを持っている必要があります。 {hasValue() or (children().count() > id.count())}
","n/a"
"Encounter.diagnosis.rank","Encounter.diagnosis.rank","","","",0,1,"","","","positiveInt {[]} {[]}
","Ranking of the diagnosis (for each role type) / 診断名の順位（役割別）","Ranking of the diagnosis (for each role type).

診断名の順位（役割別）","","","","","","","","","",,,,,"",,,,"Encounter.diagnosis.rank",0,1,"","ele-1:すべてのFHIR要素は、@valueまたはchildrenを持っている必要があります。 {hasValue() or (children().count() > id.count())}
",".outboundRelationship[typeCode=RSON].priority"
"Encounter.account","Encounter.account","","","",0,*,"","","","Reference {[]} {[CanonicalType[http://hl7.org/fhir/StructureDefinition/Account]]}
","The set of accounts that may be used for billing for this Encounter / あるEncounterの請求に使用される会計セット【詳細参照】","The set of accounts that may be used for billing for this Encounter.

あるEncounterの請求に使用される会計セット。","The billing system may choose to allocate billable items associated with the Encounter to different referenced Accounts based on internal business rules.

請求システムは、内部ルールに基づいて、ある受診機会に関連付けられた請求可能な項目を異なる参照先の会計に割り当てることができる。","","","","","","","","",,,,,"",,,,"Encounter.account",0,*,"","ele-1:すべてのFHIR要素は、@valueまたはchildrenを持っている必要があります。 {hasValue() or (children().count() > id.count())}
",".pertains.A_Account"
"Encounter.hospitalization","Encounter.hospitalization","","","",0,1,"","","","BackboneElement {[]} {[]}
","Details about the admission to a healthcare service/医療機関への入院に関する詳細【詳細参照】","Details about the admission to a healthcare service.

医療機関への入院に関する詳細","An Encounter may cover more than just the inpatient stay. Contexts such as outpatients, community clinics, and aged care facilities are also included.The duration recorded in the period of this encounter covers the entire scope of this hospitalization record.

Encounterは、入院患者の滞在の記録だけではない。外来患者、地域の診療所、高齢者施設などのコンテクストも含まれる。
このEncounterの期間に記録された時間区間は、この入院記録の全範囲をカバーしている。","","","","","","","","",,,,,"",,,,"Encounter.hospitalization",0,1,"","ele-1:すべてのFHIR要素は、@valueまたはchildrenを持っている必要があります。 {hasValue() or (children().count() > id.count())}
",".outboundRelationship[typeCode=COMP].target[classCode=ENC, moodCode=EVN]"
"Encounter.hospitalization.id","Encounter.hospitalization.id","","","",0,1,"","","","string {[]} {[]}
","エレメント相互参照のためのユニークID","リソース内の要素の固有ID（内部参照用）。これは、スペースを含まない任意の文字列値である可能性があります。","","","","","","","","","",,,,,"",,,,"Element.id",0,1,"","","n/a"
"Encounter.hospitalization.extension","Encounter.hospitalization.extension","","extensions
user content","",0,*,"","","","Extension {[]} {[]}
","実装によって定義される追加コンテンツ","「要素の基本的な定義に含まれない追加情報を表すために使用されることがあります。拡張機能の使用を安全かつ管理しやすくするために、定義および使用に適用される厳格なガバナンスのセットがあります。実装者は拡張機能を定義できますが、拡張機能の定義の一部として満たす必要のある要件のセットがあります。」","どのようなアプリケーション、プロジェクト、または標準が拡張機能を使用しているかに関わらず、拡張機能の使用には決して汚名が付くわけではありません - それらを使用または定義する機関または管轄区域に関係なく。拡張機能の使用こそが、FHIR仕様を誰にとっても簡単なコアレベルで維持することを可能にします。","","","","","","","","",,,,,"",,,,"Element.extension",0,*,"","ele-1:すべてのFHIR要素は、@valueまたはchildrenを持っている必要があります。 {hasValue() or (children().count() > id.count())}
ext-1:「拡張機能または値[x]のいずれかが必要です。両方ではありません。」 {extension.exists() != value.exists()}","n/a"
"Encounter.hospitalization.modifierExtension","Encounter.hospitalization.modifierExtension","","extensions
user contentmodifiers","",0,*,"","Y","Y","Extension {[]} {[]}
","「認識されなくても無視できない拡張機能」(Ninshiki sarenakutemo mushi dekinai kakuchou kinou)","「基本的な要素の定義に含まれない追加情報を表すために使用されることがあり、それによって、その要素自体または取り込んでいる要素の子孫の理解を修正する。修飾子要素は通常、否定または修飾を提供します。拡張機能の安全で管理しやすい使用を実現するために、定義および使用に厳しいガバナンスセットが適用されています。どの実装者でも拡張機能を定義できますが、拡張機能の定義の一部として満たす必要がある要件があります。リソースを処理するアプリケーションは、修飾子拡張子をチェックする必要があります。

修飾子拡張機能は、リソースまたはドメインリソースの任意の要素の意味を変更してはなりません（修飾子拡張自体の意味を変更することもできません）。」","どのようなアプリケーション、プロジェクト、または標準が拡張機能を使用しているかに関わらず、拡張機能の使用には決して汚名が付くわけではありません - それらを使用または定義する機関または管轄区域に関係なく。拡張機能の使用こそが、FHIR仕様を誰にとっても簡単なコアレベルで維持することを可能にします。","Modifier extensions allow for extensions that *cannot* be safely ignored to be clearly distinguished from the vast majority of extensions which can be safely ignored.  This promotes interoperability by eliminating the need for implementers to prohibit the presence of extensions. For further information, see the [definition of modifier extensions](http://hl7.org/fhir/R4/extensibility.html#modifierExtension).","","","","","","","",,,,,"",,,,"BackboneElement.modifierExtension",0,*,"","ele-1:すべてのFHIR要素は、@valueまたはchildrenを持っている必要があります。 {hasValue() or (children().count() > id.count())}
ext-1:「拡張機能または値[x]のいずれかが必要です。両方ではありません。」 {extension.exists() != value.exists()}","N/A"
"Encounter.hospitalization.preAdmissionIdentifier","Encounter.hospitalization.preAdmissionIdentifier","","","",0,1,"","","","Identifier {[]} {[]}
","Pre-admission identifier/入院前識別子","Pre-admission identifier.

入院前識別子","","","","","","","","","",,,,,"",,,,"Encounter.hospitalization.preAdmissionIdentifier",0,1,"","ele-1:すべてのFHIR要素は、@valueまたはchildrenを持っている必要があります。 {hasValue() or (children().count() > id.count())}
",".id","PV1-5"
"Encounter.hospitalization.origin","Encounter.hospitalization.origin","","","",0,1,"","","","Reference {[]} {[CanonicalType[http://jpfhir.jp/fhir/core/StructureDefinition/JP_Location], CanonicalType[http://jpfhir.jp/fhir/core/StructureDefinition/JP_Organization]]}
","The location/organization from which the patient came before admission/患者が入院する前に来院した場所/組織","The location/organization from which the patient came before admission.

患者が入院する前に来院した場所/組織","References SHALL be a reference to an actual FHIR resource, and SHALL be resolvable (allowing for access control, temporary unavailability, etc.). Resolution can be either by retrieval from the URL, or, where applicable by resource type, by treating an absolute reference as a canonical URL and looking it up in a local registry/repository.

参照は実際のFHIRリソースへの参照でなければならず、解決可能でなければならない。解決は URL からの検索、またはリソースタイプによって、絶対参照を正規の URL として扱い、ローカルのレジストリ/リポジトリで検索することで行うことができる。","","","","","","","","",,,,,"",,,,"Encounter.hospitalization.origin",0,1,"","ele-1:すべてのFHIR要素は、@valueまたはchildrenを持っている必要があります。 {hasValue() or (children().count() > id.count())}
",".participation[typeCode=ORG].role"
"Encounter.hospitalization.admitSource","Encounter.hospitalization.admitSource","","","",0,1,"","","","CodeableConcept {[]} {[]}
","From where patient was admitted (physician referral, transfer)/患者がどこから入院したか（医師の紹介、転院）","From where patient was admitted (physician referral, transfer).

患者がどこから入院したか（医師の紹介、転院）
例：他の病院からの転院、かかりつけ医からの紹介、この病院で産まれた、など","Not all terminology uses fit this general pattern. In some cases, models should not use CodeableConcept and use Coding directly and provide their own structure for managing text, codings, translations and the relationship between elements and pre- and post-coordination.

すべての用語の使用がこの一般的なパターンに適合するわけではない。いくつかのケースでは、モデルはCodeableConceptを使用せず、Codingを直接使用し、テキスト、コーディング、翻訳、要素間の関係、および前後の調整を管理するための独自の構造を提供することが望ましい。","","","","","","","","",,"preferred","患者が入院した場所はどこですか。 (Kanja ga nyūin shita basho wa doko desu ka?)","http://hl7.org/fhir/ValueSet/encounter-admit-source","",,,,"Encounter.hospitalization.admitSource",0,1,"","ele-1:すべてのFHIR要素は、@valueまたはchildrenを持っている必要があります。 {hasValue() or (children().count() > id.count())}
",".admissionReferralSourceCode","PV1-14"
"Encounter.hospitalization.reAdmission","Encounter.hospitalization.reAdmission","","","",0,1,"","","","CodeableConcept {[]} {[]}
","The type of hospital re-admission that has occurred (if any). If the value is absent, then this is not identified as a readmission / 発生した病院の再入院のタイプ（もしあれば）、値がない場合これは再入院として識別されない","Whether this hospitalization is a readmission and why if known.

この入院が再入院であるかどうかと、わかっている場合はその理由。","Not all terminology uses fit this general pattern. In some cases, models should not use CodeableConcept and use Coding directly and provide their own structure for managing text, codings, translations and the relationship between elements and pre- and post-coordination.

すべての用語の使用がこの一般的なパターンに適合するわけではない。いくつかのケースでは、モデルはCodeableConceptを使用せず、Codingを直接使用し、テキスト、コーディング、翻訳、要素間の関係、および前後の調整を管理するための独自の構造を提供することが望ましい。","","","","","","","","",,"example","この入院の再入院の理由。","http://terminology.hl7.org/ValueSet/v2-0092","",,,,"Encounter.hospitalization.reAdmission",0,1,"","ele-1:すべてのFHIR要素は、@valueまたはchildrenを持っている必要があります。 {hasValue() or (children().count() > id.count())}
","n/a","PV1-13"
"Encounter.hospitalization.dietPreference","Encounter.hospitalization.dietPreference","","","",0,*,"","","","CodeableConcept {[]} {[]}
","Diet preferences reported by the patient / 患者から報告された食事の好み","Diet preferences reported by the patient.

患者から報告された食事の好み","For example, a patient may request both a dairy-free and nut-free diet preference (not mutually exclusive).

例えば、患者は、乳製品を含まない食事とナッツ類を含まない食事の両方を希望することができる（相互に排他的ではない）。","Used to track patient's diet restrictions and/or preference. For a complete description of the nutrition needs of a patient during their stay, one should use the nutritionOrder resource which links to Encounter.

患者の食事制限および／または好み・嗜好を追跡するために使用される。滞在中の患者の栄養ニーズの完全な説明については、EncounterにリンクしているnutritionOrderリソースを使用する必要がある。","","","","","","","",,"example","「食品の好みを考慮して、医療、文化、倫理的観点から、提供要件に対応することができます。」","http://hl7.org/fhir/ValueSet/encounter-diet","",,,,"Encounter.hospitalization.dietPreference",0,*,"","ele-1:すべてのFHIR要素は、@valueまたはchildrenを持っている必要があります。 {hasValue() or (children().count() > id.count())}
",".outboundRelationship[typeCode=COMP].target[classCode=SBADM, moodCode=EVN, code=""diet""]","PV1-38"
"Encounter.hospitalization.specialCourtesy","Encounter.hospitalization.specialCourtesy","","","",0,*,"","","","CodeableConcept {[]} {[]}
","Special courtesies (VIP, board member) / 特別待遇(VIP、役員)","Special courtesies (VIP, board member).

特別待遇(VIP、役員)","Not all terminology uses fit this general pattern. In some cases, models should not use CodeableConcept and use Coding directly and provide their own structure for managing text, codings, translations and the relationship between elements and pre- and post-coordination.

すべての用語の使用がこの一般的なパターンに適合するわけではない。いくつかのケースでは、モデルはCodeableConceptを使用せず、Codingを直接使用し、テキスト、コーディング、翻訳、要素間の関係、および前後の調整を管理するための独自の構造を提供することが望ましい。","","","","","","","","",,"preferred","特別なおもてなし。","http://hl7.org/fhir/ValueSet/encounter-special-courtesy","",,,,"Encounter.hospitalization.specialCourtesy",0,*,"","ele-1:すべてのFHIR要素は、@valueまたはchildrenを持っている必要があります。 {hasValue() or (children().count() > id.count())}
",".specialCourtesiesCode","PV1-16"
"Encounter.hospitalization.specialArrangement","Encounter.hospitalization.specialArrangement","","","",0,*,"","","","CodeableConcept {[]} {[]}
","Wheelchair, translator, stretcher, etc. / 車椅子、トランスレータ、ストレッチャなど","Any special requests that have been made for this hospitalization encounter, such as the provision of specific equipment or other things.

特定の器具の提供など、今回の入院の出会いのために特別な要望があったもの","Not all terminology uses fit this general pattern. In some cases, models should not use CodeableConcept and use Coding directly and provide their own structure for managing text, codings, translations and the relationship between elements and pre- and post-coordination.

すべての用語の使用がこの一般的なパターンに適合するわけではない。いくつかのケースでは、モデルはCodeableConceptを使用せず、Codingを直接使用し、テキスト、コーディング、翻訳、要素間の関係、および前後の調整を管理するための独自の構造を提供することが望ましい。","","","","","","","","",,"preferred","特別な手配。","http://hl7.org/fhir/ValueSet/encounter-special-arrangements","",,,,"Encounter.hospitalization.specialArrangement",0,*,"","ele-1:すべてのFHIR要素は、@valueまたはchildrenを持っている必要があります。 {hasValue() or (children().count() > id.count())}
",".specialArrangementCode","PV1-15 / OBR-30 / OBR-43"
"Encounter.hospitalization.destination","Encounter.hospitalization.destination","","","",0,1,"","","","Reference {[]} {[CanonicalType[http://jpfhir.jp/fhir/core/StructureDefinition/JP_Location], CanonicalType[http://jpfhir.jp/fhir/core/StructureDefinition/JP_Organization]]}
","Location/organization to which the patient is discharged / 患者が退院する場所・機関","Location/organization to which the patient is discharged.

患者が退院する場所・機関","References SHALL be a reference to an actual FHIR resource, and SHALL be resolvable (allowing for access control, temporary unavailability, etc.). Resolution can be either by retrieval from the URL, or, where applicable by resource type, by treating an absolute reference as a canonical URL and looking it up in a local registry/repository.

参照は実際のFHIRリソースへの参照でなければならず、解決可能でなければならない。解決は URL からの検索、またはリソースタイプによって、絶対参照を正規の URL として扱い、ローカルのレジストリ/リポジトリで検索することで行うことができる。","","","","","","","","",,,,,"",,,,"Encounter.hospitalization.destination",0,1,"","ele-1:すべてのFHIR要素は、@valueまたはchildrenを持っている必要があります。 {hasValue() or (children().count() > id.count())}
",".participation[typeCode=DST]","PV1-37"
"Encounter.hospitalization.dischargeDisposition","Encounter.hospitalization.dischargeDisposition","","","",0,1,"","","","CodeableConcept {[]} {[]}
","Category or kind of location after discharge / 退院後の場所の区分や種類","Category or kind of location after discharge.

退院後の場所の区分や種類。","Not all terminology uses fit this general pattern. In some cases, models should not use CodeableConcept and use Coding directly and provide their own structure for managing text, codings, translations and the relationship between elements and pre- and post-coordination.

すべての用語の使用がこの一般的なパターンに適合するわけではない。いくつかのケースでは、モデルはCodeableConceptを使用せず、Codingを直接使用し、テキスト、コーディング、翻訳、要素間の関係、および前後の調整を管理するための独自の構造を提供することが望ましい。","","","","","","","","",,"example","退院時の配慮。","http://hl7.org/fhir/ValueSet/encounter-discharge-disposition","",,,,"Encounter.hospitalization.dischargeDisposition",0,1,"","ele-1:すべてのFHIR要素は、@valueまたはchildrenを持っている必要があります。 {hasValue() or (children().count() > id.count())}
",".dischargeDispositionCode","PV1-36"
"Encounter.location","Encounter.location","","","",0,*,"","","","BackboneElement {[]} {[]}
","List of locations where the patient has been / 患者がいたことのある場所の一覧【詳細参照】","List of locations where  the patient has been during this encounter.

このEncounterの間に患者がいたことのある場所のリスト","Virtual encounters can be recorded in the Encounter by specifying a location reference to a location of type ""kind"" such as ""client's home"" and an encounter.class = ""virtual"".

仮想Encounterは、""client's home ""のような ""kind ""型の場所を参照し、encounter.class = ""virtual ""を指定することで、Encounterに記録することができる。","","","","","","","","",,,,,"",,,,"Encounter.location",0,*,"","ele-1:すべてのFHIR要素は、@valueまたはchildrenを持っている必要があります。 {hasValue() or (children().count() > id.count())}
",".participation[typeCode=LOC]"
"Encounter.location.id","Encounter.location.id","","","",0,1,"","","","string {[]} {[]}
","エレメント相互参照のためのユニークID","リソース内の要素の固有ID（内部参照用）。これは、スペースを含まない任意の文字列値である可能性があります。","","","","","","","","","",,,,,"",,,,"Element.id",0,1,"","","n/a"
"Encounter.location.extension","Encounter.location.extension","","extensions
user content","",0,*,"","","","Extension {[]} {[]}
","実装によって定義される追加コンテンツ","「要素の基本的な定義に含まれない追加情報を表すために使用されることがあります。拡張機能の使用を安全かつ管理しやすくするために、定義および使用に適用される厳格なガバナンスのセットがあります。実装者は拡張機能を定義できますが、拡張機能の定義の一部として満たす必要のある要件のセットがあります。」","どのようなアプリケーション、プロジェクト、または標準が拡張機能を使用しているかに関わらず、拡張機能の使用には決して汚名が付くわけではありません - それらを使用または定義する機関または管轄区域に関係なく。拡張機能の使用こそが、FHIR仕様を誰にとっても簡単なコアレベルで維持することを可能にします。","","","","","","","","",,,,,"",,,,"Element.extension",0,*,"","ele-1:すべてのFHIR要素は、@valueまたはchildrenを持っている必要があります。 {hasValue() or (children().count() > id.count())}
ext-1:「拡張機能または値[x]のいずれかが必要です。両方ではありません。」 {extension.exists() != value.exists()}","n/a"
"Encounter.location.modifierExtension","Encounter.location.modifierExtension","","extensions
user contentmodifiers","",0,*,"","Y","Y","Extension {[]} {[]}
","「認識されなくても無視できない拡張機能」(Ninshiki sarenakutemo mushi dekinai kakuchou kinou)","「基本的な要素の定義に含まれない追加情報を表すために使用されることがあり、それによって、その要素自体または取り込んでいる要素の子孫の理解を修正する。修飾子要素は通常、否定または修飾を提供します。拡張機能の安全で管理しやすい使用を実現するために、定義および使用に厳しいガバナンスセットが適用されています。どの実装者でも拡張機能を定義できますが、拡張機能の定義の一部として満たす必要がある要件があります。リソースを処理するアプリケーションは、修飾子拡張子をチェックする必要があります。

修飾子拡張機能は、リソースまたはドメインリソースの任意の要素の意味を変更してはなりません（修飾子拡張自体の意味を変更することもできません）。」","どのようなアプリケーション、プロジェクト、または標準が拡張機能を使用しているかに関わらず、拡張機能の使用には決して汚名が付くわけではありません - それらを使用または定義する機関または管轄区域に関係なく。拡張機能の使用こそが、FHIR仕様を誰にとっても簡単なコアレベルで維持することを可能にします。","Modifier extensions allow for extensions that *cannot* be safely ignored to be clearly distinguished from the vast majority of extensions which can be safely ignored.  This promotes interoperability by eliminating the need for implementers to prohibit the presence of extensions. For further information, see the [definition of modifier extensions](http://hl7.org/fhir/R4/extensibility.html#modifierExtension).","","","","","","","",,,,,"",,,,"BackboneElement.modifierExtension",0,*,"","ele-1:すべてのFHIR要素は、@valueまたはchildrenを持っている必要があります。 {hasValue() or (children().count() > id.count())}
ext-1:「拡張機能または値[x]のいずれかが必要です。両方ではありません。」 {extension.exists() != value.exists()}","N/A"
"Encounter.location.location","Encounter.location.location","","","",1,1,"","","","Reference {[]} {[CanonicalType[http://jpfhir.jp/fhir/core/StructureDefinition/JP_Location]]}
","Location the encounter takes place / Encounterの場所","The location where the encounter takes place.

Encounterの舞台となる場所。","References SHALL be a reference to an actual FHIR resource, and SHALL be resolvable (allowing for access control, temporary unavailability, etc.). Resolution can be either by retrieval from the URL, or, where applicable by resource type, by treating an absolute reference as a canonical URL and looking it up in a local registry/repository.

参照は実際のFHIRリソースへの参照でなければならず、解決可能でなければならない。解決は URL からの検索、またはリソースタイプによって、絶対参照を正規の URL として扱い、ローカルのレジストリ/リポジトリで検索することで行うことができる。","","","","","","","","",,,,,"",,,,"Encounter.location.location",1,1,"","ele-1:すべてのFHIR要素は、@valueまたはchildrenを持っている必要があります。 {hasValue() or (children().count() > id.count())}
","Event.location",".role","FiveWs.where[x]","PV1-3 / PV1-6 / PV1-11 / PV1-42 / PV1-43"
"Encounter.location.status","Encounter.location.status","","","",0,1,"","","","code {[]} {[]}
","計画中 | アクティブな | 予約済みの | 完了しました。","The status of the participants' presence at the specified location during the period specified. If the participant is no longer at the location, then the period will have an end date/time.

指定された期間中の指定された場所での参加者の存在状況。参加者がその場所にいなくなった場合、その期間は終了日時を持つ。","When the patient is no longer active at a location, then the period end date is entered, and the status may be changed to completed.

患者がその場所で活動しなくなった場合、期間終了日が入力され、ステータスが完了した状態に変更されることがある","","","","","","","","",,"required","場所の状態。","http://hl7.org/fhir/ValueSet/encounter-location-status|4.0.1","",,,,"Encounter.location.status",0,1,"","ele-1:すべてのFHIR要素は、@valueまたはchildrenを持っている必要があります。 {hasValue() or (children().count() > id.count())}
",".role.statusCode"
"Encounter.location.physicalType","Encounter.location.physicalType","","","",0,1,"","","","CodeableConcept {[]} {[]}
","The physical type of the location (usually the level in the location hierarchy - bed room ward etc.) / 場所の物理的なタイプ（通常は場所の階層のレベル - ベッド・病室・病棟など）","This will be used to specify the required levels (bed/ward/room/etc.) desired to be recorded to simplify either messaging or query.

これは、メッセージングまたはクエリのいずれかを簡素化するために記録したい必要なレベル（ベッド/ワード/ルーム/その他）を指定するために使用される。","This information is de-normalized from the Location resource to support the easier understanding of the encounter resource and processing in messaging or query.

There may be many levels in the hierarchy, and this may only pic specific levels that are required for a specific usage scenario.

この情報は、メッセージングやクエリでのEncounterリソースの理解や処理を容易にするために、Locationリソースから非正規化されている。

階層には多くのレベルがあり、これは特定の使用シナリオに必要とされる特定のレベルのみをピックすることができる。","","","","","","","","",,"example","場所の実体形態。","http://hl7.org/fhir/ValueSet/location-physical-type","",,,,"Encounter.location.physicalType",0,1,"","ele-1:すべてのFHIR要素は、@valueまたはchildrenを持っている必要があります。 {hasValue() or (children().count() > id.count())}
"
"Encounter.location.period","Encounter.location.period","","","",0,1,"","","","Period {[]} {[]}
","Time period during which the patient was present at the location / 患者がその場所にいた期間","Time period during which the patient was present at the location.

その場所に患者がいた期間。","A Period specifies a range of time; the context of use will specify whether the entire range applies (e.g. ""the patient was an inpatient of the hospital for this time range"") or one value from the range applies (e.g. ""give to the patient between these two times"").

Period is not used for a duration (a measure of elapsed time). See [Duration](http://hl7.org/fhir/R4/datatypes.html#Duration).

期間は時間の範囲を指定する。 使用のコンテキストは、範囲全体が適用されるかどうかを指定する (例: ""患者はこの時間範囲の病院の入院患者でした"" )。または、範囲から1つの値が適用される（例：「この2回の間に患者に与える」）。

期間は、期間(経過時間の尺度)には使用されない。Duration](http://hl7.org/fhir/R4/datatypes.html#Duration)を参照のこと。","","","","","","","","",,,,,"",,,,"Encounter.location.period",0,1,"","ele-1:すべてのFHIR要素は、@valueまたはchildrenを持っている必要があります。 {hasValue() or (children().count() > id.count())}
",".time"
"Encounter.serviceProvider","Encounter.serviceProvider","","","",0,1,"","","","Reference {[]} {[CanonicalType[http://jpfhir.jp/fhir/core/StructureDefinition/JP_Organization]]}
","The organization (facility) responsible for this encounter / このEncounterに責任を持つ組織（施設）【詳細参照】","The organization that is primarily responsible for this Encounter's services. This MAY be the same as the organization on the Patient record, however it could be different, such as if the actor performing the services was from an external organization (which may be billed separately) for an external consultation.  Refer to the example bundle showing an abbreviated set of Encounters for a colonoscopy.

このEncounterのサービスに主に責任を持つ組織。これは、患者記録上の組織と同じであってもよいが、例えば、サービスを実行しているアクターが外部組織のものである場合（外部コンサルテーションのために別個に請求される場合がある）など、異なる可能性がある。 大腸内視鏡検査のためのEncounterの省略されたセットを示すバンドル例を参照のこと。","References SHALL be a reference to an actual FHIR resource, and SHALL be resolvable (allowing for access control, temporary unavailability, etc.). Resolution can be either by retrieval from the URL, or, where applicable by resource type, by treating an absolute reference as a canonical URL and looking it up in a local registry/repository.

参照は、実際のFHIRリソースへの参照である必要があり、解決可能（内容に到達可能）である必要がある（アクセス制御、一時的な使用不可などを考慮に入れる）。解決は、URLから取得するか、リソースタイプによって該当する場合は、絶対参照を正規URLとして扱い、ローカルレジストリ/リポジトリで検索することによって行うことができる。","","","","","","","","",,,,,"",,,,"Encounter.serviceProvider",0,1,"","ele-1:すべてのFHIR要素は、@valueまたはchildrenを持っている必要があります。 {hasValue() or (children().count() > id.count())}
","Event.performer.actor",".particiaption[typeCode=PFM].role","PL.6  & PL.1"
"Encounter.partOf","Encounter.partOf","","","",0,1,"","","","Reference {[]} {[CanonicalType[http://jpfhir.jp/fhir/core/StructureDefinition/JP_Encounter]]}
","Another Encounter this encounter is part of / このEncounterが属するもう一つのEncounter【詳細参照】","Another Encounter of which this encounter is a part of (administratively or in time).

このEncounterが（管理的に、あるいは時間的に）一部となっているもう一つのEncounter。","This is also used for associating a child's encounter back to the mother's encounter.Refer to the Notes section in the Patient resource for further details.

子供の受診を母親の受診にさかのぼって連携するときにも使われる。
（※出産時などを表していると思われる）
詳細については、Patient ResourceのNotesセクションを参照のこと。","","","","","","","","",,,,,"",,,,"Encounter.partOf",0,1,"","ele-1:すべてのFHIR要素は、@valueまたはchildrenを持っている必要があります。 {hasValue() or (children().count() > id.count())}
","Event.partOf",".inboundRelationship[typeCode=COMP].source[classCode=COMP, moodCode=EVN]"
