{"resourceType":"CodeSystem","id":"jp-procedure-codes-medical-cs","text":{"status":"generated","div":"<div xmlns=\"http://www.w3.org/1999/xhtml\"><p>This code system http://jpfhir.jp/fhir/Common/CodeSystem/JP_ProcedureCodesMedical_CS defines the following codes:</p><table class=\"codes\"><tr><td style=\"white-space:nowrap\"><b>Code</b></td><td><b>Display</b></td></tr><tr><td style=\"white-space:nowrap\">140000610<a name=\"jp-procedure-codes-medical-cs-140000610\"> </a></td><td>創傷処置（１００ｃｍ２未満）</td></tr><tr><td style=\"white-space:nowrap\">140002210<a name=\"jp-procedure-codes-medical-cs-140002210\"> </a></td><td>消炎鎮痛等処置（湿布処置）（１日につき）</td></tr><tr><td style=\"white-space:nowrap\">140002450<a name=\"jp-procedure-codes-medical-cs-140002450\"> </a></td><td>肛門処置（１日につき）</td></tr><tr><td style=\"white-space:nowrap\">140002510<a name=\"jp-procedure-codes-medical-cs-140002510\"> </a></td><td>流注膿瘍穿刺</td></tr><tr><td style=\"white-space:nowrap\">140002610<a name=\"jp-procedure-codes-medical-cs-140002610\"> </a></td><td>脳室穿刺</td></tr></table></div>"},"url":"http://jpfhir.jp/fhir/Common/CodeSystem/JP_ProcedureCodesMedical_CS","version":"1.1.0a","name":"JP_ProcedureCodesMedical_CS","title":"JP Procedure Codes(Medical)","status":"draft","date":"2022-07-01T02:01:15+00:00","publisher":"FHIR Japanese implementation research working group in Japan Association of Medical Informatics (JAMI)","contact":[{"name":"FHIR Japanese implementation research working group in Japan Association of Medical Informatics (JAMI)","telecom":[{"system":"url","value":"http://jpfhir.jp"},{"system":"email","value":"office@hlfhir.jp"}]}],"description":"Procesureで使用する処置のコード 医科診療行為マスタ","jurisdiction":[{"coding":[{"system":"urn:iso:std:iso:3166","code":"JP"}]}],"copyright":"FHIR Japanese implementation research working group in Japan Association of Medical Informatics (JAMI)","caseSensitive":true,"content":"complete","count":5,"concept":[{"code":"140000610","display":"創傷処置（１００ｃｍ２未満）"},{"code":"140002210","display":"消炎鎮痛等処置（湿布処置）（１日につき）"},{"code":"140002450","display":"肛門処置（１日につき）"},{"code":"140002510","display":"流注膿瘍穿刺"},{"code":"140002610","display":"脳室穿刺"}]}