<?xml version="1.0" encoding="UTF-8"?><ValueSet xmlns="http://hl7.org/fhir"><id value="jp-medicationcode-common-vs"/><text><status value="generated"/><div xmlns="http://www.w3.org/1999/xhtml"><ul><li>Include all codes defined in <code>urn:oid:1.2.392.100495.20.1.81</code></li></ul></div></text><url value="http://jpfhir.jp/fhir/core/ValueSet/JP_MedicationCodeCommon_VS"/><version value="1.1.2"/><name value="JP_MedicationCodeCommon_VS"/><title value="JP Core MedicationCode Common ValueSet"/><status value="active"/><experimental value="false"/><date value="2023-06-26"/><publisher value="FHIR Japanese implementation research working group in Japan Association of Medical Informatics (JAMI)"/><contact><name value="FHIR Japanese implementation research working group in Japan Association of Medical Informatics (JAMI)"/><telecom><system value="url"/><value value="http://jpfhir.jp"/></telecom><telecom><system value="email"/><value value="office@hlfhir.jp"/></telecom></contact><description value="医薬品一般名処方コードの値セット"/><jurisdiction><coding><system value="urn:iso:std:iso:3166"/><code value="JP"/></coding></jurisdiction><copyright value="Copyright 厚生労働省"/><compose><include><system value="urn:oid:1.2.392.100495.20.1.81"/></include></compose></ValueSet>