<?xml version="1.0" encoding="UTF-8"?>

<CodeSystem xmlns="http://hl7.org/fhir">
  <id value="jp-medication-code-hot9-cs"/>
  <text>
    <status value="generated"/><div xmlns="http://www.w3.org/1999/xhtml"><p>This code system urn:oid:1.2.392.200119.4.403.1 defines many codes, of which the following are a subset:</p><table class="codes"><tr><td style="white-space:nowrap"><b>Code</b></td><td><b>Display</b></td></tr><tr><td style="white-space:nowrap">182110901<a name="jp-medication-code-hot9-cs-182110901"> </a></td><td>コミナティ筋注</td></tr><tr><td style="white-space:nowrap">103835401<a name="jp-medication-code-hot9-cs-103835401"> </a></td><td>ムコダイン錠２５０ｍｇ</td></tr><tr><td style="white-space:nowrap">110626901<a name="jp-medication-code-hot9-cs-110626901"> </a></td><td>パンスポリンＴ錠１００ １００ｍｇ</td></tr></table></div>
  </text>
  <url value="urn:oid:1.2.392.200119.4.403.1"/>
  <version value="1.1.0a"/>
  <name value="JP_MedicationCodeHOT9_CS"/>
  <title value="JP Core Medication HOT9 CodeSystem"/>
  <status value="draft"/>
  <date value="2022-08-31T11:05:16+00:00"/>
  <publisher value="FHIR Japanese implementation research working group in Japan Association of Medical Informatics (JAMI)"/>
  <contact>
    <name value="FHIR Japanese implementation research working group in Japan Association of Medical Informatics (JAMI)"/>
    <telecom>
      <system value="url"/>
      <value value="http://jpfhir.jp"/>
    </telecom>
    <telecom>
      <system value="email"/>
      <value value="office@hlfhir.jp"/>
    </telecom>
  </contact>
  <description value="医薬品HOT9コードのコードシステム"/>
  <jurisdiction>
    <coding>
      <system value="urn:iso:std:iso:3166"/>
      <code value="JP"/>
    </coding>
  </jurisdiction>
  <copyright value="FHIR Japanese implementation research working group in Japan Association of Medical Informatics (JAMI)"/>
  <caseSensitive value="true"/>
  <valueSet value="http://jpfhir.jp/fhir/Common/ValueSet/JP_MedicationCodeHOT9_VS"/>
  <content value="fragment"/>
  <concept>
    <code value="182110901"/>
    <display value="コミナティ筋注"/>
  </concept>
  <concept>
    <code value="103835401"/>
    <display value="ムコダイン錠２５０ｍｇ"/>
  </concept>
  <concept>
    <code value="110626901"/>
    <display value="パンスポリンＴ錠１００ １００ｍｇ"/>
  </concept>
</CodeSystem>