{
  "resourceType": "CodeSystem",
  "id": "jp-procedure-followup-cs",
  "text": {
    "status": "generated",
    "div": "<div xmlns=\"http://www.w3.org/1999/xhtml\"><p>This code system http://jpfhir.jp/fhir/Common/CodeSystem/JP_ProcedureFollowUp_CS defines the following codes:</p><table class=\"codes\"><tr><td style=\"white-space:nowrap\"><b>Code</b></td></tr></table></div>"
  },
  "url": "http://jpfhir.jp/fhir/Common/CodeSystem/JP_ProcedureFollowUp_CS",
  "version": "1.1.0a",
  "name": "JP_ProcedureFollowUp_CS",
  "title": "JP Core Procedure Follow Up CodeSystem",
  "status": "draft",
  "date": "2022-09-01T02:21:15+00:00",
  "publisher": "FHIR Japanese implementation research working group in Japan Association of Medical Informatics (JAMI)",
  "contact": [
    {
      "name": "FHIR Japanese implementation research working group in Japan Association of Medical Informatics (JAMI)",
      "telecom": [
        {
          "system": "url",
          "value": "http://jpfhir.jp"
        },
        {
          "system": "email",
          "value": "office@hlfhir.jp"
        }
      ]
    }
  ],
  "description": "処置のフォローアップとして実施される処置のコード",
  "jurisdiction": [
    {
      "coding": [
        {
          "system": "urn:iso:std:iso:3166",
          "code": "JP"
        }
      ]
    }
  ],
  "copyright": "FHIR Japanese implementation research working group in Japan Association of Medical Informatics (JAMI)",
  "caseSensitive": true,
  "valueSet": "http://jpfhir.jp/fhir/Common/ValueSet/JP_ProcedureFollowUp_VS",
  "content": "complete"
}