{"resourceType":"ValueSet","id":"jp-observation-vitalsigns-code-vs","text":{"status":"generated","div":"<div xmlns=\"http://www.w3.org/1999/xhtml\"><ul><li>Include all codes defined in <code>urn:oid:1.2.392.200119.4.804</code></li></ul></div>"},"url":"http://jpfhir.jp/fhir/core/ValueSet/JP_ObservationVitalSignsCode_VS","version":"1.1.0","name":"JP_ObservationVitalSignsCode_VS","title":"JP Core Observation VitalSigns Code ValueSet","status":"active","experimental":false,"date":"2022-09-26","publisher":"FHIR Japanese implementation research working group in Japan Association of Medical Informatics (JAMI)","contact":[{"name":"FHIR Japanese implementation research working group in Japan Association of Medical Informatics (JAMI)","telecom":[{"system":"url","value":"http://jpfhir.jp"},{"system":"email","value":"office@hlfhir.jp"}]}],"description":"Observation（バイタルサイン）で使用する項目の値セット","jurisdiction":[{"coding":[{"system":"urn:iso:std:iso:3166","code":"JP"}]}],"copyright":"Copyright MEDIS-DC 医療情報システム開発センター","compose":{"include":[{"system":"urn:oid:1.2.392.200119.4.804"}]}}