{"resourceType":"ValueSet","id":"jp-medication-as-needed-condition-jami-vs","text":{"status":"generated","div":"<div xmlns=\"http://www.w3.org/1999/xhtml\"><ul><li>Include all codes defined in <code>http://jpfhir.jp/fhir/core/CodeSystem/JP_MedicationAsNeededConditionJAMI_CS</code></li></ul></div>"},"url":"http://jpfhir.jp/fhir/core/ValueSet/JP_MedicationAsNeededConditionJAMI_VS","version":"1.1.0","name":"JP_MedicationAsNeededConditionJAMI_VS","title":"JP Core Medication JAMI As Needed Condition ValueSet","status":"active","experimental":false,"date":"2022-09-26","publisher":"FHIR Japanese implementation research working group in Japan Association of Medical Informatics (JAMI)","contact":[{"name":"FHIR Japanese implementation research working group in Japan Association of Medical Informatics (JAMI)","telecom":[{"system":"url","value":"http://jpfhir.jp"},{"system":"email","value":"office@hlfhir.jp"}]}],"description":"JAMI標準用法規格頓用指示コードの値セット","jurisdiction":[{"coding":[{"system":"urn:iso:std:iso:3166","code":"JP"}]}],"copyright":"Copyright Japan Association of Medical Informatics (JAMI)  一般社団法人日本医療情報学会","compose":{"include":[{"system":"http://jpfhir.jp/fhir/core/CodeSystem/JP_MedicationAsNeededConditionJAMI_CS"}]}}