{"resourceType":"ValueSet","id":"jp-procedure-condition-code-vs","text":{"status":"generated","div":"<div xmlns=\"http://www.w3.org/1999/xhtml\"><ul><li>Include all codes defined in <a href=\"CodeSystem-jp-procedure-condition-codes-cs.html\"><code>http://jpfhir.jp/fhir/Common/CodeSystem/JP_ProcedureConditionCodes_CS</code></a></li></ul></div>"},"url":"http://jpfhir.jp/fhir/Common/ValueSet/JP_ProcedureConditionCodes_VS","version":"1.1.0","name":"JP_ProcedureConditionCodes_VS","title":"JP Core Procedure Condition/Problem/Diagnosis Codes","status":"draft","date":"2022-07-15T03:58:01+00:00","publisher":"FHIR Japanese implementation research working group in Japan Association of Medical Informatics (JAMI)","contact":[{"name":"FHIR Japanese implementation research working group in Japan Association of Medical Informatics (JAMI)","telecom":[{"system":"url","value":"http://jpfhir.jp"},{"system":"email","value":"office@hlfhir.jp"}]}],"description":"Procesureで使用する状態のコード","jurisdiction":[{"coding":[{"system":"urn:iso:std:iso:3166","code":"JP"}]}],"copyright":"FHIR Japanese implementation research working group in Japan Association of Medical Informatics (JAMI)","compose":{"include":[{"system":"http://jpfhir.jp/fhir/Common/CodeSystem/JP_ProcedureConditionCodes_CS"}]}}