{"resourceType":"ValueSet","id":"jp-observation-labresult-code-vs","text":{"status":"generated","div":"<div xmlns=\"http://www.w3.org/1999/xhtml\"><ul><li>Include all codes defined in <a href=\"CodeSystem-jp-observation-labresult-code-cs.html\"><code>urn:oid:1.2.392.200119.4.504</code></a></li></ul></div>"},"url":"http://jpfhir.jp/fhir/core/ValueSet/JP_ObservationLabResultCode_VS","version":"1.1.0","name":"JP_ObservationLabResultCode_VS","title":"JP Core Observation LabResult Code ValueSet","status":"active","experimental":false,"date":"2022-09-26","publisher":"FHIR Japanese implementation research working group in Japan Association of Medical Informatics (JAMI)","contact":[{"name":"FHIR Japanese implementation research working group in Japan Association of Medical Informatics (JAMI)","telecom":[{"system":"url","value":"http://jpfhir.jp"},{"system":"email","value":"office@hlfhir.jp"}]}],"description":"Observation（検体検査結果）で使用する項目の値セット","jurisdiction":[{"coding":[{"system":"urn:iso:std:iso:3166","code":"JP"}]}],"copyright":"FHIR Japanese implementation research working group in Japan Association of Medical Informatics (JAMI)","compose":{"include":[{"system":"urn:oid:1.2.392.200119.4.504"}]}}