<?xml version="1.0" encoding="UTF-8"?>

<CodeSystem xmlns="http://hl7.org/fhir">
  <id value="jp-medication-substitution-not-allowed-reason-cs"/>
  <text>
    <status value="generated"/><div xmlns="http://www.w3.org/1999/xhtml"><p>This code system urn:oid:1.2.392.100495.20.2.41 defines the following codes:</p><table class="codes"><tr><td style="white-space:nowrap"><b>Code</b></td><td><b>Display</b></td></tr><tr><td style="white-space:nowrap">0<a name="jp-medication-substitution-not-allowed-reason-cs-0"> </a></td><td>変更可</td></tr><tr><td style="white-space:nowrap">1<a name="jp-medication-substitution-not-allowed-reason-cs-1"> </a></td><td>後発品変更不可</td></tr><tr><td style="white-space:nowrap">2<a name="jp-medication-substitution-not-allowed-reason-cs-2"> </a></td><td>剤形変更不可</td></tr><tr><td style="white-space:nowrap">3<a name="jp-medication-substitution-not-allowed-reason-cs-3"> </a></td><td>含量規格変更不可</td></tr></table></div>
  </text>
  <url value="urn:oid:1.2.392.100495.20.2.41"/>
  <version value="1.1.0a"/>
  <name value="JP_MedicationSubstitutionNotAllowedReason_CS"/>
  <title value="JP Core Medication Substitution Not Allowed Reason CodeSystem"/>
  <status value="draft"/>
  <date value="2022-08-26T08:55:34+00:00"/>
  <publisher value="FHIR Japanese implementation research working group in Japan Association of Medical Informatics (JAMI)"/>
  <contact>
    <name value="FHIR Japanese implementation research working group in Japan Association of Medical Informatics (JAMI)"/>
    <telecom>
      <system value="url"/>
      <value value="http://jpfhir.jp"/>
    </telecom>
    <telecom>
      <system value="email"/>
      <value value="office@hlfhir.jp"/>
    </telecom>
  </contact>
  <description value="後発医薬品変更不可区分のコードシステム"/>
  <jurisdiction>
    <coding>
      <system value="urn:iso:std:iso:3166"/>
      <code value="JP"/>
    </coding>
  </jurisdiction>
  <copyright value="FHIR Japanese implementation research working group in Japan Association of Medical Informatics (JAMI)"/>
  <caseSensitive value="true"/>
  <content value="complete"/>
  <count value="4"/>
  <concept>
    <code value="0"/>
    <display value="変更可"/>
  </concept>
  <concept>
    <code value="1"/>
    <display value="後発品変更不可"/>
  </concept>
  <concept>
    <code value="2"/>
    <display value="剤形変更不可"/>
  </concept>
  <concept>
    <code value="3"/>
    <display value="含量規格変更不可"/>
  </concept>
</CodeSystem>