{
  "resourceType": "CodeSystem",
  "id": "jp-physicalexamcode-cs",
  "text": {
    "status": "generated",
    "div": "<div xmlns=\"http://www.w3.org/1999/xhtml\"><p>This code system http://jpfhir.jp/fhir/Common/CodeSystem/JP_PhysicalExamCode_CS defines the following codes:</p><table class=\"codes\"><tr><td style=\"white-space:nowrap\"><b>Code</b></td><td><b>Display</b></td></tr><tr><td style=\"white-space:nowrap\">physical-findings<a name=\"jp-physicalexamcode-cs-physical-findings\"> </a></td><td>Physical Findings</td></tr><tr><td style=\"white-space:nowrap\">detailed-physical-findings<a name=\"jp-physicalexamcode-cs-detailed-physical-findings\"> </a></td><td>Detailed Physical Findings</td></tr></table></div>"
  },
  "url": "http://jpfhir.jp/fhir/Common/CodeSystem/JP_PhysicalExamCode_CS",
  "version": "1.1.0a",
  "name": "JP_PhysicalExamCode_CS",
  "title": "JP Core Physical Exam Code CodeSystem",
  "status": "draft",
  "date": "2022-08-25T07:49:21+00:00",
  "publisher": "FHIR Japanese implementation research working group in Japan Association of Medical Informatics (JAMI)",
  "contact": [
    {
      "name": "FHIR Japanese implementation research working group in Japan Association of Medical Informatics (JAMI)",
      "telecom": [
        {
          "system": "url",
          "value": "http://jpfhir.jp"
        },
        {
          "system": "email",
          "value": "office@hlfhir.jp"
        }
      ]
    }
  ],
  "description": "身体所見の区分を表すコード",
  "jurisdiction": [
    {
      "coding": [
        {
          "system": "urn:iso:std:iso:3166",
          "code": "JP"
        }
      ]
    }
  ],
  "copyright": "FHIR Japanese implementation research working group in Japan Association of Medical Informatics (JAMI)",
  "caseSensitive": true,
  "valueSet": "http://jpfhir.jp/fhir/Common/ValueSet/JP_PhysicalExamCode_VS",
  "content": "complete",
  "count": 2,
  "concept": [
    {
      "code": "physical-findings",
      "display": "Physical Findings"
    },
    {
      "code": "detailed-physical-findings",
      "display": "Detailed Physical Findings"
    }
  ]
}