<?xml version="1.0" encoding="UTF-8"?>

<ValueSet xmlns="http://hl7.org/fhir">
  <id value="jp-medicationcode-immunization-vs"/>
  <text>
    <status value="generated"/><div xmlns="http://www.w3.org/1999/xhtml"><p>This value set includes codes based on the following rules:</p><ul><li>Include all codes defined in <code>urn:oid:1.2.392.200119.4.402.1</code></li><li>Include all codes defined in <code>urn:oid:1.2.392.200119.4.403.1</code></li><li>Include all codes defined in <code>urn:oid:1.2.392.100495.20.1.73</code></li></ul></div>
  </text>
  <url value="http://jpfhir.jp/fhir/core/ValueSet/JP_MedicationCode_Immunization_VS"/>
  <version value="1.1.2rc"/>
  <name value="JP_MedicationCode_Immunization_VS"/>
  <title value="JP Core MedicationCode Immunization ValueSet"/>
  <status value="active"/>
  <experimental value="false"/>
  <date value="2022-10-24"/>
  <publisher value="FHIR Japanese implementation research working group in Japan Association of Medical Informatics (JAMI)"/>
  <contact>
    <name value="FHIR Japanese implementation research working group in Japan Association of Medical Informatics (JAMI)"/>
    <telecom>
      <system value="url"/>
      <value value="http://jpfhir.jp"/>
    </telecom>
    <telecom>
      <system value="email"/>
      <value value="office@hlfhir.jp"/>
    </telecom>
  </contact>
  <description value="Immunization用医薬品処方コードの値セット"/>
  <jurisdiction>
    <coding>
      <system value="urn:iso:std:iso:3166"/>
      <code value="JPN"/>
    </coding>
  </jurisdiction>
  <copyright value="Copyright MEDIS-DC 医療情報システム開発センター &amp; （株）医薬情報研究所"/>
  <compose>
    <include>
      <system value="urn:oid:1.2.392.200119.4.402.1"/>
    </include>
    <include>
      <system value="urn:oid:1.2.392.200119.4.403.1"/>
    </include>
    <include>
      <system value="urn:oid:1.2.392.100495.20.1.73"/>
    </include>
  </compose>
</ValueSet>