"Id","Path","Slice Name","Alias(s)","Label","Min","Max","Must Support?","Is Modifier?","Is Summary?","Type(s)","Short","Definition","Comments","Requirements","Default Value","Meaning When Missing","Fixed Value","Pattern","Example","Minimum Value","Maximum Value","Maximum Length","Binding Strength","Binding Description","Binding Value Set","Code","Slicing Discriminator","Slicing Description","Slicing Ordered","Slicing Rules","Base Path","Base Min","Base Max","Condition(s)","Constraint(s)","Mapping: Workflow Pattern","Mapping: RIM Mapping","Mapping: FiveWs Pattern Mapping","Mapping: V3 Pharmacy Dispense RMIM","Mapping: HL7 v2 Mapping"
"MedicationDispense","MedicationDispense","","","",0,*,"","","","null {[]} {[]}
","指定された患者への薬剤の払い出し","指定された患者・個人へ薬剤が払い出されたか払い出される予定のものを示す。これには（供給される）提供される製品についての説明や薬剤の服用に関する指示も含まれる。薬剤払い出しは薬剤オーダに対して薬局システムが対応した結果となる。","","","","","","","","","",,,,,"",,,,"MedicationDispense",0,*,"","dom-2:リソースが別のリソースに含まれている場合、ネストされたリソースを含めてはなりません / If the resource is contained in another resource, it SHALL NOT contain nested Resources {contained.contained.empty()}
dom-3:リソースが別のリソースに含まれている場合、それはリソースの他の場所から参照されるか、含有リソースを参照するものとします / If the resource is contained in another resource, it SHALL be referred to from elsewhere in the resource or SHALL refer to the containing resource {contained.where((('#'+id in (%resource.descendants().reference | %resource.descendants().as(canonical) | %resource.descendants().as(uri) | %resource.descendants().as(url))) or descendants().where(reference = '#').exists() or descendants().where(as(canonical) = '#').exists() or descendants().where(as(canonical) = '#').exists()).not()).trace('unmatched', id).empty()}dom-4:リソースが別のリソースに含まれている場合、meta.versionidまたはmeta.lastupdatedを持たないものとします / If a resource is contained in another resource, it SHALL NOT have a meta.versionId or a meta.lastUpdated {contained.meta.versionId.empty() and contained.meta.lastUpdated.empty()}dom-5:別のリソースにリソースが含まれている場合、セキュリティラベルはありません / If a resource is contained in another resource, it SHALL NOT have a security label {contained.meta.security.empty()}dom-6:リソースには、堅牢な管理のための叙述(Narative)が必要です / A resource should have narrative for robust management {text.`div`.exists()}mdd-1:いつ準備されたときにハンドドーバーができないとき / whenHandedOver cannot be before whenPrepared {whenHandedOver.empty() or whenPrepared.empty() or whenHandedOver >= whenPrepared}","Event","Entity. Role, or Act","Supply[moodCode=EVN]"
"MedicationDispense.id","MedicationDispense.id","","","",0,1,"","","Y","id {[]} {[]}
","このアーティファクトの論理ID / Logical id of this artifact","リソースのURLで使用されるリソースの論理ID。割り当てられたら、この値は変更されません。 / The logical id of the resource, as used in the URL for the resource. Once assigned, this value never changes.","リソースにIDがないのは、IDが作成操作を使用してサーバーに送信されている場合です。 / The only time that a resource does not have an id is when it is being submitted to the server using a create operation.","","","","","","","","",,,,,"",,,,"Resource.id",0,1,"",""
"MedicationDispense.meta","MedicationDispense.meta","","","",0,1,"","","Y","Meta {[]} {[]}
","リソースに関するメタデータ / Metadata about the resource","リソースに関するメタデータ。これは、インフラストラクチャによって維持されるコンテンツです。コンテンツの変更は、常にリソースのバージョンの変更に関連付けられているとは限りません。 / The metadata about the resource. This is content that is maintained by the infrastructure. Changes to the content might not always be associated with version changes to the resource.","","","","","","","","","",,,,,"",,,,"Resource.meta",0,1,"","ele-1:すべてのFHIR要素には、@valueまたは子供が必要です / All FHIR elements must have a @value or children {hasValue() or (children().count() > id.count())}
"
"MedicationDispense.implicitRules","MedicationDispense.implicitRules","","","",0,1,"","Y","Y","uri {[]} {[]}
","このコンテンツが作成されたルールのセット / A set of rules under which this content was created","リソースが構築されたときに従った一連のルールへの参照。コンテンツの処理時に理解する必要があります。多くの場合、これは他のプロファイルなどとともに特別なルールを定義する実装ガイドへの参照です。 / A reference to a set of rules that were followed when the resource was constructed, and which must be understood when processing the content. Often, this is a reference to an implementation guide that defines the special rules along with other profiles etc.","このルールセットを主張することは、コンテンツが限られた取引パートナーのセットによってのみ理解されることを制限します。これにより、本質的に長期的にデータの有用性が制限されます。ただし、既存の健康エコシステムは非常に破壊されており、一般的に計算可能な意味でデータを定義、収集、交換する準備ができていません。可能な限り、実装者や仕様ライターはこの要素の使用を避ける必要があります。多くの場合、使用する場合、URLは、これらの特別なルールを他のプロファイル、バリューセットなどとともに叙述(Narative)の一部として定義する実装ガイドへの参照です。 / Asserting this rule set restricts the content to be only understood by a limited set of trading partners. This inherently limits the usefulness of the data in the long term. However, the existing health eco-system is highly fractured, and not yet ready to define, collect, and exchange data in a generally computable sense. Wherever possible, implementers and/or specification writers should avoid using this element. Often, when used, the URL is a reference to an implementation guide that defines these special rules as part of it's narrative along with other profiles, value sets, etc.","","","","","","","","",,,,,"",,,,"Resource.implicitRules",0,1,"","ele-1:すべてのFHIR要素には、@valueまたは子供が必要です / All FHIR elements must have a @value or children {hasValue() or (children().count() > id.count())}
"
"MedicationDispense.language","MedicationDispense.language","","","",0,1,"","","","code {[]} {[]}
","リソースコンテンツの言語 / Language of the resource content","リソースが書かれている基本言語。 / The base language in which the resource is written.","言語は、インデックス作成とアクセシビリティをサポートするために提供されます（通常、テキストから音声までのサービスなどのサービスが言語タグを使用します）。叙述(Narative)のHTML言語タグは、叙述(Narative)に適用されます。リソース上の言語タグを使用して、リソース内のデータから生成された他のプレゼンテーションの言語を指定できます。すべてのコンテンツが基本言語である必要はありません。リソース。言語は、叙述(Narative)に自動的に適用されると想定されるべきではありません。言語が指定されている場合、HTMLのDIV要素にも指定されている場合（XML：LangとHTML Lang属性の関係については、HTML5のルールを参照してください）。 / Language is provided to support indexing and accessibility (typically, services such as text to speech use the language tag). The html language tag in the narrative applies  to the narrative. The language tag on the resource may be used to specify the language of other presentations generated from the data in the resource. Not all the content has to be in the base language. The Resource.language should not be assumed to apply to the narrative automatically. If a language is specified, it should it also be specified on the div element in the html (see rules in HTML5 for information about the relationship between xml:lang and the html lang attribute).","","","","","","","","",,"preferred","人間の言語。 / A human language.","http://hl7.org/fhir/ValueSet/languages","",,,,"Resource.language",0,1,"","ele-1:すべてのFHIR要素には、@valueまたは子供が必要です / All FHIR elements must have a @value or children {hasValue() or (children().count() > id.count())}
"
"MedicationDispense.text","MedicationDispense.text","","narrative
htmlxhtmldisplay","",0,1,"","","","Narrative {[]} {[]}
","人間の解釈のためのリソースのテキスト概要 / Text summary of the resource, for human interpretation","リソースの概要を含み、人間へのリソースの内容を表すために使用できる人間の読み取り可能な叙述(Narative)。叙述(Narative)はすべての構造化されたデータをエンコードする必要はありませんが、人間が叙述(Narative)を読むだけで「臨床的に安全」にするために十分な詳細を含める必要があります。リソースの定義は、臨床的安全を確保するために、叙述(Narative)で表現するコンテンツを定義する場合があります。 / A human-readable narrative that contains a summary of the resource and can be used to represent the content of the resource to a human. The narrative need not encode all the structured data, but is required to contain sufficient detail to make it ""clinically safe"" for a human to just read the narrative. Resource definitions may define what content should be represented in the narrative to ensure clinical safety.","含まれるリソースには叙述(Narative)がありません。含まれていないリソースには叙述(Narative)が必要です。場合によっては、リソースには、追加の個別のデータがほとんどまたはまったくないテキストのみがあります（すべてのMinoccur = 1要素が満たされている限り）。これは、情報がtext blob (バイナリー ラージ オブジェクト)としてキャプチャされるレガシーシステムからのデータ、またはテキストが生またはナレーションされ、エンコードされた情報が後で追加される場合に必要になる場合があります。 / Contained resources do not have narrative. Resources that are not contained SHOULD have a narrative. In some cases, a resource may only have text with little or no additional discrete data (as long as all minOccurs=1 elements are satisfied).  This may be necessary for data from legacy systems where information is captured as a ""text blob"" or where text is additionally entered raw or narrated and encoded information is added later.","","","","","","","","",,,,,"",,,,"DomainResource.text",0,1,"","ele-1:すべてのFHIR要素には、@valueまたは子供が必要です / All FHIR elements must have a @value or children {hasValue() or (children().count() > id.count())}
","Act.text?"
"MedicationDispense.contained","MedicationDispense.contained","","inline resources
anonymous resourcescontained resources","",0,*,"","","","Resource {[]} {[]}
","インラインリソースが含まれています / Contained, inline Resources","これらのリソースには、それらを含むリソースを除いて独立した存在はありません - 独立して特定することはできず、独自の独立したトランザクションスコープを持つこともできません。 / These resources do not have an independent existence apart from the resource that contains them - they cannot be identified independently, and nor can they have their own independent transaction scope.","識別が失われると、コンテンツを適切に識別できる場合は、これを行うべきではありません。含まれるリソースには、メタ要素にプロファイルとタグがある場合がありますが、セキュリティラベルはありません。 / This should never be done when the content can be identified properly, as once identification is lost, it is extremely difficult (and context dependent) to restore it again. Contained resources may have profiles and tags In their meta elements, but SHALL NOT have security labels.","","","","","","","","",,,,,"",,,,"DomainResource.contained",0,*,"","","N/A"
"MedicationDispense.extension","MedicationDispense.extension","","","",0,*,"","","","Extension {[]} {[]}
","Extension","An Extension","","","","","","","","","",,,,,"","value:url}
","",,"open","DomainResource.extension",0,*,"","ele-1:すべてのFHIR要素には、@valueまたは子供が必要です / All FHIR elements must have a @value or children {hasValue() or (children().count() > id.count())}
ext-1:両方ではなく、拡張または値[x]が必要です / Must have either extensions or value[x], not both {extension.exists() != value.exists()}"
"MedicationDispense.extension:preparation","MedicationDispense.extension","preparation","","",0,*,"","","","Extension {[CanonicalType[http://jpfhir.jp/fhir/core/Extension/StructureDefinition/JP_MedicationDispense_Preparation]]} {[]}
","調剤結果","薬剤単位の調剤結果","","","","","","","","","",,,,,"",,,,"DomainResource.extension",0,*,"ele-1
","ele-1:すべてのFHIR要素には、@valueまたは子供が必要です / All FHIR elements must have a @value or children {hasValue() or (children().count() > id.count())}
ext-1:両方ではなく、拡張または値[x]が必要です / Must have either extensions or value[x], not both {extension.exists() != value.exists()}"
"MedicationDispense.extension:rpNumber","MedicationDispense.extension","rpNumber","","",0,1,"","","","Extension {[CanonicalType[http://jpfhir.jp/fhir/core/Extension/StructureDefinition/JP_MedicationDispense_RpNumber]]} {[]}
","Rp番号","Rp番号","","","","","","","","","",,,,,"",,,,"DomainResource.extension",0,*,"ele-1
","ele-1:すべてのFHIR要素には、@valueまたは子供が必要です / All FHIR elements must have a @value or children {hasValue() or (children().count() > id.count())}
ext-1:両方ではなく、拡張または値[x]が必要です / Must have either extensions or value[x], not both {extension.exists() != value.exists()}"
"MedicationDispense.modifierExtension","MedicationDispense.modifierExtension","","extensions
user content","",0,*,"","Y","","Extension {[]} {[]}
","無視できない拡張機能 / Extensions that cannot be ignored","リソースの基本的な定義の一部ではなく、それを含む要素の理解および/または含有要素の子孫の理解を変更するために使用される場合があります。通常、修飾子要素は否定または資格を提供します。拡張機能を安全で管理しやすくするために、拡張機能の定義と使用に適用される厳格なガバナンスセットがあります。実装者は拡張機能を定義することが許可されていますが、拡張機能の定義の一部として満たされる一連の要件があります。アプリケーションの処理リソースは、修飾子拡張機能をチェックする必要があります。

モディファイア拡張は、リソースまたはdomainResource上の要素の意味を変更してはなりません（修飾軸自体の意味を変更することはできません）。 / May be used to represent additional information that is not part of the basic definition of the resource and that modifies the understanding of the element that contains it and/or the understanding of the containing element's descendants. Usually modifier elements provide negation or qualification. To make the use of extensions safe and manageable, there is a strict set of governance applied to the definition and use of extensions. Though any implementer is allowed to define an extension, there is a set of requirements that SHALL be met as part of the definition of the extension. Applications processing a resource are required to check for modifier extensions.

Modifier extensions SHALL NOT change the meaning of any elements on Resource or DomainResource (including cannot change the meaning of modifierExtension itself).","拡張機能を使用または定義する機関や管轄権に関係なく、アプリケーション、プロジェクト、または標準による拡張機能の使用に関連するスティグマはありません。拡張機能の使用は、FHIR仕様がすべての人にコアレベルのシンプルさを保持できるようにするものです。 / There can be no stigma associated with the use of extensions by any application, project, or standard - regardless of the institution or jurisdiction that uses or defines the extensions.  The use of extensions is what allows the FHIR specification to retain a core level of simplicity for everyone.","修飾子拡張機能により、安全に無視できる大部分の拡張機能と明確に区別できるように、安全に無視できない拡張機能が可能になります。これにより、実装者が拡張の存在を禁止する必要性を排除することにより、相互運用性が促進されます。詳細については、[修飾子拡張の定義]（拡張性.html＃modifierextension）を参照してください。 / Modifier extensions allow for extensions that *cannot* be safely ignored to be clearly distinguished from the vast majority of extensions which can be safely ignored.  This promotes interoperability by eliminating the need for implementers to prohibit the presence of extensions. For further information, see the [definition of modifier extensions](http://hl7.org/fhir/R4/extensibility.html#modifierExtension).","","","","","","","",,,,,"",,,,"DomainResource.modifierExtension",0,*,"","ele-1:すべてのFHIR要素には、@valueまたは子供が必要です / All FHIR elements must have a @value or children {hasValue() or (children().count() > id.count())}
ext-1:両方ではなく、拡張または値[x]が必要です / Must have either extensions or value[x], not both {extension.exists() != value.exists()}","N/A"
"MedicationDispense.identifier","MedicationDispense.identifier","","","",0,*,"","","","Identifier {[]} {[]}
","外部から参照されるID","このインスタンスが外部から参照されるために使われるIDである。処方箋全体としてのIDとしては使用しない。  
処方箋内で同一の用法をまとめて表記されるRp番号はこのIdentifier elementの別スライスで表現する。それ以外に任意のIDを付与してもよい。  
このIDは業務手順によって定められた処方オーダに対して、直接的なURL参照が適切でない場合も含めて関連付けるために使われる。この業務手順のIDは実施者によって割り当てられたものであり、リソースが更新されたりサーバからサーバに転送されたとしても固定のものとして存続する。","これは業務IDであって、リソースに対するIDではない。","","","","","","","","",,,,,"","value:system}
","",,"open","MedicationDispense.identifier",0,*,"","ele-1:すべてのFHIR要素には、@valueまたは子供が必要です / All FHIR elements must have a @value or children {hasValue() or (children().count() > id.count())}
","Event.identifier",".id","FiveWs.identifier","CombinedMedicationDispense.id"
"MedicationDispense.identifier:requestIdentifier","MedicationDispense.identifier","requestIdentifier","","",0,*,"","","","Identifier {[]} {[]}
","処方オーダに対するID(MedicationRequestからの継承)","薬剤をオーダする単位としての処方箋に対するID。原則として調剤の基となったMedicationRequestのIDを設定する。","これはビジネス識別子であり、リソース識別子ではありません。 / This is a business identifier, not a resource identifier.","","","","","","","","",,,,,"",,,,"MedicationDispense.identifier",0,*,"","ele-1:すべてのFHIR要素には、@valueまたは子供が必要です / All FHIR elements must have a @value or children {hasValue() or (children().count() > id.count())}
","Event.identifier",".id","FiveWs.identifier","CombinedMedicationDispense.id"
"MedicationDispense.identifier:requestIdentifier.id","MedicationDispense.identifier.id","","","",0,1,"","","","string {[]} {[]}
","要素間参照のための一意のID / Unique id for inter-element referencing","リソース内の要素の一意のID（内部参照用）。これは、スペースを含まない文字列値である場合があります。 / Unique id for the element within a resource (for internal references). This may be any string value that does not contain spaces.","","","","","","","","","",,,,,"",,,,"Element.id",0,1,"","","n/a"
"MedicationDispense.identifier:requestIdentifier.extension","MedicationDispense.identifier.extension","","extensions
user content","",0,*,"","","","Extension {[]} {[]}
","実装で定義された追加のコンテンツ / Additional content defined by implementations","要素の基本的な定義の一部ではない追加情報を表すために使用できます。拡張機能を安全で管理しやすくするために、拡張機能の定義と使用に適用される厳格なガバナンスセットがあります。実装者は拡張機能を定義できますが、拡張機能の定義の一部として満たされる一連の要件があります。 / May be used to represent additional information that is not part of the basic definition of the element. To make the use of extensions safe and manageable, there is a strict set of governance  applied to the definition and use of extensions. Though any implementer can define an extension, there is a set of requirements that SHALL be met as part of the definition of the extension.","拡張機能を使用または定義する機関や管轄権に関係なく、アプリケーション、プロジェクト、または標準による拡張機能の使用に関連するスティグマはありません。拡張機能の使用は、FHIR仕様がすべての人にコアレベルのシンプルさを保持できるようにするものです。 / There can be no stigma associated with the use of extensions by any application, project, or standard - regardless of the institution or jurisdiction that uses or defines the extensions.  The use of extensions is what allows the FHIR specification to retain a core level of simplicity for everyone.","","","","","","","","",,,,,"","value:url}
","Extensions are always sliced by (at least) url",,"open","Element.extension",0,*,"","ele-1:すべてのFHIR要素には、@valueまたは子供が必要です / All FHIR elements must have a @value or children {hasValue() or (children().count() > id.count())}
ext-1:両方ではなく、拡張または値[x]が必要です / Must have either extensions or value[x], not both {extension.exists() != value.exists()}","n/a"
"MedicationDispense.identifier:requestIdentifier.use","MedicationDispense.identifier.use","","","",0,1,"","Y","Y","code {[]} {[]}
","通常|公式|温度|セカンダリ|古い（知られている場合） / usual | official | temp | secondary | old (If known)","この識別子の目的。 / The purpose of this identifier.","アプリケーションは、識別子が一時的なものであると明示的に言っていない限り、永続的であると想定できます。 / Applications can assume that an identifier is permanent unless it explicitly says that it is temporary.","特定の使用のコンテキストが一連の識別子の中から選択される適切な識別子を許可します。 / Allows the appropriate identifier for a particular context of use to be selected from among a set of identifiers.","","","","","","","",,"required","既知の場合、この識別子の目的を識別します。 / Identifies the purpose for this identifier, if known .","http://hl7.org/fhir/ValueSet/identifier-use|4.0.1","",,,,"Identifier.use",0,1,"","ele-1:すべてのFHIR要素には、@valueまたは子供が必要です / All FHIR elements must have a @value or children {hasValue() or (children().count() > id.count())}
","Role.code or implied by context","N/A"
"MedicationDispense.identifier:requestIdentifier.type","MedicationDispense.identifier.type","","","",0,1,"","","Y","CodeableConcept {[]} {[]}
","識別子の説明 / Description of identifier","特定の目的に使用する識別子を決定するために使用できる識別子のコード化されたタイプ。 / A coded type for the identifier that can be used to determine which identifier to use for a specific purpose.","この要素は、識別子の一般的なカテゴリのみを扱います。識別子。システムに対応するコードに使用しないでください。一部の識別子は、一般的な使用法により複数のカテゴリに分類される場合があります。システムがわかっている場合、タイプは常にシステム定義の一部であるため、タイプは不要です。ただし、システムが不明な識別子を処理する必要があることがよくあります。多くの異なるシステムが同じタイプを持っているため、タイプとシステムの間に1：1の関係はありません。 / This element deals only with general categories of identifiers.  It SHOULD not be used for codes that correspond 1..1 with the Identifier.system. Some identifiers may fall into multiple categories due to common usage.   Where the system is known, a type is unnecessary because the type is always part of the system definition. However systems often need to handle identifiers where the system is not known. There is not a 1:1 relationship between type and system, since many different systems have the same type.","識別子システムが不明な場合、ユーザーは識別子を使用できます。 / Allows users to make use of identifiers when the identifier system is not known.","","","","","","","",,"extensible","特定の目的に使用する識別子を決定するために使用できる識別子のコード化されたタイプ。 / A coded type for an identifier that can be used to determine which identifier to use for a specific purpose.","http://hl7.org/fhir/ValueSet/identifier-type","",,,,"Identifier.type",0,1,"","ele-1:すべてのFHIR要素には、@valueまたは子供が必要です / All FHIR elements must have a @value or children {hasValue() or (children().count() > id.count())}
","Role.code or implied by context","CX.5"
"MedicationDispense.identifier:requestIdentifier.system","MedicationDispense.identifier.system","","","",1,1,"","","Y","uri {[]} {[]}
","識別子値の名前空間 / The namespace for the identifier value","値の名前空間、つまり一意のセット値を記述するURLを確立します。 / Establishes the namespace for the value - that is, a URL that describes a set values that are unique.","識別子。システムは常にケースに敏感です。 / Identifier.system is always case sensitive.","識別子のセットがたくさんあります。2つの識別子を一致させるには、どのセットを扱っているかを知る必要があります。システムは、特定の一意の識別子セットを識別します。 / There are many sets  of identifiers.  To perform matching of two identifiers, we need to know what set we're dealing with. The system identifies a particular set of unique identifiers.","","","<valueUri xmlns=""http://hl7.org/fhir"" value=""http://jpfhir.jp/fhir/core/IdSystem/resourceInstance-identifier""/>","","","","",,,,,"",,,,"Identifier.system",0,1,"","ele-1:すべてのFHIR要素には、@valueまたは子供が必要です / All FHIR elements must have a @value or children {hasValue() or (children().count() > id.count())}
","II.root or Role.id.root","CX.4 / EI-2-4"
"MedicationDispense.identifier:requestIdentifier.value","MedicationDispense.identifier.value","","","",1,1,"","","Y","string {[]} {[]}
","一意の値 / The value that is unique","通常、識別子の部分はユーザーに関連し、システムのコンテキスト内で一意のユーザーに関連しています。 / The portion of the identifier typically relevant to the user and which is unique within the context of the system.","値が完全なURIの場合、システムはurn：ietf：rfc：3986でなければなりません。値の主な目的は、計算マッピングです。その結果、比較目的で正規化される可能性があります（例えば、有意でない白文字、ダッシュなどの削除）ヒューマンディスプレイ用の値は、[レンダリングされた値拡張]（拡張レンダリングValue.html）を使用して伝達できます。識別子。価値は、識別子の知識を使用しない限り、ケースに敏感なものとして扱われます。システムにより、プロセッサーは、非セイズに固有の処理が安全であると確信できます。 / If the value is a full URI, then the system SHALL be urn:ietf:rfc:3986.  The value's primary purpose is computational mapping.  As a result, it may be normalized for comparison purposes (e.g. removing non-significant whitespace, dashes, etc.)  A value formatted for human display can be conveyed using the [Rendered Value extension](http://hl7.org/fhir/R4/extension-rendered-value.html). Identifier.value is to be treated as case sensitive unless knowledge of the Identifier.system allows the processer to be confident that non-case-sensitive processing is safe.","","","","","","","","",,,,,"",,,,"Identifier.value",0,1,"","ele-1:すべてのFHIR要素には、@valueまたは子供が必要です / All FHIR elements must have a @value or children {hasValue() or (children().count() > id.count())}
","II.extension or II.root if system indicates OID or GUID (Or Role.id.extension or root)","CX.1 / EI.1"
"MedicationDispense.identifier:requestIdentifier.period","MedicationDispense.identifier.period","","","",0,1,"","","Y","Period {[]} {[]}
","IDが使用に有効だった時間期間 / Time period when id is/was valid for use","識別子が使用される/有効な期間。 / Time period during which identifier is/was valid for use.","","","","","","","","","",,,,,"",,,,"Identifier.period",0,1,"","ele-1:すべてのFHIR要素には、@valueまたは子供が必要です / All FHIR elements must have a @value or children {hasValue() or (children().count() > id.count())}
","Role.effectiveTime or implied by context","CX.7 + CX.8"
"MedicationDispense.identifier:requestIdentifier.assigner","MedicationDispense.identifier.assigner","","","",0,1,"","","Y","Reference {[]} {[CanonicalType[http://hl7.org/fhir/StructureDefinition/Organization]]}
","IDを発行した組織（単なるテキストである可能性があります） / Organization that issued id (may be just text)","識別子を発行/管理する組織。 / Organization that issued/manages the identifier.","識別子は、.reference要素を省略し、割り当て組織に関する名前またはその他のテキスト情報を反映した.display要素のみを含む場合があります。 / The Identifier.assigner may omit the .reference element and only contain a .display element reflecting the name or other textual information about the assigning organization.","","","","","","","","",,,,,"",,,,"Identifier.assigner",0,1,"","ele-1:すべてのFHIR要素には、@valueまたは子供が必要です / All FHIR elements must have a @value or children {hasValue() or (children().count() > id.count())}
","II.assigningAuthorityName but note that this is an improper use by the definition of the field.  Also Role.scoper","CX.4 / (CX.4,CX.9,CX.10)"
"MedicationDispense.partOf","MedicationDispense.partOf","","","",0,*,"","","","Reference {[]} {[CanonicalType[http://jpfhir.jp/fhir/core/StructureDefinition/JP_Procedure]]}
","親イベントへの参照","この調剤の契機となったProcedureリソースへの参照。","","","","","","","","","",,,,,"",,,,"MedicationDispense.partOf",0,*,"","ele-1:すべてのFHIR要素には、@valueまたは子供が必要です / All FHIR elements must have a @value or children {hasValue() or (children().count() > id.count())}
","Event.partOf",".outboundRelationship[typeCode=COMP]/target[classCode=PROC,moodCode=EVN]"
"MedicationDispense.status","MedicationDispense.status","","","",1,1,"","Y","Y","code {[]} {[]}
","preparation | in-progress | cancelled | on-hold | completed | entered-in-error | stopped | unknown 一連の調剤イベントの状態","一連の調剤イベントの状態を指定するコード。","この要素は、リソースを現在有効ではないとマークするコードが含まれているため、修飾子としてラベル付けされています。 / This element is labeled as a modifier because the status contains codes that mark the resource as not currently valid.","","","","","","","","",,"required","ディスペンスイベントの状態を指定するコード化された概念。 / A coded concept specifying the state of the dispense event.","http://hl7.org/fhir/ValueSet/medicationdispense-status|4.0.1","",,,,"MedicationDispense.status",1,1,"","ele-1:すべてのFHIR要素には、@valueまたは子供が必要です / All FHIR elements must have a @value or children {hasValue() or (children().count() > id.count())}
","Event.status",".statusCode","FiveWs.status","CombinedMedicationDispense.SupplyEvent.statusCode"
"MedicationDispense.statusReason[x]","MedicationDispense.statusReason[x]","","","",0,1,"","","","CodeableConcept {[]} {[]}
Reference {[]} {[CanonicalType[http://hl7.org/fhir/StructureDefinition/DetectedIssue]]}","調剤が実行されなかった理由","調剤が実行されなかった理由を示す。","","","","","","","","","",,"example","ディスペンスが実行されなかった理由を説明するコード。 / A code describing why a dispense was not performed.","http://hl7.org/fhir/ValueSet/medicationdispense-status-reason","",,,,"MedicationDispense.statusReason[x]",0,1,"","ele-1:すべてのFHIR要素には、@valueまたは子供が必要です / All FHIR elements must have a @value or children {hasValue() or (children().count() > id.count())}
","Event.statusReason",".outboundRelationship[typeCode=RSON]/target[classCode=OBS,moodCode=EVN, code=""not done reason""].value"
"MedicationDispense.category","MedicationDispense.category","","","",0,1,"","","","CodeableConcept {[]} {[]}
","調剤タイプ","投薬のタイプを示す（たとえば、薬剤が消費または投与されると予想される場所（つまり、入院患者または外来患者））。　入院、外来、退院、自宅など。","このカテゴリを使用して、薬が消費される場所または他の種類のディスペンスが予想される場所を含めることができます。不変剤を使用して、プロファイリングするときに異なる値セットにバインドできます。 / The category can be used to include where the medication is expected to be consumed or other types of dispenses.  Invariants can be used to bind to different value sets when profiling to bind.","","","","","","","","",,"preferred","分配された薬がどこで消費または投与されると予想されるコード。 / A code describing where the dispensed medication is expected to be consumed or administered.","http://hl7.org/fhir/ValueSet/medicationdispense-category","",,,,"MedicationDispense.category",0,1,"","ele-1:すべてのFHIR要素には、@valueまたは子供が必要です / All FHIR elements must have a @value or children {hasValue() or (children().count() > id.count())}
",".inboundRelationship[typeCode=COMP].source[classCode=OBS, moodCode=EVN, code=""type of medication dispense""].value"
"MedicationDispense.medication[x]","MedicationDispense.medication[x]","","","",1,1,"","","Y","CodeableConcept {[]} {[]}
Reference {[]} {[CanonicalType[http://hl7.org/fhir/StructureDefinition/Medication]]}","医薬品","投与された薬剤を識別する。既知の薬のリストから薬を識別するコード情報を設定する。","ひとつのtext要素と、複数のcoding 要素を記述できる。処方オーダ時に選択または入力し、実際に処方箋に印字される文字列を必ずtext要素に格納した上で、それをコード化した情報を1個以上のcoding 要素に記述する。  
厚生労働省標準であるHOT9コード（販社指定が不要な場合にはHOT7コード）または広く流通しているYJコードを用いるか、一般名処方の場合には厚生労働省保険局一般名処方マスタのコードを使用して、Coding要素（コードsystemを識別するURI、医薬品のコード、そのコード表における医薬品の名称の3つからなる）で記述する。  
なお、上記のいずれの標準的コードも付番されていない医薬品や医療材料の場合には、薬機法の下で使用されているGS1標準の識別コードであるGTIN(Global Trade Item Number)の調剤包装単位（最少包装単位、個別包装単位）14桁を使用する。  
ひとつの処方薬、医療材料を複数のコード体系のコードで記述してもよく、その場合にcoding 要素を繰り返して記述する。  
ただし、ひとつの処方薬を複数のコードで繰り返し記述する場合には、それらのコードが指し示す処方薬、医療材料は当然同一でなければならない。  
また、処方を発行した医療機関内でのデータ利用のために、医療機関固有コード体系によるコード（ハウスコード、ローカルコード）の記述を含めてもよいが、その場合でも上述したいずれかの標準コードを同時に記述することが必要である。","","","","","","","","",,"example","どの物質または製品を分配できるかを特定するコード化された概念。 / A coded concept identifying which substance or product can be dispensed.","http://hl7.org/fhir/ValueSet/medication-codes","",,,,"MedicationDispense.medication[x]",1,1,"","ele-1:すべてのFHIR要素には、@valueまたは子供が必要です / All FHIR elements must have a @value or children {hasValue() or (children().count() > id.count())}
","Event.code",".participation[typeCode=PRD].role","FiveWs.what[x]","CombinedMedicationRequest.component1.AdministrationRequest.consumable","RXD-2-Dispense/Give Code"
"MedicationDispense.subject","MedicationDispense.subject","","","",1,1,"","","Y","Reference {[]} {[CanonicalType[http://jpfhir.jp/fhir/core/StructureDefinition/JP_Patient]]}
","投与対象患者","投与を受ける患者","参照は、実際のFHIRリソースへの参照である必要があり、解決可能（内容に到達可能）である必要がある（アクセス制御、一時的な使用不可などを考慮に入れる）。解決は、URLから取得するか、リソースタイプによって該当する場合は、絶対参照を正規URLとして扱い、ローカルレジストリ/リポジトリで検索することによって行うことができる。","","","","","","","","",,,,,"",,,,"MedicationDispense.subject",0,1,"","ele-1:すべてのFHIR要素には、@valueまたは子供が必要です / All FHIR elements must have a @value or children {hasValue() or (children().count() > id.count())}
","Event.subject",".participation[typeCode=SBJ].role[classCode=PAT]","FiveWs.subject[x]","FiveWs.subject","PID-3-Patient ID List"
"MedicationDispense.context","MedicationDispense.context","","","",0,1,"","","","Reference {[]} {[CanonicalType[http://jpfhir.jp/fhir/core/StructureDefinition/JP_Encounter], CanonicalType[http://hl7.org/fhir/StructureDefinition/EpisodeOfCare]]}
","調剤ベントに関連するEncounterやエピソード","調剤ベントに関連するEncounterやエピソードへの参照。","参照は、実際のFHIRリソースへの参照である必要があり、解決可能（内容に到達可能）である必要がある（アクセス制御、一時的な使用不可などを考慮に入れる）。解決は、URLから取得するか、リソースタイプによって該当する場合は、絶対参照を正規URLとして扱い、ローカルレジストリ/リポジトリで検索することによって行うことができる。","","","","","","","","",,,,,"",,,,"MedicationDispense.context",0,1,"","ele-1:すべてのFHIR要素には、@valueまたは子供が必要です / All FHIR elements must have a @value or children {hasValue() or (children().count() > id.count())}
","Event.context",".inboundRelationship[typeCode=COMP].source[classCode=ENC, moodCode=EVN, code=""type of encounter or episode""]"
"MedicationDispense.supportingInformation","MedicationDispense.supportingInformation","","","",0,*,"","","","Reference {[]} {[CanonicalType[http://hl7.org/fhir/StructureDefinition/Resource]]}
","薬の調剤をサポートする情報","調剤される薬剤をサポートする追加情報への任意のリソースへの参照。","参照は、実際のFHIRリソースへの参照である必要があり、解決可能（内容に到達可能）である必要がある（アクセス制御、一時的な使用不可などを考慮に入れる）。解決は、URLから取得するか、リソースタイプによって該当する場合は、絶対参照を正規URLとして扱い、ローカルレジストリ/リポジトリで検索することによって行うことができる。","","","","","","","","",,,,,"",,,,"MedicationDispense.supportingInformation",0,*,"","ele-1:すべてのFHIR要素には、@valueまたは子供が必要です / All FHIR elements must have a @value or children {hasValue() or (children().count() > id.count())}
",".outboundRelationship[typeCode=PERT].target[A_SupportingClinicalStatement CMET minimal with many different choices of classCodes(ORG, ENC, PROC, SPLY, SBADM, OBS) and each of the act class codes draws from one or more of the following moodCodes (EVN, DEF, INT PRMS, RQO, PRP, APT, ARQ, GOL)]","FiveWs.context"
"MedicationDispense.performer","MedicationDispense.performer","","","",0,*,"","","","BackboneElement {[]} {[]}
","調剤を実施した人","調剤した人を示す","","","","","","","","","",,,,,"",,,,"MedicationDispense.performer",0,*,"","ele-1:すべてのFHIR要素には、@valueまたは子供が必要です / All FHIR elements must have a @value or children {hasValue() or (children().count() > id.count())}
","Event.performer",".participation[typeCode=PRF]"
"MedicationDispense.performer.id","MedicationDispense.performer.id","","","",0,1,"","","","string {[]} {[]}
","要素間参照のための一意のID / Unique id for inter-element referencing","リソース内の要素の一意のID（内部参照用）。これは、スペースを含まない文字列値である場合があります。 / Unique id for the element within a resource (for internal references). This may be any string value that does not contain spaces.","","","","","","","","","",,,,,"",,,,"Element.id",0,1,"","","n/a"
"MedicationDispense.performer.extension","MedicationDispense.performer.extension","","extensions
user content","",0,*,"","","","Extension {[]} {[]}
","実装で定義された追加のコンテンツ / Additional content defined by implementations","要素の基本的な定義の一部ではない追加情報を表すために使用できます。拡張機能を安全で管理しやすくするために、拡張機能の定義と使用に適用される厳格なガバナンスセットがあります。実装者は拡張機能を定義できますが、拡張機能の定義の一部として満たされる一連の要件があります。 / May be used to represent additional information that is not part of the basic definition of the element. To make the use of extensions safe and manageable, there is a strict set of governance  applied to the definition and use of extensions. Though any implementer can define an extension, there is a set of requirements that SHALL be met as part of the definition of the extension.","拡張機能を使用または定義する機関や管轄権に関係なく、アプリケーション、プロジェクト、または標準による拡張機能の使用に関連するスティグマはありません。拡張機能の使用は、FHIR仕様がすべての人にコアレベルのシンプルさを保持できるようにするものです。 / There can be no stigma associated with the use of extensions by any application, project, or standard - regardless of the institution or jurisdiction that uses or defines the extensions.  The use of extensions is what allows the FHIR specification to retain a core level of simplicity for everyone.","","","","","","","","",,,,,"",,,,"Element.extension",0,*,"","ele-1:すべてのFHIR要素には、@valueまたは子供が必要です / All FHIR elements must have a @value or children {hasValue() or (children().count() > id.count())}
ext-1:両方ではなく、拡張または値[x]が必要です / Must have either extensions or value[x], not both {extension.exists() != value.exists()}","n/a"
"MedicationDispense.performer.modifierExtension","MedicationDispense.performer.modifierExtension","","extensions
user contentmodifiers","",0,*,"","Y","Y","Extension {[]} {[]}
","認識されていなくても無視できない拡張機能 / Extensions that cannot be ignored even if unrecognized","要素の基本的な定義の一部ではなく、それが含まれている要素の理解、および/または含まれる要素の子孫の理解を変更するために使用される場合があります。通常、修飾子要素は否定または資格を提供します。拡張機能を安全で管理しやすくするために、拡張機能の定義と使用に適用される厳格なガバナンスセットがあります。実装者は拡張機能を定義できますが、拡張機能の定義の一部として満たされる一連の要件があります。アプリケーションの処理リソースは、修飾子拡張機能をチェックする必要があります。

モディファイア拡張は、リソースまたはdomainResource上の要素の意味を変更してはなりません（修飾軸自体の意味を変更することはできません）。 / May be used to represent additional information that is not part of the basic definition of the element and that modifies the understanding of the element in which it is contained and/or the understanding of the containing element's descendants. Usually modifier elements provide negation or qualification. To make the use of extensions safe and manageable, there is a strict set of governance applied to the definition and use of extensions. Though any implementer can define an extension, there is a set of requirements that SHALL be met as part of the definition of the extension. Applications processing a resource are required to check for modifier extensions.

Modifier extensions SHALL NOT change the meaning of any elements on Resource or DomainResource (including cannot change the meaning of modifierExtension itself).","拡張機能を使用または定義する機関や管轄権に関係なく、アプリケーション、プロジェクト、または標準による拡張機能の使用に関連するスティグマはありません。拡張機能の使用は、FHIR仕様がすべての人にコアレベルのシンプルさを保持できるようにするものです。 / There can be no stigma associated with the use of extensions by any application, project, or standard - regardless of the institution or jurisdiction that uses or defines the extensions.  The use of extensions is what allows the FHIR specification to retain a core level of simplicity for everyone.","修飾子拡張機能により、安全に無視できる大部分の拡張機能と明確に区別できるように、安全に無視できない拡張機能が可能になります。これにより、実装者が拡張の存在を禁止する必要性を排除することにより、相互運用性が促進されます。詳細については、[修飾子拡張の定義]（拡張性.html＃modifierextension）を参照してください。 / Modifier extensions allow for extensions that *cannot* be safely ignored to be clearly distinguished from the vast majority of extensions which can be safely ignored.  This promotes interoperability by eliminating the need for implementers to prohibit the presence of extensions. For further information, see the [definition of modifier extensions](http://hl7.org/fhir/R4/extensibility.html#modifierExtension).","","","","","","","",,,,,"",,,,"BackboneElement.modifierExtension",0,*,"","ele-1:すべてのFHIR要素には、@valueまたは子供が必要です / All FHIR elements must have a @value or children {hasValue() or (children().count() > id.count())}
ext-1:両方ではなく、拡張または値[x]が必要です / Must have either extensions or value[x], not both {extension.exists() != value.exists()}","N/A"
"MedicationDispense.performer.function","MedicationDispense.performer.function","","","",0,1,"","","","CodeableConcept {[]} {[]}
","誰がディスペンスを実行し、彼らがしたことを実行しました / Who performed the dispense and what they did","ディスペンスのパフォーマーのタイプを区別します。たとえば、Date Enterer、Packager、Final Checker。 / Distinguishes the type of performer in the dispense.  For example, date enterer, packager, final checker.","","さまざまなパフォーマーの関与の種類の曖昧性を乱すことができます。 / Allows disambiguation of the types of involvement of different performers.","","","","","","","",,"example","個人が薬物療法を調剤する上で果たした役割を説明するコード。 / A code describing the role an individual played in dispensing a medication.","http://hl7.org/fhir/ValueSet/medicationdispense-performer-function","",,,,"MedicationDispense.performer.function",0,1,"","ele-1:すべてのFHIR要素には、@valueまたは子供が必要です / All FHIR elements must have a @value or children {hasValue() or (children().count() > id.count())}
","participation[typeCode=PRF].functionCode"
"MedicationDispense.performer.actor","MedicationDispense.performer.actor","","","",1,1,"","","","Reference {[]} {[CanonicalType[http://jpfhir.jp/fhir/core/StructureDefinition/JP_Practitioner], CanonicalType[http://jpfhir.jp/fhir/core/StructureDefinition/JP_PractitionerRole], CanonicalType[http://jpfhir.jp/fhir/core/StructureDefinition/JP_Organization], CanonicalType[http://jpfhir.jp/fhir/core/StructureDefinition/JP_Patient], CanonicalType[http://hl7.org/fhir/StructureDefinition/Device], CanonicalType[http://hl7.org/fhir/StructureDefinition/RelatedPerson]]}
","演奏していた個人 / Individual who was performing","アクションを実行したデバイス、開業医など。俳優は薬のディスペンサーであると想定されるべきです。 / The device, practitioner, etc. who performed the action.  It should be assumed that the actor is the dispenser of the medication.","","","","","","","","","",,,,,"",,,,"MedicationDispense.performer.actor",1,1,"","ele-1:すべてのFHIR要素には、@valueまたは子供が必要です / All FHIR elements must have a @value or children {hasValue() or (children().count() > id.count())}
","Event.performer.actor",".role"
"MedicationDispense.location","MedicationDispense.location","","","",0,1,"","","","Reference {[]} {[CanonicalType[http://jpfhir.jp/fhir/core/StructureDefinition/JP_Location]]}
","調剤実施場所","調剤が実施された場所を示すLocationリソースへの参照。","参照は、実際のFHIRリソースへの参照である必要があり、解決可能（内容に到達可能）である必要がある（アクセス制御、一時的な使用不可などを考慮に入れる）。解決は、URLから取得するか、リソースタイプによって該当する場合は、絶対参照を正規URLとして扱い、ローカルレジストリ/リポジトリで検索することによって行うことができる。","","","","","","","","",,,,,"",,,,"MedicationDispense.location",0,1,"","ele-1:すべてのFHIR要素には、@valueまたは子供が必要です / All FHIR elements must have a @value or children {hasValue() or (children().count() > id.count())}
",".participation[typeCode=LOC].role"
"MedicationDispense.authorizingPrescription","MedicationDispense.authorizingPrescription","","","",0,*,"","","","Reference {[]} {[CanonicalType[http://hl7.org/fhir/StructureDefinition/MedicationRequest]]}
","調剤を正当化する元の処方オーダ","調剤の元になった処方オーダを表すMedicationRequestリソースへの参照。","イベント論理モデルのベースンへのマップ。 / Maps to basedOn in Event logical model.","","","","","","","","",,,,,"",,,,"MedicationDispense.authorizingPrescription",0,*,"","ele-1:すべてのFHIR要素には、@valueまたは子供が必要です / All FHIR elements must have a @value or children {hasValue() or (children().count() > id.count())}
","Event.basedOn",".outboundRelationship[typeCode=FLFS].target[moodCode=RQO]","CombinedMedicationDispense.inFulfillmentOf","ORC-2 Placer Order Number"
"MedicationDispense.type","MedicationDispense.type","","","",0,1,"","","","CodeableConcept {[]} {[]}
","実行される調剤イベント","実行される調剤イベントのタイプを示す。たとえば、トライアルフィル、トライアルの完了、部分フィル、緊急フィル、サンプルなどである。","すべてのターミノロジの使用がこの一般的なパターンに適合するわけではない。場合によっては、モデルはCodeableConceptを使用せず、コーディングを直接使用して、テキスト、コーディング、翻訳、および要素間の関係とpre-coordinationとpost-coordinationの用語関係を管理するための独自の構造を提供する必要がある。","","","","","","","","",,"example","実行される分配イベントのタイプを示します。たとえば、試行充填、試行の完了、部分充填、緊急充填、サンプルなど。 / Indicates the type of dispensing event that is performed. For example, Trial Fill, Completion of Trial, Partial Fill, Emergency Fill, Samples, etc.","http://terminology.hl7.org/ValueSet/v3-ActPharmacySupplyType","",,,,"MedicationDispense.type",0,1,"","ele-1:すべてのFHIR要素には、@valueまたは子供が必要です / All FHIR elements must have a @value or children {hasValue() or (children().count() > id.count())}
",".code","CombinedMedicationDispense.SupplyEvent.code","RXD-33-Dispense Type"
"MedicationDispense.quantity","MedicationDispense.quantity","","","",1,1,"","","","Quantity {[CanonicalType[http://jpfhir.jp/fhir/core/StructureDefinition/JP_MedicationSimpleQuantity]]} {[]}
","払い出される薬剤の量","調剤総量。  
JP Coreでは必須  
払い出される薬剤の量。計測単位を含む。","使用状況によって、これがどのような量であるか、したがってどのような単位を使用できるかが定義される場合がかなりある。使用状況によっては、比較演算子の値も制限される場合がある。","","","","","","","","",,,,,"",,,,"MedicationDispense.quantity",0,1,"ele-1
","ele-1:すべてのFHIR要素には、@valueまたは子供が必要です / All FHIR elements must have a @value or children {hasValue() or (children().count() > id.count())}
qty-3:ユニットのコードが存在する場合、システムも存在するものとします / If a code for the unit is present, the system SHALL also be present {code.empty() or system.exists()}sqty-1:コンパレータは、単純なQuantityで使用されません / The comparator is not used on a SimpleQuantity {comparator.empty()}","n/a","PQ, IVL<PQ>, MO, CO, depending on the values","SN (see also Range) or CQ"
"MedicationDispense.daysSupply","MedicationDispense.daysSupply","","","",0,1,"","","","Quantity {[CanonicalType[http://jpfhir.jp/fhir/core/StructureDefinition/JP_MedicationSimpleQuantity]]} {[]}
","タイミングとして表される投薬量","タイミングとして表される投薬量。すなわち、XX日分、XX回分などの数量。","使用状況によって、これがどのような量であるか、したがってどのような単位を使用できるかが定義される場合がかなりある。使用状況によっては、比較演算子の値も制限される場合がある。","","","","","","","","",,,,,"",,,,"MedicationDispense.daysSupply",0,1,"ele-1
","ele-1:すべてのFHIR要素には、@valueまたは子供が必要です / All FHIR elements must have a @value or children {hasValue() or (children().count() > id.count())}
qty-3:ユニットのコードが存在する場合、システムも存在するものとします / If a code for the unit is present, the system SHALL also be present {code.empty() or system.exists()}sqty-1:コンパレータは、単純なQuantityで使用されません / The comparator is not used on a SimpleQuantity {comparator.empty()}","n/a","PQ, IVL<PQ>, MO, CO, depending on the values","SN (see also Range) or CQ"
"MedicationDispense.whenPrepared","MedicationDispense.whenPrepared","","","",0,1,"","","Y","dateTime {[]} {[]}
","調剤がパッケージ化され、レビューされた日時","調剤がパッケージ化され、レビューされた日時","","","","","","","","","",,,,,"",,,,"MedicationDispense.whenPrepared",0,1,"","ele-1:すべてのFHIR要素には、@valueまたは子供が必要です / All FHIR elements must have a @value or children {hasValue() or (children().count() > id.count())}
",".effectiveTime[xmi:type=IVL_TS].low","CombinedMedicationDispense.SupplyEvent.effectiveTime","RXD-3-Date/Time Dispensed"
"MedicationDispense.whenHandedOver","MedicationDispense.whenHandedOver","","","",1,1,"","","","dateTime {[]} {[]}
","払い出された日時","必須。  
患者あるいはその代理人に払い出される薬剤が提供された日時。","","","","","","","","","",,,,,"",,,,"MedicationDispense.whenHandedOver",0,1,"","ele-1:すべてのFHIR要素には、@valueまたは子供が必要です / All FHIR elements must have a @value or children {hasValue() or (children().count() > id.count())}
","Event.occurrence[x]",".effectiveTime[xmi:type=IVL_TS].high","CombinedMedicationDispense.SupplyEvent.effectiveTime","RXD-3-Date/Time Dispensed"
"MedicationDispense.destination","MedicationDispense.destination","","","",0,1,"","","","Reference {[]} {[CanonicalType[http://jpfhir.jp/fhir/core/StructureDefinition/JP_Location]]}
","薬が送られた場所","調剤イベントの一環として、薬剤が出荷された行先先の施設/場所のLocationリソースへの参照。","参照は、実際のFHIRリソースへの参照である必要があり、解決可能（内容に到達可能）である必要がある（アクセス制御、一時的な使用不可などを考慮に入れる）。解決は、URLから取得するか、リソースタイプによって該当する場合は、絶対参照を正規URLとして扱い、ローカルレジストリ/リポジトリで検索することによって行うことができる。","","","","","","","","",,,,,"",,,,"MedicationDispense.destination",0,1,"","ele-1:すべてのFHIR要素には、@valueまたは子供が必要です / All FHIR elements must have a @value or children {hasValue() or (children().count() > id.count())}
",".participation[typeCode=DST].role","CombinedMedicationDispense.SupplyEvent.destination","RXD-13 Dispense-to Location; RXD-30 Dispense to Pharmacy; RXD-31 Dispense to Pharmacy Address"
"MedicationDispense.receiver","MedicationDispense.receiver","","","",0,*,"","","","Reference {[]} {[CanonicalType[http://jpfhir.jp/fhir/core/StructureDefinition/JP_Patient], CanonicalType[http://jpfhir.jp/fhir/core/StructureDefinition/JP_Practitioner]]}
","薬を受け取った人","薬を受け取った人を識別する。これは通常、患者またはその介護者だが、医療専門家になる場合もある。","参照は、実際のFHIRリソースへの参照である必要があり、解決可能（内容に到達可能）である必要がある（アクセス制御、一時的な使用不可などを考慮に入れる）。解決は、URLから取得するか、リソースタイプによって該当する場合は、絶対参照を正規URLとして扱い、ローカルレジストリ/リポジトリで検索することによって行うことができる。","","","","","","","","",,,,,"",,,,"MedicationDispense.receiver",0,*,"","ele-1:すべてのFHIR要素には、@valueまたは子供が必要です / All FHIR elements must have a @value or children {hasValue() or (children().count() > id.count())}
",".participation[typeCode=RCV].role","CombinedMedicationDispense.SupplyEvent.receiver"
"MedicationDispense.note","MedicationDispense.note","","","",0,*,"","","","Annotation {[]} {[]}
","調剤に関する備考","他の要素では伝達できなかった調剤に関する追加情報。","構造化された注釈（アノテーション）を持たないシステムの場合、作成者や時間なしで単一の注釈を簡単に伝達できる。情報を変更する可能性があるため、この要素をナラティブに含める必要がある場合がある。  
*注釈は、計算機処理れきる「変更」情報を伝達するために使用されるべきではない*。 （ユーザの行動を強制することはほとんど不可能であるため、これはSHOULDとする）。","","","","","","","","",,,,,"",,,,"MedicationDispense.note",0,*,"","ele-1:すべてのFHIR要素には、@valueまたは子供が必要です / All FHIR elements must have a @value or children {hasValue() or (children().count() > id.count())}
","Event.note",".inboundRelationship[typeCode=SUBJ]/source[classCode=ACT,moodCode=EVN]","RXD-9 Dispense Notes"
"MedicationDispense.dosageInstruction","MedicationDispense.dosageInstruction","","","",0,*,"","","","Dosage {[CanonicalType[http://jpfhir.jp/fhir/core/StructureDefinition/JP_MedicationDosageBase]]} {[]}
","薬の服用方法・服用した方法、または服用すべき方法","薬の服用方法・服用した方法、または服用すべき方法","投与または速度が行政期間全体で変化することを目的としている場合（例：用量処方の先細り）、さまざまな用量/レートを伝えるために投与量の指示の複数のインスタンスを提供する必要があります。薬剤師は、分配されている実際の製品に基づいて、投与量を分配し、更新する前に投薬順序をレビューします。 / When the dose or rate is intended to change over the entire administration period (e.g. Tapering dose prescriptions), multiple instances of dosage instructions will need to be supplied to convey the different doses/rates.The pharmacist reviews the medication order prior to dispense and updates the dosageInstruction based on the actual product being dispensed.","","","","","","","","",,,,,"",,,,"MedicationDispense.dosageInstruction",0,*,"","ele-1:すべてのFHIR要素には、@valueまたは子供が必要です / All FHIR elements must have a @value or children {hasValue() or (children().count() > id.count())}
","n/a",".outboundRelationship[typeCode=COMP].target[classCode=SBADM, moodCode=INT]"
"MedicationDispense.substitution","MedicationDispense.substitution","","","",0,1,"","","","BackboneElement {[]} {[]}
","調剤の一部として置換が行われたかどうかを示す。場合によっては、置換が期待されるが発生しない場合もあれば、置換が予期されないが発生する場合もある。このブロックは、置換が行われたか行われなかったか、およびその理由を説明する。何も指定されていない場合、置換は行われていない。","代替が分配の一部として行われたかどうかを示します。場合によっては、代替が予想されますが、発生しませんが、他の場合には置換は予想されませんが、発生します。このブロックは、代替が何が起こったのか、起こらなかったのか、そしてその理由を説明しています。何も指定されていない場合、置換は行われませんでした。 / Indicates whether or not substitution was made as part of the dispense.  In some cases, substitution will be expected but does not happen, in other cases substitution is not expected but does happen.  This block explains what substitution did or did not happen and why.  If nothing is specified, substitution was not done.","","","","","","","","","",,,,,"",,,,"MedicationDispense.substitution",0,1,"","ele-1:すべてのFHIR要素には、@valueまたは子供が必要です / All FHIR elements must have a @value or children {hasValue() or (children().count() > id.count())}
",".outboundRelationship[typeCode=COMP].target[classCode=SUBST, moodCode=EVN]","CombinedMedicationDispense.substitutionMade"
"MedicationDispense.substitution.id","MedicationDispense.substitution.id","","","",0,1,"","","","string {[]} {[]}
","要素間参照のための一意のID / Unique id for inter-element referencing","リソース内の要素の一意のID（内部参照用）。これは、スペースを含まない文字列値である場合があります。 / Unique id for the element within a resource (for internal references). This may be any string value that does not contain spaces.","","","","","","","","","",,,,,"",,,,"Element.id",0,1,"","","n/a"
"MedicationDispense.substitution.extension","MedicationDispense.substitution.extension","","extensions
user content","",0,*,"","","","Extension {[]} {[]}
","実装で定義された追加のコンテンツ / Additional content defined by implementations","要素の基本的な定義の一部ではない追加情報を表すために使用できます。拡張機能を安全で管理しやすくするために、拡張機能の定義と使用に適用される厳格なガバナンスセットがあります。実装者は拡張機能を定義できますが、拡張機能の定義の一部として満たされる一連の要件があります。 / May be used to represent additional information that is not part of the basic definition of the element. To make the use of extensions safe and manageable, there is a strict set of governance  applied to the definition and use of extensions. Though any implementer can define an extension, there is a set of requirements that SHALL be met as part of the definition of the extension.","拡張機能を使用または定義する機関や管轄権に関係なく、アプリケーション、プロジェクト、または標準による拡張機能の使用に関連するスティグマはありません。拡張機能の使用は、FHIR仕様がすべての人にコアレベルのシンプルさを保持できるようにするものです。 / There can be no stigma associated with the use of extensions by any application, project, or standard - regardless of the institution or jurisdiction that uses or defines the extensions.  The use of extensions is what allows the FHIR specification to retain a core level of simplicity for everyone.","","","","","","","","",,,,,"",,,,"Element.extension",0,*,"","ele-1:すべてのFHIR要素には、@valueまたは子供が必要です / All FHIR elements must have a @value or children {hasValue() or (children().count() > id.count())}
ext-1:両方ではなく、拡張または値[x]が必要です / Must have either extensions or value[x], not both {extension.exists() != value.exists()}","n/a"
"MedicationDispense.substitution.modifierExtension","MedicationDispense.substitution.modifierExtension","","extensions
user contentmodifiers","",0,*,"","Y","Y","Extension {[]} {[]}
","認識されていなくても無視できない拡張機能 / Extensions that cannot be ignored even if unrecognized","要素の基本的な定義の一部ではなく、それが含まれている要素の理解、および/または含まれる要素の子孫の理解を変更するために使用される場合があります。通常、修飾子要素は否定または資格を提供します。拡張機能を安全で管理しやすくするために、拡張機能の定義と使用に適用される厳格なガバナンスセットがあります。実装者は拡張機能を定義できますが、拡張機能の定義の一部として満たされる一連の要件があります。アプリケーションの処理リソースは、修飾子拡張機能をチェックする必要があります。

モディファイア拡張は、リソースまたはdomainResource上の要素の意味を変更してはなりません（修飾軸自体の意味を変更することはできません）。 / May be used to represent additional information that is not part of the basic definition of the element and that modifies the understanding of the element in which it is contained and/or the understanding of the containing element's descendants. Usually modifier elements provide negation or qualification. To make the use of extensions safe and manageable, there is a strict set of governance applied to the definition and use of extensions. Though any implementer can define an extension, there is a set of requirements that SHALL be met as part of the definition of the extension. Applications processing a resource are required to check for modifier extensions.

Modifier extensions SHALL NOT change the meaning of any elements on Resource or DomainResource (including cannot change the meaning of modifierExtension itself).","拡張機能を使用または定義する機関や管轄権に関係なく、アプリケーション、プロジェクト、または標準による拡張機能の使用に関連するスティグマはありません。拡張機能の使用は、FHIR仕様がすべての人にコアレベルのシンプルさを保持できるようにするものです。 / There can be no stigma associated with the use of extensions by any application, project, or standard - regardless of the institution or jurisdiction that uses or defines the extensions.  The use of extensions is what allows the FHIR specification to retain a core level of simplicity for everyone.","修飾子拡張機能により、安全に無視できる大部分の拡張機能と明確に区別できるように、安全に無視できない拡張機能が可能になります。これにより、実装者が拡張の存在を禁止する必要性を排除することにより、相互運用性が促進されます。詳細については、[修飾子拡張の定義]（拡張性.html＃modifierextension）を参照してください。 / Modifier extensions allow for extensions that *cannot* be safely ignored to be clearly distinguished from the vast majority of extensions which can be safely ignored.  This promotes interoperability by eliminating the need for implementers to prohibit the presence of extensions. For further information, see the [definition of modifier extensions](http://hl7.org/fhir/R4/extensibility.html#modifierExtension).","","","","","","","",,,,,"",,,,"BackboneElement.modifierExtension",0,*,"","ele-1:すべてのFHIR要素には、@valueまたは子供が必要です / All FHIR elements must have a @value or children {hasValue() or (children().count() > id.count())}
ext-1:両方ではなく、拡張または値[x]が必要です / Must have either extensions or value[x], not both {extension.exists() != value.exists()}","N/A"
"MedicationDispense.substitution.wasSubstituted","MedicationDispense.substitution.wasSubstituted","","","",1,1,"","","","boolean {[]} {[]}
","調剤で置換が実行されたか、あるいはされていないかを'true'または'false'で表す","処方されたものとは異なる薬剤または製品を調剤した場合に、'true'を設定する。","","","","","","","","","",,,,,"",,,,"MedicationDispense.substitution.wasSubstituted",1,1,"","ele-1:すべてのFHIR要素には、@valueまたは子供が必要です / All FHIR elements must have a @value or children {hasValue() or (children().count() > id.count())}
",".actionNegationInd"
"MedicationDispense.substitution.type","MedicationDispense.substitution.type","","","",0,1,"","","","CodeableConcept {[]} {[]}
","処方されたものとは異なる薬が調剤されたかどうかを示すコード","処方されたものとは異なる薬が調剤されたかどうかを示すコード。  
HL7 v3 Value Set ActSubstanceAdminSubstitutionCode　から以下のコードが使用できる。  
E  : 別の生物学的同等および治療的に同等の製品で置換が行われたか、許可された。  
EC : 代替品が発生したか、次のような別の製品で許可されている：同じ有効成分を含むが異なる塩で処方された代替医薬品、同じ有効成分を持つエステル医薬品同等物、強度、剤形、投与経路。  
BC : 代替が発生したか、同等のブランド間で許可されてるが、ジェネリックでは許可されない。  
G  : 代替が発生したか、同等のジェネリック間で許可されているが、ブランド間では許可されない。  
TE : 同じ治療目的と安全性プロファイルを持つ別の製品で代替が発生したか、許可された。  
TB : ジェネリック医薬品ではなく、治療的に同等のブランド間で代替品が発生したか、許可されている  
TG : 治療的に同等のジェネリック間で置換が発生したか、許可されているが、ブランドは許可されない。  
F  : 処方ガイドラインに準拠。  
N  : 置換は発生しなかったか、許可されていない。","","","","","","","","","",,"example","処方箋で正確に指定されているように、製品以外に異なる薬物が分配されるかどうかを説明するコード化された概念。 / A coded concept describing whether a different medicinal product may be dispensed other than the product as specified exactly in the prescription.","http://terminology.hl7.org/ValueSet/v3-ActSubstanceAdminSubstitutionCode","",,,,"MedicationDispense.substitution.type",0,1,"","ele-1:すべてのFHIR要素には、@valueまたは子供が必要です / All FHIR elements must have a @value or children {hasValue() or (children().count() > id.count())}
",".code","CombinedMedicationDispense.substitutionMade.code","RXO-9-Allow Substitutions / RXE-9-Substitution Status"
"MedicationDispense.substitution.reason","MedicationDispense.substitution.reason","","","",0,*,"","","","CodeableConcept {[]} {[]}
","置換が実施された理由","治療継続性確保のため、FP:処方方針、 OS: 在庫欠品、  RR:代替えを義務付けまたは禁止する規制要件に従った","","","","","","","","","",,"example","別の薬物療法が処方されたものから置き換える（またはすべきではない）理由を説明するコード化された概念。 / A coded concept describing the reason that a different medication should (or should not) be substituted from what was prescribed.","http://terminology.hl7.org/ValueSet/v3-SubstanceAdminSubstitutionReason","",,,,"MedicationDispense.substitution.reason",0,*,"","ele-1:すべてのFHIR要素には、@valueまたは子供が必要です / All FHIR elements must have a @value or children {hasValue() or (children().count() > id.count())}
",".reasonCode","CombinedMedicationDispense.substitutionMade.reasonCode"
"MedicationDispense.substitution.responsibleParty","MedicationDispense.substitution.responsibleParty","","","",0,*,"","","","Reference {[]} {[CanonicalType[http://jpfhir.jp/fhir/core/StructureDefinition/JP_Practitioner], CanonicalType[http://jpfhir.jp/fhir/core/StructureDefinition/JP_PractitionerRole]]}
","置換責任者","置換の主な責任を負う個人または組織。Practitioner   PractitionerRole リソースへの参照。","参照は、実際のFHIRリソースへの参照である必要があり、解決可能（内容に到達可能）である必要がある（アクセス制御、一時的な使用不可などを考慮に入れる）。解決は、URLから取得するか、リソースタイプによって該当する場合は、絶対参照を正規URLとして扱い、ローカルレジストリ/リポジトリで検索することによって行うことができる。","","","","","","","","",,,,,"",,,,"MedicationDispense.substitution.responsibleParty",0,*,"","ele-1:すべてのFHIR要素には、@valueまたは子供が必要です / All FHIR elements must have a @value or children {hasValue() or (children().count() > id.count())}
",".participation[typeCode=PFM].role[classCode=ASSIGN]","CombinedMedicationDispense.substitutionMade.ResponsibleParty"
"MedicationDispense.detectedIssue","MedicationDispense.detectedIssue","","Contraindication
Drug Utilization Review (DUR)Alert","",0,*,"","","","Reference {[]} {[CanonicalType[http://hl7.org/fhir/StructureDefinition/DetectedIssue]]}
","アクションを伴う臨床的問題","患者に対する1つまたは複数のアクティブまたは提案された臨床アクションを伴う、またはそれらの間の実際のまたは潜在的な臨床問題を示す。例えば薬物間相互作用、重複治療、投与量アラートなど。  
DetectedIssue リソースへの参照。","この要素には、意思決定支援システムまたは臨床医によって特定された検出された問題を含めることができ、問題に対処するために取られた手順に関する情報を含めることができます。 / This element can include a detected issue that has been identified either by a decision support system or by a clinician and may include information on the steps that were taken to address the issue.","","","","","","","","",,,,,"",,,,"MedicationDispense.detectedIssue",0,*,"","ele-1:すべてのFHIR要素には、@valueまたは子供が必要です / All FHIR elements must have a @value or children {hasValue() or (children().count() > id.count())}
",".inboundRelationship[typeCode=SUBJ]/source[classCode=ALRT,moodCode=EVN].value"
"MedicationDispense.eventHistory","MedicationDispense.eventHistory","","","",0,*,"","","","Reference {[]} {[CanonicalType[http://hl7.org/fhir/StructureDefinition/Provenance]]}
","関連するライフサイクルイベントのリスト","調剤が確認されたときなど、発生した対象のイベントのサマリー。","これには、リクエストのすべてのバージョンの出所が含まれない場合があります。「関連性がある」または重要とみなされるもののみです。これには、この現在のバージョンのリソースに関連する出所を含めてはなりません。（その出所が「関連性のある」変更と見なされる場合、後の更新の一部として追加する必要があります。それまで、_revincludeを使用してこのバージョンを指す出所として直接照会することができます。この要求の歴史的バージョンは、彼らの主題として。）。 / This might not include provenances for all versions of the request – only those deemed “relevant” or important. This SHALL NOT include the Provenance associated with this current version of the resource. (If that provenance is deemed to be a “relevant” change, it will need to be added as part of a later update. Until then, it can be queried directly as the Provenance that points to this version using _revinclude All Provenances should have some historical version of this Request as their subject.).","","","","","","","","",,,,,"",,,,"MedicationDispense.eventHistory",0,*,"","ele-1:すべてのFHIR要素には、@valueまたは子供が必要です / All FHIR elements must have a @value or children {hasValue() or (children().count() > id.count())}
",".inboundRelationship(typeCode=SUBJ].source[classCode=CACT, moodCode=EVN]"
