{"resourceType":"CodeSystem","id":"jp-observation-physicalexam-bodysite-cs","text":{"status":"generated","div":"<div xmlns=\"http://www.w3.org/1999/xhtml\"><p>This code system <code>http://jpfhir.jp/fhir/Common/CodeSystem/JP_ObservationPhysicalExamBodySite_CS</code> defines some example codes:</p><table class=\"codes\"><tr><td style=\"white-space:nowrap\"><b>Code</b></td><td><b>Display</b></td></tr><tr><td style=\"white-space:nowrap\">example<a name=\"jp-observation-physicalexam-bodysite-cs-example\"> </a></td><td>下腹部</td></tr></table></div>"},"url":"http://jpfhir.jp/fhir/Common/CodeSystem/JP_ObservationPhysicalExamBodySite_CS","version":"1.1.0a","name":"JP_ObservationPhysicalExamBodySite_CS","title":"JP Core Observation PhysicalExam BodySite CodeSystem","status":"draft","date":"2022-09-16T02:51:37+00:00","publisher":"FHIR Japanese implementation research working group in Japan Association of Medical Informatics (JAMI)","contact":[{"name":"FHIR Japanese implementation research working group in Japan Association of Medical Informatics (JAMI)","telecom":[{"system":"url","value":"http://jpfhir.jp"},{"system":"email","value":"office@hlfhir.jp"}]}],"description":"Observation（身体所見）で使用する身体部位のコード。J_ANAT（作成中）の使用を想定","jurisdiction":[{"coding":[{"system":"urn:iso:std:iso:3166","code":"JP"}]}],"copyright":"FHIR Japanese implementation research working group in Japan Association of Medical Informatics (JAMI)","caseSensitive":true,"valueSet":"http://jpfhir.jp/fhir/Common/ValueSet/JP_ObservationPhysicalExamBodySite_VS","content":"example","concept":[{"code":"example","display":"下腹部"}]}