{"resourceType":"CodeSystem","id":"jp-medication-route-hl70162-cs","text":{"status":"generated","div":"<div xmlns=\"http://www.w3.org/1999/xhtml\"><p>This code system http://jpfhir.jp/fhir/Common/CodeSystem/route-codes defines the following codes:</p><table class=\"codes\"><tr><td style=\"white-space:nowrap\"><b>Code</b></td><td><b>Display</b></td></tr><tr><td style=\"white-space:nowrap\">AP<a name=\"jp-medication-route-hl70162-cs-AP\"> </a></td><td>外用</td></tr><tr><td style=\"white-space:nowrap\">B<a name=\"jp-medication-route-hl70162-cs-B\"> </a></td><td>頬</td></tr><tr><td style=\"white-space:nowrap\">DT<a name=\"jp-medication-route-hl70162-cs-DT\"> </a></td><td>歯</td></tr><tr><td style=\"white-space:nowrap\">EP<a name=\"jp-medication-route-hl70162-cs-EP\"> </a></td><td>硬膜外</td></tr><tr><td style=\"white-space:nowrap\">ET<a name=\"jp-medication-route-hl70162-cs-ET\"> </a></td><td>気管内チューブ</td></tr><tr><td style=\"white-space:nowrap\">GTT<a name=\"jp-medication-route-hl70162-cs-GTT\"> </a></td><td>消化器官</td></tr><tr><td style=\"white-space:nowrap\">GU<a name=\"jp-medication-route-hl70162-cs-GU\"> </a></td><td>GU洗浄</td></tr><tr><td style=\"white-space:nowrap\">IMR<a name=\"jp-medication-route-hl70162-cs-IMR\"> </a></td><td>浸透</td></tr><tr><td style=\"white-space:nowrap\">IA<a name=\"jp-medication-route-hl70162-cs-IA\"> </a></td><td>動脈内</td></tr><tr><td style=\"white-space:nowrap\">IB<a name=\"jp-medication-route-hl70162-cs-IB\"> </a></td><td>滑液包内</td></tr><tr><td style=\"white-space:nowrap\">IC<a name=\"jp-medication-route-hl70162-cs-IC\"> </a></td><td>心臓内</td></tr><tr><td style=\"white-space:nowrap\">ICV<a name=\"jp-medication-route-hl70162-cs-ICV\"> </a></td><td>子宮</td></tr><tr><td style=\"white-space:nowrap\">ID<a name=\"jp-medication-route-hl70162-cs-ID\"> </a></td><td>皮膚内</td></tr><tr><td style=\"white-space:nowrap\">IH<a name=\"jp-medication-route-hl70162-cs-IH\"> </a></td><td>吸入</td></tr><tr><td style=\"white-space:nowrap\">IHA<a name=\"jp-medication-route-hl70162-cs-IHA\"> </a></td><td>肝内動脈</td></tr><tr><td style=\"white-space:nowrap\">IM<a name=\"jp-medication-route-hl70162-cs-IM\"> </a></td><td>筋肉内</td></tr><tr><td style=\"white-space:nowrap\">IN<a name=\"jp-medication-route-hl70162-cs-IN\"> </a></td><td>鼻腔内</td></tr><tr><td style=\"white-space:nowrap\">IO<a name=\"jp-medication-route-hl70162-cs-IO\"> </a></td><td>眼内</td></tr><tr><td style=\"white-space:nowrap\">IP<a name=\"jp-medication-route-hl70162-cs-IP\"> </a></td><td>腹腔内</td></tr><tr><td style=\"white-space:nowrap\">IS<a name=\"jp-medication-route-hl70162-cs-IS\"> </a></td><td>滑液包内</td></tr><tr><td style=\"white-space:nowrap\">IT<a name=\"jp-medication-route-hl70162-cs-IT\"> </a></td><td>鞘内</td></tr><tr><td style=\"white-space:nowrap\">IU<a name=\"jp-medication-route-hl70162-cs-IU\"> </a></td><td>子宮内</td></tr><tr><td style=\"white-space:nowrap\">IV<a name=\"jp-medication-route-hl70162-cs-IV\"> </a></td><td>静脈内</td></tr><tr><td style=\"white-space:nowrap\">MTH<a name=\"jp-medication-route-hl70162-cs-MTH\"> </a></td><td>口／喉</td></tr><tr><td style=\"white-space:nowrap\">MM<a name=\"jp-medication-route-hl70162-cs-MM\"> </a></td><td>粘膜</td></tr><tr><td style=\"white-space:nowrap\">NS<a name=\"jp-medication-route-hl70162-cs-NS\"> </a></td><td>鼻側</td></tr><tr><td style=\"white-space:nowrap\">NG<a name=\"jp-medication-route-hl70162-cs-NG\"> </a></td><td>経口径内腔</td></tr><tr><td style=\"white-space:nowrap\">NP<a name=\"jp-medication-route-hl70162-cs-NP\"> </a></td><td>鼻のプロング</td></tr><tr><td style=\"white-space:nowrap\">NT<a name=\"jp-medication-route-hl70162-cs-NT\"> </a></td><td>鼻気管内チューブ</td></tr><tr><td style=\"white-space:nowrap\">OP<a name=\"jp-medication-route-hl70162-cs-OP\"> </a></td><td>眼</td></tr><tr><td style=\"white-space:nowrap\">OT<a name=\"jp-medication-route-hl70162-cs-OT\"> </a></td><td>耳</td></tr><tr><td style=\"white-space:nowrap\">OTH<a name=\"jp-medication-route-hl70162-cs-OTH\"> </a></td><td>その他／さまざま</td></tr><tr><td style=\"white-space:nowrap\">PF<a name=\"jp-medication-route-hl70162-cs-PF\"> </a></td><td>灌流</td></tr><tr><td style=\"white-space:nowrap\">PO<a name=\"jp-medication-route-hl70162-cs-PO\"> </a></td><td>口</td></tr><tr><td style=\"white-space:nowrap\">PR<a name=\"jp-medication-route-hl70162-cs-PR\"> </a></td><td>直腸</td></tr><tr><td style=\"white-space:nowrap\">RM<a name=\"jp-medication-route-hl70162-cs-RM\"> </a></td><td>リブリーザーマスク</td></tr><tr><td style=\"white-space:nowrap\">SD<a name=\"jp-medication-route-hl70162-cs-SD\"> </a></td><td>湿性包帯</td></tr><tr><td style=\"white-space:nowrap\">SC<a name=\"jp-medication-route-hl70162-cs-SC\"> </a></td><td>皮下</td></tr><tr><td style=\"white-space:nowrap\">SL<a name=\"jp-medication-route-hl70162-cs-SL\"> </a></td><td>舌下</td></tr><tr><td style=\"white-space:nowrap\">TP<a name=\"jp-medication-route-hl70162-cs-TP\"> </a></td><td>局所</td></tr><tr><td style=\"white-space:nowrap\">TRA<a name=\"jp-medication-route-hl70162-cs-TRA\"> </a></td><td>気管切開</td></tr><tr><td style=\"white-space:nowrap\">TD<a name=\"jp-medication-route-hl70162-cs-TD\"> </a></td><td>経皮性</td></tr><tr><td style=\"white-space:nowrap\">TL<a name=\"jp-medication-route-hl70162-cs-TL\"> </a></td><td>経舌</td></tr><tr><td style=\"white-space:nowrap\">UR<a name=\"jp-medication-route-hl70162-cs-UR\"> </a></td><td>尿道</td></tr><tr><td style=\"white-space:nowrap\">VG<a name=\"jp-medication-route-hl70162-cs-VG\"> </a></td><td>膣</td></tr><tr><td style=\"white-space:nowrap\">VM<a name=\"jp-medication-route-hl70162-cs-VM\"> </a></td><td>換気マスク</td></tr><tr><td style=\"white-space:nowrap\">WND<a name=\"jp-medication-route-hl70162-cs-WND\"> </a></td><td>創傷</td></tr></table></div>"},"url":"http://jpfhir.jp/fhir/Common/CodeSystem/route-codes","identifier":[{"system":"urn:ietf:rfc:3986","value":"urn:oid:1.2.392.100495.20.2.34"}],"version":"1.1.0a","name":"JP_MedicationRouteHL70162_CS","title":"JP Core Medication HL70162-based Route CodeSystem","status":"draft","date":"2022-09-07T11:02:51+00:00","publisher":"FHIR Japanese implementation research working group in Japan Association of Medical Informatics (JAMI)","contact":[{"name":"FHIR Japanese implementation research working group in Japan Association of Medical Informatics (JAMI)","telecom":[{"system":"url","value":"http://jpfhir.jp"},{"system":"email","value":"office@hlfhir.jp"}]}],"description":"HL7表0162をベースにした投与経路のコードシステム","jurisdiction":[{"coding":[{"system":"urn:iso:std:iso:3166","code":"JP"}]}],"copyright":"FHIR Japanese implementation research working group in Japan Association of Medical Informatics (JAMI)","caseSensitive":true,"valueSet":"http://jpfhir.jp/fhir/Common/CodeSystem/JP_MedicationRouteHL70162_VS","content":"complete","count":47,"concept":[{"code":"AP","display":"外用"},{"code":"B","display":"頬"},{"code":"DT","display":"歯"},{"code":"EP","display":"硬膜外"},{"code":"ET","display":"気管内チューブ"},{"code":"GTT","display":"消化器官"},{"code":"GU","display":"GU洗浄"},{"code":"IMR","display":"浸透"},{"code":"IA","display":"動脈内"},{"code":"IB","display":"滑液包内"},{"code":"IC","display":"心臓内"},{"code":"ICV","display":"子宮"},{"code":"ID","display":"皮膚内"},{"code":"IH","display":"吸入"},{"code":"IHA","display":"肝内動脈"},{"code":"IM","display":"筋肉内"},{"code":"IN","display":"鼻腔内"},{"code":"IO","display":"眼内"},{"code":"IP","display":"腹腔内"},{"code":"IS","display":"滑液包内"},{"code":"IT","display":"鞘内"},{"code":"IU","display":"子宮内"},{"code":"IV","display":"静脈内"},{"code":"MTH","display":"口／喉"},{"code":"MM","display":"粘膜"},{"code":"NS","display":"鼻側"},{"code":"NG","display":"経口径内腔"},{"code":"NP","display":"鼻のプロング"},{"code":"NT","display":"鼻気管内チューブ"},{"code":"OP","display":"眼"},{"code":"OT","display":"耳"},{"code":"OTH","display":"その他／さまざま"},{"code":"PF","display":"灌流"},{"code":"PO","display":"口"},{"code":"PR","display":"直腸"},{"code":"RM","display":"リブリーザーマスク"},{"code":"SD","display":"湿性包帯"},{"code":"SC","display":"皮下"},{"code":"SL","display":"舌下"},{"code":"TP","display":"局所"},{"code":"TRA","display":"気管切開"},{"code":"TD","display":"経皮性"},{"code":"TL","display":"経舌"},{"code":"UR","display":"尿道"},{"code":"VG","display":"膣"},{"code":"VM","display":"換気マスク"},{"code":"WND","display":"創傷"}]}