{"resourceType":"NamingSystem","id":"jp-medicationroute-hl70162-namingsystem","text":{"status":"generated","div":"<div xmlns=\"http://www.w3.org/1999/xhtml\"><h3>Summary</h3><table class=\"grid\"><tr><td>Defining URL</td><td>http://jpfhir.jp/fhir/core/NamingSystem/jp-medicationroute-hl70162-namingsystem</td></tr><tr><td>Version</td><td>1.1.0a</td></tr><tr><td>Name</td><td>JP Core MedicationRoute HL70162 NamingSystem</td></tr><tr><td>Status</td><td>active</td></tr><tr><td>Definition</td><td><div><p>JP_MedicationRouteHL70162_CS_NamingSystem</p>\n</div></td></tr><tr><td>Publisher</td><td>FHIR Japanese implementation research working group in Japan Association of Medical Informatics (JAMI)</td></tr></table><h3>Identifiers</h3><table class=\"grid\"><tr><td><b>Type</b></td><td><b>Value</b></td><td><b>Preferred</b></td></tr><tr><td>OID</td><td>1.2.392.100495.20.2.34</td><td/></tr><tr><td>URI</td><td>urn:oid:1.2.392.100495.20.2.34</td><td/></tr><tr><td>URI</td><td>http://jpfhir.jp/fhir/Common/CodeSystem/route-codes</td><td>true</td></tr></table></div>"},"name":"JP Core MedicationRoute HL70162 NamingSystem","status":"active","kind":"codesystem","date":"2022-09-01","publisher":"FHIR Japanese implementation research working group in Japan Association of Medical Informatics (JAMI)","contact":[{"name":"FHIR Japanese implementation research working group in Japan Association of Medical Informatics (JAMI)","telecom":[{"system":"url","value":"http://jpfhir.jp"},{"system":"email","value":"office@hlfhir.jp"}]}],"description":"JP_MedicationRouteHL70162_CS_NamingSystem","jurisdiction":[{"coding":[{"system":"urn:iso:std:iso:3166","code":"JP"}]}],"uniqueId":[{"type":"oid","value":"1.2.392.100495.20.2.34"},{"type":"uri","value":"urn:oid:1.2.392.100495.20.2.34"},{"type":"uri","value":"http://jpfhir.jp/fhir/Common/CodeSystem/route-codes","preferred":true}]}