{"resourceType":"SearchParameter","id":"jp-organization-insuranceorganizationno-sp","url":"http://jpfhir.jp/fhir/core/SearchParameter/JP_Organization_InsuranceOrganizationNo_SP","version":"1.1.0a","name":"JP_Organization_InsuranceOrganizationNo_SP","status":"draft","date":"2022-03-23","publisher":"FHIR Japanese implementation research working group in Japan Association of Medical Informatics (JAMI)","contact":[{"name":"FHIR Japanese implementation research working group in Japan Association of Medical Informatics (JAMI)","telecom":[{"system":"url","value":"http://jpfhir.jp"},{"system":"email","value":"office@hlfhir.jp"}]}],"description":"OrganizationリソースのInsuranceOrganizationNo(保険医療機関番号)に関する検索を定義する。","jurisdiction":[{"coding":[{"system":"urn:iso:std:iso:3166","code":"JP"}]}],"code":"jp-insurance-organizationno","base":["Organization"],"type":"token","expression":"Organization.extension.where(url='http://jpfhir.jp/fhir/core/Extension/StructureDefinition/JP_Organization_InsuranceOrganizationNo').value.as(code)","xpathUsage":"normal","multipleOr":true,"_multipleOr":{"extension":[{"url":"http://hl7.org/fhir/StructureDefinition/capabilitystatement-expectation","valueCode":"MAY"}]},"multipleAnd":true,"_multipleAnd":{"extension":[{"url":"http://hl7.org/fhir/StructureDefinition/capabilitystatement-expectation","valueCode":"MAY"}]}}