{"resourceType":"ValueSet","id":"jp-procedure-device-action-vs","text":{"status":"generated","div":"<div xmlns=\"http://www.w3.org/1999/xhtml\"><ul><li>Include all codes defined in <a href=\"CodeSystem-jp-procedure-device-action-codes-cs.html\"><code>http://jpfhir.jp/fhir/Common/CodeSystem/JP_ProcedureDeviceActionCodes_CS</code></a></li></ul></div>"},"url":"http://jpfhir.jp/fhir/Common/ValueSet/JP_ProcedureDeviceActionCodes_VS","version":"1.1.0a","name":"JP_ProcedureDeviceActionCodes_VS","title":"JP Core Procedure Device Action Codes","status":"draft","date":"2022-07-26T12:20:13+00:00","publisher":"FHIR Japanese implementation research working group in Japan Association of Medical Informatics (JAMI)","contact":[{"name":"FHIR Japanese implementation research working group in Japan Association of Medical Informatics (JAMI)","telecom":[{"system":"url","value":"http://jpfhir.jp"},{"system":"email","value":"office@hlfhir.jp"}]}],"description":"Codes indicating the change that happened to the device during the procedure.","jurisdiction":[{"coding":[{"system":"urn:iso:std:iso:3166","code":"JP"}]}],"copyright":"FHIR Japanese implementation research working group in Japan Association of Medical Informatics (JAMI)","compose":{"include":[{"system":"http://jpfhir.jp/fhir/Common/CodeSystem/JP_ProcedureDeviceActionCodes_CS"}]}}