"Id","Path","Slice Name","Alias(s)","Label","Min","Max","Must Support?","Is Modifier?","Is Summary?","Type(s)","Short","Definition","Comments","Requirements","Default Value","Meaning When Missing","Fixed Value","Pattern","Example","Minimum Value","Maximum Value","Maximum Length","Binding Strength","Binding Description","Binding Value Set","Code","Slicing Discriminator","Slicing Description","Slicing Ordered","Slicing Rules","Base Path","Base Min","Base Max","Condition(s)","Constraint(s)","Mapping: HL7 v2 Mapping","Mapping: RIM Mapping"
"Range","Range","","","",0,*,"","","","null {[]} {[]}
","薬剤の単位指定された上限下限量","薬剤の単位指定された上限下限量","薬剤の上限量、下限量の範囲を持っている。単位指定された数量を割り当てている。","","","","","","","","",,,,,"",,,,"Range",0,*,"ele-1
","ele-1:すべてのFHIR要素には、@valueまたは子要素が必要です / All FHIR elements must have a @value or children {hasValue() or (children().count() > id.count())}
rng-2:存在する場合、低い値は高よりも低い値を持つものとします / If present, low SHALL have a lower value than high {low.empty() or high.empty() or (low <= high)}","NR and also possibly SN (but see also quantity)","n/a","IVL<QTY[not(type=""TS"")]> [lowClosed=""true"" and highClosed=""true""]or URG<QTY[not(type=""TS"")]>"
"Range.id","Range.id","","","",0,1,"","","","string {[]} {[]}
","要素間参照のための一意のID / Unique id for inter-element referencing","リソース内の要素の一意のID（内部参照用）。これは、スペースを含まない文字列値である場合があります。 / Unique id for the element within a resource (for internal references). This may be any string value that does not contain spaces.","","","","","","","","","",,,,,"",,,,"Element.id",0,1,"","","n/a"
"Range.extension","Range.extension","","extensions
user content","",0,*,"","","","Extension {[]} {[]}
","実装で定義された追加のコンテンツ / Additional content defined by implementations","要素の基本的な定義の一部ではない追加情報を表すために使用できます。拡張機能を安全で管理しやすくするために、拡張機能の定義と使用に適用される厳格なガバナンスセットがあります。実装者は拡張機能を定義できますが、拡張機能の定義の一部として満たされる一連の要件があります。 / May be used to represent additional information that is not part of the basic definition of the element. To make the use of extensions safe and manageable, there is a strict set of governance  applied to the definition and use of extensions. Though any implementer can define an extension, there is a set of requirements that SHALL be met as part of the definition of the extension.","拡張機能を使用または定義する機関や管轄権に関係なく、アプリケーション、プロジェクト、または標準による拡張機能の使用に関連するスティグマはありません。拡張機能の使用は、FHIR仕様がすべての人にコアレベルのシンプルさを保持できるようにするものです。 / There can be no stigma associated with the use of extensions by any application, project, or standard - regardless of the institution or jurisdiction that uses or defines the extensions.  The use of extensions is what allows the FHIR specification to retain a core level of simplicity for everyone.","","","","","","","","",,,,,"","value:url}
","Extensions are always sliced by (at least) url",,"open","Element.extension",0,*,"","ele-1:すべてのFHIR要素には、@valueまたは子要素が必要です / All FHIR elements must have a @value or children {hasValue() or (children().count() > id.count())}
ext-1:両方ではなく、拡張または値[x]が必要です / Must have either extensions or value[x], not both {extension.exists() != value.exists()}","n/a"
"Range.low","Range.low","","","",0,1,"","","Y","Quantity {[CanonicalType[http://jpfhir.jp/fhir/core/StructureDefinition/JP_MedicationSimpleQuantity]]} {[]}
","薬剤の上限量","低制限。境界は包括的です。 / The low limit. The boundary is inclusive.","低要素が欠落している場合、低境界は不明です。 / If the low element is missing, the low boundary is not known.","","","","","","","","",,,,,"",,,,"Range.low",0,1,"","ele-1:すべてのFHIR要素には、@valueまたは子要素が必要です / All FHIR elements must have a @value or children {hasValue() or (children().count() > id.count())}
","NR.1","./low"
"Range.high","Range.high","","","",0,1,"","","Y","Quantity {[CanonicalType[http://jpfhir.jp/fhir/core/StructureDefinition/JP_MedicationSimpleQuantity]]} {[]}
","高制限 / High limit","高制限。境界は包括的です。 / The high limit. The boundary is inclusive.","高い要素が欠落している場合、高境界は不明です。 / If the high element is missing, the high boundary is not known.","","","","","","","","",,,,,"",,,,"Range.high",0,1,"","ele-1:すべてのFHIR要素には、@valueまたは子要素が必要です / All FHIR elements must have a @value or children {hasValue() or (children().count() > id.count())}
","NR.2","./high"
