{"resourceType":"ValueSet","id":"jp-radiologymodality-vs","text":{"status":"extensions","div":"<div xmlns=\"http://www.w3.org/1999/xhtml\"><ul><li>Include these codes as defined in <a href=\"http://dicom.nema.org/resources/ontology/DCM\"><code>http://dicom.nema.org/resources/ontology/DCM</code></a><table class=\"none\"><tr><td style=\"white-space:nowrap\"><b>Code</b></td><td><b>Display</b></td><td><b>Definition</b></td></tr><tr><td><a href=\"http://hl7.org/fhir/R4/codesystem-dicom-dcim.html#dicom-dcim-AR\">AR</a></td><td>Autorefraction</td><td>Autorefraction device</td></tr><tr><td><a href=\"http://hl7.org/fhir/R4/codesystem-dicom-dcim.html#dicom-dcim-ASMT\">ASMT</a></td><td>Content Assessment Result</td><td/></tr><tr><td><a href=\"http://hl7.org/fhir/R4/codesystem-dicom-dcim.html#dicom-dcim-AU\">AU</a></td><td>Basic Voice Audio</td><td>Audio object</td></tr><tr><td><a href=\"http://hl7.org/fhir/R4/codesystem-dicom-dcim.html#dicom-dcim-BDUS\">BDUS</a></td><td>Ultrasound Bone Densitometry</td><td>Ultrasound Bone Densitometry (modality)</td></tr><tr><td><a href=\"http://hl7.org/fhir/R4/codesystem-dicom-dcim.html#dicom-dcim-BI\">BI</a></td><td>Biomagnetic Imaging</td><td>Biomagnetic imaging device</td></tr><tr><td><a href=\"http://hl7.org/fhir/R4/codesystem-dicom-dcim.html#dicom-dcim-BMD\">BMD</a></td><td>Bone Mineral Densitometry</td><td>Bone Mineral Densitometry by X-Ray (modality), including dual-energy X-Ray absorptiometry (DXA) and morphometric X-Ray absorptiometry (MXA)</td></tr><tr><td><a href=\"http://hl7.org/fhir/R4/codesystem-dicom-dcim.html#dicom-dcim-CR\">CR</a></td><td>Computed Radiography</td><td>Computed Radiography device</td></tr><tr><td><a href=\"http://hl7.org/fhir/R4/codesystem-dicom-dcim.html#dicom-dcim-CT\">CT</a></td><td>Computed Tomography</td><td>Computed Tomography device</td></tr><tr><td><a href=\"http://hl7.org/fhir/R4/codesystem-dicom-dcim.html#dicom-dcim-CTPROTOCOL\">CTPROTOCOL</a></td><td>CT Protocol</td><td/></tr><tr><td><a href=\"http://hl7.org/fhir/R4/codesystem-dicom-dcim.html#dicom-dcim-DG\">DG</a></td><td>Diaphanography</td><td>Diaphanography device</td></tr><tr><td><a href=\"http://hl7.org/fhir/R4/codesystem-dicom-dcim.html#dicom-dcim-DMS\">DMS</a></td><td>Dermoscopy</td><td/></tr><tr><td><a href=\"http://hl7.org/fhir/R4/codesystem-dicom-dcim.html#dicom-dcim-DOC\">DOC</a></td><td>Document</td><td/></tr><tr><td><a href=\"http://hl7.org/fhir/R4/codesystem-dicom-dcim.html#dicom-dcim-DX\">DX</a></td><td>Digital Radiography</td><td>Digital Radiography device</td></tr><tr><td><a href=\"http://hl7.org/fhir/R4/codesystem-dicom-dcim.html#dicom-dcim-ECG\">ECG</a></td><td>Electrocardiography</td><td>Electrocardiography device</td></tr><tr><td><a href=\"http://hl7.org/fhir/R4/codesystem-dicom-dcim.html#dicom-dcim-EEG\">EEG</a></td><td>Electroencephalography</td><td/></tr><tr><td><a href=\"http://hl7.org/fhir/R4/codesystem-dicom-dcim.html#dicom-dcim-EMG\">EMG</a></td><td>Electromyography</td><td/></tr><tr><td><a href=\"http://hl7.org/fhir/R4/codesystem-dicom-dcim.html#dicom-dcim-EOG\">EOG</a></td><td>Electrooculography</td><td/></tr><tr><td><a href=\"http://hl7.org/fhir/R4/codesystem-dicom-dcim.html#dicom-dcim-EPS\">EPS</a></td><td>Cardiac Electrophysiology</td><td>Cardiac Electrophysiology device</td></tr><tr><td><a href=\"http://hl7.org/fhir/R4/codesystem-dicom-dcim.html#dicom-dcim-ES\">ES</a></td><td>Endoscopy</td><td>Endoscopy device</td></tr><tr><td><a href=\"http://hl7.org/fhir/R4/codesystem-dicom-dcim.html#dicom-dcim-FID\">FID</a></td><td>Spatial Fiducials</td><td/></tr><tr><td><a href=\"http://hl7.org/fhir/R4/codesystem-dicom-dcim.html#dicom-dcim-GM\">GM</a></td><td>General Microscopy</td><td>General Microscopy device</td></tr><tr><td><a href=\"http://hl7.org/fhir/R4/codesystem-dicom-dcim.html#dicom-dcim-HC\">HC</a></td><td>Hard Copy</td><td>Hard Copy</td></tr><tr><td><a href=\"http://hl7.org/fhir/R4/codesystem-dicom-dcim.html#dicom-dcim-HD\">HD</a></td><td>Hemodynamic Waveform</td><td>Hemodynamic Waveform acquisition device</td></tr><tr><td><a href=\"http://hl7.org/fhir/R4/codesystem-dicom-dcim.html#dicom-dcim-IO\">IO</a></td><td>Intra-oral Radiography</td><td>Intra-oral Radiography device</td></tr><tr><td><a href=\"http://hl7.org/fhir/R4/codesystem-dicom-dcim.html#dicom-dcim-IOL\">IOL</a></td><td>Intraocular Lens Calculation</td><td/></tr><tr><td><a href=\"http://hl7.org/fhir/R4/codesystem-dicom-dcim.html#dicom-dcim-IVOCT\">IVOCT</a></td><td>Intravascular Optical Coherence Tomography</td><td>An acquisition device, process or method that performs intravascular optical coherence tomography</td></tr><tr><td><a href=\"http://hl7.org/fhir/R4/codesystem-dicom-dcim.html#dicom-dcim-IVUS\">IVUS</a></td><td>Intravascular Ultrasound</td><td>Intravascular Ultrasound device</td></tr><tr><td><a href=\"http://hl7.org/fhir/R4/codesystem-dicom-dcim.html#dicom-dcim-KER\">KER</a></td><td>Keratometry</td><td>Keratometry device</td></tr><tr><td><a href=\"http://hl7.org/fhir/R4/codesystem-dicom-dcim.html#dicom-dcim-KO\">KO</a></td><td>Key Object Selection</td><td>Key Object Selection object</td></tr><tr><td><a href=\"http://hl7.org/fhir/R4/codesystem-dicom-dcim.html#dicom-dcim-LEN\">LEN</a></td><td>Lensometry</td><td>Lensometry device</td></tr><tr><td><a href=\"http://hl7.org/fhir/R4/codesystem-dicom-dcim.html#dicom-dcim-LS\">LS</a></td><td>Laser Scan</td><td>Laser surface scan device</td></tr><tr><td><a href=\"http://hl7.org/fhir/R4/codesystem-dicom-dcim.html#dicom-dcim-M3D\">M3D</a></td><td>Model for 3D Manufacturing</td><td/></tr><tr><td><a href=\"http://hl7.org/fhir/R4/codesystem-dicom-dcim.html#dicom-dcim-MG\">MG</a></td><td>Mammography</td><td>Mammography device</td></tr><tr><td><a href=\"http://hl7.org/fhir/R4/codesystem-dicom-dcim.html#dicom-dcim-MR\">MR</a></td><td>Magnetic Resonance</td><td>Magnetic Resonance device</td></tr><tr><td><a href=\"http://hl7.org/fhir/R4/codesystem-dicom-dcim.html#dicom-dcim-NM\">NM</a></td><td>Nuclear Medicine</td><td>Nuclear Medicine device</td></tr><tr><td><a href=\"http://hl7.org/fhir/R4/codesystem-dicom-dcim.html#dicom-dcim-OAM\">OAM</a></td><td>Ophthalmic Axial Measurements</td><td>Measurements of the axial length of the eye, which are done by various devices</td></tr><tr><td><a href=\"http://hl7.org/fhir/R4/codesystem-dicom-dcim.html#dicom-dcim-OCT\">OCT</a></td><td>Optical Coherence Tomography</td><td>Modality device that uses an interferometric, non-invasive optical tomographic technique to image 2D slices and 3D volumes of tissue using visible and near visible frequencies</td></tr><tr><td><a href=\"http://hl7.org/fhir/R4/codesystem-dicom-dcim.html#dicom-dcim-OP\">OP</a></td><td>Ophthalmic Photography</td><td>Ophthalmic photography modality</td></tr><tr><td><a href=\"http://hl7.org/fhir/R4/codesystem-dicom-dcim.html#dicom-dcim-OPM\">OPM</a></td><td>Ophthalmic Mapping</td><td>Modality device that measures corneal topography, corneal or retinal thickness, and other similar parameters that are typically displayed as maps</td></tr><tr><td><a href=\"http://hl7.org/fhir/R4/codesystem-dicom-dcim.html#dicom-dcim-OPT\">OPT</a></td><td>Ophthalmic Tomography</td><td>Tomography of the eye acquired by a modality that is based on light and optical principles. Tomography based on other principles, such as ultrasound, is excluded</td></tr><tr><td><a href=\"http://hl7.org/fhir/R4/codesystem-dicom-dcim.html#dicom-dcim-OPTBSV\">OPTBSV</a></td><td>Ophthalmic Tomography B-scan Volume Analysis</td><td/></tr><tr><td><a href=\"http://hl7.org/fhir/R4/codesystem-dicom-dcim.html#dicom-dcim-OPTENF\">OPTENF</a></td><td>Ophthalmic Tomography En Face</td><td/></tr><tr><td><a href=\"http://hl7.org/fhir/R4/codesystem-dicom-dcim.html#dicom-dcim-OPV\">OPV</a></td><td>Ophthalmic Visual Field</td><td>Modality device that measures visual fields and perform visual perimetry</td></tr><tr><td><a href=\"http://hl7.org/fhir/R4/codesystem-dicom-dcim.html#dicom-dcim-OSS\">OSS</a></td><td>Optical Surface Scanner</td><td>An acquisition device, process or method that performs optical surface scanning</td></tr><tr><td><a href=\"http://hl7.org/fhir/R4/codesystem-dicom-dcim.html#dicom-dcim-OT\">OT</a></td><td>Other</td><td>Other Modality device</td></tr><tr><td><a href=\"http://hl7.org/fhir/R4/codesystem-dicom-dcim.html#dicom-dcim-PLAN\">PLAN</a></td><td>Plan</td><td/></tr><tr><td><a href=\"http://hl7.org/fhir/R4/codesystem-dicom-dcim.html#dicom-dcim-POS\">POS</a></td><td>Position Sensor</td><td/></tr><tr><td><a href=\"http://hl7.org/fhir/R4/codesystem-dicom-dcim.html#dicom-dcim-PR\">PR</a></td><td>Presentation State</td><td>Presentation State object</td></tr><tr><td><a href=\"http://hl7.org/fhir/R4/codesystem-dicom-dcim.html#dicom-dcim-PT\">PT</a></td><td>Positron emission tomography</td><td>Positron emission tomography (PET) device</td></tr><tr><td><a href=\"http://hl7.org/fhir/R4/codesystem-dicom-dcim.html#dicom-dcim-PX\">PX</a></td><td>Panoramic X-Ray</td><td>Panoramic X-Ray device</td></tr><tr><td><a href=\"http://hl7.org/fhir/R4/codesystem-dicom-dcim.html#dicom-dcim-REG\">REG</a></td><td>Registration</td><td>Registration</td></tr><tr><td><a href=\"http://hl7.org/fhir/R4/codesystem-dicom-dcim.html#dicom-dcim-RESP\">RESP</a></td><td>Respiratory Waveform</td><td/></tr><tr><td><a href=\"http://hl7.org/fhir/R4/codesystem-dicom-dcim.html#dicom-dcim-RF\">RF</a></td><td>Radiofluoroscopy</td><td>Radiofluoroscopy device</td></tr><tr><td><a href=\"http://hl7.org/fhir/R4/codesystem-dicom-dcim.html#dicom-dcim-RG\">RG</a></td><td>Radiographic imaging</td><td>Radiographic imaging (conventional film/screen)</td></tr><tr><td><a href=\"http://hl7.org/fhir/R4/codesystem-dicom-dcim.html#dicom-dcim-RTDOSE\">RTDOSE</a></td><td>RT Dose</td><td>Radiotherapy Dose</td></tr><tr><td><a href=\"http://hl7.org/fhir/R4/codesystem-dicom-dcim.html#dicom-dcim-RTIMAGE\">RTIMAGE</a></td><td>RT Image</td><td>Radiotherapy Imaging device; includes portal imaging</td></tr><tr><td><a href=\"http://hl7.org/fhir/R4/codesystem-dicom-dcim.html#dicom-dcim-RTPLAN\">RTPLAN</a></td><td>RT Plan</td><td>Radiotherapy Plan</td></tr><tr><td><a href=\"http://hl7.org/fhir/R4/codesystem-dicom-dcim.html#dicom-dcim-RTRECORD\">RTRECORD</a></td><td>RT Treatment Record</td><td>Radiotherapy Treatment Record</td></tr><tr><td><a href=\"http://hl7.org/fhir/R4/codesystem-dicom-dcim.html#dicom-dcim-RTSTRUCT\">RTSTRUCT</a></td><td>RT Structure Set</td><td>Radiotherapy Structure Set</td></tr><tr><td><a href=\"http://hl7.org/fhir/R4/codesystem-dicom-dcim.html#dicom-dcim-RWV\">RWV</a></td><td>Real World Value Map</td><td/></tr><tr><td><a href=\"http://hl7.org/fhir/R4/codesystem-dicom-dcim.html#dicom-dcim-SEG\">SEG</a></td><td>Segmentation</td><td>Segmentation</td></tr><tr><td><a href=\"http://hl7.org/fhir/R4/codesystem-dicom-dcim.html#dicom-dcim-SM\">SM</a></td><td>Slide Microscopy</td><td>Slide Microscopy</td></tr><tr><td><a href=\"http://hl7.org/fhir/R4/codesystem-dicom-dcim.html#dicom-dcim-SMR\">SMR</a></td><td>Stereometric Relationship</td><td>Stereometric image pairing modality</td></tr><tr><td><a href=\"http://hl7.org/fhir/R4/codesystem-dicom-dcim.html#dicom-dcim-SR\">SR</a></td><td>Structured Report Document</td><td>Structured Report Document</td></tr><tr><td><a href=\"http://hl7.org/fhir/R4/codesystem-dicom-dcim.html#dicom-dcim-SRF\">SRF</a></td><td>Subjective Refraction</td><td>Subjective Refraction device</td></tr><tr><td><a href=\"http://hl7.org/fhir/R4/codesystem-dicom-dcim.html#dicom-dcim-STAIN\">STAIN</a></td><td>Automated Slide Stainer</td><td/></tr><tr><td><a href=\"http://hl7.org/fhir/R4/codesystem-dicom-dcim.html#dicom-dcim-TEXTUREMAP\">TEXTUREMAP</a></td><td>Texture Map</td><td/></tr><tr><td><a href=\"http://hl7.org/fhir/R4/codesystem-dicom-dcim.html#dicom-dcim-TG\">TG</a></td><td>Thermography</td><td>Thermography device</td></tr><tr><td><a href=\"http://hl7.org/fhir/R4/codesystem-dicom-dcim.html#dicom-dcim-US\">US</a></td><td>Ultrasound</td><td>Ultrasound device</td></tr><tr><td><a href=\"http://hl7.org/fhir/R4/codesystem-dicom-dcim.html#dicom-dcim-VA\">VA</a></td><td>Visual Acuity</td><td>Visual Acuity device</td></tr><tr><td><a href=\"http://hl7.org/fhir/R4/codesystem-dicom-dcim.html#dicom-dcim-XA\">XA</a></td><td>X-Ray Angiography</td><td>X-Ray Angiography device</td></tr><tr><td><a href=\"http://hl7.org/fhir/R4/codesystem-dicom-dcim.html#dicom-dcim-XC\">XC</a></td><td>External-camera Photography</td><td>External-camera Photography device</td></tr></table></li></ul></div>"},"url":"http://jpfhir.jp/fhir/core/ValueSet/JP_RadiologyModality_VS","version":"1.1.1","name":"JP_RadiologyModality_VS","title":"JP Core Radiology Modality ValueSet","status":"active","experimental":false,"date":"2023-06-01","publisher":"FHIR Japanese implementation research working group in Japan Association of Medical Informatics (JAMI)","contact":[{"name":"FHIR Japanese implementation research working group in Japan Association of Medical Informatics (JAMI)","telecom":[{"system":"url","value":"http://jpfhir.jp"},{"system":"email","value":"office@hlfhir.jp"}]}],"description":"放射線モダリテに対する 値セット","jurisdiction":[{"coding":[{"system":"urn:iso:std:iso:3166","code":"JP"}]}],"copyright":"Copyright FHIR Japanese implementation research working group in Japan Association of Medical Informatics (JAMI) 一般社団法人日本医療情報学会NeXEHRS課題研究会FHIR日本実装検討WG","compose":{"include":[{"system":"http://dicom.nema.org/resources/ontology/DCM","concept":[{"code":"AR","display":"Autorefraction"},{"code":"ASMT","display":"Content Assessment Result"},{"code":"AU","display":"Basic Voice Audio"},{"code":"BDUS","display":"Ultrasound Bone Densitometry"},{"code":"BI","display":"Biomagnetic Imaging"},{"code":"BMD","display":"Bone Mineral Densitometry"},{"code":"CR","display":"Computed Radiography"},{"code":"CT","display":"Computed Tomography"},{"code":"CTPROTOCOL","display":"CT Protocol"},{"code":"DG","display":"Diaphanography"},{"code":"DMS","display":"Dermoscopy"},{"code":"DOC","display":"Document"},{"code":"DX","display":"Digital Radiography"},{"code":"ECG","display":"Electrocardiography"},{"code":"EEG","display":"Electroencephalography"},{"code":"EMG","display":"Electromyography"},{"code":"EOG","display":"Electrooculography"},{"code":"EPS","display":"Cardiac Electrophysiology"},{"code":"ES","display":"Endoscopy"},{"code":"FID","display":"Spatial Fiducials"},{"code":"GM","display":"General Microscopy"},{"code":"HC","display":"Hard Copy"},{"code":"HD","display":"Hemodynamic Waveform"},{"code":"IO","display":"Intra-oral Radiography"},{"code":"IOL","display":"Intraocular Lens Calculation"},{"code":"IVOCT","display":"Intravascular Optical Coherence Tomography"},{"code":"IVUS","display":"Intravascular Ultrasound"},{"code":"KER","display":"Keratometry"},{"code":"KO","display":"Key Object Selection"},{"code":"LEN","display":"Lensometry"},{"code":"LS","display":"Laser Scan"},{"code":"M3D","display":"Model for 3D Manufacturing"},{"code":"MG","display":"Mammography"},{"code":"MR","display":"Magnetic Resonance"},{"code":"NM","display":"Nuclear Medicine"},{"code":"OAM","display":"Ophthalmic Axial Measurements"},{"code":"OCT","display":"Optical Coherence Tomography"},{"code":"OP","display":"Ophthalmic Photography"},{"code":"OPM","display":"Ophthalmic Mapping"},{"code":"OPT","display":"Ophthalmic Tomography"},{"code":"OPTBSV","display":"Ophthalmic Tomography B-scan Volume Analysis"},{"code":"OPTENF","display":"Ophthalmic Tomography En Face"},{"code":"OPV","display":"Ophthalmic Visual Field"},{"code":"OSS","display":"Optical Surface Scanner"},{"code":"OT","display":"Other"},{"code":"PLAN","display":"Plan"},{"code":"POS","display":"Position Sensor"},{"code":"PR","display":"Presentation State"},{"code":"PT","display":"Positron emission tomography"},{"code":"PX","display":"Panoramic X-Ray"},{"code":"REG","display":"Registration"},{"code":"RESP","display":"Respiratory Waveform"},{"code":"RF","display":"Radiofluoroscopy"},{"code":"RG","display":"Radiographic imaging"},{"code":"RTDOSE","display":"RT Dose"},{"code":"RTIMAGE","display":"RT Image"},{"code":"RTPLAN","display":"RT Plan"},{"code":"RTRECORD","display":"RT Treatment Record"},{"code":"RTSTRUCT","display":"RT Structure Set"},{"code":"RWV","display":"Real World Value Map"},{"code":"SEG","display":"Segmentation"},{"code":"SM","display":"Slide Microscopy"},{"code":"SMR","display":"Stereometric Relationship"},{"code":"SR","display":"Structured Report Document"},{"code":"SRF","display":"Subjective Refraction"},{"code":"STAIN","display":"Automated Slide Stainer"},{"code":"TEXTUREMAP","display":"Texture Map"},{"code":"TG","display":"Thermography"},{"code":"US","display":"Ultrasound"},{"code":"VA","display":"Visual Acuity"},{"code":"XA","display":"X-Ray Angiography"},{"code":"XC","display":"External-camera Photography"}]}]}}