{
  "resourceType": "CodeSystem",
  "id": "jp-MedicalFeeScoreType-cs",
  "text": {
    "status": "generated",
    "div": "<div xmlns=\"http://www.w3.org/1999/xhtml\"><p>This code system http://jpfhir.jp/fhir/Common/CodeSystem/JP_MedicalFeeScoreType_CS defines the following codes:</p><table class=\"codes\"><tr><td style=\"white-space:nowrap\"><b>Code</b></td><td><b>Display</b></td></tr><tr><td style=\"white-space:nowrap\">1<a name=\"jp-MedicalFeeScoreType-cs-1\"> </a></td><td>医科</td></tr><tr><td style=\"white-space:nowrap\">3<a name=\"jp-MedicalFeeScoreType-cs-3\"> </a></td><td>歯科</td></tr><tr><td style=\"white-space:nowrap\">4<a name=\"jp-MedicalFeeScoreType-cs-4\"> </a></td><td>調剤</td></tr><tr><td style=\"white-space:nowrap\">6<a name=\"jp-MedicalFeeScoreType-cs-6\"> </a></td><td>訪問看護</td></tr></table></div>"
  },
  "url": "http://jpfhir.jp/fhir/Common/CodeSystem/JP_MedicalFeeScoreType_CS",
  "version": "1.1.0a",
  "name": "JP_MedicalFeeScoreType_CS",
  "title": "JP Core MedicalFeeScoreType Codes",
  "status": "active",
  "date": "2022-08-04T09:31:49+00:00",
  "publisher": "FHIR Japanese implementation research working group in Japan Association of Medical Informatics (JAMI)",
  "contact": [
    {
      "name": "FHIR Japanese implementation research working group in Japan Association of Medical Informatics (JAMI)",
      "telecom": [
        {
          "system": "url",
          "value": "http://jpfhir.jp"
        },
        {
          "system": "email",
          "value": "office@hlfhir.jp"
        }
      ]
    }
  ],
  "description": "診療報酬点数表コード",
  "jurisdiction": [
    {
      "coding": [
        {
          "system": "urn:iso:std:iso:3166",
          "code": "JP"
        }
      ]
    }
  ],
  "copyright": "FHIR Japanese implementation research working group in Japan Association of Medical Informatics (JAMI)",
  "content": "complete",
  "count": 4,
  "concept": [
    {
      "code": "1",
      "display": "医科"
    },
    {
      "code": "3",
      "display": "歯科"
    },
    {
      "code": "4",
      "display": "調剤"
    },
    {
      "code": "6",
      "display": "訪問看護"
    }
  ]
}