<?xml version="1.0" encoding="UTF-8"?><CodeSystem xmlns="http://hl7.org/fhir"><id value="jp-medication-example-linecomment-cs"/><text><status value="generated"/><div xmlns="http://www.w3.org/1999/xhtml"><p>This code system http://jpfhir.jp/fhir/Examples/CodeSystem/JP_MedicationAdministrationDosageLineComment_CS defines some example codes:</p><table class="codes"><tr><td style="white-space:nowrap"><b>Code</b></td><td><b>Display</b></td></tr><tr><td style="white-space:nowrap">01<a name="jp-medication-example-linecomment-cs-01"> </a></td><td>末梢キープ</td></tr><tr><td style="white-space:nowrap">02<a name="jp-medication-example-linecomment-cs-02"> </a></td><td>生食ロック</td></tr><tr><td style="white-space:nowrap">03<a name="jp-medication-example-linecomment-cs-03"> </a></td><td>ヘパリンロック</td></tr></table></div></text><url value="http://jpfhir.jp/fhir/Examples/CodeSystem/JP_MedicationAdministrationDosageLineComment_CS"/><version value="1.1.0a"/><name value="JP_MedicationExampleLineComment_CS"/><title value="JP Medication Example LineComment"/><status value="draft"/><date value="2022-09-01T02:21:15+00:00"/><publisher value="FHIR Japanese implementation research working group in Japan Association of Medical Informatics (JAMI)"/><contact><name value="FHIR Japanese implementation research working group in Japan Association of Medical Informatics (JAMI)"/><telecom><system value="url"/><value value="http://jpfhir.jp"/></telecom><telecom><system value="email"/><value value="office@hlfhir.jp"/></telecom></contact><description value="注射ラインコメントのコードシステム例"/><jurisdiction><coding><system value="urn:iso:std:iso:3166"/><code value="JP"/></coding></jurisdiction><copyright value="FHIR Japanese implementation research working group in Japan Association of Medical Informatics (JAMI)"/><caseSensitive value="true"/><content value="example"/><concept><code value="01"/><display value="末梢キープ"/></concept><concept><code value="02"/><display value="生食ロック"/></concept><concept><code value="03"/><display value="ヘパリンロック"/></concept></CodeSystem>