<?xml version="1.0" encoding="UTF-8"?><CodeSystem xmlns="http://hl7.org/fhir"><id value="jp-jfagy-medication-allergen-cs"/><text><status value="generated"/><div xmlns="http://www.w3.org/1999/xhtml"><p>This code system http://jpfhir.jp/fhir/Common/CodeSystem/JP_JfagyMedicationAllergen_CS defines the following codes:</p><table class="codes"><tr><td style="white-space:nowrap"><b>Code</b></td><td><b>Display</b></td></tr><tr><td style="white-space:nowrap">YCM000000000<a name="jp-jfagy-medication-allergen-cs-YCM000000000"> </a></td><td>YJコード医薬品</td></tr></table></div></text><url value="http://jpfhir.jp/fhir/Common/CodeSystem/JP_JfagyMedicationAllergen_CS"/><version value="1.1.0a"/><name value="JP_JfagyMedicationAllergen_CS"/><title value="JFAGY Medication Allergen CodeSystem"/><status value="draft"/><date value="2022-08-31T08:52:30+00:00"/><publisher value="FHIR Japanese implementation research working group in Japan Association of Medical Informatics (JAMI)"/><contact><name value="FHIR Japanese implementation research working group in Japan Association of Medical Informatics (JAMI)"/><telecom><system value="url"/><value value="http://jpfhir.jp"/></telecom><telecom><system value="email"/><value value="office@hlfhir.jp"/></telecom></contact><description value="JFAGY アレルゲンコード（医薬品）"/><jurisdiction><coding><system value="urn:iso:std:iso:3166"/><code value="JP"/></coding></jurisdiction><copyright value="FHIR Japanese implementation research working group in Japan Association of Medical Informatics (JAMI)"/><caseSensitive value="true"/><content value="complete"/><count value="1"/><concept><code value="YCM000000000"/><display value="YJコード医薬品"/></concept></CodeSystem>