<?xml version="1.0" encoding="UTF-8"?><CodeSystem xmlns="http://hl7.org/fhir"><id value="jp-medication-category-merit9-cs"/><text><status value="generated"/><div xmlns="http://www.w3.org/1999/xhtml"><p>This code system http://jpfhir.jp/fhir/Common/CodeSystem/merit9-category defines the following codes:</p><table class="codes"><tr><td style="white-space:nowrap"><b>Code</b></td><td><b>Display</b></td></tr><tr><td style="white-space:nowrap">OHP<a name="jp-medication-category-merit9-cs-OHP"> </a></td><td>外来処方</td></tr><tr><td style="white-space:nowrap">OHI<a name="jp-medication-category-merit9-cs-OHI"> </a></td><td>院内処方</td></tr><tr><td style="white-space:nowrap">OHO<a name="jp-medication-category-merit9-cs-OHO"> </a></td><td>院外処方</td></tr><tr><td style="white-space:nowrap">IHP<a name="jp-medication-category-merit9-cs-IHP"> </a></td><td>入院処方</td></tr><tr><td style="white-space:nowrap">DCG<a name="jp-medication-category-merit9-cs-DCG"> </a></td><td>退院処方</td></tr><tr><td style="white-space:nowrap">ORD<a name="jp-medication-category-merit9-cs-ORD"> </a></td><td>定期処方</td></tr><tr><td style="white-space:nowrap">XTR<a name="jp-medication-category-merit9-cs-XTR"> </a></td><td>臨時処方</td></tr></table></div></text><url value="http://jpfhir.jp/fhir/Common/CodeSystem/merit9-category"/><version value="1.1.0a"/><name value="JP_MedicationCategoryMERIT9_CS"/><title value="JP Core Medication MERIT9 Category CodeSystem"/><status value="draft"/><date value="2022-09-01T00:29:56+00:00"/><publisher value="FHIR Japanese implementation research working group in Japan Association of Medical Informatics (JAMI)"/><contact><name value="FHIR Japanese implementation research working group in Japan Association of Medical Informatics (JAMI)"/><telecom><system value="url"/><value value="http://jpfhir.jp"/></telecom><telecom><system value="email"/><value value="office@hlfhir.jp"/></telecom></contact><description value="MERIT9処方区分コードのコードシステム"/><jurisdiction><coding><system value="urn:iso:std:iso:3166"/><code value="JP"/></coding></jurisdiction><copyright value="FHIR Japanese implementation research working group in Japan Association of Medical Informatics (JAMI)"/><caseSensitive value="true"/><valueSet value="http://jpfhir.jp/fhir/Common/ValueSet/JP_MedicationCategoryMERIT9_VS"/><content value="complete"/><count value="7"/><concept><code value="OHP"/><display value="外来処方"/></concept><concept><code value="OHI"/><display value="院内処方"/></concept><concept><code value="OHO"/><display value="院外処方"/></concept><concept><code value="IHP"/><display value="入院処方"/></concept><concept><code value="DCG"/><display value="退院処方"/></concept><concept><code value="ORD"/><display value="定期処方"/></concept><concept><code value="XTR"/><display value="臨時処方"/></concept></CodeSystem>