<?xml version="1.0" encoding="UTF-8"?><CodeSystem xmlns="http://hl7.org/fhir"><id value="jp-codesystem-prescription-category"/><meta><versionId value="1"/><lastUpdated value="2022-10-04T00:43:07.868+09:00"/></meta><url value="http://jpfhir.jp/fhir/ePrescription/CodeSystem/prescription-category"/><version value="1.1.2"/><name value="JP_codeSystem_prescription_category"/><status value="active"/><date value="2023-08-30T05:38:38+00:00"/><publisher value="FHIR Japanese implementation research working group in Japan Association of Medical Informatics (JAMI)"/><contact><name value="FHIR Japanese implementation research working group in Japan Association of Medical Informatics (JAMI)"/><telecom><system value="url"/><value value="http://jpfhir.jp"/></telecom><telecom><system value="email"/><value value="office@hlfhir.jp"/></telecom></contact><description value="処方箋区分コード　（01:一般処方箋、02:麻薬処方箋、03:分割一般処方）"/><jurisdiction><coding><system value="urn:iso:std:iso:3166"/><code value="JP"/></coding></jurisdiction><copyright value="Copyright FHIR Japanese implementation research working group in Japan Association of Medical Informatics (JAMI) 一般社団法人日本医療情報学会NeXEHRS課題研究会FHIR日本実装検討WG"/><caseSensitive value="false"/><content value="complete"/><count value="3"/><concept><code value="01"/><display value="一般処方箋"/></concept><concept><code value="02"/><display value="麻薬処方箋"/></concept><concept><code value="03"/><display value="分割一般処方"/></concept></CodeSystem>