<?xml version="1.0" encoding="UTF-8"?><CodeSystem xmlns="http://hl7.org/fhir"><id value="jp-procedure-outcome-cs"/><url value="http://jpfhir.jp/fhir/core/CodeSystem/JP_ProcedureOutcome_CS"/><version value="1.1.2"/><name value="JP_ProcedureOutcome_CS"/><title value="JP Core Procedure Outcome CodeSystem"/><status value="active"/><experimental value="false"/><date value="2023-06-26"/><publisher value="FHIR Japanese implementation research working group in Japan Association of Medical Informatics (JAMI)"/><contact><name value="FHIR Japanese implementation research working group in Japan Association of Medical Informatics (JAMI)"/><telecom><system value="url"/><value value="http://jpfhir.jp"/></telecom><telecom><system value="email"/><value value="office@hlfhir.jp"/></telecom></contact><description value="処置が実施されたアウトカムを示すコードシステム（より適切なコードと用語に見直し必要）"/><jurisdiction><coding><system value="urn:iso:std:iso:3166-2"/><code value="JP"/><display value="Japan"/></coding></jurisdiction><copyright value="Copyright FHIR Japanese implementation research working group in Japan Association of Medical Informatics (JAMI) 一般社団法人日本医療情報学会NeXEHRS課題研究会FHIR日本実装検討WG"/><caseSensitive value="true"/><valueSet value="http://jpfhir.jp/fhir/core/ValueSet/JP_ProcedureOutcome_VS"/><content value="complete"/><count value="3"/><concept><code value="JPPOC001"/><display value="成功"/></concept><concept><code value="JPPOC002"/><display value="不成功"/></concept><concept><code value="JPPOC003"/><display value="一部成功"/></concept></CodeSystem>