<?xml version="1.0" encoding="UTF-8"?><NamingSystem xmlns="http://hl7.org/fhir"><id value="jp-medicationusagejamiadditional-namingsystem"/><text><status value="generated"/><div xmlns="http://www.w3.org/1999/xhtml"><h3>Summary</h3><table class="grid"><tr><td>Defining URL</td><td>http://jpfhir.jp/fhir/core/NamingSystem/jp-medicationusagejamiadditional-namingsystem</td></tr><tr><td>Version</td><td>1.1.2</td></tr><tr><td>Name</td><td>JP_MedicationUsageJAMIAdditional_NamingSystem</td></tr><tr><td>Status</td><td>active</td></tr><tr><td>Definition</td><td><div><p>JP Core MedicationUsage JAMI Additional NamingSystem</p>
</div></td></tr><tr><td>Publisher</td><td>FHIR Japanese implementation research working group in Japan Association of Medical Informatics (JAMI)</td></tr><tr><td>Copyright</td><td><div><p>Copyright FHIR Japanese implementation research working group in Japan Association of Medical Informatics (JAMI) 一般社団法人日本医療情報学会NeXEHRS課題研究会FHIR日本実装検討WG</p>
</div></td></tr></table><h3>Identifiers</h3><table class="grid"><tr><td><b>Type</b></td><td><b>Value</b></td><td><b>Preferred</b></td></tr><tr><td>OID</td><td>1.2.392.200250.2.2.20.22</td><td/></tr><tr><td>URI</td><td>urn:oid:1.2.392.200250.2.2.20.22</td><td>true</td></tr><tr><td>URI</td><td>http://jpfhir.jp/fhir/core/CodeSystem/JP_MedicationUsageJAMIAdditional_CS</td><td/></tr></table></div></text><extension url="http://hl7.org/fhir/5.0/StructureDefinition/extension-NamingSystem.url"><valueUri value="http://jpfhir.jp/fhir/core/NamingSystem/jp-medicationusagejamiadditional-namingsystem"/></extension><extension url="http://hl7.org/fhir/5.0/StructureDefinition/extension-NamingSystem.version"><valueString value="1.1.2"/></extension><name value="JP_MedicationUsageJAMIAdditional_NamingSystem"/><status value="active"/><kind value="codesystem"/><date value="2023-06-26"/><publisher value="FHIR Japanese implementation research working group in Japan Association of Medical Informatics (JAMI)"/><contact><name value="FHIR Japanese implementation research working group in Japan Association of Medical Informatics (JAMI)"/><telecom><system value="url"/><value value="http://jpfhir.jp"/></telecom><telecom><system value="email"/><value value="office@hlfhir.jp"/></telecom></contact><description value="JP Core MedicationUsage JAMI Additional NamingSystem"/><jurisdiction><coding><system value="urn:iso:std:iso:3166-2"/><code value="JP"/><display value="Japan"/></coding></jurisdiction><uniqueId><type value="oid"/><value value="1.2.392.200250.2.2.20.22"/></uniqueId><uniqueId><type value="uri"/><value value="urn:oid:1.2.392.200250.2.2.20.22"/><preferred value="true"/></uniqueId><uniqueId><type value="uri"/><value value="http://jpfhir.jp/fhir/core/CodeSystem/JP_MedicationUsageJAMIAdditional_CS"/></uniqueId></NamingSystem>