"Id","Path","Slice Name","Alias(s)","Label","Min","Max","Must Support?","Is Modifier?","Is Summary?","Type(s)","Short","Definition","Comments","Requirements","Default Value","Meaning When Missing","Fixed Value","Pattern","Example","Minimum Value","Maximum Value","Maximum Length","Binding Strength","Binding Description","Binding Value Set","Code","Slicing Discriminator","Slicing Description","Slicing Ordered","Slicing Rules","Base Path","Base Min","Base Max","Condition(s)","Constraint(s)","Mapping: Workflow Pattern","Mapping: HL7 v2 Mapping","Mapping: RIM Mapping","Mapping: FiveWs Pattern Mapping"
"FamilyMemberHistory","FamilyMemberHistory","","","",0,*,"","","","","Information about patient's relatives, relevant for patient. 患者の家族に関する情報のうち、患者に関連する情報（家族歴）","Significant health conditions for a person related to the patient relevant in the context of care for the patient.

患者の診療に関連する、患者家族の疾患に関する情報。","","","","","","","","","",,,,,"",,,,"FamilyMemberHistory",0,*,"","dom-2:If the resource is contained in another resource, it SHALL NOT contain nested Resources {contained.contained.empty()}
dom-3:If the resource is contained in another resource, it SHALL be referred to from elsewhere in the resource or SHALL refer to the containing resource {contained.where((('#'+id in (%resource.descendants().reference | %resource.descendants().as(canonical) | %resource.descendants().as(uri) | %resource.descendants().as(url))) or descendants().where(reference = '#').exists() or descendants().where(as(canonical) = '#').exists() or descendants().where(as(canonical) = '#').exists()).not()).trace('unmatched', id).empty()}dom-4:If a resource is contained in another resource, it SHALL NOT have a meta.versionId or a meta.lastUpdated {contained.meta.versionId.empty() and contained.meta.lastUpdated.empty()}dom-5:If a resource is contained in another resource, it SHALL NOT have a security label {contained.meta.security.empty()}dom-6:A resource should have narrative for robust management {text.`div`.exists()}fhs-1:Can have age[x] or born[x], but not both {age.empty() or born.empty()}fhs-2:Can only have estimatedAge if age[x] is present {age.exists() or estimatedAge.empty()}","Event","Not in scope for v2","Entity. Role, or Act","Observation[classCode=OBS, moodCode=EVN]"
"FamilyMemberHistory.id","FamilyMemberHistory.id","","","",0,1,"","","Y","id {[]} {[]}
","Logical id of this artifact","The logical id of the resource, as used in the URL for the resource. Once assigned, this value never changes.","The only time that a resource does not have an id is when it is being submitted to the server using a create operation.","","","","","","","","",,,,,"",,,,"Resource.id",0,1,"",""
"FamilyMemberHistory.meta","FamilyMemberHistory.meta","","","",0,1,"","","Y","Meta {[]} {[]}
","Metadata about the resource","The metadata about the resource. This is content that is maintained by the infrastructure. Changes to the content might not always be associated with version changes to the resource.","","","","","","","","","",,,,,"",,,,"Resource.meta",0,1,"","ele-1:All FHIR elements must have a @value or children {hasValue() or (children().count() > id.count())}
"
"FamilyMemberHistory.implicitRules","FamilyMemberHistory.implicitRules","","","",0,1,"","Y","Y","uri {[]} {[]}
","A set of rules under which this content was created","A reference to a set of rules that were followed when the resource was constructed, and which must be understood when processing the content. Often, this is a reference to an implementation guide that defines the special rules along with other profiles etc.","Asserting this rule set restricts the content to be only understood by a limited set of trading partners. This inherently limits the usefulness of the data in the long term. However, the existing health eco-system is highly fractured, and not yet ready to define, collect, and exchange data in a generally computable sense. Wherever possible, implementers and/or specification writers should avoid using this element. Often, when used, the URL is a reference to an implementation guide that defines these special rules as part of it's narrative along with other profiles, value sets, etc.","","","","","","","","",,,,,"",,,,"Resource.implicitRules",0,1,"","ele-1:All FHIR elements must have a @value or children {hasValue() or (children().count() > id.count())}
"
"FamilyMemberHistory.language","FamilyMemberHistory.language","","","",0,1,"","","","code {[]} {[]}
","Language of the resource content","The base language in which the resource is written.","Language is provided to support indexing and accessibility (typically, services such as text to speech use the language tag). The html language tag in the narrative applies  to the narrative. The language tag on the resource may be used to specify the language of other presentations generated from the data in the resource. Not all the content has to be in the base language. The Resource.language should not be assumed to apply to the narrative automatically. If a language is specified, it should it also be specified on the div element in the html (see rules in HTML5 for information about the relationship between xml:lang and the html lang attribute).","","","","","","","","",,"preferred","A human language.","http://hl7.org/fhir/ValueSet/languages","",,,,"Resource.language",0,1,"","ele-1:All FHIR elements must have a @value or children {hasValue() or (children().count() > id.count())}
"
"FamilyMemberHistory.text","FamilyMemberHistory.text","","narrative
htmlxhtmldisplay","",0,1,"","","","Narrative {[]} {[]}
","Text summary of the resource, for human interpretation. このリソースを人間が解釈するためのテキスト要約。","A human-readable narrative that contains a summary of the resource and can be used to represent the content of the resource to a human. The narrative need not encode all the structured data, but is required to contain sufficient detail to make it ""clinically safe"" for a human to just read the narrative. Resource definitions may define what content should be represented in the narrative to ensure clinical safety.","Contained resources do not have narrative. Resources that are not contained SHOULD have a narrative. In some cases, a resource may only have text with little or no additional discrete data (as long as all minOccurs=1 elements are satisfied).  This may be necessary for data from legacy systems where information is captured as a ""text blob"" or where text is additionally entered raw or narrated and encoded information is added later.","","","","","","","","",,,,,"",,,,"DomainResource.text",0,1,"","ele-1:All FHIR elements must have a @value or children {hasValue() or (children().count() > id.count())}
","Act.text?"
"FamilyMemberHistory.contained","FamilyMemberHistory.contained","","inline resources
anonymous resourcescontained resources","",0,*,"","","","Resource {[]} {[]}
","Contained, inline Resources","These resources do not have an independent existence apart from the resource that contains them - they cannot be identified independently, and nor can they have their own independent transaction scope.","This should never be done when the content can be identified properly, as once identification is lost, it is extremely difficult (and context dependent) to restore it again. Contained resources may have profiles and tags In their meta elements, but SHALL NOT have security labels.","","","","","","","","",,,,,"",,,,"DomainResource.contained",0,*,"","","N/A"
"FamilyMemberHistory.extension","FamilyMemberHistory.extension","","extensions
user content","",0,*,"","","","Extension {[]} {[]}
","Additional content defined by implementations","May be used to represent additional information that is not part of the basic definition of the resource. To make the use of extensions safe and manageable, there is a strict set of governance  applied to the definition and use of extensions. Though any implementer can define an extension, there is a set of requirements that SHALL be met as part of the definition of the extension.","There can be no stigma associated with the use of extensions by any application, project, or standard - regardless of the institution or jurisdiction that uses or defines the extensions.  The use of extensions is what allows the FHIR specification to retain a core level of simplicity for everyone.","","","","","","","","",,,,,"",,,,"DomainResource.extension",0,*,"","ele-1:All FHIR elements must have a @value or children {hasValue() or (children().count() > id.count())}
ext-1:Must have either extensions or value[x], not both {extension.exists() != value.exists()}","N/A"
"FamilyMemberHistory.modifierExtension","FamilyMemberHistory.modifierExtension","","extensions
user content","",0,*,"","Y","","Extension {[]} {[]}
","Extensions that cannot be ignored","May be used to represent additional information that is not part of the basic definition of the resource and that modifies the understanding of the element that contains it and/or the understanding of the containing element's descendants. Usually modifier elements provide negation or qualification. To make the use of extensions safe and manageable, there is a strict set of governance applied to the definition and use of extensions. Though any implementer is allowed to define an extension, there is a set of requirements that SHALL be met as part of the definition of the extension. Applications processing a resource are required to check for modifier extensions.

Modifier extensions SHALL NOT change the meaning of any elements on Resource or DomainResource (including cannot change the meaning of modifierExtension itself).","There can be no stigma associated with the use of extensions by any application, project, or standard - regardless of the institution or jurisdiction that uses or defines the extensions.  The use of extensions is what allows the FHIR specification to retain a core level of simplicity for everyone.","Modifier extensions allow for extensions that *cannot* be safely ignored to be clearly distinguished from the vast majority of extensions which can be safely ignored.  This promotes interoperability by eliminating the need for implementers to prohibit the presence of extensions. For further information, see the [definition of modifier extensions](http://hl7.org/fhir/R4/extensibility.html#modifierExtension).","","","","","","","",,,,,"",,,,"DomainResource.modifierExtension",0,*,"","ele-1:All FHIR elements must have a @value or children {hasValue() or (children().count() > id.count())}
ext-1:Must have either extensions or value[x], not both {extension.exists() != value.exists()}","N/A"
"FamilyMemberHistory.identifier","FamilyMemberHistory.identifier","","","",0,*,"","","Y","Identifier {[]} {[]}
","External Id(s) for this record","Business identifiers assigned to this family member history by the performer or other systems which remain constant as the resource is updated and propagates from server to server.","This is a business identifier, not a resource identifier (see [discussion](http://hl7.org/fhir/R4/resource.html#identifiers)).  It is best practice for the identifier to only appear on a single resource instance, however business practices may occasionally dictate that multiple resource instances with the same identifier can exist - possibly even with different resource types.  For example, multiple Patient and a Person resource instance might share the same social insurance number.","Allows identification of the family member history as it is known by various participating systems and in a way that remains consistent across servers.","","","","","","","",,,,,"",,,,"FamilyMemberHistory.identifier",0,*,"","ele-1:All FHIR elements must have a @value or children {hasValue() or (children().count() > id.count())}
","Event.identifier","id","FiveWs.identifier"
"FamilyMemberHistory.instantiatesCanonical","FamilyMemberHistory.instantiatesCanonical","","","",0,*,"","","Y","canonical {[]} {[CanonicalType[http://hl7.org/fhir/StructureDefinition/PlanDefinition], CanonicalType[http://hl7.org/fhir/StructureDefinition/Questionnaire], CanonicalType[http://hl7.org/fhir/StructureDefinition/ActivityDefinition], CanonicalType[http://hl7.org/fhir/StructureDefinition/Measure], CanonicalType[http://hl7.org/fhir/StructureDefinition/OperationDefinition]]}
","Instantiates FHIR protocol or definition","The URL pointing to a FHIR-defined protocol, guideline, orderset or other definition that is adhered to in whole or in part by this FamilyMemberHistory.","","","","","","","","","",,,,,"",,,,"FamilyMemberHistory.instantiatesCanonical",0,*,"","ele-1:All FHIR elements must have a @value or children {hasValue() or (children().count() > id.count())}
","Event.instantiatesCanonical",".outboundRelationship[typeCode=DEFN].target"
"FamilyMemberHistory.instantiatesUri","FamilyMemberHistory.instantiatesUri","","","",0,*,"","","Y","uri {[]} {[]}
","Instantiates external protocol or definition","The URL pointing to an externally maintained protocol, guideline, orderset or other definition that is adhered to in whole or in part by this FamilyMemberHistory.","This might be an HTML page, PDF, etc. or could just be a non-resolvable URI identifier.","","","","","","","","",,,,,"",,,,"FamilyMemberHistory.instantiatesUri",0,*,"","ele-1:All FHIR elements must have a @value or children {hasValue() or (children().count() > id.count())}
","Event.instantiatesUri",".outboundRelationship[typeCode=DEFN].target"
"FamilyMemberHistory.status","FamilyMemberHistory.status","","","",1,1,"","Y","Y","code {[]} {[]}
","partial | completed | entered-in-error | health-unknown この家族歴の記録ステータス（部分的 | 完全 | 記録エラー | 健康状態不明）","A code specifying the status of the record of the family history of a specific family member.

家族歴の記録のステータス。記録が部分的なものか完全なものかなど。","This element is labeled as a modifier because the status contains codes that mark the resource as not currently valid.","","","","","","","","",,"required","A code that identifies the status of the family history record.","http://hl7.org/fhir/ValueSet/history-status|4.0.1","",,,,"FamilyMemberHistory.status",1,1,"","ele-1:All FHIR elements must have a @value or children {hasValue() or (children().count() > id.count())}
","Event.status","FiveWs.status"
"FamilyMemberHistory.dataAbsentReason","FamilyMemberHistory.dataAbsentReason","","","",0,1,"","","Y","CodeableConcept {[]} {[]}
","subject-unknown | withheld | unable-to-obtain | deferred この家族歴が記録されない理由(対象家族を知らない | 情報の提供を拒否 | 聞き出すことができない | 後日情報を提供できる)","Describes why the family member's history is not available.

1)subject-unknown:患者が対象の家族のことを知らない（例:患者は養子のため実親を知らない）

2)withheld:患者が家族歴の共有を拒否

3)unable-to-obtain:患者から聞き取れない（例：患者が意識不明）

4)deferred:患者は今は知らないが、後日共有するつもりである","","This is a separate element to allow it to have a distinct binding from reasonCode.","","","","","","","",,"example","Codes describing the reason why a family member's history is not available.","http://hl7.org/fhir/ValueSet/history-absent-reason","",,,,"FamilyMemberHistory.dataAbsentReason",0,1,"","ele-1:All FHIR elements must have a @value or children {hasValue() or (children().count() > id.count())}
",".reasonCode"
"FamilyMemberHistory.patient","FamilyMemberHistory.patient","","Proband
","",1,1,"","","Y","Reference {[]} {[CanonicalType[http://jpfhir.jp/fhir/core/StructureDefinition/JP_Patient]]}
","Patient history is about. この家族歴を有する患者。","The person who this history concerns.

この家族歴を有する患者。","","","","","","","","","",,,,,"",,,,"FamilyMemberHistory.patient",1,1,"","ele-1:All FHIR elements must have a @value or children {hasValue() or (children().count() > id.count())}
","Event.subject","participation[typeCode=SBJ].role","FiveWs.subject[x]","FiveWs.subject"
"FamilyMemberHistory.date","FamilyMemberHistory.date","","","",0,1,"","","Y","dateTime {[]} {[]}
","When history was recorded or last updated. この家族歴の最終更新日。","The date (and possibly time) when the family member history was recorded or last updated.

この家族歴の最終更新日。","This should be captured even if the same as the date on the List aggregating the full family history.","Allows determination of how current the summary is.","","","","","","","",,,,,"",,,,"FamilyMemberHistory.date",0,1,"","ele-1:All FHIR elements must have a @value or children {hasValue() or (children().count() > id.count())}
","participation[typeCode=AUT].time","FiveWs.recorded"
"FamilyMemberHistory.name","FamilyMemberHistory.name","","","",0,1,"","","Y","string {[]} {[]}
","The family member described. この家族の名前。","This will either be a name or a description; e.g. ""Aunt Susan"", ""my cousin with the red hair"".

対象の家族の呼び名。例えば「スーザンおばさん」「赤毛のいとこ」。","","Allows greater ease in ensuring the same person is being talked about.","","","","","","","",,,,,"",,,,"FamilyMemberHistory.name",0,1,"","ele-1:All FHIR elements must have a @value or children {hasValue() or (children().count() > id.count())}
","name"
"FamilyMemberHistory.relationship","FamilyMemberHistory.relationship","","","",1,1,"","","Y","CodeableConcept {[]} {[]}
","Relationship to the subject. この家族の患者との関係（父、母、兄弟など）","The type of relationship this person has to the patient (father, mother, brother etc.). 

この家族が患者とどのような関係か（父、母、兄弟など）","","","","","","","","","",,"example","The nature of the relationship between the patient and the related person being described in the family member history.","http://terminology.hl7.org/ValueSet/v3-FamilyMember","",,,,"FamilyMemberHistory.relationship",1,1,"","ele-1:All FHIR elements must have a @value or children {hasValue() or (children().count() > id.count())}
","code"
"FamilyMemberHistory.sex","FamilyMemberHistory.sex","","","",0,1,"","","Y","CodeableConcept {[]} {[]}
","male | female | other | unknown 性別（男性 | 女性 | その他 | 不明）","The birth sex of the family member.

この家族の出生時の性別。","This element should ideally reflect whether the individual is genetically male or female.  However, as reported information based on the knowledge of the patient or reporting friend/relative, there may be situations where the reported sex might not be totally accurate.  E.g. 'Aunt Sue' might be XY rather than XX.  Questions soliciting this information should be phrased to encourage capture of genetic sex where known.  However, systems performing analysis should also allow for the possibility of imprecision with this element.","Not all relationship codes imply sex and the relative's sex can be relevant for risk assessments.","","","","","","","",,"extensible","Codes describing the sex assigned at birth as documented on the birth registration.

出生届に記載される出生時に割り当てられた性別。","http://hl7.org/fhir/ValueSet/administrative-gender","",,,,"FamilyMemberHistory.sex",0,1,"","ele-1:All FHIR elements must have a @value or children {hasValue() or (children().count() > id.count())}
"
"FamilyMemberHistory.born[x]","FamilyMemberHistory.born[x]","","","",0,1,"","","","Period {[]} {[]}
date {[]} {[]}string {[]} {[]}","(approximate) date of birth. この家族のおよその生年月日。","The actual or approximate date of birth of the relative.

家族の実際もしくはおおよその生年月日。","","Allows calculation of the relative's age.","","","","","","","",,,,,"",,,,"FamilyMemberHistory.born[x]",0,1,"fhs-1
","ele-1:All FHIR elements must have a @value or children {hasValue() or (children().count() > id.count())}
","player[classCode=LIV, determinerCode=INSTANCE]. birthDate (could be URG)"
"FamilyMemberHistory.age[x]","FamilyMemberHistory.age[x]","","","",0,1,"","","Y","Age {[]} {[]}
Range {[]} {[]}string {[]} {[]}","(approximate) age. この家族のおよその年齢。","The age of the relative at the time the family member history is recorded.

家族歴が記録された時点でのこの家族の年齢。","use estimatedAge to indicate whether the age is actual or not.","While age can be calculated from date of birth, sometimes recording age directly is more natural for clinicians.

年齢は生年月日から計算できるが、臨床医にとっては年齢を直接記録する方が自然な場合もある。","","","","","","","",,,,,"",,,,"FamilyMemberHistory.age[x]",0,1,"fhs-1
","ele-1:All FHIR elements must have a @value or children {hasValue() or (children().count() > id.count())}
","participation[typeCode=SBJ].act[classCode=OBS,moodCode=EVN, code=""age""].value"
"FamilyMemberHistory.estimatedAge","FamilyMemberHistory.estimatedAge","","","",0,1,"","","Y","boolean {[]} {[]}
","Age is estimated? この家族の年齢は推定か？","If true, indicates that the age value specified is an estimated value.

Trueである場合この年齢は推定値である。","This element is labeled as a modifier because the fact that age is estimated can/should change the results of any algorithm that calculates based on the specified age.","Clinicians often prefer to specify an estimaged age rather than an age range.","","It is unknown whether the age is an estimate or not","","","","","",,,,,"",,,,"FamilyMemberHistory.estimatedAge",0,1,"fhs-2
","ele-1:All FHIR elements must have a @value or children {hasValue() or (children().count() > id.count())}
"
"FamilyMemberHistory.deceased[x]","FamilyMemberHistory.deceased[x]","","","",0,1,"","","Y","boolean {[]} {[]}
Age {[]} {[]}Range {[]} {[]}date {[]} {[]}string {[]} {[]}","Dead? How old/when? この家族は亡くなっているか、そうであれば何歳もしくはいつ亡くなったか。","Deceased flag or the actual or approximate age of the relative at the time of death for the family member history record.

死亡したかどうかのフラグ/家族の死亡時の実年齢/おおよその年齢。","","","","","","","","","",,,,,"",,,,"FamilyMemberHistory.deceased[x]",0,1,"","ele-1:All FHIR elements must have a @value or children {hasValue() or (children().count() > id.count())}
","player[classCode=LIV, determinerCode=INSTANCE].deceasedInd, deceasedDate (could be URG)  For age, you'd hang an observation off the role"
"FamilyMemberHistory.reasonCode","FamilyMemberHistory.reasonCode","","","",0,*,"","","Y","CodeableConcept {[]} {[]}
","Why was family member history performed? なぜ家族歴が聴取されたか（契機となった患者の疾患）","Describes why the family member history occurred in coded or textual form.

家族歴を聴取する契機となった患者の疾患をコードもしくはテキストで記述（CodeableConcept)","Textual reasons can be captured using reasonCode.text.","","","","","","","","",,"example","Codes indicating why the family member history was done.","http://hl7.org/fhir/ValueSet/clinical-findings","",,,,"FamilyMemberHistory.reasonCode",0,*,"","ele-1:All FHIR elements must have a @value or children {hasValue() or (children().count() > id.count())}
","Event.reasonCode",".reasonCode","FiveWs.why[x]"
"FamilyMemberHistory.reasonReference","FamilyMemberHistory.reasonReference","","","",0,*,"","","Y","Reference {[]} {[CanonicalType[http://hl7.org/fhir/StructureDefinition/QuestionnaireResponse], CanonicalType[http://hl7.org/fhir/StructureDefinition/DocumentReference], CanonicalType[http://jpfhir.jp/fhir/core/StructureDefinition/JP_AllergyIntolerance], CanonicalType[http://jpfhir.jp/fhir/core/StructureDefinition/JP_Condition], CanonicalType[http://jpfhir.jp/fhir/core/StructureDefinition/JP_Observation_Common], CanonicalType[http://jpfhir.jp/fhir/core/StructureDefinition/JP_DiagnosticReport_Common]]}
","Why was family member history performed? なぜ家族歴が聴取されたか（契機となったFHIRリソース）","Indicates a JP_Condition, JP_Observation, JP_AllergyIntolerance, or JP_QuestionnaireResponse JP_Observation_Common, or JP_DiagnosticReport_Common that justifies this family member history event.

この家族歴が聴取されたきっかけとなったFHIRリソースへの参照。","","","","","","","","","",,,,,"",,,,"FamilyMemberHistory.reasonReference",0,*,"","ele-1:All FHIR elements must have a @value or children {hasValue() or (children().count() > id.count())}
","Event.reasonReference",".outboundRelationship[typeCode=RSON].target","FiveWs.why[x]"
"FamilyMemberHistory.note","FamilyMemberHistory.note","","","",0,*,"","","","Annotation {[]} {[]}
","General note about related person. この家族に関するメモ。","This property allows a non condition-specific note to the made about the related person. Ideally, the note would be in the condition property, but this is not always possible.

この家族に関するメモ。","","","","","","","","","",,,,,"",,,,"FamilyMemberHistory.note",0,*,"","ele-1:All FHIR elements must have a @value or children {hasValue() or (children().count() > id.count())}
","Event.note","inboundRelationship[typeCode=SUBJ].source[classCode=OBS, moodCode=EVN, code=ActCode#ANNGEN].value"
"FamilyMemberHistory.condition","FamilyMemberHistory.condition","","","",0,*,"","","","BackboneElement {[]} {[]}
","Condition that the related person had. この家族が有する疾患。","The significant Conditions (or condition) that the family member had. This is a repeating section to allow a system to represent more than one condition per resource, though there is nothing stopping multiple resources - one per condition.

この家族が持っていた疾患。","","","","","","","","","",,,,,"",,,,"FamilyMemberHistory.condition",0,*,"","ele-1:All FHIR elements must have a @value or children {hasValue() or (children().count() > id.count())}
","inboundRelationship[typeCode=SUBJ].source[classCode=OBS, moodCode=EVN, code=ActCode#ASSERTION, value<Diagnosis]"
"FamilyMemberHistory.condition.id","FamilyMemberHistory.condition.id","","","",0,1,"","","","string {[]} {[]}
","Unique id for inter-element referencing","Unique id for the element within a resource (for internal references). This may be any string value that does not contain spaces.","","","","","","","","","",,,,,"",,,,"Element.id",0,1,"","","n/a"
"FamilyMemberHistory.condition.extension","FamilyMemberHistory.condition.extension","","extensions
user content","",0,*,"","","","Extension {[]} {[]}
","Additional content defined by implementations","May be used to represent additional information that is not part of the basic definition of the element. To make the use of extensions safe and manageable, there is a strict set of governance  applied to the definition and use of extensions. Though any implementer can define an extension, there is a set of requirements that SHALL be met as part of the definition of the extension.","There can be no stigma associated with the use of extensions by any application, project, or standard - regardless of the institution or jurisdiction that uses or defines the extensions.  The use of extensions is what allows the FHIR specification to retain a core level of simplicity for everyone.","","","","","","","","",,,,,"",,,,"Element.extension",0,*,"","ele-1:All FHIR elements must have a @value or children {hasValue() or (children().count() > id.count())}
ext-1:Must have either extensions or value[x], not both {extension.exists() != value.exists()}","n/a"
"FamilyMemberHistory.condition.modifierExtension","FamilyMemberHistory.condition.modifierExtension","","extensions
user contentmodifiers","",0,*,"","Y","Y","Extension {[]} {[]}
","Extensions that cannot be ignored even if unrecognized","May be used to represent additional information that is not part of the basic definition of the element and that modifies the understanding of the element in which it is contained and/or the understanding of the containing element's descendants. Usually modifier elements provide negation or qualification. To make the use of extensions safe and manageable, there is a strict set of governance applied to the definition and use of extensions. Though any implementer can define an extension, there is a set of requirements that SHALL be met as part of the definition of the extension. Applications processing a resource are required to check for modifier extensions.

Modifier extensions SHALL NOT change the meaning of any elements on Resource or DomainResource (including cannot change the meaning of modifierExtension itself).","There can be no stigma associated with the use of extensions by any application, project, or standard - regardless of the institution or jurisdiction that uses or defines the extensions.  The use of extensions is what allows the FHIR specification to retain a core level of simplicity for everyone.","Modifier extensions allow for extensions that *cannot* be safely ignored to be clearly distinguished from the vast majority of extensions which can be safely ignored.  This promotes interoperability by eliminating the need for implementers to prohibit the presence of extensions. For further information, see the [definition of modifier extensions](http://hl7.org/fhir/R4/extensibility.html#modifierExtension).","","","","","","","",,,,,"",,,,"BackboneElement.modifierExtension",0,*,"","ele-1:All FHIR elements must have a @value or children {hasValue() or (children().count() > id.count())}
ext-1:Must have either extensions or value[x], not both {extension.exists() != value.exists()}","N/A"
"FamilyMemberHistory.condition.code","FamilyMemberHistory.condition.code","","","",1,1,"","","","CodeableConcept {[]} {[]}
","Condition suffered by relation. この家族の疾患。","The actual condition specified. Could be a coded condition (like MI or Diabetes) or a less specific string like 'cancer' depending on how much is known about the condition and the capabilities of the creating system.

この疾患について知られている程度や作成システムの能力に応じて、コード化された状態（MIや糖尿病など）、または「がん」のようなあまり特定されない文字列になる可能性がある。","","","","","","","","","",,"example","Identification of the Condition or diagnosis.","http://hl7.org/fhir/ValueSet/condition-code","",,,,"FamilyMemberHistory.condition.code",1,1,"","ele-1:All FHIR elements must have a @value or children {hasValue() or (children().count() > id.count())}
",".value"
"FamilyMemberHistory.condition.outcome","FamilyMemberHistory.condition.outcome","","","",0,1,"","","","CodeableConcept {[]} {[]}
","deceased | permanent disability | etc. この疾患のアウトカム（死亡 | 後遺障害 | その他）","Indicates what happened following the condition. If the condition resulted in death, deceased date is captured on the relation.

その状態の後に何が起こったかを示す。その結果、死亡した場合は、死亡した日付が関連に記録される。","","","","","","","","","",,"example","The result of the condition for the patient; e.g. death, permanent disability, temporary disability, etc.","http://hl7.org/fhir/ValueSet/condition-outcome","",,,,"FamilyMemberHistory.condition.outcome",0,1,"","ele-1:All FHIR elements must have a @value or children {hasValue() or (children().count() > id.count())}
","outboundRelationship[typeCode=OUTC)].target[classCode=OBS, moodCode=EVN, code=ActCode#ASSERTION].value"
"FamilyMemberHistory.condition.contributedToDeath","FamilyMemberHistory.condition.contributedToDeath","","","",0,1,"","","","boolean {[]} {[]}
","Whether the condition contributed to the cause of death. この疾患が死亡の原因となったかどうか。","This condition contributed to the cause of death of the related person. If contributedToDeath is not populated, then it is unknown.

この疾患が家族の死亡に寄与したかどうかのフラグ。入力されていない場合は、不明である。","","","","","","","","","",,,,,"",,,,"FamilyMemberHistory.condition.contributedToDeath",0,1,"","ele-1:All FHIR elements must have a @value or children {hasValue() or (children().count() > id.count())}
"
"FamilyMemberHistory.condition.onset[x]","FamilyMemberHistory.condition.onset[x]","","","",0,1,"","","","Age {[]} {[]}
Range {[]} {[]}Period {[]} {[]}string {[]} {[]}","When condition first manifested. この疾患のオンセット。","Either the age of onset, range of approximate age or descriptive string can be recorded. For conditions with multiple occurrences, this describes the first known occurrence.

発症年齢、おおよその年齢範囲、記述文字列のいずれかを記録する。複数回発生する疾患については、最初に知られている発生を記述する。","","Age of onset of a condition in relatives is predictive of risk for the patient.","","","","","","","",,,,,"",,,,"FamilyMemberHistory.condition.onset[x]",0,1,"","ele-1:All FHIR elements must have a @value or children {hasValue() or (children().count() > id.count())}
","inboundRelationship[typeCode=SUBJ].source[classCode=OBS, moodCode=EVN, code=""Subject Age at measurement"", value<Diagnosis].value[@xsi:typeCode='TS' or 'IVL_TS']  Use originalText for string"
"FamilyMemberHistory.condition.note","FamilyMemberHistory.condition.note","","","",0,*,"","","","Annotation {[]} {[]}
","Extra information about condition. この疾患についての追加の情報メモ。","An area where general notes can be placed about this specific condition.

この疾患についての一般的なメモ。","","","","","","","","","",,,,,"",,,,"FamilyMemberHistory.condition.note",0,*,"","ele-1:All FHIR elements must have a @value or children {hasValue() or (children().count() > id.count())}
","inboundRelationship[typeCode=SUBJ].source[classCode=OBS, moodCode=EVN, code=ActCode#ANNGEN].value"
