<?xml version="1.0" encoding="UTF-8"?>

<CodeSystem xmlns="http://hl7.org/fhir">
  <id value="jp-medication-ingredientstrength-strengthtype-cs"/>
  <text>
    <status value="generated"/><div xmlns="http://www.w3.org/1999/xhtml"><p>This code system http://jpfhir.jp/fhir/Common/CodeSystem/JP_MedicationIngredientStrengthStrengthType_CS defines the following codes:</p><table class="codes"><tr><td style="white-space:nowrap"><b>Code</b></td><td><b>Display</b></td></tr><tr><td style="white-space:nowrap">1<a name="jp-medication-ingredientstrength-strengthtype-cs-1"> </a></td><td>製剤量</td></tr><tr><td style="white-space:nowrap">2<a name="jp-medication-ingredientstrength-strengthtype-cs-2"> </a></td><td>原薬量</td></tr></table></div>
  </text>
  <url value="http://jpfhir.jp/fhir/Common/CodeSystem/JP_MedicationIngredientStrengthStrengthType_CS"/>
  <version value="1.1.0a"/>
  <name value="JP_MedicationIngredientStrengthStrengthType_CS"/>
  <title value="JP Core Medication IngredientStrength StrengthType"/>
  <status value="draft"/>
  <date value="2022-08-17T11:36:12+00:00"/>
  <publisher value="FHIR Japanese implementation research working group in Japan Association of Medical Informatics (JAMI)"/>
  <contact>
    <name value="FHIR Japanese implementation research working group in Japan Association of Medical Informatics (JAMI)"/>
    <telecom>
      <system value="url"/>
      <value value="http://jpfhir.jp"/>
    </telecom>
    <telecom>
      <system value="email"/>
      <value value="office@hlfhir.jp"/>
    </telecom>
  </contact>
  <description value="力価区分"/>
  <jurisdiction>
    <coding>
      <system value="urn:iso:std:iso:3166"/>
      <code value="JP"/>
    </coding>
  </jurisdiction>
  <copyright value="FHIR Japanese implementation research working group in Japan Association of Medical Informatics (JAMI)"/>
  <caseSensitive value="true"/>
  <content value="complete"/>
  <count value="2"/>
  <concept>
    <code value="1"/>
    <display value="製剤量"/>
  </concept>
  <concept>
    <code value="2"/>
    <display value="原薬量"/>
  </concept>
</CodeSystem>