<?xml version="1.0" encoding="UTF-8"?>

<CodeSystem xmlns="http://hl7.org/fhir">
  <id value="jp-medicationcode-hot7-cs"/>
  <url value="urn:oid:1.2.392.200119.4.403.2"/>
  <identifier>
    <system value="urn:ietf:rfc:3986"/>
    <value value="$JP_MedicationCodeHOT7_CS"/>
  </identifier>
  <version value="1.1.0a"/>
  <name value="JP_MedicationCodeHOT7_CS"/>
  <title value="JP Core MedicationCode HOT7 CodeSystem"/>
  <status value="active"/>
  <experimental value="false"/>
  <date value="2022-09-26"/>
  <publisher value="FHIR Japanese implementation research working group in Japan Association of Medical Informatics (JAMI)"/>
  <contact>
    <name value="FHIR Japanese implementation research working group in Japan Association of Medical Informatics (JAMI)"/>
    <telecom>
      <system value="url"/>
      <value value="http://jpfhir.jp"/>
    </telecom>
    <telecom>
      <system value="email"/>
      <value value="office@hlfhir.jp"/>
    </telecom>
  </contact>
  <description value="医薬品HOT7コードのコードシステム"/>
  <jurisdiction>
    <coding>
      <system value="urn:iso:std:iso:3166"/>
      <code value="JP"/>
    </coding>
  </jurisdiction>
  <copyright value="FHIR Japanese implementation research working group in Japan Association of Medical Informatics (JAMI)"/>
  <caseSensitive value="true"/>
  <content value="fragment"/>
</CodeSystem>