<?xml version="1.0" encoding="UTF-8"?>

<CodeSystem xmlns="http://hl7.org/fhir">
  <id value="jp-medication-example-linecomment-cs"/>
  <url value="http://jpfhir.jp/fhir/Examples/CodeSystem/JP_MedicationAdministrationDosageLineComment_CS"/>
  <version value="1.1.0a"/>
  <name value="JP_MedicationExampleLineComment_CS"/>
  <title value="JP Core Medication Example LineComment CodeSystem"/>
  <status value="active"/>
  <experimental value="true"/>
  <date value="2022-09-26"/>
  <publisher value="FHIR Japanese implementation research working group in Japan Association of Medical Informatics (JAMI)"/>
  <contact>
    <name value="FHIR Japanese implementation research working group in Japan Association of Medical Informatics (JAMI)"/>
    <telecom>
      <system value="url"/>
      <value value="http://jpfhir.jp"/>
    </telecom>
    <telecom>
      <system value="email"/>
      <value value="office@hlfhir.jp"/>
    </telecom>
  </contact>
  <description value="注射ラインコメントのコードシステム例"/>
  <jurisdiction>
    <coding>
      <system value="urn:iso:std:iso:3166"/>
      <code value="JP"/>
    </coding>
  </jurisdiction>
  <copyright value="FHIR Japanese implementation research working group in Japan Association of Medical Informatics (JAMI)"/>
  <caseSensitive value="true"/>
  <content value="example"/>
  <concept>
    <code value="01"/>
    <display value="末梢キープ"/>
  </concept>
  <concept>
    <code value="02"/>
    <display value="生食ロック"/>
  </concept>
  <concept>
    <code value="03"/>
    <display value="ヘパリンロック"/>
  </concept>
</CodeSystem>