<?xml version="1.0" encoding="UTF-8"?>

<MedicationAdministration xmlns="http://hl7.org/fhir">
  <id value="jp-medicationadministration-example-1"/>
  <meta>
    <profile value="http://jpfhir.jp/fhir/core/StructureDefinition/JP_MedicationAdministration"/>
  </meta>
  <text>
    <status value="extensions"/><div xmlns="http://www.w3.org/1999/xhtml"><p><b>Generated Narrative: MedicationAdministration</b><a name="jp-medicationadministration-example-1"> </a></p><div style="display: inline-block; background-color: #d9e0e7; padding: 6px; margin: 4px; border: 1px solid #8da1b4; border-radius: 5px; line-height: 60%"><p style="margin-bottom: 0px">Resource MedicationAdministration "jp-medicationadministration-example-1" </p><p style="margin-bottom: 0px">Profile: <a href="StructureDefinition-jp-medicationadministration.html">JP Core MedicationAdministration Profile</a></p></div><p><b>JP Core MedicationAdministration RequestDepartment Extension</b>: 内科 <span style="background: LightGoldenRodYellow; margin: 4px; border: 1px solid khaki"> (unknown#01)</span></p><p><b>JP Core MedicationAdministration Requester Extension</b>: <a href="Practitioner-jp-practitioner-example-female-1.html">Practitioner/jp-practitioner-example-female-1: 東京 春子</a> " 東京"</p><p><b>JP Core MedicationAdministration RequestAuthoredOn Extension</b>: 2016-08-25 12:00:00+0900</p><p><b>JP Core MedicationAdministration Location Extension</b>: <a href="Location-jp-location-example-ward.html">Location/jp-location-example-ward: 09A病棟 021病室 4ベッド</a> "09A病棟 021病室 4ベッド"</p><p><b>identifier</b>: id: 1, id: 1, id: 1234567890.1.1</p><p><b>status</b>: completed</p><p><b>category</b>: Inpatient Order <span style="background: LightGoldenRodYellow; margin: 4px; border: 1px solid khaki"> (<a href="http://terminology.hl7.org/4.0.0/CodeSystem-v2-0482.html">orderType</a>#I)</span></p><p><b>medication</b>: ムコダイン錠２５０ｍｇ <span style="background: LightGoldenRodYellow; margin: 4px; border: 1px solid khaki"> (unknown#103835401)</span></p><p><b>subject</b>: <a href="Patient-jp-patient-example-1.html">Patient/jp-patient-example-1</a> " 山田"</p><p><b>effective</b>: 2016-08-25 08:30:00+0900</p><h3>Performers</h3><table class="grid"><tr><td>-</td><td><b>Function</b></td><td><b>Actor</b></td></tr><tr><td>*</td><td>Performer <span style="background: LightGoldenRodYellow; margin: 4px; border: 1px solid khaki"> (<a href="http://terminology.hl7.org/4.0.0/CodeSystem-med-admin-perform-function.html">MedicationAdministration Performer Function Codes</a>#performer)</span></td><td><a href="Practitioner-jp-practitioner-example-female-1.html">Practitioner/jp-practitioner-example-female-1: 福岡 花子</a> " 東京"</td></tr></table><p><b>request</b>: <a href="MedicationRequest-jp-medicationrequest-example-1.html">MedicationRequest/jp-medicationrequest-example-1</a></p><h3>Dosages</h3><table class="grid"><tr><td>-</td><td><b>Route</b></td><td><b>Method</b></td><td><b>Dose</b></td></tr><tr><td>*</td><td>経口 <span style="background: LightGoldenRodYellow; margin: 4px; border: 1px solid khaki"> (unknown#10)</span></td><td>内服 <span style="background: LightGoldenRodYellow; margin: 4px; border: 1px solid khaki"> (unknown#1)</span></td><td>1 錠<span style="background: LightGoldenRodYellow"> (Details: urn:oid:1.2.392.100495.20.2.101 code TAB = '錠')</span></td></tr></table></div>
  </text>
  <extension url="http://jpfhir.jp/fhir/core/Extension/StructureDefinition/JP_MedicationAdministration_RequestDepartment">
    <valueCodeableConcept>
      <coding>
        <system value="urn:oid:1.2.392.200250.2.2.2"/>
        <code value="01"/>
        <display value="内科"/>
      </coding>
    </valueCodeableConcept>
  </extension>
  <extension url="http://jpfhir.jp/fhir/core/Extension/StructureDefinition/JP_MedicationAdministration_Requester">
    <valueReference>
      <reference value="Practitioner/jp-practitioner-example-female-1"/>
      <display value="東京 春子"/>
    </valueReference>
  </extension>
  <extension url="http://jpfhir.jp/fhir/core/Extension/StructureDefinition/JP_MedicationAdministration_RequestAuthoredOn">
    <valueDateTime value="2016-08-25T00:00:00+09:00"/>
  </extension>
  <extension url="http://jpfhir.jp/fhir/core/Extension/StructureDefinition/JP_MedicationAdministration_Location">
    <valueReference>
      <reference value="Location/jp-location-example-ward"/>
      <display value="09A病棟 021病室 4ベッド"/>
    </valueReference>
  </extension>
  <identifier>
    <system value="urn:oid:1.2.392.100495.20.3.81"/>
    <value value="1"/>
  </identifier>
  <identifier>
    <system value="urn:oid:1.2.392.100495.20.3.82"/>
    <value value="1"/>
  </identifier>
  <identifier>
    <system value="http://jpfhir.jp/fhir/core/IdSystem/resourceInstance-identifier"/>
    <value value="1234567890.1.1"/>
  </identifier>
  <status value="completed"/>
  <category>
    <coding>
      <system value="http://terminology.hl7.org/CodeSystem/v2-0482"/>
      <code value="I"/>
      <display value="Inpatient Order"/>
    </coding>
  </category>
  <medicationCodeableConcept>
    <coding>
      <system value="urn:oid:1.2.392.200119.4.403.1"/>
      <code value="103835401"/>
      <display value="ムコダイン錠２５０ｍｇ"/>
    </coding>
  </medicationCodeableConcept>
  <subject>
    <reference value="Patient/jp-patient-example-1"/>
  </subject>
  <effectiveDateTime value="2016-08-25T08:30:00+09:00"/>
  <performer>
    <function>
      <coding>
        <system value="http://terminology.hl7.org/CodeSystem/med-admin-perform-function"/>
        <code value="performer"/>
        <display value="Performer"/>
      </coding>
    </function>
    <actor>
      <reference value="Practitioner/jp-practitioner-example-female-1"/>
      <display value="福岡 花子"/>
    </actor>
  </performer>
  <request>
    <reference value="MedicationRequest/jp-medicationrequest-example-1"/>
  </request>
  <dosage>
    <route>
      <coding>
        <system value="urn:oid:1.2.392.200250.2.2.20.40"/>
        <code value="10"/>
        <display value="経口"/>
      </coding>
    </route>
    <method>
      <coding>
        <system value="urn:oid:1.2.392.200250.2.2.20.30"/>
        <code value="1"/>
        <display value="内服"/>
      </coding>
    </method>
    <dose>
      <value value="1"/>
      <unit value="錠"/>
      <system value="urn:oid:1.2.392.100495.20.2.101"/>
      <code value="TAB"/>
    </dose>
  </dosage>
</MedicationAdministration>