<?xml version="1.0" encoding="UTF-8"?>

<MedicationAdministration xmlns="http://hl7.org/fhir">
  <id value="jp-medicationadministration-injection-example-1"/>
  <meta>
    <profile value="http://jpfhir.jp/fhir/core/StructureDefinition/JP_MedicationAdministration_Injection"/>
  </meta>
  <text>
    <status value="extensions"/><div xmlns="http://www.w3.org/1999/xhtml"><p><b>Generated Narrative: MedicationAdministration</b><a name="jp-medicationadministration-injection-example-1"> </a></p><div style="display: inline-block; background-color: #d9e0e7; padding: 6px; margin: 4px; border: 1px solid #8da1b4; border-radius: 5px; line-height: 60%"><p style="margin-bottom: 0px">Resource MedicationAdministration "jp-medicationadministration-injection-example-1" </p><p style="margin-bottom: 0px">Profile: <a href="StructureDefinition-jp-medicationadministration-injection.html">JP Core MedicationAdministration Injection Profile</a></p></div><p><b>JP Core MedicationAdministration RequestDepartment Extension</b>: 内科 <span style="background: LightGoldenRodYellow; margin: 4px; border: 1px solid khaki"> (unknown#01)</span></p><p><b>JP Core MedicationAdministration Requester Extension</b>: <a href="Practitioner-jp-practitioner-example-male-1.html">Practitioner/jp-practitioner-example-male-1: 大阪 一郎</a> " 大阪"</p><p><b>JP Core MedicationAdministration RequestAuthoredOn Extension</b>: 2016-07-01 12:00:00+0900</p><p><b>JP Core MedicationAdministration Location Extension</b>: <a href="Location-jp-location-example-ward.html">Location/jp-location-example-ward: 09A病棟 021病室 4ベッド</a> "09A病棟 021病室 4ベッド"</p><p><b>identifier</b>: id: 1, id: 1234567890.1</p><p><b>status</b>: completed</p><p><b>category</b>: Inpatient Order <span style="background: LightGoldenRodYellow; margin: 4px; border: 1px solid khaki"> (<a href="http://terminology.hl7.org/4.0.0/CodeSystem-v2-0482.html">orderType</a>#I)</span></p><p><b>medication</b>: <a name="jp-medicationadministration-injection-medication-example-1"> </a></p><blockquote><p></p><p><a name="jp-medicationadministration-injection-medication-example-1"> </a></p><p><b>status</b>: active</p><h3>Ingredients</h3><table class="grid"><tr><td>-</td><td><b>Item[x]</b></td><td><b>Strength</b></td></tr><tr><td>*</td><td>ホリゾン注射液１０ｍｇ <span style="background: LightGoldenRodYellow; margin: 4px; border: 1px solid khaki"> (unknown#100558502)</span></td><td>1 アンプル<span style="background: LightGoldenRodYellow"> (Details: urn:oid:1.2.392.100495.20.2.101 code AMP = 'アンプル')</span>/1 回<span style="background: LightGoldenRodYellow"> (Details: urn:oid:1.2.392.100495.20.2.101 code TIME = '回')</span></td></tr></table></blockquote><p><b>subject</b>: <a href="Patient-jp-patient-example-1.html">Patient/jp-patient-example-1</a> " 山田"</p><p><b>effective</b>: 2016-07-01 10:05:21+0900 --&gt; 2016-07-01 10:05:21+0900</p><h3>Performers</h3><table class="grid"><tr><td>-</td><td><b>Function</b></td><td><b>Actor</b></td></tr><tr><td>*</td><td>Performer <span style="background: LightGoldenRodYellow; margin: 4px; border: 1px solid khaki"> (<a href="http://terminology.hl7.org/4.0.0/CodeSystem-med-admin-perform-function.html">MedicationAdministration Performer Function Codes</a>#performer)</span></td><td><a href="Practitioner-jp-practitioner-example-male-1.html">Practitioner/jp-practitioner-example-male-1: 愛知 太郎</a> " 大阪"</td></tr></table><p><b>request</b>: <a href="MedicationRequest-jp-medicationrequest-injection-example-1.html">MedicationRequest/jp-medicationrequest-injection-example-1</a></p><h3>Dosages</h3><table class="grid"><tr><td>-</td><td><b>Extension</b></td><td><b>Site</b></td><td><b>Route</b></td><td><b>Method</b></td><td><b>Dose</b></td></tr><tr><td>*</td><td></td><td> <span style="background: LightGoldenRodYellow; margin: 4px; border: 1px solid khaki"> ()</span></td><td>Intravenous <span style="background: LightGoldenRodYellow; margin: 4px; border: 1px solid khaki"> (<a href="http://terminology.hl7.org/4.0.0/CodeSystem-v2-0162.html">routeOfAdministration</a>#IV)</span></td><td>注射 <span style="background: LightGoldenRodYellow; margin: 4px; border: 1px solid khaki"> (unknown#3)</span></td><td>2 mL<span style="background: LightGoldenRodYellow"> (Details: UCUM code mL = 'mL')</span></td></tr></table></div>
  </text>
  <contained>
    <Medication>
      <id value="jp-medicationadministration-injection-medication-example-1"/>
      <meta>
        <profile value="http://jpfhir.jp/fhir/core/StructureDefinition/JP_Medication"/>
      </meta>
      <status value="active"/>
      <ingredient>
        <itemCodeableConcept>
          <coding>
            <system value="urn:oid:1.2.392.200119.4.403.1"/>
            <code value="100558502"/>
            <display value="ホリゾン注射液１０ｍｇ"/>
          </coding>
        </itemCodeableConcept>
        <strength>
          <numerator>
            <value value="1"/>
            <unit value="アンプル"/>
            <system value="urn:oid:1.2.392.100495.20.2.101"/>
            <code value="AMP"/>
          </numerator>
          <denominator>
            <value value="1"/>
            <unit value="回"/>
            <system value="urn:oid:1.2.392.100495.20.2.101"/>
            <code value="TIME"/>
          </denominator>
        </strength>
      </ingredient>
    </Medication>
  </contained>
  <contained>
    <BodyStructure>
      <id value="jp-medicationadministration-injection-bodystructure-example-1"/>
      <location>
        <coding>
          <system value="http://terminology.hl7.org/CodeSystem/v2-0550"/>
          <code value="ARM"/>
          <display value="Arm"/>
        </coding>
      </location>
      <locationQualifier>
        <coding>
          <system value="http://terminology.hl7.org/CodeSystem/v2-0495"/>
          <code value="R"/>
          <display value="Right"/>
        </coding>
      </locationQualifier>
      <patient>
        <reference value="Patient/jp-patient-example-1"/>
      </patient>
    </BodyStructure>
  </contained>
  <extension url="http://jpfhir.jp/fhir/core/Extension/StructureDefinition/JP_MedicationAdministration_RequestDepartment">
    <valueCodeableConcept>
      <coding>
        <system value="urn:oid:1.2.392.200250.2.2.2"/>
        <code value="01"/>
        <display value="内科"/>
      </coding>
    </valueCodeableConcept>
  </extension>
  <extension url="http://jpfhir.jp/fhir/core/Extension/StructureDefinition/JP_MedicationAdministration_Requester">
    <valueReference>
      <reference value="Practitioner/jp-practitioner-example-male-1"/>
      <display value="大阪 一郎"/>
    </valueReference>
  </extension>
  <extension url="http://jpfhir.jp/fhir/core/Extension/StructureDefinition/JP_MedicationAdministration_RequestAuthoredOn">
    <valueDateTime value="2016-07-01T00:00:00+09:00"/>
  </extension>
  <extension url="http://jpfhir.jp/fhir/core/Extension/StructureDefinition/JP_MedicationAdministration_Location">
    <valueReference>
      <reference value="Location/jp-location-example-ward"/>
      <display value="09A病棟 021病室 4ベッド"/>
    </valueReference>
  </extension>
  <identifier>
    <system value="urn:oid:1.2.392.100495.20.3.81"/>
    <value value="1"/>
  </identifier>
  <identifier>
    <system value="http://jpfhir.jp/fhir/core/IdSystem/resourceInstance-identifier"/>
    <value value="1234567890.1"/>
  </identifier>
  <status value="completed"/>
  <category>
    <coding>
      <system value="http://terminology.hl7.org/CodeSystem/v2-0482"/>
      <code value="I"/>
      <display value="Inpatient Order"/>
    </coding>
  </category>
  <medicationReference>
    <reference value="#jp-medicationadministration-injection-medication-example-1"/>
  </medicationReference>
  <subject>
    <reference value="Patient/jp-patient-example-1"/>
  </subject>
  <effectivePeriod>
    <start value="2016-07-01T10:05:21+09:00"/>
    <end value="2016-07-01T10:05:21+09:00"/>
  </effectivePeriod>
  <performer>
    <function>
      <coding>
        <system value="http://terminology.hl7.org/CodeSystem/med-admin-perform-function"/>
        <code value="performer"/>
        <display value="Performer"/>
      </coding>
    </function>
    <actor>
      <reference value="Practitioner/jp-practitioner-example-male-1"/>
      <display value="愛知 太郎"/>
    </actor>
  </performer>
  <request>
    <reference value="MedicationRequest/jp-medicationrequest-injection-example-1"/>
  </request>
  <dosage>
    <extension url="http://jpfhir.jp/fhir/core/Extension/StructureDefinition/JP_MedicationDosage_DosageComment">
      <valueString value="痙攣が発生したため、主治医に確認の上実施しました"/>
    </extension>
    <site>
      <extension url="http://hl7.org/fhir/StructureDefinition/bodySite">
        <valueReference>
          <reference value="#jp-medicationadministration-injection-bodystructure-example-1"/>
          <display value="右腕"/>
        </valueReference>
      </extension>
      <extension url="http://jpfhir.jp/fhir/core/Extension/StructureDefinition/JP_MedicationDosage_SiteComment">
        <valueString value="左利きのため"/>
      </extension>
    </site>
    <route>
      <coding>
        <system value="http://terminology.hl7.org/CodeSystem/v2-0162"/>
        <code value="IV"/>
        <display value="Intravenous"/>
      </coding>
    </route>
    <method>
      <extension url="http://jpfhir.jp/fhir/core/Extension/StructureDefinition/JP_MedicationDosage_MethodComment">
        <valueString value="１分ほどかけて緩徐に行いました"/>
      </extension>
      <coding>
        <system value="urn:oid:1.2.392.200250.2.2.20.30"/>
        <code value="3"/>
        <display value="注射"/>
      </coding>
    </method>
    <dose>
      <value value="2"/>
      <unit value="mL"/>
      <system value="http://unitsofmeasure.org"/>
      <code value="mL"/>
    </dose>
  </dosage>
</MedicationAdministration>