<?xml version="1.0" encoding="UTF-8"?><CodeSystem xmlns="http://hl7.org/fhir"><id value="jp-procedure-followup-cs"/><url value="http://jpfhir.jp/fhir/core/CodeSystem/JP_Undefined_CS"/><version value="1.1.0a"/><name value="JP_ProcedureFollowUp_CS"/><title value="JP Core Procedure Follow Up CodeSystem"/><status value="active"/><experimental value="false"/><date value="2022-09-26"/><publisher value="FHIR Japanese implementation research working group in Japan Association of Medical Informatics (JAMI)"/><contact><name value="FHIR Japanese implementation research working group in Japan Association of Medical Informatics (JAMI)"/><telecom><system value="url"/><value value="http://jpfhir.jp"/></telecom><telecom><system value="email"/><value value="office@hlfhir.jp"/></telecom></contact><description value="処置のフォローアップとして実施される処置のコード（未使用）"/><jurisdiction><coding><system value="urn:iso:std:iso:3166"/><code value="JP"/></coding></jurisdiction><copyright value="FHIR Japanese implementation research working group in Japan Association of Medical Informatics (JAMI)"/><caseSensitive value="true"/><content value="complete"/></CodeSystem>