<?xml version="1.0" encoding="UTF-8"?><CodeSystem xmlns="http://hl7.org/fhir"><id value="jp-medication-instruction-for-dispense-jhsp0002-cs"/><url value="http://jpfhir.jp/fhir/core/CodeSystem/JHSP0002"/><version value="1.1.0a"/><name value="JP_MedicationInstructionForDispenseJHSP0002_CS"/><title value="JP Core Medication JHSP0002 Instruction For Dispense CodeSystem"/><status value="active"/><experimental value="false"/><date value="2022-09-26"/><publisher value="FHIR Japanese implementation research working group in Japan Association of Medical Informatics (JAMI)"/><contact><name value="FHIR Japanese implementation research working group in Japan Association of Medical Informatics (JAMI)"/><telecom><system value="url"/><value value="http://jpfhir.jp"/></telecom><telecom><system value="email"/><value value="office@hlfhir.jp"/></telecom></contact><description value="JAHIS処方データ交換規約Ver.3.0C JHSP表0002調剤特別指示のコードシステム"/><jurisdiction><coding><system value="urn:iso:std:iso:3166"/><code value="JP"/></coding></jurisdiction><copyright value="FHIR Japanese implementation research working group in Japan Association of Medical Informatics (JAMI)"/><caseSensitive value="true"/><valueSet value="http://jpfhir.jp/fhir/Examples/ValueSet/JP_MedicationInstructionForDispenseJHSP0002_VS"/><content value="complete"/><count value="4"/><concept><code value="A"/><display value="別包指示"/></concept><concept><code value="B"/><display value="一包化指示"/></concept><concept><code value="C"/><display value="混合指示"/></concept><concept><code value="D"/><display value="粉砕指示"/></concept></CodeSystem>