{
  "resourceType": "CodeSystem",
  "id": "jp-medication-category-merit9-cs",
  "text": {
    "status": "generated",
    "div": "<div xmlns=\"http://www.w3.org/1999/xhtml\"><p>This code system http://jpfhir.jp/fhir/Common/CodeSystem/merit9-category defines the following codes:</p><table class=\"codes\"><tr><td style=\"white-space:nowrap\"><b>Code</b></td><td><b>Display</b></td></tr><tr><td style=\"white-space:nowrap\">OHP<a name=\"jp-medication-category-merit9-cs-OHP\"> </a></td><td>外来処方</td></tr><tr><td style=\"white-space:nowrap\">OHI<a name=\"jp-medication-category-merit9-cs-OHI\"> </a></td><td>院内処方</td></tr><tr><td style=\"white-space:nowrap\">OHO<a name=\"jp-medication-category-merit9-cs-OHO\"> </a></td><td>院外処方</td></tr><tr><td style=\"white-space:nowrap\">IHP<a name=\"jp-medication-category-merit9-cs-IHP\"> </a></td><td>入院処方</td></tr><tr><td style=\"white-space:nowrap\">DCG<a name=\"jp-medication-category-merit9-cs-DCG\"> </a></td><td>退院処方</td></tr><tr><td style=\"white-space:nowrap\">ORD<a name=\"jp-medication-category-merit9-cs-ORD\"> </a></td><td>定期処方</td></tr><tr><td style=\"white-space:nowrap\">XTR<a name=\"jp-medication-category-merit9-cs-XTR\"> </a></td><td>臨時処方</td></tr></table></div>"
  },
  "url": "http://jpfhir.jp/fhir/Common/CodeSystem/merit9-category",
  "version": "1.1.0a",
  "name": "JP_MedicationCategoryMERIT9_CS",
  "title": "JP Core Medication MERIT9 Category CodeSystem",
  "status": "draft",
  "date": "2022-08-30T07:18:24+00:00",
  "publisher": "FHIR Japanese implementation research working group in Japan Association of Medical Informatics (JAMI)",
  "contact": [
    {
      "name": "FHIR Japanese implementation research working group in Japan Association of Medical Informatics (JAMI)",
      "telecom": [
        {
          "system": "url",
          "value": "http://jpfhir.jp"
        },
        {
          "system": "email",
          "value": "office@hlfhir.jp"
        }
      ]
    }
  ],
  "description": "MERIT9処方区分コードのコードシステム",
  "jurisdiction": [
    {
      "coding": [
        {
          "system": "urn:iso:std:iso:3166",
          "code": "JP"
        }
      ]
    }
  ],
  "copyright": "FHIR Japanese implementation research working group in Japan Association of Medical Informatics (JAMI)",
  "caseSensitive": true,
  "valueSet": "http://jpfhir.jp/fhir/Common/ValueSet/JP_MedicationCategoryMERIT9_VS",
  "content": "complete",
  "count": 7,
  "concept": [
    {
      "code": "OHP",
      "display": "外来処方"
    },
    {
      "code": "OHI",
      "display": "院内処方"
    },
    {
      "code": "OHO",
      "display": "院外処方"
    },
    {
      "code": "IHP",
      "display": "入院処方"
    },
    {
      "code": "DCG",
      "display": "退院処方"
    },
    {
      "code": "ORD",
      "display": "定期処方"
    },
    {
      "code": "XTR",
      "display": "臨時処方"
    }
  ]
}