<?xml version="1.0" encoding="UTF-8"?>

<CodeSystem xmlns="http://hl7.org/fhir">
  <id value="jp-simpleobservationcategory-cs"/>
  <url value="http://jpfhir.jp/fhir/core/CodeSystem/JP_SimpleObservationCategory_CS"/>
  <version value="1.1.2"/>
  <name value="JP_SimpleObservationCategory_CS"/>
  <title value="JP Core Simple Observation Category CodeSystem"/>
  <status value="active"/>
  <experimental value="false"/>
  <date value="2023-10-31"/>
  <publisher value="FHIR Japanese implementation research working group in Japan Association of Medical Informatics (JAMI)"/>
  <contact>
    <name value="FHIR Japanese implementation research working group in Japan Association of Medical Informatics (JAMI)"/>
    <telecom>
      <system value="url"/>
      <value value="http://jpfhir.jp"/>
    </telecom>
    <telecom>
      <system value="email"/>
      <value value="office@hlfhir.jp"/>
    </telecom>
  </contact>
  <description value="JP Coreにて定義したObservationリソースに関する分類コード"/>
  <jurisdiction>
    <coding>
      <system value="urn:iso:std:iso:3166"/>
      <code value="JP"/>
    </coding>
  </jurisdiction>
  <copyright value="Copyright FHIR Japanese implementation research working group in Japan Association of Medical Informatics (JAMI) 一般社団法人日本医療情報学会NeXEHRS課題研究会FHIR日本実装検討WG"/>
  <caseSensitive value="true"/>
  <content value="complete"/>
  <count value="14"/>
  <concept>
    <code value="sdoh"/>
    <display value="SDOH"/>
    <definition value="健康の社会的決定要因 (Social Determinant of Health)"/>
  </concept>
  <concept>
    <code value="functional-status"/>
    <display value="Functional Status"/>
    <definition value="機能ステータス"/>
  </concept>
  <concept>
    <code value="disability-status"/>
    <display value="Disability Status"/>
    <definition value="障害区分"/>
  </concept>
  <concept>
    <code value="cognitive-status"/>
    <display value="Cognitive Status"/>
    <definition value="認知ステータスのカテゴリ"/>
  </concept>
  <concept>
    <code value="social-history"/>
    <display value="Social History"/>
    <definition value="社会歴観察では、患者の職業、個人（ライフスタイルなど）、社会歴、家族歴、環境歴、および患者の健康に影響を与える可能性のある健康リスク要因を定義。"/>
  </concept>
  <concept>
    <code value="vital-signs"/>
    <display value="Vital Signs"/>
    <definition value="身体の基本機能のうち、呼吸機能、不整脈、血圧、体表面皮膚温、睡眠、意識障害、体温、脈拍数など。"/>
  </concept>
  <concept>
    <code value="body-measurement"/>
    <display value="Body Measurement"/>
    <definition value="身体の基本機能のうち、体重、身長、胸囲、腹囲、嚥下、握力など。"/>
  </concept>
  <concept>
    <code value="imaging"/>
    <display value="Imaging"/>
    <definition value="イメージングによって生成された観測。 範囲には、単純X線、超音波、CT、MRI、血管造影、心エコー検査、および核医学に関する観察が含まれる。"/>
  </concept>
  <concept>
    <code value="laboratory"/>
    <display value="Laboratory"/>
    <definition value="検査室によって生成された観察結果。 検査結果は通常、化学、血液学、血清学、組織学、細胞学、解剖病理学 (デジタル病理学を含む)、微生物学、および/またはウイルス学などの分野で分析サービスを提供する検査室によって生成される。 これらの観察結果は、患者から採取され、検査室に提出された検体の分析に基づいている。"/>
  </concept>
  <concept>
    <code value="procedure"/>
    <display value="Procedure"/>
    <definition value="他の手順によって生成された観察。 このカテゴリには、実験室および画像検査 (心臓カテーテル法、内視鏡検査、電気診断など) を除く、介入および非介入手順から生じる観察結果が含まれる。 通常、検査結果は臨床医によって生成され、検査中に行われたコンポーネントの観察に関するより詳細な情報を提供する。 例としては、消化器内科医が大腸内視鏡検査中に観察されたポリープのサイズを報告する場合がある。"/>
  </concept>
  <concept>
    <code value="survey"/>
    <display value="Survey"/>
    <definition value="評価ツール/調査機器の観察 (例: Apgar Scores、Montreal Cognitive Assessment (MoCA))。"/>
  </concept>
  <concept>
    <code value="exam"/>
    <display value="Exam"/>
    <definition value="臨床医による直接観察、単純な器具の使用、患者の体に直接行われた単純な操作の結果など、身体検査の結果によって生成された観察。"/>
  </concept>
  <concept>
    <code value="therapy"/>
    <display value="Therapy"/>
    <definition value="非介入治療プロトコル（例：職業療法、物理療法、放射線療法、栄養療法、投薬療法）によって生成された観察"/>
  </concept>
  <concept>
    <code value="activity"/>
    <display value="Activity"/>
    <definition value="体力と全体的な健康状態を向上または維持する身体活動を測定または記録する観察。 理学療法士などの施術者の直接の監督下にないこと。 (例: 水泳ラップ、歩数、睡眠データ)"/>
  </concept>
</CodeSystem>