<?xml version="1.0" encoding="UTF-8"?>

<ValueSet xmlns="http://hl7.org/fhir">
  <id value="jp-reason-codes-jed-vs"/>
  <text>
    <status value="generated"/><div xmlns="http://www.w3.org/1999/xhtml"><ul><li>Include these codes as defined in <a href="CodeSystem-jp-endoscopyterminology-codes-jed-cs.html"><code>urn:oid:1.2.392.200270.4.1000.1</code></a><table class="none"><tr><td style="white-space:nowrap"><b>Code</b></td><td><b>Display</b></td></tr><tr><td><a href="CodeSystem-jp-endoscopyterminology-codes-jed-cs.html#jp-endoscopyterminology-codes-jed-cs-Z1320021">Z1320021</a></td><td>スクリーニング</td></tr><tr><td><a href="CodeSystem-jp-endoscopyterminology-codes-jed-cs.html#jp-endoscopyterminology-codes-jed-cs-Z1320022">Z1320022</a></td><td>吐・下血</td></tr><tr><td><a href="CodeSystem-jp-endoscopyterminology-codes-jed-cs.html#jp-endoscopyterminology-codes-jed-cs-Z1320023">Z1320023</a></td><td>吐・下血以外の有症状</td></tr><tr><td><a href="CodeSystem-jp-endoscopyterminology-codes-jed-cs.html#jp-endoscopyterminology-codes-jed-cs-Z1320024">Z1320024</a></td><td>治療前精査</td></tr><tr><td><a href="CodeSystem-jp-endoscopyterminology-codes-jed-cs.html#jp-endoscopyterminology-codes-jed-cs-Z1320025">Z1320025</a></td><td>内視鏡治療後サーベイランス</td></tr><tr><td><a href="CodeSystem-jp-endoscopyterminology-codes-jed-cs.html#jp-endoscopyterminology-codes-jed-cs-Z1320026">Z1320026</a></td><td>便潜血精査</td></tr><tr><td><a href="CodeSystem-jp-endoscopyterminology-codes-jed-cs.html#jp-endoscopyterminology-codes-jed-cs-Z1320027">Z1320027</a></td><td>下血/血便</td></tr><tr><td><a href="CodeSystem-jp-endoscopyterminology-codes-jed-cs.html#jp-endoscopyterminology-codes-jed-cs-Z1320028">Z1320028</a></td><td>下血/血便以外の有症状</td></tr><tr><td><a href="CodeSystem-jp-endoscopyterminology-codes-jed-cs.html#jp-endoscopyterminology-codes-jed-cs-Z1320029">Z1320029</a></td><td>ポリープ経過観察</td></tr><tr><td><a href="CodeSystem-jp-endoscopyterminology-codes-jed-cs.html#jp-endoscopyterminology-codes-jed-cs-Z1320030">Z1320030</a></td><td>内視鏡切除</td></tr><tr><td><a href="CodeSystem-jp-endoscopyterminology-codes-jed-cs.html#jp-endoscopyterminology-codes-jed-cs-Z1320031">Z1320031</a></td><td>大腸癌術後サーベイランス</td></tr><tr><td><a href="CodeSystem-jp-endoscopyterminology-codes-jed-cs.html#jp-endoscopyterminology-codes-jed-cs-Z1320032">Z1320032</a></td><td>大腸癌化療・放射線治療後評価</td></tr><tr><td><a href="CodeSystem-jp-endoscopyterminology-codes-jed-cs.html#jp-endoscopyterminology-codes-jed-cs-Z1320033">Z1320033</a></td><td>炎症性腸疾患サーベイランス</td></tr><tr><td><a href="CodeSystem-jp-endoscopyterminology-codes-jed-cs.html#jp-endoscopyterminology-codes-jed-cs-Z1320034">Z1320034</a></td><td>炎症性腸疾患</td></tr><tr><td><a href="CodeSystem-jp-endoscopyterminology-codes-jed-cs.html#jp-endoscopyterminology-codes-jed-cs-Z1320035">Z1320035</a></td><td>術前(点墨)マーキング</td></tr><tr><td><a href="CodeSystem-jp-endoscopyterminology-codes-jed-cs.html#jp-endoscopyterminology-codes-jed-cs-Z1320036">Z1320036</a></td><td>原因不明の消化管出血精査</td></tr><tr><td><a href="CodeSystem-jp-endoscopyterminology-codes-jed-cs.html#jp-endoscopyterminology-codes-jed-cs-Z1320037">Z1320037</a></td><td>腹部有症状</td></tr><tr><td><a href="CodeSystem-jp-endoscopyterminology-codes-jed-cs.html#jp-endoscopyterminology-codes-jed-cs-Z1320038">Z1320038</a></td><td>便通異常</td></tr><tr><td><a href="CodeSystem-jp-endoscopyterminology-codes-jed-cs.html#jp-endoscopyterminology-codes-jed-cs-Z1320039">Z1320039</a></td><td>他画像検査で異常</td></tr><tr><td><a href="CodeSystem-jp-endoscopyterminology-codes-jed-cs.html#jp-endoscopyterminology-codes-jed-cs-Z1320040">Z1320040</a></td><td>カプセル内視鏡で異常</td></tr><tr><td><a href="CodeSystem-jp-endoscopyterminology-codes-jed-cs.html#jp-endoscopyterminology-codes-jed-cs-Z1320041">Z1320041</a></td><td>外科手術前</td></tr><tr><td><a href="CodeSystem-jp-endoscopyterminology-codes-jed-cs.html#jp-endoscopyterminology-codes-jed-cs-Z1320042">Z1320042</a></td><td>内視鏡治療（他院治療依頼）</td></tr><tr><td><a href="CodeSystem-jp-endoscopyterminology-codes-jed-cs.html#jp-endoscopyterminology-codes-jed-cs-Z1320043">Z1320043</a></td><td>化学療法効果判定</td></tr><tr><td><a href="CodeSystem-jp-endoscopyterminology-codes-jed-cs.html#jp-endoscopyterminology-codes-jed-cs-Z1320044">Z1320044</a></td><td>経過観察</td></tr><tr><td><a href="CodeSystem-jp-endoscopyterminology-codes-jed-cs.html#jp-endoscopyterminology-codes-jed-cs-Z1320045">Z1320045</a></td><td>閉塞性黄疸（良性）</td></tr><tr><td><a href="CodeSystem-jp-endoscopyterminology-codes-jed-cs.html#jp-endoscopyterminology-codes-jed-cs-Z1320046">Z1320046</a></td><td>閉塞性黄疸（悪性）</td></tr><tr><td><a href="CodeSystem-jp-endoscopyterminology-codes-jed-cs.html#jp-endoscopyterminology-codes-jed-cs-Z1320047">Z1320047</a></td><td>LFT(Liver Function Test)異常</td></tr><tr><td><a href="CodeSystem-jp-endoscopyterminology-codes-jed-cs.html#jp-endoscopyterminology-codes-jed-cs-Z1320048">Z1320048</a></td><td>既知及び疑われる胆管結石</td></tr><tr><td><a href="CodeSystem-jp-endoscopyterminology-codes-jed-cs.html#jp-endoscopyterminology-codes-jed-cs-Z1320049">Z1320049</a></td><td>急性膵炎</td></tr><tr><td><a href="CodeSystem-jp-endoscopyterminology-codes-jed-cs.html#jp-endoscopyterminology-codes-jed-cs-Z1320050">Z1320050</a></td><td>反復する膵炎</td></tr><tr><td><a href="CodeSystem-jp-endoscopyterminology-codes-jed-cs.html#jp-endoscopyterminology-codes-jed-cs-Z1320051">Z1320051</a></td><td>慢性膵炎</td></tr><tr><td><a href="CodeSystem-jp-endoscopyterminology-codes-jed-cs.html#jp-endoscopyterminology-codes-jed-cs-Z1320052">Z1320052</a></td><td>慢性の腹痛</td></tr><tr><td><a href="CodeSystem-jp-endoscopyterminology-codes-jed-cs.html#jp-endoscopyterminology-codes-jed-cs-Z1320053">Z1320053</a></td><td>間欠的な腹痛（SODを含む）</td></tr><tr><td><a href="CodeSystem-jp-endoscopyterminology-codes-jed-cs.html#jp-endoscopyterminology-codes-jed-cs-Z1320054">Z1320054</a></td><td>外科的治療後の漏出や狭窄</td></tr><tr><td><a href="CodeSystem-jp-endoscopyterminology-codes-jed-cs.html#jp-endoscopyterminology-codes-jed-cs-Z1320055">Z1320055</a></td><td>胆道のステント交換・抜去</td></tr><tr><td><a href="CodeSystem-jp-endoscopyterminology-codes-jed-cs.html#jp-endoscopyterminology-codes-jed-cs-Z1320056">Z1320056</a></td><td>膵管のステント交換・抜去</td></tr><tr><td><a href="CodeSystem-jp-endoscopyterminology-codes-jed-cs.html#jp-endoscopyterminology-codes-jed-cs-Z1320057">Z1320057</a></td><td>他の画像診断による胆管系の異常</td></tr><tr><td><a href="CodeSystem-jp-endoscopyterminology-codes-jed-cs.html#jp-endoscopyterminology-codes-jed-cs-Z1320058">Z1320058</a></td><td>腫瘍焼灼</td></tr><tr><td><a href="CodeSystem-jp-endoscopyterminology-codes-jed-cs.html#jp-endoscopyterminology-codes-jed-cs-ZZZ05121">ZZZ05121</a></td><td>ポリペクトミー</td></tr><tr><td><a href="CodeSystem-jp-endoscopyterminology-codes-jed-cs.html#jp-endoscopyterminology-codes-jed-cs-ZZZ05131">ZZZ05131</a></td><td>EMR</td></tr><tr><td><a href="CodeSystem-jp-endoscopyterminology-codes-jed-cs.html#jp-endoscopyterminology-codes-jed-cs-ZZZ05161">ZZZ05161</a></td><td>ESD</td></tr><tr><td><a href="CodeSystem-jp-endoscopyterminology-codes-jed-cs.html#jp-endoscopyterminology-codes-jed-cs-ZZZ05181">ZZZ05181</a></td><td>PDT</td></tr><tr><td><a href="CodeSystem-jp-endoscopyterminology-codes-jed-cs.html#jp-endoscopyterminology-codes-jed-cs-ZZZ05191">ZZZ05191</a></td><td>腫瘍焼灼（APC含む）</td></tr><tr><td><a href="CodeSystem-jp-endoscopyterminology-codes-jed-cs.html#jp-endoscopyterminology-codes-jed-cs-ZZZ05241">ZZZ05241</a></td><td>静脈瘤止血（予防含む）</td></tr><tr><td><a href="CodeSystem-jp-endoscopyterminology-codes-jed-cs.html#jp-endoscopyterminology-codes-jed-cs-ZZZ05251">ZZZ05251</a></td><td>非静脈瘤止血（予防含む）</td></tr><tr><td><a href="CodeSystem-jp-endoscopyterminology-codes-jed-cs.html#jp-endoscopyterminology-codes-jed-cs-ZZZ05260">ZZZ05260</a></td><td>拡張術、RIC</td></tr><tr><td><a href="CodeSystem-jp-endoscopyterminology-codes-jed-cs.html#jp-endoscopyterminology-codes-jed-cs-ZZZ05291">ZZZ05291</a></td><td>ステント留置</td></tr><tr><td><a href="CodeSystem-jp-endoscopyterminology-codes-jed-cs.html#jp-endoscopyterminology-codes-jed-cs-ZZZ05351">ZZZ05351</a></td><td>異物除去</td></tr><tr><td><a href="CodeSystem-jp-endoscopyterminology-codes-jed-cs.html#jp-endoscopyterminology-codes-jed-cs-ZZZ05340">ZZZ05340</a></td><td>PEG、PTEG</td></tr><tr><td><a href="CodeSystem-jp-endoscopyterminology-codes-jed-cs.html#jp-endoscopyterminology-codes-jed-cs-ZZZ10301">ZZZ10301</a></td><td>その他（記述する）</td></tr></table></li></ul></div>
  </text>
  <url value="http://jpfhir.jp/fhir/core/ValueSet/JP_ReasonCodesJed_VS"/>
  <version value="1.1.2"/>
  <name value="JP_ReasonCodesJed_VS"/>
  <title value="JP Core ImagingStudy Endoscopy Reason Code JED ValueSet"/>
  <status value="active"/>
  <experimental value="false"/>
  <date value="2023-10-31"/>
  <publisher value="FHIR Japanese implementation research working group in Japan Association of Medical Informatics (JAMI)"/>
  <contact>
    <name value="FHIR Japanese implementation research working group in Japan Association of Medical Informatics (JAMI)"/>
    <telecom>
      <system value="url"/>
      <value value="http://jpfhir.jp"/>
    </telecom>
    <telecom>
      <system value="email"/>
      <value value="office@hlfhir.jp"/>
    </telecom>
  </contact>
  <description value="日本消化器内視鏡学会が推進するJED (Japan Endoscopy Database) Projectのコード値セットのうち「検査目的」、「治療目的」に該当するコード"/>
  <jurisdiction>
    <coding>
      <system value="urn:iso:std:iso:3166"/>
      <code value="JP"/>
    </coding>
  </jurisdiction>
  <copyright value="Copyright JED-Project 一般社団法人 日本消化器内視鏡学会"/>
  <compose>
    <include>
      <system value="urn:oid:1.2.392.200270.4.1000.1"/>
      <concept>
        <code value="Z1320021"/>
        <display value="スクリーニング"/>
      </concept>
      <concept>
        <code value="Z1320022"/>
        <display value="吐・下血"/>
      </concept>
      <concept>
        <code value="Z1320023"/>
        <display value="吐・下血以外の有症状"/>
      </concept>
      <concept>
        <code value="Z1320024"/>
        <display value="治療前精査"/>
      </concept>
      <concept>
        <code value="Z1320025"/>
        <display value="内視鏡治療後サーベイランス"/>
      </concept>
      <concept>
        <code value="Z1320026"/>
        <display value="便潜血精査"/>
      </concept>
      <concept>
        <code value="Z1320027"/>
        <display value="下血/血便"/>
      </concept>
      <concept>
        <code value="Z1320028"/>
        <display value="下血/血便以外の有症状"/>
      </concept>
      <concept>
        <code value="Z1320029"/>
        <display value="ポリープ経過観察"/>
      </concept>
      <concept>
        <code value="Z1320030"/>
        <display value="内視鏡切除"/>
      </concept>
      <concept>
        <code value="Z1320031"/>
        <display value="大腸癌術後サーベイランス"/>
      </concept>
      <concept>
        <code value="Z1320032"/>
        <display value="大腸癌化療・放射線治療後評価"/>
      </concept>
      <concept>
        <code value="Z1320033"/>
        <display value="炎症性腸疾患サーベイランス"/>
      </concept>
      <concept>
        <code value="Z1320034"/>
        <display value="炎症性腸疾患"/>
      </concept>
      <concept>
        <code value="Z1320035"/>
        <display value="術前(点墨)マーキング"/>
      </concept>
      <concept>
        <code value="Z1320036"/>
        <display value="原因不明の消化管出血精査"/>
      </concept>
      <concept>
        <code value="Z1320037"/>
        <display value="腹部有症状"/>
      </concept>
      <concept>
        <code value="Z1320038"/>
        <display value="便通異常"/>
      </concept>
      <concept>
        <code value="Z1320039"/>
        <display value="他画像検査で異常"/>
      </concept>
      <concept>
        <code value="Z1320040"/>
        <display value="カプセル内視鏡で異常"/>
      </concept>
      <concept>
        <code value="Z1320041"/>
        <display value="外科手術前"/>
      </concept>
      <concept>
        <code value="Z1320042"/>
        <display value="内視鏡治療（他院治療依頼）"/>
      </concept>
      <concept>
        <code value="Z1320043"/>
        <display value="化学療法効果判定"/>
      </concept>
      <concept>
        <code value="Z1320044"/>
        <display value="経過観察"/>
      </concept>
      <concept>
        <code value="Z1320045"/>
        <display value="閉塞性黄疸（良性）"/>
      </concept>
      <concept>
        <code value="Z1320046"/>
        <display value="閉塞性黄疸（悪性）"/>
      </concept>
      <concept>
        <code value="Z1320047"/>
        <display value="LFT(Liver Function Test)異常"/>
      </concept>
      <concept>
        <code value="Z1320048"/>
        <display value="既知及び疑われる胆管結石"/>
      </concept>
      <concept>
        <code value="Z1320049"/>
        <display value="急性膵炎"/>
      </concept>
      <concept>
        <code value="Z1320050"/>
        <display value="反復する膵炎"/>
      </concept>
      <concept>
        <code value="Z1320051"/>
        <display value="慢性膵炎"/>
      </concept>
      <concept>
        <code value="Z1320052"/>
        <display value="慢性の腹痛"/>
      </concept>
      <concept>
        <code value="Z1320053"/>
        <display value="間欠的な腹痛（SODを含む）"/>
      </concept>
      <concept>
        <code value="Z1320054"/>
        <display value="外科的治療後の漏出や狭窄"/>
      </concept>
      <concept>
        <code value="Z1320055"/>
        <display value="胆道のステント交換・抜去"/>
      </concept>
      <concept>
        <code value="Z1320056"/>
        <display value="膵管のステント交換・抜去"/>
      </concept>
      <concept>
        <code value="Z1320057"/>
        <display value="他の画像診断による胆管系の異常"/>
      </concept>
      <concept>
        <code value="Z1320058"/>
        <display value="腫瘍焼灼"/>
      </concept>
      <concept>
        <code value="ZZZ05121"/>
        <display value="ポリペクトミー"/>
      </concept>
      <concept>
        <code value="ZZZ05131"/>
        <display value="EMR"/>
      </concept>
      <concept>
        <code value="ZZZ05161"/>
        <display value="ESD"/>
      </concept>
      <concept>
        <code value="ZZZ05181"/>
        <display value="PDT"/>
      </concept>
      <concept>
        <code value="ZZZ05191"/>
        <display value="腫瘍焼灼（APC含む）"/>
      </concept>
      <concept>
        <code value="ZZZ05241"/>
        <display value="静脈瘤止血（予防含む）"/>
      </concept>
      <concept>
        <code value="ZZZ05251"/>
        <display value="非静脈瘤止血（予防含む）"/>
      </concept>
      <concept>
        <code value="ZZZ05260"/>
        <display value="拡張術、RIC"/>
      </concept>
      <concept>
        <code value="ZZZ05291"/>
        <display value="ステント留置"/>
      </concept>
      <concept>
        <code value="ZZZ05351"/>
        <display value="異物除去"/>
      </concept>
      <concept>
        <code value="ZZZ05340"/>
        <display value="PEG、PTEG"/>
      </concept>
      <concept>
        <code value="ZZZ10301"/>
        <display value="その他（記述する）"/>
      </concept>
    </include>
  </compose>
</ValueSet>