{"resourceType":"CodeSystem","id":"jp-observation-physicalexam-bodysite-cs","url":"http://jpfhir.jp/fhir/core/CodeSystem/JP_ObservationPhysicalExamBodySite_CS","version":"1.1.0a","name":"JP_ObservationPhysicalExamBodySite_CS","title":"JP Core Observation PhysicalExam BodySite CodeSystem","status":"active","experimental":false,"date":"2022-09-26","publisher":"FHIR Japanese implementation research working group in Japan Association of Medical Informatics (JAMI)","contact":[{"name":"FHIR Japanese implementation research working group in Japan Association of Medical Informatics (JAMI)","telecom":[{"system":"url","value":"http://jpfhir.jp"},{"system":"email","value":"office@hlfhir.jp"}]}],"description":"Observation（身体所見）で使用する身体部位のコード。J_ANAT（作成中）の使用を想定","jurisdiction":[{"coding":[{"system":"urn:iso:std:iso:3166","code":"JP"}]}],"copyright":"Copyright FHIR Japanese implementation research working group in Japan Association of Medical Informatics (JAMI) 一般社団法人日本医療情報学会NeXEHRS課題研究会FHIR日本実装検討WG","caseSensitive":true,"content":"example","concept":[{"code":"example","display":"下腹部"}]}