{"resourceType":"CodeSystem","id":"jp-physicalexamcode-cs","url":"http://jpfhir.jp/fhir/core/CodeSystem/JP_PhysicalExamCode_CS","version":"1.1.0a","name":"JP_PhysicalExamCode_CS","title":"JP Core Physical Exam Code CodeSystem","status":"active","experimental":false,"date":"2022-09-26","publisher":"FHIR Japanese implementation research working group in Japan Association of Medical Informatics (JAMI)","contact":[{"name":"FHIR Japanese implementation research working group in Japan Association of Medical Informatics (JAMI)","telecom":[{"system":"url","value":"http://jpfhir.jp"},{"system":"email","value":"office@hlfhir.jp"}]}],"description":"身体所見の区分を表すコード","jurisdiction":[{"coding":[{"system":"urn:iso:std:iso:3166","code":"JP"}]}],"copyright":"Copyright FHIR Japanese implementation research working group in Japan Association of Medical Informatics (JAMI) 一般社団法人日本医療情報学会NeXEHRS課題研究会FHIR日本実装検討WG","caseSensitive":true,"valueSet":"http://jpfhir.jp/fhir/core/ValueSet/JP_PhysicalExamCode_VS","content":"complete","count":2,"concept":[{"code":"physical-findings","display":"Physical Findings"},{"code":"detailed-physical-findings","display":"Detailed Physical Findings"}]}