{"resourceType":"CodeSystem","id":"jp-medication-as-needed-condition-jami-cs","url":"http://jpfhir.jp/fhir/core/CodeSystem/JP_MedicationAsNeededConditionJAMI_CS","version":"1.1.0a","name":"JP_MedicationAsNeededConditionJAMI_CS","title":"JP Core Medication JAMI As Needed Condition CodeSystem","status":"active","experimental":false,"date":"2022-09-26","publisher":"FHIR Japanese implementation research working group in Japan Association of Medical Informatics (JAMI)","contact":[{"name":"FHIR Japanese implementation research working group in Japan Association of Medical Informatics (JAMI)","telecom":[{"system":"url","value":"http://jpfhir.jp"},{"system":"email","value":"office@hlfhir.jp"}]}],"description":"JAMI標準用法規格頓用指示コードのコードシステム","jurisdiction":[{"coding":[{"system":"urn:iso:std:iso:3166","code":"JP"}]}],"copyright":"FHIR Japanese implementation research working group in Japan Association of Medical Informatics (JAMI)","caseSensitive":true,"valueSet":"http://jpfhir.jp/fhir/core/ValueSet/JP_MedicationAsNeededConditionJAMI_VS","content":"complete","count":56,"concept":[{"code":"11","display":"疼痛時"},{"code":"12","display":"頭痛時"},{"code":"13","display":"歯痛時"},{"code":"14","display":"胸痛時"},{"code":"15","display":"腹痛時"},{"code":"16","display":"腰痛時"},{"code":"17","display":"関節痛時"},{"code":"21","display":"喘鳴時"},{"code":"22","display":"喘息発作時"},{"code":"23","display":"喉がゴロゴロする時"},{"code":"24","display":"咳込時"},{"code":"31","display":"血圧上昇時"},{"code":"32","display":"血糖上昇時"},{"code":"41","display":"便秘時"},{"code":"42","display":"お腹がゴロゴロする時"},{"code":"43","display":"下痢時"},{"code":"44","display":"排便時"},{"code":"45","display":"嘔吐時"},{"code":"46","display":"口腔乾燥時"},{"code":"47","display":"吐き気時"},{"code":"48","display":"空腹時"},{"code":"49","display":"出血時"},{"code":"51","display":"乏尿時"},{"code":"52","display":"多尿時"},{"code":"53","display":"むくみ時"},{"code":"61","display":"不眠時"},{"code":"62","display":"不安時"},{"code":"63","display":"不穏時"},{"code":"64","display":"いらいら時"},{"code":"65","display":"けいれん時"},{"code":"66","display":"めまい時"},{"code":"67","display":"疲労時"},{"code":"71","display":"発熱時"},{"code":"72","display":"悪寒時"},{"code":"81","display":"かゆい時"},{"code":"82","display":"発疹時"},{"code":"91","display":"発作時"},{"code":"92","display":"症状ある時"},{"code":"A1","display":"検査前"},{"code":"A2","display":"検査時"},{"code":"A3","display":"検査後"},{"code":"A4","display":"手術前"},{"code":"A5","display":"手術中"},{"code":"A6","display":"手術後"},{"code":"A7","display":"処置前"},{"code":"A8","display":"処置時"},{"code":"A9","display":"処置後"},{"code":"B1","display":"起床時"},{"code":"B2","display":"入浴前"},{"code":"B3","display":"食事前"},{"code":"B4","display":"食事後"},{"code":"B5","display":"就寝前"},{"code":"B6","display":"外出時"},{"code":"B7","display":"哺乳時"},{"code":"W1","display":"必要時"},{"code":"W2","display":"適宜"}]}