{"resourceType":"StructureDefinition","id":"jp-diagnosticreport-common","text":{"status":"extensions","div":"<div xmlns=\"http://www.w3.org/1999/xhtml\"><table border=\"0\" cellpadding=\"0\" cellspacing=\"0\" style=\"border: 0px #F0F0F0 solid; font-size: 11px; font-family: verdana; vertical-align: top;\"><tr style=\"border: 1px #F0F0F0 solid; font-size: 11px; font-family: verdana; vertical-align: top\"><th style=\"vertical-align: top; text-align : left; background-color: white; border: 0px #F0F0F0 solid; padding:0px 4px 0px 4px\" class=\"hierarchy\"><a href=\"http://hl7.org/fhir/R4/formats.html#table\" title=\"The logical name of the element\">Name</a></th><th style=\"vertical-align: top; text-align : left; background-color: white; border: 0px #F0F0F0 solid; padding:0px 4px 0px 4px\" class=\"hierarchy\"><a href=\"http://hl7.org/fhir/R4/formats.html#table\" title=\"Information about the use of the element\">Flags</a></th><th style=\"vertical-align: top; text-align : left; background-color: white; border: 0px #F0F0F0 solid; padding:0px 4px 0px 4px\" class=\"hierarchy\"><a href=\"http://hl7.org/fhir/R4/formats.html#table\" title=\"Minimum and Maximum # of times the the element can appear in the instance\">Card.</a></th><th style=\"width: 100px\" class=\"hierarchy\"><a href=\"http://hl7.org/fhir/R4/formats.html#table\" title=\"Reference to the type of the element\">Type</a></th><th style=\"vertical-align: top; text-align : left; background-color: white; border: 0px #F0F0F0 solid; padding:0px 4px 0px 4px\" class=\"hierarchy\"><a href=\"http://hl7.org/fhir/R4/formats.html#table\" title=\"Additional information about the element\">Description &amp; Constraints</a><span style=\"float: right\"><a href=\"http://hl7.org/fhir/R4/formats.html#table\" title=\"Legend for this format\"><img src=\"http://hl7.org/fhir/R4/help16.png\" alt=\"doco\" style=\"background-color: inherit\"/></a></span></th></tr><tr style=\"border: 0px #F0F0F0 solid; padding:0px; vertical-align: top; background-color: white\"><td style=\"vertical-align: top; text-align : left; background-color: white; border: 0px #F0F0F0 solid; padding:0px 4px 0px 4px; white-space: nowrap; background-image: url(tbl_bck1.png)\" class=\"hierarchy\"><img src=\"tbl_spacer.png\" alt=\".\" style=\"background-color: inherit\" class=\"hierarchy\"/><img src=\"icon_resource.png\" alt=\".\" style=\"background-color: white; background-color: inherit\" title=\"Resource\" class=\"hierarchy\"/> <a href=\"StructureDefinition-jp-diagnosticreport-common-definitions.html#DiagnosticReport\" title=\"患者、患者のグループ、デバイス、場所、これらから派生した検体に対して実行された診断的検査の結果と解釈。レポートには、依頼情報や依頼者情報などの臨床コンテキスト（文脈）、および１項目単位の結果、画像、テキストとコード化された解釈、および診断レポートのフォーマットされた表現のいくつかの組み合わせが含まれる。\">DiagnosticReport</a><a name=\"DiagnosticReport\"> </a></td><td style=\"vertical-align: top; text-align : left; background-color: white; border: 0px #F0F0F0 solid; padding:0px 4px 0px 4px\" class=\"hierarchy\"/><td style=\"vertical-align: top; text-align : left; background-color: white; border: 0px #F0F0F0 solid; padding:0px 4px 0px 4px\" class=\"hierarchy\"><span style=\"opacity: 0.5\">0</span><span style=\"opacity: 0.5\">..</span><span style=\"opacity: 0.5\">*</span></td><td style=\"vertical-align: top; text-align : left; background-color: white; border: 0px #F0F0F0 solid; padding:0px 4px 0px 4px\" class=\"hierarchy\"><a href=\"http://hl7.org/fhir/R4/diagnosticreport.html\">DiagnosticReport</a></td><td style=\"vertical-align: top; text-align : left; background-color: white; border: 0px #F0F0F0 solid; padding:0px 4px 0px 4px\" class=\"hierarchy\">診断レポート-依頼情報、１項目単位の結果、画像、解釈、およびフォーマットされたレポートの組み合わせ。【詳細参照】</td></tr>\r\n<tr style=\"border: 0px #F0F0F0 solid; padding:0px; vertical-align: top; background-color: #F7F7F7\"><td style=\"vertical-align: top; text-align : left; background-color: #F7F7F7; border: 0px #F0F0F0 solid; padding:0px 4px 0px 4px; white-space: nowrap; background-image: url(tbl_bck10.png)\" class=\"hierarchy\"><img src=\"tbl_spacer.png\" alt=\".\" style=\"background-color: inherit\" class=\"hierarchy\"/><img src=\"tbl_vjoin.png\" alt=\".\" style=\"background-color: inherit\" class=\"hierarchy\"/><img src=\"icon_element.gif\" alt=\".\" style=\"background-color: #F7F7F7; background-color: inherit\" title=\"Element\" class=\"hierarchy\"/> <a href=\"StructureDefinition-jp-diagnosticreport-common-definitions.html#DiagnosticReport.identifier\" title=\"実行者または他のシステムによってこのレポートに割り当てられた識別子。\">identifier</a><a name=\"DiagnosticReport.identifier\"> </a></td><td style=\"vertical-align: top; text-align : left; background-color: #F7F7F7; border: 0px #F0F0F0 solid; padding:0px 4px 0px 4px\" class=\"hierarchy\"/><td style=\"vertical-align: top; text-align : left; background-color: #F7F7F7; border: 0px #F0F0F0 solid; padding:0px 4px 0px 4px\" class=\"hierarchy\"><span style=\"opacity: 0.5\">0</span><span style=\"opacity: 0.5\">..</span><span style=\"opacity: 0.5\">*</span></td><td style=\"vertical-align: top; text-align : left; background-color: #F7F7F7; border: 0px #F0F0F0 solid; padding:0px 4px 0px 4px\" class=\"hierarchy\"><a style=\"opacity: 0.5\" href=\"http://hl7.org/fhir/R4/datatypes.html#Identifier\">Identifier</a></td><td style=\"vertical-align: top; text-align : left; background-color: #F7F7F7; border: 0px #F0F0F0 solid; padding:0px 4px 0px 4px\" class=\"hierarchy\">レポートを識別するビジネス識別子。【詳細参照】</td></tr>\r\n<tr style=\"border: 0px #F0F0F0 solid; padding:0px; vertical-align: top; background-color: white\"><td style=\"vertical-align: top; text-align : left; background-color: white; border: 0px #F0F0F0 solid; padding:0px 4px 0px 4px; white-space: nowrap; background-image: url(tbl_bck10.png)\" class=\"hierarchy\"><img src=\"tbl_spacer.png\" alt=\".\" style=\"background-color: inherit\" class=\"hierarchy\"/><img src=\"tbl_vjoin.png\" alt=\".\" style=\"background-color: inherit\" class=\"hierarchy\"/><img src=\"icon_reference.png\" alt=\".\" style=\"background-color: white; background-color: inherit\" title=\"Reference to another Resource\" class=\"hierarchy\"/> <a href=\"StructureDefinition-jp-diagnosticreport-common-definitions.html#DiagnosticReport.basedOn\" title=\"依頼されたサービス（検査や診断など）に関する詳細情報\">basedOn</a><a name=\"DiagnosticReport.basedOn\"> </a></td><td style=\"vertical-align: top; text-align : left; background-color: white; border: 0px #F0F0F0 solid; padding:0px 4px 0px 4px\" class=\"hierarchy\"/><td style=\"vertical-align: top; text-align : left; background-color: white; border: 0px #F0F0F0 solid; padding:0px 4px 0px 4px\" class=\"hierarchy\"><span style=\"opacity: 0.5\">0</span><span style=\"opacity: 0.5\">..</span><span style=\"opacity: 0.5\">*</span></td><td style=\"vertical-align: top; text-align : left; background-color: white; border: 0px #F0F0F0 solid; padding:0px 4px 0px 4px\" class=\"hierarchy\"><a href=\"http://hl7.org/fhir/R4/references.html\">Reference</a>(<a href=\"http://hl7.org/fhir/R4/careplan.html\">CarePlan</a> | <a href=\"http://hl7.org/fhir/R4/immunizationrecommendation.html\">ImmunizationRecommendation</a> | <a href=\"StructureDefinition-jp-medicationrequest.html\">JP Core MedicationRequest Profile</a> | <a href=\"StructureDefinition-jp-medicationrequest-injection.html\">JP Core MedicationRequest Injection Profile</a> | <a href=\"http://hl7.org/fhir/R4/nutritionorder.html\">NutritionOrder</a> | <a href=\"http://hl7.org/fhir/R4/servicerequest.html\">ServiceRequest</a>)</td><td style=\"vertical-align: top; text-align : left; background-color: white; border: 0px #F0F0F0 solid; padding:0px 4px 0px 4px\" class=\"hierarchy\">元になった検査や診断の依頼。【詳細参照】</td></tr>\r\n<tr style=\"border: 0px #F0F0F0 solid; padding:0px; vertical-align: top; background-color: #F7F7F7\"><td style=\"vertical-align: top; text-align : left; background-color: #F7F7F7; border: 0px #F0F0F0 solid; padding:0px 4px 0px 4px; white-space: nowrap; background-image: url(tbl_bck10.png)\" class=\"hierarchy\"><img src=\"tbl_spacer.png\" alt=\".\" style=\"background-color: inherit\" class=\"hierarchy\"/><img src=\"tbl_vjoin.png\" alt=\".\" style=\"background-color: inherit\" class=\"hierarchy\"/><img src=\"icon_element.gif\" alt=\".\" style=\"background-color: #F7F7F7; background-color: inherit\" title=\"Element\" class=\"hierarchy\"/> <a href=\"StructureDefinition-jp-diagnosticreport-common-definitions.html#DiagnosticReport.status\" title=\"診断レポートのステータス。\">status</a><a name=\"DiagnosticReport.status\"> </a></td><td style=\"vertical-align: top; text-align : left; background-color: #F7F7F7; border: 0px #F0F0F0 solid; padding:0px 4px 0px 4px\" class=\"hierarchy\"/><td style=\"vertical-align: top; text-align : left; background-color: #F7F7F7; border: 0px #F0F0F0 solid; padding:0px 4px 0px 4px\" class=\"hierarchy\"><span style=\"opacity: 0.5\">1</span><span style=\"opacity: 0.5\">..</span><span style=\"opacity: 0.5\">1</span></td><td style=\"vertical-align: top; text-align : left; background-color: #F7F7F7; border: 0px #F0F0F0 solid; padding:0px 4px 0px 4px\" class=\"hierarchy\"><a style=\"opacity: 0.5\" href=\"http://hl7.org/fhir/R4/datatypes.html#code\">code</a></td><td style=\"vertical-align: top; text-align : left; background-color: #F7F7F7; border: 0px #F0F0F0 solid; padding:0px 4px 0px 4px\" class=\"hierarchy\"><span style=\"opacity: 0.5\">registered | partial | preliminary | final +</span></td></tr>\r\n<tr style=\"border: 0px #F0F0F0 solid; padding:0px; vertical-align: top; background-color: white\"><td style=\"vertical-align: top; text-align : left; background-color: white; border: 0px #F0F0F0 solid; padding:0px 4px 0px 4px; white-space: nowrap; background-image: url(tbl_bck10.png)\" class=\"hierarchy\"><img src=\"tbl_spacer.png\" alt=\".\" style=\"background-color: inherit\" class=\"hierarchy\"/><img src=\"tbl_vjoin.png\" alt=\".\" style=\"background-color: inherit\" class=\"hierarchy\"/><img src=\"icon_element.gif\" alt=\".\" style=\"background-color: white; background-color: inherit\" title=\"Element\" class=\"hierarchy\"/> <a href=\"StructureDefinition-jp-diagnosticreport-common-definitions.html#DiagnosticReport.category\" title=\"レポートを作成した臨床分野、部門、または診断サービス（心臓病学、生化学、血液学、MRIなど）を分類するコード。これは、検索、並べ替え、および表示の目的で使用される。\">category</a><a name=\"DiagnosticReport.category\"> </a></td><td style=\"vertical-align: top; text-align : left; background-color: white; border: 0px #F0F0F0 solid; padding:0px 4px 0px 4px\" class=\"hierarchy\"/><td style=\"vertical-align: top; text-align : left; background-color: white; border: 0px #F0F0F0 solid; padding:0px 4px 0px 4px\" class=\"hierarchy\"><span style=\"opacity: 0.5\">0</span><span style=\"opacity: 0.5\">..</span><span style=\"opacity: 0.5\">*</span></td><td style=\"vertical-align: top; text-align : left; background-color: white; border: 0px #F0F0F0 solid; padding:0px 4px 0px 4px\" class=\"hierarchy\"><a style=\"opacity: 0.5\" href=\"http://hl7.org/fhir/R4/datatypes.html#CodeableConcept\">CodeableConcept</a></td><td style=\"vertical-align: top; text-align : left; background-color: white; border: 0px #F0F0F0 solid; padding:0px 4px 0px 4px\" class=\"hierarchy\">サービスカテゴリー。【詳細参照】</td></tr>\r\n<tr style=\"border: 0px #F0F0F0 solid; padding:0px; vertical-align: top; background-color: #F7F7F7\"><td style=\"vertical-align: top; text-align : left; background-color: #F7F7F7; border: 0px #F0F0F0 solid; padding:0px 4px 0px 4px; white-space: nowrap; background-image: url(tbl_bck10.png)\" class=\"hierarchy\"><img src=\"tbl_spacer.png\" alt=\".\" style=\"background-color: inherit\" class=\"hierarchy\"/><img src=\"tbl_vjoin.png\" alt=\".\" style=\"background-color: inherit\" class=\"hierarchy\"/><img src=\"icon_element.gif\" alt=\".\" style=\"background-color: #F7F7F7; background-color: inherit\" title=\"Element\" class=\"hierarchy\"/> <a href=\"StructureDefinition-jp-diagnosticreport-common-definitions.html#DiagnosticReport.code\" title=\"この診断レポートを説明するコードまたは名前。\">code</a><a name=\"DiagnosticReport.code\"> </a></td><td style=\"vertical-align: top; text-align : left; background-color: #F7F7F7; border: 0px #F0F0F0 solid; padding:0px 4px 0px 4px\" class=\"hierarchy\"/><td style=\"vertical-align: top; text-align : left; background-color: #F7F7F7; border: 0px #F0F0F0 solid; padding:0px 4px 0px 4px\" class=\"hierarchy\"><span style=\"opacity: 0.5\">1</span><span style=\"opacity: 0.5\">..</span><span style=\"opacity: 0.5\">1</span></td><td style=\"vertical-align: top; text-align : left; background-color: #F7F7F7; border: 0px #F0F0F0 solid; padding:0px 4px 0px 4px\" class=\"hierarchy\"><a style=\"opacity: 0.5\" href=\"http://hl7.org/fhir/R4/datatypes.html#CodeableConcept\">CodeableConcept</a></td><td style=\"vertical-align: top; text-align : left; background-color: #F7F7F7; border: 0px #F0F0F0 solid; padding:0px 4px 0px 4px\" class=\"hierarchy\">この診断レポートの名前/コード。【詳細参照】</td></tr>\r\n<tr style=\"border: 0px #F0F0F0 solid; padding:0px; vertical-align: top; background-color: white\"><td style=\"vertical-align: top; text-align : left; background-color: white; border: 0px #F0F0F0 solid; padding:0px 4px 0px 4px; white-space: nowrap; background-image: url(tbl_bck10.png)\" class=\"hierarchy\"><img src=\"tbl_spacer.png\" alt=\".\" style=\"background-color: inherit\" class=\"hierarchy\"/><img src=\"tbl_vjoin.png\" alt=\".\" style=\"background-color: inherit\" class=\"hierarchy\"/><img src=\"icon_reference.png\" alt=\".\" style=\"background-color: white; background-color: inherit\" title=\"Reference to another Resource\" class=\"hierarchy\"/> <a href=\"StructureDefinition-jp-diagnosticreport-common-definitions.html#DiagnosticReport.subject\" title=\"レポートの対象、常にではないが、通常、患者。ただし、診断サービスは、他のさまざまなソースから収集された検体を対象とすることもある。\">subject</a><a name=\"DiagnosticReport.subject\"> </a></td><td style=\"vertical-align: top; text-align : left; background-color: white; border: 0px #F0F0F0 solid; padding:0px 4px 0px 4px\" class=\"hierarchy\"/><td style=\"vertical-align: top; text-align : left; background-color: white; border: 0px #F0F0F0 solid; padding:0px 4px 0px 4px\" class=\"hierarchy\"><span style=\"opacity: 0.5\">0</span><span style=\"opacity: 0.5\">..</span><span style=\"opacity: 0.5\">1</span></td><td style=\"vertical-align: top; text-align : left; background-color: white; border: 0px #F0F0F0 solid; padding:0px 4px 0px 4px\" class=\"hierarchy\"><a href=\"http://hl7.org/fhir/R4/references.html\">Reference</a>(<a href=\"StructureDefinition-jp-patient.html\">JP Core Patient Profile</a> | <a href=\"http://hl7.org/fhir/R4/group.html\">Group</a> | <a href=\"http://hl7.org/fhir/R4/device.html\">Device</a> | <a href=\"StructureDefinition-jp-location.html\">JP Core Location Profile</a>)</td><td style=\"vertical-align: top; text-align : left; background-color: white; border: 0px #F0F0F0 solid; padding:0px 4px 0px 4px\" class=\"hierarchy\">レポートの対象、常にではないが、通常は患者。【詳細参照】</td></tr>\r\n<tr style=\"border: 0px #F0F0F0 solid; padding:0px; vertical-align: top; background-color: #F7F7F7\"><td style=\"vertical-align: top; text-align : left; background-color: #F7F7F7; border: 0px #F0F0F0 solid; padding:0px 4px 0px 4px; white-space: nowrap; background-image: url(tbl_bck10.png)\" class=\"hierarchy\"><img src=\"tbl_spacer.png\" alt=\".\" style=\"background-color: inherit\" class=\"hierarchy\"/><img src=\"tbl_vjoin.png\" alt=\".\" style=\"background-color: inherit\" class=\"hierarchy\"/><img src=\"icon_reference.png\" alt=\".\" style=\"background-color: #F7F7F7; background-color: inherit\" title=\"Reference to another Resource\" class=\"hierarchy\"/> <a href=\"StructureDefinition-jp-diagnosticreport-common-definitions.html#DiagnosticReport.encounter\" title=\"このDiagnosticReportが対象とするヘルスケアイベント（患者とヘルスケアプロバイダの相互関係など）。受診、入院、診察など。\">encounter</a><a name=\"DiagnosticReport.encounter\"> </a></td><td style=\"vertical-align: top; text-align : left; background-color: #F7F7F7; border: 0px #F0F0F0 solid; padding:0px 4px 0px 4px\" class=\"hierarchy\"/><td style=\"vertical-align: top; text-align : left; background-color: #F7F7F7; border: 0px #F0F0F0 solid; padding:0px 4px 0px 4px\" class=\"hierarchy\"><span style=\"opacity: 0.5\">0</span><span style=\"opacity: 0.5\">..</span><span style=\"opacity: 0.5\">1</span></td><td style=\"vertical-align: top; text-align : left; background-color: #F7F7F7; border: 0px #F0F0F0 solid; padding:0px 4px 0px 4px\" class=\"hierarchy\"><a href=\"http://hl7.org/fhir/R4/references.html\">Reference</a>(<a href=\"StructureDefinition-jp-encounter.html\">JP Core Encounter Profile</a>)</td><td style=\"vertical-align: top; text-align : left; background-color: #F7F7F7; border: 0px #F0F0F0 solid; padding:0px 4px 0px 4px\" class=\"hierarchy\">依頼時におけるヘルスケアイベント（受診など）。【詳細参照】</td></tr>\r\n<tr style=\"border: 0px #F0F0F0 solid; padding:0px; vertical-align: top; background-color: white\"><td style=\"vertical-align: top; text-align : left; background-color: white; border: 0px #F0F0F0 solid; padding:0px 4px 0px 4px; white-space: nowrap; background-image: url(tbl_bck10.png)\" class=\"hierarchy\"><img src=\"tbl_spacer.png\" alt=\".\" style=\"background-color: inherit\" class=\"hierarchy\"/><img src=\"tbl_vjoin.png\" alt=\".\" style=\"background-color: inherit\" class=\"hierarchy\"/><img src=\"icon_element.gif\" alt=\".\" style=\"background-color: white; background-color: inherit\" title=\"Element\" class=\"hierarchy\"/> <a href=\"StructureDefinition-jp-diagnosticreport-common-definitions.html#DiagnosticReport.effective[x]\" title=\"観測値が関連する時間または期間。レポートの対象が患者である場合、これは通常、処置や検体採取の時刻のいずれかであるが、日付/時刻の出処は不明であり、日付/時刻自体のみのことがある。\">effective[x]</a><a name=\"DiagnosticReport.effective_x_\"> </a></td><td style=\"vertical-align: top; text-align : left; background-color: white; border: 0px #F0F0F0 solid; padding:0px 4px 0px 4px\" class=\"hierarchy\"/><td style=\"vertical-align: top; text-align : left; background-color: white; border: 0px #F0F0F0 solid; padding:0px 4px 0px 4px\" class=\"hierarchy\"><span style=\"opacity: 0.5\">0</span><span style=\"opacity: 0.5\">..</span><span style=\"opacity: 0.5\">1</span></td><td style=\"vertical-align: top; text-align : left; background-color: white; border: 0px #F0F0F0 solid; padding:0px 4px 0px 4px\" class=\"hierarchy\"><a style=\"opacity: 0.5\" href=\"http://hl7.org/fhir/R4/datatypes.html#dateTime\">dateTime</a><span style=\"opacity: 0.5\">, </span><a style=\"opacity: 0.5\" href=\"http://hl7.org/fhir/R4/datatypes.html#Period\">Period</a></td><td style=\"vertical-align: top; text-align : left; background-color: white; border: 0px #F0F0F0 solid; padding:0px 4px 0px 4px\" class=\"hierarchy\">臨床的に関連する時刻または時間。【詳細参照】</td></tr>\r\n<tr style=\"border: 0px #F0F0F0 solid; padding:0px; vertical-align: top; background-color: #F7F7F7\"><td style=\"vertical-align: top; text-align : left; background-color: #F7F7F7; border: 0px #F0F0F0 solid; padding:0px 4px 0px 4px; white-space: nowrap; background-image: url(tbl_bck10.png)\" class=\"hierarchy\"><img src=\"tbl_spacer.png\" alt=\".\" style=\"background-color: inherit\" class=\"hierarchy\"/><img src=\"tbl_vjoin.png\" alt=\".\" style=\"background-color: inherit\" class=\"hierarchy\"/><img src=\"icon_element.gif\" alt=\".\" style=\"background-color: #F7F7F7; background-color: inherit\" title=\"Element\" class=\"hierarchy\"/> <a href=\"StructureDefinition-jp-diagnosticreport-common-definitions.html#DiagnosticReport.issued\" title=\"このバージョンのレポートが医療者に提供された日時。通常、レポートがレビューおよび検証・確定された後となる。\">issued</a><a name=\"DiagnosticReport.issued\"> </a></td><td style=\"vertical-align: top; text-align : left; background-color: #F7F7F7; border: 0px #F0F0F0 solid; padding:0px 4px 0px 4px\" class=\"hierarchy\"/><td style=\"vertical-align: top; text-align : left; background-color: #F7F7F7; border: 0px #F0F0F0 solid; padding:0px 4px 0px 4px\" class=\"hierarchy\"><span style=\"opacity: 0.5\">0</span><span style=\"opacity: 0.5\">..</span><span style=\"opacity: 0.5\">1</span></td><td style=\"vertical-align: top; text-align : left; background-color: #F7F7F7; border: 0px #F0F0F0 solid; padding:0px 4px 0px 4px\" class=\"hierarchy\"><a style=\"opacity: 0.5\" href=\"http://hl7.org/fhir/R4/datatypes.html#instant\">instant</a></td><td style=\"vertical-align: top; text-align : left; background-color: #F7F7F7; border: 0px #F0F0F0 solid; padding:0px 4px 0px 4px\" class=\"hierarchy\">このバージョンが作成された日時。【詳細参照】</td></tr>\r\n<tr style=\"border: 0px #F0F0F0 solid; padding:0px; vertical-align: top; background-color: white\"><td style=\"vertical-align: top; text-align : left; background-color: white; border: 0px #F0F0F0 solid; padding:0px 4px 0px 4px; white-space: nowrap; background-image: url(tbl_bck10.png)\" class=\"hierarchy\"><img src=\"tbl_spacer.png\" alt=\".\" style=\"background-color: inherit\" class=\"hierarchy\"/><img src=\"tbl_vjoin.png\" alt=\".\" style=\"background-color: inherit\" class=\"hierarchy\"/><img src=\"icon_reference.png\" alt=\".\" style=\"background-color: white; background-color: inherit\" title=\"Reference to another Resource\" class=\"hierarchy\"/> <a href=\"StructureDefinition-jp-diagnosticreport-common-definitions.html#DiagnosticReport.performer\" title=\"レポートの作成発行に責任をもつ診断サービス。\">performer</a><a name=\"DiagnosticReport.performer\"> </a></td><td style=\"vertical-align: top; text-align : left; background-color: white; border: 0px #F0F0F0 solid; padding:0px 4px 0px 4px\" class=\"hierarchy\"/><td style=\"vertical-align: top; text-align : left; background-color: white; border: 0px #F0F0F0 solid; padding:0px 4px 0px 4px\" class=\"hierarchy\"><span style=\"opacity: 0.5\">0</span><span style=\"opacity: 0.5\">..</span><span style=\"opacity: 0.5\">*</span></td><td style=\"vertical-align: top; text-align : left; background-color: white; border: 0px #F0F0F0 solid; padding:0px 4px 0px 4px\" class=\"hierarchy\"><a href=\"http://hl7.org/fhir/R4/references.html\">Reference</a>(<a href=\"StructureDefinition-jp-practitioner.html\">JP Core Practitioner Profile</a> | <a href=\"StructureDefinition-jp-practitionerrole.html\">JP Core PractitionerRole Profile</a> | <a href=\"StructureDefinition-jp-organization.html\">JP Core Organization Profile</a> | <a href=\"http://hl7.org/fhir/R4/careteam.html\">CareTeam</a>)</td><td style=\"vertical-align: top; text-align : left; background-color: white; border: 0px #F0F0F0 solid; padding:0px 4px 0px 4px\" class=\"hierarchy\">レポート内容に責任をもつ診断的サービス。【詳細参照】</td></tr>\r\n<tr style=\"border: 0px #F0F0F0 solid; padding:0px; vertical-align: top; background-color: #F7F7F7\"><td style=\"vertical-align: top; text-align : left; background-color: #F7F7F7; border: 0px #F0F0F0 solid; padding:0px 4px 0px 4px; white-space: nowrap; background-image: url(tbl_bck10.png)\" class=\"hierarchy\"><img src=\"tbl_spacer.png\" alt=\".\" style=\"background-color: inherit\" class=\"hierarchy\"/><img src=\"tbl_vjoin.png\" alt=\".\" style=\"background-color: inherit\" class=\"hierarchy\"/><img src=\"icon_reference.png\" alt=\".\" style=\"background-color: #F7F7F7; background-color: inherit\" title=\"Reference to another Resource\" class=\"hierarchy\"/> <a href=\"StructureDefinition-jp-diagnosticreport-common-definitions.html#DiagnosticReport.resultsInterpreter\" title=\"レポートの結論と解釈に責任を持つ医療者あるいは組織。\">resultsInterpreter</a><a name=\"DiagnosticReport.resultsInterpreter\"> </a></td><td style=\"vertical-align: top; text-align : left; background-color: #F7F7F7; border: 0px #F0F0F0 solid; padding:0px 4px 0px 4px\" class=\"hierarchy\"/><td style=\"vertical-align: top; text-align : left; background-color: #F7F7F7; border: 0px #F0F0F0 solid; padding:0px 4px 0px 4px\" class=\"hierarchy\"><span style=\"opacity: 0.5\">0</span><span style=\"opacity: 0.5\">..</span><span style=\"opacity: 0.5\">*</span></td><td style=\"vertical-align: top; text-align : left; background-color: #F7F7F7; border: 0px #F0F0F0 solid; padding:0px 4px 0px 4px\" class=\"hierarchy\"><a href=\"http://hl7.org/fhir/R4/references.html\">Reference</a>(<a href=\"StructureDefinition-jp-practitioner.html\">JP Core Practitioner Profile</a> | <a href=\"StructureDefinition-jp-practitionerrole.html\">JP Core PractitionerRole Profile</a> | <a href=\"StructureDefinition-jp-organization.html\">JP Core Organization Profile</a> | <a href=\"http://hl7.org/fhir/R4/careteam.html\">CareTeam</a>)</td><td style=\"vertical-align: top; text-align : left; background-color: #F7F7F7; border: 0px #F0F0F0 solid; padding:0px 4px 0px 4px\" class=\"hierarchy\">結果の一次解釈者。【詳細参照】</td></tr>\r\n<tr style=\"border: 0px #F0F0F0 solid; padding:0px; vertical-align: top; background-color: white\"><td style=\"vertical-align: top; text-align : left; background-color: white; border: 0px #F0F0F0 solid; padding:0px 4px 0px 4px; white-space: nowrap; background-image: url(tbl_bck10.png)\" class=\"hierarchy\"><img src=\"tbl_spacer.png\" alt=\".\" style=\"background-color: inherit\" class=\"hierarchy\"/><img src=\"tbl_vjoin.png\" alt=\".\" style=\"background-color: inherit\" class=\"hierarchy\"/><img src=\"icon_element.gif\" alt=\".\" style=\"background-color: white; background-color: inherit\" title=\"Element\" class=\"hierarchy\"/> <a href=\"StructureDefinition-jp-diagnosticreport-common-definitions.html#DiagnosticReport.specimen\" title=\"この診断レポートのもとになった検体に関する詳細情報。\">specimen</a><a name=\"DiagnosticReport.specimen\"> </a></td><td style=\"vertical-align: top; text-align : left; background-color: white; border: 0px #F0F0F0 solid; padding:0px 4px 0px 4px\" class=\"hierarchy\"/><td style=\"vertical-align: top; text-align : left; background-color: white; border: 0px #F0F0F0 solid; padding:0px 4px 0px 4px\" class=\"hierarchy\"><span style=\"opacity: 0.5\">0</span><span style=\"opacity: 0.5\">..</span><span style=\"opacity: 0.5\">*</span></td><td style=\"vertical-align: top; text-align : left; background-color: white; border: 0px #F0F0F0 solid; padding:0px 4px 0px 4px\" class=\"hierarchy\"><a href=\"http://hl7.org/fhir/R4/references.html\">Reference</a>(<a style=\"opacity: 0.5\" href=\"http://hl7.org/fhir/R4/specimen.html\">Specimen</a>)</td><td style=\"vertical-align: top; text-align : left; background-color: white; border: 0px #F0F0F0 solid; padding:0px 4px 0px 4px\" class=\"hierarchy\">レポートのもとになった検体。【詳細参照】</td></tr>\r\n<tr style=\"border: 0px #F0F0F0 solid; padding:0px; vertical-align: top; background-color: #F7F7F7\"><td style=\"vertical-align: top; text-align : left; background-color: #F7F7F7; border: 0px #F0F0F0 solid; padding:0px 4px 0px 4px; white-space: nowrap; background-image: url(tbl_bck10.png)\" class=\"hierarchy\"><img src=\"tbl_spacer.png\" alt=\".\" style=\"background-color: inherit\" class=\"hierarchy\"/><img src=\"tbl_vjoin.png\" alt=\".\" style=\"background-color: inherit\" class=\"hierarchy\"/><img src=\"icon_element.gif\" alt=\".\" style=\"background-color: #F7F7F7; background-color: inherit\" title=\"Element\" class=\"hierarchy\"/> <a href=\"StructureDefinition-jp-diagnosticreport-common-definitions.html#DiagnosticReport.result\" title=\"診断レポートの一部としてのObservationsリソース。\">result</a><a name=\"DiagnosticReport.result\"> </a></td><td style=\"vertical-align: top; text-align : left; background-color: #F7F7F7; border: 0px #F0F0F0 solid; padding:0px 4px 0px 4px\" class=\"hierarchy\"/><td style=\"vertical-align: top; text-align : left; background-color: #F7F7F7; border: 0px #F0F0F0 solid; padding:0px 4px 0px 4px\" class=\"hierarchy\"><span style=\"opacity: 0.5\">0</span><span style=\"opacity: 0.5\">..</span><span style=\"opacity: 0.5\">*</span></td><td style=\"vertical-align: top; text-align : left; background-color: #F7F7F7; border: 0px #F0F0F0 solid; padding:0px 4px 0px 4px\" class=\"hierarchy\"><a href=\"http://hl7.org/fhir/R4/references.html\">Reference</a>(<a style=\"opacity: 0.5\" href=\"http://hl7.org/fhir/R4/observation.html\">Observation</a>)</td><td style=\"vertical-align: top; text-align : left; background-color: #F7F7F7; border: 0px #F0F0F0 solid; padding:0px 4px 0px 4px\" class=\"hierarchy\">検査結果。Observationsリソースが参照される。【詳細参照】</td></tr>\r\n<tr style=\"border: 0px #F0F0F0 solid; padding:0px; vertical-align: top; background-color: white\"><td style=\"vertical-align: top; text-align : left; background-color: white; border: 0px #F0F0F0 solid; padding:0px 4px 0px 4px; white-space: nowrap; background-image: url(tbl_bck10.png)\" class=\"hierarchy\"><img src=\"tbl_spacer.png\" alt=\".\" style=\"background-color: inherit\" class=\"hierarchy\"/><img src=\"tbl_vjoin.png\" alt=\".\" style=\"background-color: inherit\" class=\"hierarchy\"/><img src=\"icon_element.gif\" alt=\".\" style=\"background-color: white; background-color: inherit\" title=\"Element\" class=\"hierarchy\"/> <a href=\"StructureDefinition-jp-diagnosticreport-common-definitions.html#DiagnosticReport.imagingStudy\" title=\"診断的精査中に実施されたなんらかの画像検査の詳細情報へのひとつ以上のリンク。通常は、DICOM対応のモダリティーによって実施される画像検査であるが、必須ではない。完全対応のPACSビューワはこの情報を使用して原画像の一覧を提供できる。\">imagingStudy</a><a name=\"DiagnosticReport.imagingStudy\"> </a></td><td style=\"vertical-align: top; text-align : left; background-color: white; border: 0px #F0F0F0 solid; padding:0px 4px 0px 4px\" class=\"hierarchy\"/><td style=\"vertical-align: top; text-align : left; background-color: white; border: 0px #F0F0F0 solid; padding:0px 4px 0px 4px\" class=\"hierarchy\"><span style=\"opacity: 0.5\">0</span><span style=\"opacity: 0.5\">..</span><span style=\"opacity: 0.5\">*</span></td><td style=\"vertical-align: top; text-align : left; background-color: white; border: 0px #F0F0F0 solid; padding:0px 4px 0px 4px\" class=\"hierarchy\"><a href=\"http://hl7.org/fhir/R4/references.html\">Reference</a>(<a style=\"opacity: 0.5\" href=\"http://hl7.org/fhir/R4/imagingstudy.html\">ImagingStudy</a>)</td><td style=\"vertical-align: top; text-align : left; background-color: white; border: 0px #F0F0F0 solid; padding:0px 4px 0px 4px\" class=\"hierarchy\">診断レポートに関連づけれらた画像検査の詳細情報への参照。【詳細参照】</td></tr>\r\n<tr style=\"border: 0px #F0F0F0 solid; padding:0px; vertical-align: top; background-color: #F7F7F7\"><td style=\"vertical-align: top; text-align : left; background-color: #F7F7F7; border: 0px #F0F0F0 solid; padding:0px 4px 0px 4px; white-space: nowrap; background-image: url(tbl_bck10.png)\" class=\"hierarchy\"><img src=\"tbl_spacer.png\" alt=\".\" style=\"background-color: inherit\" class=\"hierarchy\"/><img src=\"tbl_vjoin.png\" alt=\".\" style=\"background-color: inherit\" class=\"hierarchy\"/><img src=\"icon_element.gif\" alt=\".\" style=\"background-color: #F7F7F7; background-color: inherit\" title=\"Element\" class=\"hierarchy\"/> <a href=\"StructureDefinition-jp-diagnosticreport-common-definitions.html#DiagnosticReport.media\" title=\"このレポートに関連する主要な画像のリスト。画像は通常、診断プロセス中に作成され、患者から直接か、調製された検体標本（つまり、関心のあるスライド）のこともある。\">media</a><a name=\"DiagnosticReport.media\"> </a></td><td style=\"vertical-align: top; text-align : left; background-color: #F7F7F7; border: 0px #F0F0F0 solid; padding:0px 4px 0px 4px\" class=\"hierarchy\"/><td style=\"vertical-align: top; text-align : left; background-color: #F7F7F7; border: 0px #F0F0F0 solid; padding:0px 4px 0px 4px\" class=\"hierarchy\"><span style=\"opacity: 0.5\">0</span><span style=\"opacity: 0.5\">..</span><span style=\"opacity: 0.5\">*</span></td><td style=\"vertical-align: top; text-align : left; background-color: #F7F7F7; border: 0px #F0F0F0 solid; padding:0px 4px 0px 4px\" class=\"hierarchy\"><a style=\"opacity: 0.5\" href=\"http://hl7.org/fhir/R4/datatypes.html#BackboneElement\">BackboneElement</a></td><td style=\"vertical-align: top; text-align : left; background-color: #F7F7F7; border: 0px #F0F0F0 solid; padding:0px 4px 0px 4px\" class=\"hierarchy\">このレポートに関連づけられたキー画像。【詳細参照】</td></tr>\r\n<tr style=\"border: 0px #F0F0F0 solid; padding:0px; vertical-align: top; background-color: white\"><td style=\"vertical-align: top; text-align : left; background-color: white; border: 0px #F0F0F0 solid; padding:0px 4px 0px 4px; white-space: nowrap; background-image: url(tbl_bck10.png)\" class=\"hierarchy\"><img src=\"tbl_spacer.png\" alt=\".\" style=\"background-color: inherit\" class=\"hierarchy\"/><img src=\"tbl_vjoin.png\" alt=\".\" style=\"background-color: inherit\" class=\"hierarchy\"/><img src=\"icon_element.gif\" alt=\".\" style=\"background-color: white; background-color: inherit\" title=\"Element\" class=\"hierarchy\"/> <a href=\"StructureDefinition-jp-diagnosticreport-common-definitions.html#DiagnosticReport.conclusion\" title=\"診断レポートの簡潔で臨床的に文脈化された要約結論（解釈/印象）。\">conclusion</a><a name=\"DiagnosticReport.conclusion\"> </a></td><td style=\"vertical-align: top; text-align : left; background-color: white; border: 0px #F0F0F0 solid; padding:0px 4px 0px 4px\" class=\"hierarchy\"/><td style=\"vertical-align: top; text-align : left; background-color: white; border: 0px #F0F0F0 solid; padding:0px 4px 0px 4px\" class=\"hierarchy\"><span style=\"opacity: 0.5\">0</span><span style=\"opacity: 0.5\">..</span><span style=\"opacity: 0.5\">1</span></td><td style=\"vertical-align: top; text-align : left; background-color: white; border: 0px #F0F0F0 solid; padding:0px 4px 0px 4px\" class=\"hierarchy\"><a style=\"opacity: 0.5\" href=\"http://hl7.org/fhir/R4/datatypes.html#string\">string</a></td><td style=\"vertical-align: top; text-align : left; background-color: white; border: 0px #F0F0F0 solid; padding:0px 4px 0px 4px\" class=\"hierarchy\">検査結果の臨床的結論（解釈）。【詳細参照】</td></tr>\r\n<tr style=\"border: 0px #F0F0F0 solid; padding:0px; vertical-align: top; background-color: #F7F7F7\"><td style=\"vertical-align: top; text-align : left; background-color: #F7F7F7; border: 0px #F0F0F0 solid; padding:0px 4px 0px 4px; white-space: nowrap; background-image: url(tbl_bck10.png)\" class=\"hierarchy\"><img src=\"tbl_spacer.png\" alt=\".\" style=\"background-color: inherit\" class=\"hierarchy\"/><img src=\"tbl_vjoin.png\" alt=\".\" style=\"background-color: inherit\" class=\"hierarchy\"/><img src=\"icon_element.gif\" alt=\".\" style=\"background-color: #F7F7F7; background-color: inherit\" title=\"Element\" class=\"hierarchy\"/> <a href=\"StructureDefinition-jp-diagnosticreport-common-definitions.html#DiagnosticReport.conclusionCode\" title=\"診断レポートの要約的な結論（解釈/印象）を表す1つ以上のコード。\">conclusionCode</a><a name=\"DiagnosticReport.conclusionCode\"> </a></td><td style=\"vertical-align: top; text-align : left; background-color: #F7F7F7; border: 0px #F0F0F0 solid; padding:0px 4px 0px 4px\" class=\"hierarchy\"/><td style=\"vertical-align: top; text-align : left; background-color: #F7F7F7; border: 0px #F0F0F0 solid; padding:0px 4px 0px 4px\" class=\"hierarchy\"><span style=\"opacity: 0.5\">0</span><span style=\"opacity: 0.5\">..</span><span style=\"opacity: 0.5\">*</span></td><td style=\"vertical-align: top; text-align : left; background-color: #F7F7F7; border: 0px #F0F0F0 solid; padding:0px 4px 0px 4px\" class=\"hierarchy\"><a style=\"opacity: 0.5\" href=\"http://hl7.org/fhir/R4/datatypes.html#CodeableConcept\">CodeableConcept</a></td><td style=\"vertical-align: top; text-align : left; background-color: #F7F7F7; border: 0px #F0F0F0 solid; padding:0px 4px 0px 4px\" class=\"hierarchy\">検査結果の臨床的結論（解釈）用のコード。【詳細参照】</td></tr>\r\n<tr style=\"border: 0px #F0F0F0 solid; padding:0px; vertical-align: top; background-color: white\"><td style=\"vertical-align: top; text-align : left; background-color: white; border: 0px #F0F0F0 solid; padding:0px 4px 0px 4px; white-space: nowrap; background-image: url(tbl_bck00.png)\" class=\"hierarchy\"><img src=\"tbl_spacer.png\" alt=\".\" style=\"background-color: inherit\" class=\"hierarchy\"/><img src=\"tbl_vjoin_end.png\" alt=\".\" style=\"background-color: inherit\" class=\"hierarchy\"/><img src=\"icon_element.gif\" alt=\".\" style=\"background-color: white; background-color: inherit\" title=\"Element\" class=\"hierarchy\"/> <a href=\"StructureDefinition-jp-diagnosticreport-common-definitions.html#DiagnosticReport.presentedForm\" title=\"診断サービスによって発行された結果全体のリッチテキスト表現。複数のフォーマットが許可されるが、それらは意味的に同等である必要がある。\">presentedForm</a><a name=\"DiagnosticReport.presentedForm\"> </a></td><td style=\"vertical-align: top; text-align : left; background-color: white; border: 0px #F0F0F0 solid; padding:0px 4px 0px 4px\" class=\"hierarchy\"/><td style=\"vertical-align: top; text-align : left; background-color: white; border: 0px #F0F0F0 solid; padding:0px 4px 0px 4px\" class=\"hierarchy\"><span style=\"opacity: 0.5\">0</span><span style=\"opacity: 0.5\">..</span><span style=\"opacity: 0.5\">*</span></td><td style=\"vertical-align: top; text-align : left; background-color: white; border: 0px #F0F0F0 solid; padding:0px 4px 0px 4px\" class=\"hierarchy\"><a style=\"opacity: 0.5\" href=\"http://hl7.org/fhir/R4/datatypes.html#Attachment\">Attachment</a></td><td style=\"vertical-align: top; text-align : left; background-color: white; border: 0px #F0F0F0 solid; padding:0px 4px 0px 4px\" class=\"hierarchy\">発行されたレポート全体。【詳細参照】</td></tr>\r\n<tr><td colspan=\"5\" class=\"hierarchy\"><br/><a href=\"http://hl7.org/fhir/R4/formats.html#table\" title=\"Legend for this format\"><img src=\"http://hl7.org/fhir/R4/help16.png\" alt=\"doco\" style=\"background-color: inherit\"/> Documentation for this format</a></td></tr></table></div>"},"extension":[{"url":"http://hl7.org/fhir/StructureDefinition/structuredefinition-category","valueString":"Clinical.Diagnostics"},{"url":"http://hl7.org/fhir/StructureDefinition/structuredefinition-security-category","valueCode":"patient"}],"url":"http://jpfhir.jp/fhir/core/StructureDefinition/JP_DiagnosticReport_Common","version":"1.1.0a","name":"JP_DiagnosticReport_Common","title":"JP Core DiagnosticReport Common Profile","status":"active","date":"2022-10-15T12:12:25+00:00","publisher":"FHIR Japanese implementation research working group in Japan Association of Medical Informatics (JAMI)","contact":[{"name":"FHIR Japanese implementation research working group in Japan Association of Medical Informatics (JAMI)","telecom":[{"system":"url","value":"http://jpfhir.jp"},{"system":"email","value":"office@hlfhir.jp"}]}],"description":"このプロファイルはDiagnosticReportリソースに対して、データを送受信するための共通の制約と拡張を定めたものである。","jurisdiction":[{"coding":[{"system":"urn:iso:std:iso:3166","code":"JP"}]}],"copyright":"Copyright FHIR Japanese implementation research working group in Japan Association of Medical Informatics (JAMI) 一般社団法人日本医療情報学会NeXEHRS課題研究会FHIR日本実装検討WG","fhirVersion":"4.0.1","mapping":[{"identity":"workflow","uri":"http://hl7.org/fhir/workflow","name":"Workflow Pattern"},{"identity":"v2","uri":"http://hl7.org/v2","name":"HL7 v2 Mapping"},{"identity":"rim","uri":"http://hl7.org/v3","name":"RIM Mapping"},{"identity":"w5","uri":"http://hl7.org/fhir/fivews","name":"FiveWs Pattern Mapping"}],"kind":"resource","abstract":false,"type":"DiagnosticReport","baseDefinition":"http://hl7.org/fhir/StructureDefinition/DiagnosticReport","derivation":"constraint","snapshot":{"element":[{"id":"DiagnosticReport","path":"DiagnosticReport","short":"診断レポート-依頼情報、１項目単位の結果、画像、解釈、およびフォーマットされたレポートの組み合わせ。【詳細参照】","definition":"患者、患者のグループ、デバイス、場所、これらから派生した検体に対して実行された診断的検査の結果と解釈。レポートには、依頼情報や依頼者情報などの臨床コンテキスト（文脈）、および１項目単位の結果、画像、テキストとコード化された解釈、および診断レポートのフォーマットされた表現のいくつかの組み合わせが含まれる。","comment":"これは単一のレポートをキャプチャすることを目的としており、複数のレポートをカバーする要約情報の表示に使用するのには適していない。たとえば、このリソースは、検査結果の累積レポート形式やシーケンスの詳細な構造化レポート用に作られていない。\r\n\r\n【JP Core仕様】DiagnosticReportリソースの共通プロフィール","alias":["Report","Test","Result","Results","Labs","Laboratory"],"min":0,"max":"*","base":{"path":"DiagnosticReport","min":0,"max":"*"},"isModifier":false,"isSummary":false,"mapping":[{"identity":"rim","map":"Entity. Role, or Act"},{"identity":"workflow","map":"Event"},{"identity":"v2","map":"ORU -> OBR"},{"identity":"rim","map":"Observation[classCode=OBS, moodCode=EVN]"}]},{"id":"DiagnosticReport.id","path":"DiagnosticReport.id","short":"Logical id of this artifact","definition":"The logical id of the resource, as used in the URL for the resource. Once assigned, this value never changes.","comment":"The only time that a resource does not have an id is when it is being submitted to the server using a create operation.","min":0,"max":"1","base":{"path":"Resource.id","min":0,"max":"1"},"type":[{"extension":[{"url":"http://hl7.org/fhir/StructureDefinition/structuredefinition-fhir-type","valueUrl":"id"}],"code":"http://hl7.org/fhirpath/System.String"}],"isModifier":false,"isSummary":true},{"id":"DiagnosticReport.meta","path":"DiagnosticReport.meta","short":"Metadata about the resource","definition":"The metadata about the resource. This is content that is maintained by the infrastructure. Changes to the content might not always be associated with version changes to the resource.","min":0,"max":"1","base":{"path":"Resource.meta","min":0,"max":"1"},"type":[{"code":"Meta"}],"constraint":[{"key":"ele-1","severity":"error","human":"All FHIR elements must have a @value or children","expression":"hasValue() or (children().count() > id.count())","xpath":"@value|f:*|h:div","source":"http://hl7.org/fhir/StructureDefinition/Element"}],"isModifier":false,"isSummary":true},{"id":"DiagnosticReport.implicitRules","path":"DiagnosticReport.implicitRules","short":"A set of rules under which this content was created","definition":"A reference to a set of rules that were followed when the resource was constructed, and which must be understood when processing the content. Often, this is a reference to an implementation guide that defines the special rules along with other profiles etc.","comment":"Asserting this rule set restricts the content to be only understood by a limited set of trading partners. This inherently limits the usefulness of the data in the long term. However, the existing health eco-system is highly fractured, and not yet ready to define, collect, and exchange data in a generally computable sense. Wherever possible, implementers and/or specification writers should avoid using this element. Often, when used, the URL is a reference to an implementation guide that defines these special rules as part of it's narrative along with other profiles, value sets, etc.","min":0,"max":"1","base":{"path":"Resource.implicitRules","min":0,"max":"1"},"type":[{"code":"uri"}],"constraint":[{"key":"ele-1","severity":"error","human":"All FHIR elements must have a @value or children","expression":"hasValue() or (children().count() > id.count())","xpath":"@value|f:*|h:div","source":"http://hl7.org/fhir/StructureDefinition/Element"}],"isModifier":true,"isModifierReason":"This element is labeled as a modifier because the implicit rules may provide additional knowledge about the resource that modifies it's meaning or interpretation","isSummary":true},{"id":"DiagnosticReport.language","path":"DiagnosticReport.language","short":"Language of the resource content","definition":"The base language in which the resource is written.","comment":"Language is provided to support indexing and accessibility (typically, services such as text to speech use the language tag). The html language tag in the narrative applies  to the narrative. The language tag on the resource may be used to specify the language of other presentations generated from the data in the resource. Not all the content has to be in the base language. The Resource.language should not be assumed to apply to the narrative automatically. If a language is specified, it should it also be specified on the div element in the html (see rules in HTML5 for information about the relationship between xml:lang and the html lang attribute).","min":0,"max":"1","base":{"path":"Resource.language","min":0,"max":"1"},"type":[{"code":"code"}],"constraint":[{"key":"ele-1","severity":"error","human":"All FHIR elements must have a @value or children","expression":"hasValue() or (children().count() > id.count())","xpath":"@value|f:*|h:div","source":"http://hl7.org/fhir/StructureDefinition/Element"}],"isModifier":false,"isSummary":false,"binding":{"extension":[{"url":"http://hl7.org/fhir/StructureDefinition/elementdefinition-maxValueSet","valueCanonical":"http://hl7.org/fhir/ValueSet/all-languages"},{"url":"http://hl7.org/fhir/StructureDefinition/elementdefinition-bindingName","valueString":"Language"},{"url":"http://hl7.org/fhir/StructureDefinition/elementdefinition-isCommonBinding","valueBoolean":true}],"strength":"preferred","description":"A human language.","valueSet":"http://hl7.org/fhir/ValueSet/languages"}},{"id":"DiagnosticReport.text","path":"DiagnosticReport.text","short":"Text summary of the resource, for human interpretation","definition":"A human-readable narrative that contains a summary of the resource and can be used to represent the content of the resource to a human. The narrative need not encode all the structured data, but is required to contain sufficient detail to make it \"clinically safe\" for a human to just read the narrative. Resource definitions may define what content should be represented in the narrative to ensure clinical safety.","comment":"Contained resources do not have narrative. Resources that are not contained SHOULD have a narrative. In some cases, a resource may only have text with little or no additional discrete data (as long as all minOccurs=1 elements are satisfied).  This may be necessary for data from legacy systems where information is captured as a \"text blob\" or where text is additionally entered raw or narrated and encoded information is added later.","alias":["narrative","html","xhtml","display"],"min":0,"max":"1","base":{"path":"DomainResource.text","min":0,"max":"1"},"type":[{"code":"Narrative"}],"constraint":[{"key":"ele-1","severity":"error","human":"All FHIR elements must have a @value or children","expression":"hasValue() or (children().count() > id.count())","xpath":"@value|f:*|h:div","source":"http://hl7.org/fhir/StructureDefinition/Element"}],"isModifier":false,"isSummary":false,"mapping":[{"identity":"rim","map":"Act.text?"}]},{"id":"DiagnosticReport.contained","path":"DiagnosticReport.contained","short":"Contained, inline Resources","definition":"These resources do not have an independent existence apart from the resource that contains them - they cannot be identified independently, and nor can they have their own independent transaction scope.","comment":"This should never be done when the content can be identified properly, as once identification is lost, it is extremely difficult (and context dependent) to restore it again. Contained resources may have profiles and tags In their meta elements, but SHALL NOT have security labels.","alias":["inline resources","anonymous resources","contained resources"],"min":0,"max":"*","base":{"path":"DomainResource.contained","min":0,"max":"*"},"type":[{"code":"Resource"}],"isModifier":false,"isSummary":false,"mapping":[{"identity":"rim","map":"N/A"}]},{"id":"DiagnosticReport.extension","path":"DiagnosticReport.extension","short":"Additional content defined by implementations","definition":"May be used to represent additional information that is not part of the basic definition of the resource. To make the use of extensions safe and manageable, there is a strict set of governance  applied to the definition and use of extensions. Though any implementer can define an extension, there is a set of requirements that SHALL be met as part of the definition of the extension.","comment":"There can be no stigma associated with the use of extensions by any application, project, or standard - regardless of the institution or jurisdiction that uses or defines the extensions.  The use of extensions is what allows the FHIR specification to retain a core level of simplicity for everyone.","alias":["extensions","user content"],"min":0,"max":"*","base":{"path":"DomainResource.extension","min":0,"max":"*"},"type":[{"code":"Extension"}],"constraint":[{"key":"ele-1","severity":"error","human":"All FHIR elements must have a @value or children","expression":"hasValue() or (children().count() > id.count())","xpath":"@value|f:*|h:div","source":"http://hl7.org/fhir/StructureDefinition/Element"},{"key":"ext-1","severity":"error","human":"Must have either extensions or value[x], not both","expression":"extension.exists() != value.exists()","xpath":"exists(f:extension)!=exists(f:*[starts-with(local-name(.), \"value\")])","source":"http://hl7.org/fhir/StructureDefinition/Extension"}],"isModifier":false,"isSummary":false,"mapping":[{"identity":"rim","map":"N/A"}]},{"id":"DiagnosticReport.modifierExtension","path":"DiagnosticReport.modifierExtension","short":"Extensions that cannot be ignored","definition":"May be used to represent additional information that is not part of the basic definition of the resource and that modifies the understanding of the element that contains it and/or the understanding of the containing element's descendants. Usually modifier elements provide negation or qualification. To make the use of extensions safe and manageable, there is a strict set of governance applied to the definition and use of extensions. Though any implementer is allowed to define an extension, there is a set of requirements that SHALL be met as part of the definition of the extension. Applications processing a resource are required to check for modifier extensions.\n\nModifier extensions SHALL NOT change the meaning of any elements on Resource or DomainResource (including cannot change the meaning of modifierExtension itself).","comment":"There can be no stigma associated with the use of extensions by any application, project, or standard - regardless of the institution or jurisdiction that uses or defines the extensions.  The use of extensions is what allows the FHIR specification to retain a core level of simplicity for everyone.","requirements":"Modifier extensions allow for extensions that *cannot* be safely ignored to be clearly distinguished from the vast majority of extensions which can be safely ignored.  This promotes interoperability by eliminating the need for implementers to prohibit the presence of extensions. For further information, see the [definition of modifier extensions](http://hl7.org/fhir/R4/extensibility.html#modifierExtension).","alias":["extensions","user content"],"min":0,"max":"*","base":{"path":"DomainResource.modifierExtension","min":0,"max":"*"},"type":[{"code":"Extension"}],"constraint":[{"key":"ele-1","severity":"error","human":"All FHIR elements must have a @value or children","expression":"hasValue() or (children().count() > id.count())","xpath":"@value|f:*|h:div","source":"http://hl7.org/fhir/StructureDefinition/Element"},{"key":"ext-1","severity":"error","human":"Must have either extensions or value[x], not both","expression":"extension.exists() != value.exists()","xpath":"exists(f:extension)!=exists(f:*[starts-with(local-name(.), \"value\")])","source":"http://hl7.org/fhir/StructureDefinition/Extension"}],"isModifier":true,"isModifierReason":"Modifier extensions are expected to modify the meaning or interpretation of the resource that contains them","isSummary":false,"mapping":[{"identity":"rim","map":"N/A"}]},{"id":"DiagnosticReport.identifier","path":"DiagnosticReport.identifier","short":"レポートを識別するビジネス識別子。【詳細参照】","definition":"実行者または他のシステムによってこのレポートに割り当てられた識別子。","comment":"通常、診断サービスプロバイダの情報システム（フィラーID）によって割り当てられる。","requirements":"発生源の検査室からこのレポートについてクエリを作成するとき、およびFHIRコンテキスト外のレポートにリンクするときに使用する識別子を知る必要がある。","alias":["ReportID","Filler ID","Placer ID"],"min":0,"max":"*","base":{"path":"DiagnosticReport.identifier","min":0,"max":"*"},"type":[{"code":"Identifier"}],"constraint":[{"key":"ele-1","severity":"error","human":"All FHIR elements must have a @value or children","expression":"hasValue() or (children().count() > id.count())","xpath":"@value|f:*|h:div","source":"http://hl7.org/fhir/StructureDefinition/Element"}],"isModifier":false,"isSummary":true,"mapping":[{"identity":"workflow","map":"Event.identifier"},{"identity":"w5","map":"FiveWs.identifier"},{"identity":"v2","map":"OBR-51/ for globally unique filler ID  - OBR-3 , For non-globally unique filler-id the flller/placer number must be combined with the universal service Id -  OBR-2(if present)+OBR-3+OBR-4"},{"identity":"rim","map":"id"}]},{"id":"DiagnosticReport.basedOn","path":"DiagnosticReport.basedOn","short":"元になった検査や診断の依頼。【詳細参照】","definition":"依頼されたサービス（検査や診断など）に関する詳細情報","comment":"通常、１結果ごとに１つの検査依頼があるが、状況によっては、複数の検査要求に対して１レポートがある場合がある。また１つの検査依頼に対して複数のレポートが作成される場合もあることに注意。","requirements":"This allows tracing of authorization for the report and tracking whether proposals/recommendations were acted upon.","alias":["Request"],"min":0,"max":"*","base":{"path":"DiagnosticReport.basedOn","min":0,"max":"*"},"type":[{"code":"Reference","targetProfile":["http://hl7.org/fhir/StructureDefinition/CarePlan","http://hl7.org/fhir/StructureDefinition/ImmunizationRecommendation","http://jpfhir.jp/fhir/core/StructureDefinition/JP_MedicationRequest","http://jpfhir.jp/fhir/core/StructureDefinition/JP_MedicationRequest_Injection","http://hl7.org/fhir/StructureDefinition/NutritionOrder","http://hl7.org/fhir/StructureDefinition/ServiceRequest"]}],"constraint":[{"key":"ele-1","severity":"error","human":"All FHIR elements must have a @value or children","expression":"hasValue() or (children().count() > id.count())","xpath":"@value|f:*|h:div","source":"http://hl7.org/fhir/StructureDefinition/Element"}],"isModifier":false,"isSummary":false,"mapping":[{"identity":"workflow","map":"Event.basedOn"},{"identity":"v2","map":"ORC? OBR-2/3?"},{"identity":"rim","map":"outboundRelationship[typeCode=FLFS].target"}]},{"id":"DiagnosticReport.status","path":"DiagnosticReport.status","short":"registered | partial | preliminary | final +","definition":"診断レポートのステータス。","requirements":"Diagnostic services routinely issue provisional/incomplete reports, and sometimes withdraw previously released reports.","min":1,"max":"1","base":{"path":"DiagnosticReport.status","min":1,"max":"1"},"type":[{"code":"code"}],"constraint":[{"key":"ele-1","severity":"error","human":"All FHIR elements must have a @value or children","expression":"hasValue() or (children().count() > id.count())","xpath":"@value|f:*|h:div","source":"http://hl7.org/fhir/StructureDefinition/Element"}],"isModifier":true,"isModifierReason":"This element is labeled as a modifier because it is a status element that contains status entered-in-error which means that the resource should not be treated as valid","isSummary":true,"binding":{"extension":[{"url":"http://hl7.org/fhir/StructureDefinition/elementdefinition-bindingName","valueString":"DiagnosticReportStatus"}],"strength":"required","description":"The status of the diagnostic report.","valueSet":"http://hl7.org/fhir/ValueSet/diagnostic-report-status|4.0.1"},"mapping":[{"identity":"workflow","map":"Event.status"},{"identity":"w5","map":"FiveWs.status"},{"identity":"v2","map":"OBR-25 (not 1:1 mapping)"},{"identity":"rim","map":"statusCode  Note: final and amended are distinguished by whether observation is the subject of a ControlAct event of type \"revise\""}]},{"id":"DiagnosticReport.category","path":"DiagnosticReport.category","short":"サービスカテゴリー。【詳細参照】","definition":"レポートを作成した臨床分野、部門、または診断サービス（心臓病学、生化学、血液学、MRIなど）を分類するコード。これは、検索、並べ替え、および表示の目的で使用される。","comment":"さまざまなカテゴリ化スキームを使用して、複数のカテゴリを使用できる。粒度のレベルは、それぞれの値セットのカテゴリの概念によって定義される。 DiagnosticReport.codeのメタデータや用語の階層を使用して、よりきめ細かいフィルタリングを実行できる。","alias":["Department","Sub-department","Service","Discipline"],"min":0,"max":"*","base":{"path":"DiagnosticReport.category","min":0,"max":"*"},"type":[{"code":"CodeableConcept"}],"constraint":[{"key":"ele-1","severity":"error","human":"All FHIR elements must have a @value or children","expression":"hasValue() or (children().count() > id.count())","xpath":"@value|f:*|h:div","source":"http://hl7.org/fhir/StructureDefinition/Element"}],"isModifier":false,"isSummary":true,"binding":{"extension":[{"url":"http://hl7.org/fhir/StructureDefinition/elementdefinition-bindingName","valueString":"DiagnosticServiceSection"}],"strength":"example","description":"Codes for diagnostic service sections.","valueSet":"http://hl7.org/fhir/ValueSet/diagnostic-service-sections"},"mapping":[{"identity":"w5","map":"FiveWs.class"},{"identity":"v2","map":"OBR-24"},{"identity":"rim","map":"inboundRelationship[typeCode=COMP].source[classCode=LIST, moodCode=EVN, code < LabService].code"}]},{"id":"DiagnosticReport.code","path":"DiagnosticReport.code","short":"この診断レポートの名前/コード。【詳細参照】","definition":"この診断レポートを説明するコードまたは名前。","comment":"すべてのターミノロジの使用がこの一般的なパターンに適合するわけではない。場合によっては、モデルはCodeableConceptを使用せず、コーディングを直接使用して、テキスト、コーディング、翻訳、および要素と事前・事後の用語作成（pre- and post-coordination）との関係を管理するための独自の構造を提供する必要がある。","alias":["Type"],"min":1,"max":"1","base":{"path":"DiagnosticReport.code","min":1,"max":"1"},"type":[{"code":"CodeableConcept"}],"constraint":[{"key":"ele-1","severity":"error","human":"All FHIR elements must have a @value or children","expression":"hasValue() or (children().count() > id.count())","xpath":"@value|f:*|h:div","source":"http://hl7.org/fhir/StructureDefinition/Element"}],"isModifier":false,"isSummary":true,"binding":{"extension":[{"url":"http://hl7.org/fhir/StructureDefinition/elementdefinition-bindingName","valueString":"DiagnosticReportCodes"}],"strength":"preferred","description":"Codes that describe Diagnostic Reports.","valueSet":"http://hl7.org/fhir/ValueSet/report-codes"},"mapping":[{"identity":"workflow","map":"Event.code"},{"identity":"w5","map":"FiveWs.what[x]"},{"identity":"v2","map":"OBR-4 (HL7 v2 doesn't provide an easy way to indicate both the ordered test and the performed panel)"},{"identity":"rim","map":"code"}]},{"id":"DiagnosticReport.subject","path":"DiagnosticReport.subject","short":"レポートの対象、常にではないが、通常は患者。【詳細参照】","definition":"レポートの対象、常にではないが、通常、患者。ただし、診断サービスは、他のさまざまなソースから収集された検体を対象とすることもある。","comment":"参照は、実際のFHIRリソースへの参照である必要があり、内容に辿り着ける（解決できる）必要がある（アクセス制御、一時的な使用不可などを考慮に入れる）。解決は、URLから取得するか、リソースタイプによって該当する場合は、絶対参照を正規URLとして扱い、ローカルレジストリ/リポジトリで検索することによって行うことができる。","requirements":"SHALL know the subject context.","alias":["Patient"],"min":0,"max":"1","base":{"path":"DiagnosticReport.subject","min":0,"max":"1"},"type":[{"code":"Reference","targetProfile":["http://jpfhir.jp/fhir/core/StructureDefinition/JP_Patient","http://hl7.org/fhir/StructureDefinition/Group","http://hl7.org/fhir/StructureDefinition/Device","http://jpfhir.jp/fhir/core/StructureDefinition/JP_Location"]}],"constraint":[{"key":"ele-1","severity":"error","human":"All FHIR elements must have a @value or children","expression":"hasValue() or (children().count() > id.count())","xpath":"@value|f:*|h:div","source":"http://hl7.org/fhir/StructureDefinition/Element"}],"isModifier":false,"isSummary":true,"mapping":[{"identity":"workflow","map":"Event.subject"},{"identity":"w5","map":"FiveWs.subject[x]"},{"identity":"v2","map":"PID-3 (no HL7 v2 mapping for Group or Device)"},{"identity":"rim","map":"participation[typeCode=SBJ]"},{"identity":"w5","map":"FiveWs.subject"}]},{"id":"DiagnosticReport.encounter","path":"DiagnosticReport.encounter","short":"依頼時におけるヘルスケアイベント（受診など）。【詳細参照】","definition":"このDiagnosticReportが対象とするヘルスケアイベント（患者とヘルスケアプロバイダの相互関係など）。受診、入院、診察など。","comment":"通常、イベントが発生したEncounterであるが、一部のイベントは、エンEncounterの正式な完了の前または後に開始される場合があり、その場合でもEncounterのコンテキストに関連付けられている（例：入院前の臨床検査）。","requirements":"Links the request to the Encounter context.","alias":["Context"],"min":0,"max":"1","base":{"path":"DiagnosticReport.encounter","min":0,"max":"1"},"type":[{"code":"Reference","targetProfile":["http://jpfhir.jp/fhir/core/StructureDefinition/JP_Encounter"]}],"constraint":[{"key":"ele-1","severity":"error","human":"All FHIR elements must have a @value or children","expression":"hasValue() or (children().count() > id.count())","xpath":"@value|f:*|h:div","source":"http://hl7.org/fhir/StructureDefinition/Element"}],"isModifier":false,"isSummary":true,"mapping":[{"identity":"workflow","map":"Event.encounter"},{"identity":"w5","map":"FiveWs.context"},{"identity":"v2","map":"PV1-19"},{"identity":"rim","map":"inboundRelationship[typeCode=COMP].source[classCode=ENC, moodCode=EVN]"}]},{"id":"DiagnosticReport.effective[x]","path":"DiagnosticReport.effective[x]","short":"臨床的に関連する時刻または時間。【詳細参照】","definition":"観測値が関連する時間または期間。レポートの対象が患者である場合、これは通常、処置や検体採取の時刻のいずれかであるが、日付/時刻の出処は不明であり、日付/時刻自体のみのことがある。","comment":"診断手順が患者に対して実行された場合、これは実施された時間である。対象が検体である場合は、検体採取時間から診断関連時刻を導き出すことができるが、検体情報が常に入手できるとは限らず、検体と診断関連時刻の正確な関係は必ずしも自明ではない。","requirements":"Need to know where in the patient history to file/present this report.","alias":["Observation time","Effective Time","Occurrence"],"min":0,"max":"1","base":{"path":"DiagnosticReport.effective[x]","min":0,"max":"1"},"type":[{"code":"dateTime"},{"code":"Period"}],"constraint":[{"key":"ele-1","severity":"error","human":"All FHIR elements must have a @value or children","expression":"hasValue() or (children().count() > id.count())","xpath":"@value|f:*|h:div","source":"http://hl7.org/fhir/StructureDefinition/Element"}],"isModifier":false,"isSummary":true,"mapping":[{"identity":"workflow","map":"Event.occurrence[x]"},{"identity":"w5","map":"FiveWs.done[x]"},{"identity":"v2","map":"OBR-7"},{"identity":"rim","map":"effectiveTime"}]},{"id":"DiagnosticReport.issued","path":"DiagnosticReport.issued","short":"このバージョンが作成された日時。【詳細参照】","definition":"このバージョンのレポートが医療者に提供された日時。通常、レポートがレビューおよび検証・確定された後となる。","comment":"リソース自体の更新時刻とは異なる場合がある。これは、レポートの実際の提供時刻ではなく、リソース自体の更新時刻はレコード（場合によってはセカンダリコピー）のステータスの更新時刻となるため。","requirements":"Clinicians need to be able to check the date that the report was released.","alias":["Date published","Date Issued","Date Verified"],"min":0,"max":"1","base":{"path":"DiagnosticReport.issued","min":0,"max":"1"},"type":[{"code":"instant"}],"constraint":[{"key":"ele-1","severity":"error","human":"All FHIR elements must have a @value or children","expression":"hasValue() or (children().count() > id.count())","xpath":"@value|f:*|h:div","source":"http://hl7.org/fhir/StructureDefinition/Element"}],"isModifier":false,"isSummary":true,"mapping":[{"identity":"w5","map":"FiveWs.recorded"},{"identity":"v2","map":"OBR-22"},{"identity":"rim","map":"participation[typeCode=VRF or AUT].time"}]},{"id":"DiagnosticReport.performer","path":"DiagnosticReport.performer","short":"レポート内容に責任をもつ診断的サービス。【詳細参照】","definition":"レポートの作成発行に責任をもつ診断サービス。","comment":"必ずしも１項目データ単位のデータソースまたは結果を解釈した主体でなない。臨床レポートに責任をもつ主体のこと。","requirements":"Need to know whom to contact if there are queries about the results. Also may need to track the source of reports for secondary data analysis.","alias":["Laboratory","Service","Practitioner","Department","Company","Authorized by","Director"],"min":0,"max":"*","base":{"path":"DiagnosticReport.performer","min":0,"max":"*"},"type":[{"code":"Reference","targetProfile":["http://jpfhir.jp/fhir/core/StructureDefinition/JP_Practitioner","http://jpfhir.jp/fhir/core/StructureDefinition/JP_PractitionerRole","http://jpfhir.jp/fhir/core/StructureDefinition/JP_Organization","http://hl7.org/fhir/StructureDefinition/CareTeam"]}],"constraint":[{"key":"ele-1","severity":"error","human":"All FHIR elements must have a @value or children","expression":"hasValue() or (children().count() > id.count())","xpath":"@value|f:*|h:div","source":"http://hl7.org/fhir/StructureDefinition/Element"}],"isModifier":false,"isSummary":true,"mapping":[{"identity":"workflow","map":"Event.performer.actor"},{"identity":"w5","map":"FiveWs.actor"},{"identity":"v2","map":"PRT-8 (where this PRT-4-Participation = \"PO\")"},{"identity":"rim","map":".participation[typeCode=PRF]"}]},{"id":"DiagnosticReport.resultsInterpreter","path":"DiagnosticReport.resultsInterpreter","short":"結果の一次解釈者。【詳細参照】","definition":"レポートの結論と解釈に責任を持つ医療者あるいは組織。","comment":"レポートに責任を持つ主体とは異なる場合がある。","requirements":"Need to know whom to contact if there are queries about the results. Also may need to track the source of reports for secondary data analysis.","alias":["Analyzed by","Reported by"],"min":0,"max":"*","base":{"path":"DiagnosticReport.resultsInterpreter","min":0,"max":"*"},"type":[{"code":"Reference","targetProfile":["http://jpfhir.jp/fhir/core/StructureDefinition/JP_Practitioner","http://jpfhir.jp/fhir/core/StructureDefinition/JP_PractitionerRole","http://jpfhir.jp/fhir/core/StructureDefinition/JP_Organization","http://hl7.org/fhir/StructureDefinition/CareTeam"]}],"constraint":[{"key":"ele-1","severity":"error","human":"All FHIR elements must have a @value or children","expression":"hasValue() or (children().count() > id.count())","xpath":"@value|f:*|h:div","source":"http://hl7.org/fhir/StructureDefinition/Element"}],"isModifier":false,"isSummary":true,"mapping":[{"identity":"workflow","map":"Event.performer.actor"},{"identity":"w5","map":"FiveWs.actor"},{"identity":"v2","map":"OBR-32, PRT-8 (where this PRT-4-Participation = \"PI\")"},{"identity":"rim","map":".participation[typeCode=PRF]"}]},{"id":"DiagnosticReport.specimen","path":"DiagnosticReport.specimen","short":"レポートのもとになった検体。【詳細参照】","definition":"この診断レポートのもとになった検体に関する詳細情報。","comment":"検査結果名称のコードを見れば検体情報が十分に判明するような場合には、この検体情報は冗長になる。複数の検体が関与する場合には、検査や検査グループごとに検体情報が記述されることがある。","requirements":"Need to be able to report information about the collected specimens on which the report is based.","min":0,"max":"*","base":{"path":"DiagnosticReport.specimen","min":0,"max":"*"},"type":[{"code":"Reference","targetProfile":["http://hl7.org/fhir/StructureDefinition/Specimen"]}],"constraint":[{"key":"ele-1","severity":"error","human":"All FHIR elements must have a @value or children","expression":"hasValue() or (children().count() > id.count())","xpath":"@value|f:*|h:div","source":"http://hl7.org/fhir/StructureDefinition/Element"}],"isModifier":false,"isSummary":false,"mapping":[{"identity":"v2","map":"SPM"},{"identity":"rim","map":"participation[typeCode=SBJ]"}]},{"id":"DiagnosticReport.result","path":"DiagnosticReport.result","short":"検査結果。Observationsリソースが参照される。【詳細参照】","definition":"診断レポートの一部としてのObservationsリソース。","comment":"Observationはobservationを含むことができる。","requirements":"個々の結果または結果のグループをサポートする必要がある。結果のグループ化は任意だが、意味がある場合にグループ化される。","alias":["Data","Atomic Value","Result","Atomic result","Data","Test","Analyte","Battery","Organizer"],"min":0,"max":"*","base":{"path":"DiagnosticReport.result","min":0,"max":"*"},"type":[{"code":"Reference","targetProfile":["http://hl7.org/fhir/StructureDefinition/Observation"]}],"constraint":[{"key":"ele-1","severity":"error","human":"All FHIR elements must have a @value or children","expression":"hasValue() or (children().count() > id.count())","xpath":"@value|f:*|h:div","source":"http://hl7.org/fhir/StructureDefinition/Element"}],"isModifier":false,"isSummary":false,"mapping":[{"identity":"v2","map":"OBXs"},{"identity":"rim","map":"outboundRelationship[typeCode=COMP].target"}]},{"id":"DiagnosticReport.imagingStudy","path":"DiagnosticReport.imagingStudy","short":"診断レポートに関連づけれらた画像検査の詳細情報への参照。【詳細参照】","definition":"診断的精査中に実施されたなんらかの画像検査の詳細情報へのひとつ以上のリンク。通常は、DICOM対応のモダリティーによって実施される画像検査であるが、必須ではない。完全対応のPACSビューワはこの情報を使用して原画像の一覧を提供できる。","comment":"ImagingStudyと画像要素は多少重複する。通常、画像要素内の画像参照のリストは、画像検査リソースのひとつにも存在する。ただし、それぞれがさまざまなタイプの目的のためにさまざまなタイプのディスプレイに対応する。どちらも、どちらか、または両方を提供することはできない。","min":0,"max":"*","base":{"path":"DiagnosticReport.imagingStudy","min":0,"max":"*"},"type":[{"code":"Reference","targetProfile":["http://hl7.org/fhir/StructureDefinition/ImagingStudy"]}],"constraint":[{"key":"ele-1","severity":"error","human":"All FHIR elements must have a @value or children","expression":"hasValue() or (children().count() > id.count())","xpath":"@value|f:*|h:div","source":"http://hl7.org/fhir/StructureDefinition/Element"}],"isModifier":false,"isSummary":false,"mapping":[{"identity":"rim","map":"outboundRelationship[typeCode=COMP].target[classsCode=DGIMG, moodCode=EVN]"}]},{"id":"DiagnosticReport.media","path":"DiagnosticReport.media","short":"このレポートに関連づけられたキー画像。【詳細参照】","definition":"このレポートに関連する主要な画像のリスト。画像は通常、診断プロセス中に作成され、患者から直接か、調製された検体標本（つまり、関心のあるスライド）のこともある。","requirements":"Many diagnostic services include images in the report as part of their service.","alias":["DICOM","Slides","Scans"],"min":0,"max":"*","base":{"path":"DiagnosticReport.media","min":0,"max":"*"},"type":[{"code":"BackboneElement"}],"constraint":[{"key":"ele-1","severity":"error","human":"All FHIR elements must have a @value or children","expression":"hasValue() or (children().count() > id.count())","xpath":"@value|f:*|h:div","source":"http://hl7.org/fhir/StructureDefinition/Element"}],"isModifier":false,"isSummary":true,"mapping":[{"identity":"v2","map":"OBX?"},{"identity":"rim","map":"outboundRelationship[typeCode=COMP].target"}]},{"id":"DiagnosticReport.media.id","path":"DiagnosticReport.media.id","representation":["xmlAttr"],"short":"Unique id for inter-element referencing","definition":"Unique id for the element within a resource (for internal references). This may be any string value that does not contain spaces.","min":0,"max":"1","base":{"path":"Element.id","min":0,"max":"1"},"type":[{"extension":[{"url":"http://hl7.org/fhir/StructureDefinition/structuredefinition-fhir-type","valueUrl":"string"}],"code":"http://hl7.org/fhirpath/System.String"}],"isModifier":false,"isSummary":false,"mapping":[{"identity":"rim","map":"n/a"}]},{"id":"DiagnosticReport.media.extension","path":"DiagnosticReport.media.extension","short":"Additional content defined by implementations","definition":"May be used to represent additional information that is not part of the basic definition of the element. To make the use of extensions safe and manageable, there is a strict set of governance  applied to the definition and use of extensions. Though any implementer can define an extension, there is a set of requirements that SHALL be met as part of the definition of the extension.","comment":"There can be no stigma associated with the use of extensions by any application, project, or standard - regardless of the institution or jurisdiction that uses or defines the extensions.  The use of extensions is what allows the FHIR specification to retain a core level of simplicity for everyone.","alias":["extensions","user content"],"min":0,"max":"*","base":{"path":"Element.extension","min":0,"max":"*"},"type":[{"code":"Extension"}],"constraint":[{"key":"ele-1","severity":"error","human":"All FHIR elements must have a @value or children","expression":"hasValue() or (children().count() > id.count())","xpath":"@value|f:*|h:div","source":"http://hl7.org/fhir/StructureDefinition/Element"},{"key":"ext-1","severity":"error","human":"Must have either extensions or value[x], not both","expression":"extension.exists() != value.exists()","xpath":"exists(f:extension)!=exists(f:*[starts-with(local-name(.), \"value\")])","source":"http://hl7.org/fhir/StructureDefinition/Extension"}],"isModifier":false,"isSummary":false,"mapping":[{"identity":"rim","map":"n/a"}]},{"id":"DiagnosticReport.media.modifierExtension","path":"DiagnosticReport.media.modifierExtension","short":"Extensions that cannot be ignored even if unrecognized","definition":"May be used to represent additional information that is not part of the basic definition of the element and that modifies the understanding of the element in which it is contained and/or the understanding of the containing element's descendants. Usually modifier elements provide negation or qualification. To make the use of extensions safe and manageable, there is a strict set of governance applied to the definition and use of extensions. Though any implementer can define an extension, there is a set of requirements that SHALL be met as part of the definition of the extension. Applications processing a resource are required to check for modifier extensions.\n\nModifier extensions SHALL NOT change the meaning of any elements on Resource or DomainResource (including cannot change the meaning of modifierExtension itself).","comment":"There can be no stigma associated with the use of extensions by any application, project, or standard - regardless of the institution or jurisdiction that uses or defines the extensions.  The use of extensions is what allows the FHIR specification to retain a core level of simplicity for everyone.","requirements":"Modifier extensions allow for extensions that *cannot* be safely ignored to be clearly distinguished from the vast majority of extensions which can be safely ignored.  This promotes interoperability by eliminating the need for implementers to prohibit the presence of extensions. For further information, see the [definition of modifier extensions](http://hl7.org/fhir/R4/extensibility.html#modifierExtension).","alias":["extensions","user content","modifiers"],"min":0,"max":"*","base":{"path":"BackboneElement.modifierExtension","min":0,"max":"*"},"type":[{"code":"Extension"}],"constraint":[{"key":"ele-1","severity":"error","human":"All FHIR elements must have a @value or children","expression":"hasValue() or (children().count() > id.count())","xpath":"@value|f:*|h:div","source":"http://hl7.org/fhir/StructureDefinition/Element"},{"key":"ext-1","severity":"error","human":"Must have either extensions or value[x], not both","expression":"extension.exists() != value.exists()","xpath":"exists(f:extension)!=exists(f:*[starts-with(local-name(.), \"value\")])","source":"http://hl7.org/fhir/StructureDefinition/Extension"}],"isModifier":true,"isModifierReason":"Modifier extensions are expected to modify the meaning or interpretation of the element that contains them","isSummary":true,"mapping":[{"identity":"rim","map":"N/A"}]},{"id":"DiagnosticReport.media.comment","path":"DiagnosticReport.media.comment","short":"Comment about the image (e.g. explanation)","definition":"A comment about the image. Typically, this is used to provide an explanation for why the image is included, or to draw the viewer's attention to important features.","comment":"The comment should be displayed with the image. It would be common for the report to include additional discussion of the image contents in other sections such as the conclusion.","requirements":"The provider of the report should make a comment about each image included in the report.","min":0,"max":"1","base":{"path":"DiagnosticReport.media.comment","min":0,"max":"1"},"type":[{"code":"string"}],"constraint":[{"key":"ele-1","severity":"error","human":"All FHIR elements must have a @value or children","expression":"hasValue() or (children().count() > id.count())","xpath":"@value|f:*|h:div","source":"http://hl7.org/fhir/StructureDefinition/Element"}],"isModifier":false,"isSummary":false,"mapping":[{"identity":"rim","map":".inboundRelationship[typeCode=COMP].source[classCode=OBS, moodCode=EVN, code=\"annotation\"].value"}]},{"id":"DiagnosticReport.media.link","path":"DiagnosticReport.media.link","short":"Reference to the image source","definition":"Reference to the image source.","min":1,"max":"1","base":{"path":"DiagnosticReport.media.link","min":1,"max":"1"},"type":[{"code":"Reference","targetProfile":["http://hl7.org/fhir/StructureDefinition/Media"]}],"constraint":[{"key":"ele-1","severity":"error","human":"All FHIR elements must have a @value or children","expression":"hasValue() or (children().count() > id.count())","xpath":"@value|f:*|h:div","source":"http://hl7.org/fhir/StructureDefinition/Element"}],"isModifier":false,"isSummary":true,"mapping":[{"identity":"rim","map":".value.reference"}]},{"id":"DiagnosticReport.conclusion","path":"DiagnosticReport.conclusion","short":"検査結果の臨床的結論（解釈）。【詳細参照】","definition":"診断レポートの簡潔で臨床的に文脈化された要約結論（解釈/印象）。","requirements":"Need to be able to provide a conclusion that is not lost among the basic result data.","alias":["Report"],"min":0,"max":"1","base":{"path":"DiagnosticReport.conclusion","min":0,"max":"1"},"type":[{"code":"string"}],"constraint":[{"key":"ele-1","severity":"error","human":"All FHIR elements must have a @value or children","expression":"hasValue() or (children().count() > id.count())","xpath":"@value|f:*|h:div","source":"http://hl7.org/fhir/StructureDefinition/Element"}],"isModifier":false,"isSummary":false,"mapping":[{"identity":"v2","map":"OBX"},{"identity":"rim","map":"inboundRelationship[typeCode=\"SPRT\"].source[classCode=OBS, moodCode=EVN, code=LOINC:48767-8].value (type=ST)"}]},{"id":"DiagnosticReport.conclusionCode","path":"DiagnosticReport.conclusionCode","short":"検査結果の臨床的結論（解釈）用のコード。【詳細参照】","definition":"診断レポートの要約的な結論（解釈/印象）を表す1つ以上のコード。","comment":"すべてのターミノロジの使用がこの一般的なパターンに適合するわけではない。場合によっては、モデルはCodeableConceptを使用せず、コーディングを直接使用して、テキスト、コーディング、翻訳、および要素間の関係とpre-coordinationとpost-coordinationの用語関係を管理するための独自の構造を提供する必要がある。","min":0,"max":"*","base":{"path":"DiagnosticReport.conclusionCode","min":0,"max":"*"},"type":[{"code":"CodeableConcept"}],"constraint":[{"key":"ele-1","severity":"error","human":"All FHIR elements must have a @value or children","expression":"hasValue() or (children().count() > id.count())","xpath":"@value|f:*|h:div","source":"http://hl7.org/fhir/StructureDefinition/Element"}],"isModifier":false,"isSummary":false,"binding":{"extension":[{"url":"http://hl7.org/fhir/StructureDefinition/elementdefinition-bindingName","valueString":"AdjunctDiagnosis"}],"strength":"example","description":"Diagnosis codes provided as adjuncts to the report.","valueSet":"http://hl7.org/fhir/ValueSet/clinical-findings"},"mapping":[{"identity":"v2","map":"OBX"},{"identity":"rim","map":"inboundRelationship[typeCode=SPRT].source[classCode=OBS, moodCode=EVN, code=LOINC:54531-9].value (type=CD)"}]},{"id":"DiagnosticReport.presentedForm","path":"DiagnosticReport.presentedForm","short":"発行されたレポート全体。【詳細参照】","definition":"診断サービスによって発行された結果全体のリッチテキスト表現。複数のフォーマットが許可されるが、それらは意味的に同等である必要がある。","comment":"「application / pdf」がこのコンテキストで最も信頼でき相互運用可能なものとして推奨される。","requirements":"Gives laboratory the ability to provide its own fully formatted report for clinical fidelity.","min":0,"max":"*","base":{"path":"DiagnosticReport.presentedForm","min":0,"max":"*"},"type":[{"code":"Attachment"}],"constraint":[{"key":"ele-1","severity":"error","human":"All FHIR elements must have a @value or children","expression":"hasValue() or (children().count() > id.count())","xpath":"@value|f:*|h:div","source":"http://hl7.org/fhir/StructureDefinition/Element"}],"isModifier":false,"isSummary":false,"mapping":[{"identity":"v2","map":"OBX"},{"identity":"rim","map":"text (type=ED)"}]}]},"differential":{"element":[{"id":"DiagnosticReport","path":"DiagnosticReport","short":"診断レポート-依頼情報、１項目単位の結果、画像、解釈、およびフォーマットされたレポートの組み合わせ。【詳細参照】","definition":"患者、患者のグループ、デバイス、場所、これらから派生した検体に対して実行された診断的検査の結果と解釈。レポートには、依頼情報や依頼者情報などの臨床コンテキスト（文脈）、および１項目単位の結果、画像、テキストとコード化された解釈、および診断レポートのフォーマットされた表現のいくつかの組み合わせが含まれる。","comment":"これは単一のレポートをキャプチャすることを目的としており、複数のレポートをカバーする要約情報の表示に使用するのには適していない。たとえば、このリソースは、検査結果の累積レポート形式やシーケンスの詳細な構造化レポート用に作られていない。\r\n\r\n【JP Core仕様】DiagnosticReportリソースの共通プロフィール"},{"id":"DiagnosticReport.identifier","path":"DiagnosticReport.identifier","short":"レポートを識別するビジネス識別子。【詳細参照】","definition":"実行者または他のシステムによってこのレポートに割り当てられた識別子。","comment":"通常、診断サービスプロバイダの情報システム（フィラーID）によって割り当てられる。","requirements":"発生源の検査室からこのレポートについてクエリを作成するとき、およびFHIRコンテキスト外のレポートにリンクするときに使用する識別子を知る必要がある。"},{"id":"DiagnosticReport.basedOn","path":"DiagnosticReport.basedOn","short":"元になった検査や診断の依頼。【詳細参照】","definition":"依頼されたサービス（検査や診断など）に関する詳細情報","comment":"通常、１結果ごとに１つの検査依頼があるが、状況によっては、複数の検査要求に対して１レポートがある場合がある。また１つの検査依頼に対して複数のレポートが作成される場合もあることに注意。","type":[{"code":"Reference","targetProfile":["http://hl7.org/fhir/StructureDefinition/CarePlan","http://hl7.org/fhir/StructureDefinition/ImmunizationRecommendation","http://jpfhir.jp/fhir/core/StructureDefinition/JP_MedicationRequest","http://jpfhir.jp/fhir/core/StructureDefinition/JP_MedicationRequest_Injection","http://hl7.org/fhir/StructureDefinition/NutritionOrder","http://hl7.org/fhir/StructureDefinition/ServiceRequest"]}]},{"id":"DiagnosticReport.status","path":"DiagnosticReport.status","definition":"診断レポートのステータス。"},{"id":"DiagnosticReport.category","path":"DiagnosticReport.category","short":"サービスカテゴリー。【詳細参照】","definition":"レポートを作成した臨床分野、部門、または診断サービス（心臓病学、生化学、血液学、MRIなど）を分類するコード。これは、検索、並べ替え、および表示の目的で使用される。","comment":"さまざまなカテゴリ化スキームを使用して、複数のカテゴリを使用できる。粒度のレベルは、それぞれの値セットのカテゴリの概念によって定義される。 DiagnosticReport.codeのメタデータや用語の階層を使用して、よりきめ細かいフィルタリングを実行できる。"},{"id":"DiagnosticReport.code","path":"DiagnosticReport.code","short":"この診断レポートの名前/コード。【詳細参照】","definition":"この診断レポートを説明するコードまたは名前。","comment":"すべてのターミノロジの使用がこの一般的なパターンに適合するわけではない。場合によっては、モデルはCodeableConceptを使用せず、コーディングを直接使用して、テキスト、コーディング、翻訳、および要素と事前・事後の用語作成（pre- and post-coordination）との関係を管理するための独自の構造を提供する必要がある。"},{"id":"DiagnosticReport.subject","path":"DiagnosticReport.subject","short":"レポートの対象、常にではないが、通常は患者。【詳細参照】","definition":"レポートの対象、常にではないが、通常、患者。ただし、診断サービスは、他のさまざまなソースから収集された検体を対象とすることもある。","comment":"参照は、実際のFHIRリソースへの参照である必要があり、内容に辿り着ける（解決できる）必要がある（アクセス制御、一時的な使用不可などを考慮に入れる）。解決は、URLから取得するか、リソースタイプによって該当する場合は、絶対参照を正規URLとして扱い、ローカルレジストリ/リポジトリで検索することによって行うことができる。","type":[{"code":"Reference","targetProfile":["http://jpfhir.jp/fhir/core/StructureDefinition/JP_Patient","http://hl7.org/fhir/StructureDefinition/Group","http://hl7.org/fhir/StructureDefinition/Device","http://jpfhir.jp/fhir/core/StructureDefinition/JP_Location"]}]},{"id":"DiagnosticReport.encounter","path":"DiagnosticReport.encounter","short":"依頼時におけるヘルスケアイベント（受診など）。【詳細参照】","definition":"このDiagnosticReportが対象とするヘルスケアイベント（患者とヘルスケアプロバイダの相互関係など）。受診、入院、診察など。","comment":"通常、イベントが発生したEncounterであるが、一部のイベントは、エンEncounterの正式な完了の前または後に開始される場合があり、その場合でもEncounterのコンテキストに関連付けられている（例：入院前の臨床検査）。","type":[{"code":"Reference","targetProfile":["http://jpfhir.jp/fhir/core/StructureDefinition/JP_Encounter"]}]},{"id":"DiagnosticReport.effective[x]","path":"DiagnosticReport.effective[x]","short":"臨床的に関連する時刻または時間。【詳細参照】","definition":"観測値が関連する時間または期間。レポートの対象が患者である場合、これは通常、処置や検体採取の時刻のいずれかであるが、日付/時刻の出処は不明であり、日付/時刻自体のみのことがある。","comment":"診断手順が患者に対して実行された場合、これは実施された時間である。対象が検体である場合は、検体採取時間から診断関連時刻を導き出すことができるが、検体情報が常に入手できるとは限らず、検体と診断関連時刻の正確な関係は必ずしも自明ではない。"},{"id":"DiagnosticReport.issued","path":"DiagnosticReport.issued","short":"このバージョンが作成された日時。【詳細参照】","definition":"このバージョンのレポートが医療者に提供された日時。通常、レポートがレビューおよび検証・確定された後となる。","comment":"リソース自体の更新時刻とは異なる場合がある。これは、レポートの実際の提供時刻ではなく、リソース自体の更新時刻はレコード（場合によってはセカンダリコピー）のステータスの更新時刻となるため。"},{"id":"DiagnosticReport.performer","path":"DiagnosticReport.performer","short":"レポート内容に責任をもつ診断的サービス。【詳細参照】","definition":"レポートの作成発行に責任をもつ診断サービス。","comment":"必ずしも１項目データ単位のデータソースまたは結果を解釈した主体でなない。臨床レポートに責任をもつ主体のこと。","type":[{"code":"Reference","targetProfile":["http://jpfhir.jp/fhir/core/StructureDefinition/JP_Practitioner","http://jpfhir.jp/fhir/core/StructureDefinition/JP_PractitionerRole","http://jpfhir.jp/fhir/core/StructureDefinition/JP_Organization","http://hl7.org/fhir/StructureDefinition/CareTeam"]}]},{"id":"DiagnosticReport.resultsInterpreter","path":"DiagnosticReport.resultsInterpreter","short":"結果の一次解釈者。【詳細参照】","definition":"レポートの結論と解釈に責任を持つ医療者あるいは組織。","comment":"レポートに責任を持つ主体とは異なる場合がある。","type":[{"code":"Reference","targetProfile":["http://jpfhir.jp/fhir/core/StructureDefinition/JP_Practitioner","http://jpfhir.jp/fhir/core/StructureDefinition/JP_PractitionerRole","http://jpfhir.jp/fhir/core/StructureDefinition/JP_Organization","http://hl7.org/fhir/StructureDefinition/CareTeam"]}]},{"id":"DiagnosticReport.specimen","path":"DiagnosticReport.specimen","short":"レポートのもとになった検体。【詳細参照】","definition":"この診断レポートのもとになった検体に関する詳細情報。","comment":"検査結果名称のコードを見れば検体情報が十分に判明するような場合には、この検体情報は冗長になる。複数の検体が関与する場合には、検査や検査グループごとに検体情報が記述されることがある。"},{"id":"DiagnosticReport.result","path":"DiagnosticReport.result","short":"検査結果。Observationsリソースが参照される。【詳細参照】","definition":"診断レポートの一部としてのObservationsリソース。","comment":"Observationはobservationを含むことができる。","requirements":"個々の結果または結果のグループをサポートする必要がある。結果のグループ化は任意だが、意味がある場合にグループ化される。"},{"id":"DiagnosticReport.imagingStudy","path":"DiagnosticReport.imagingStudy","short":"診断レポートに関連づけれらた画像検査の詳細情報への参照。【詳細参照】","definition":"診断的精査中に実施されたなんらかの画像検査の詳細情報へのひとつ以上のリンク。通常は、DICOM対応のモダリティーによって実施される画像検査であるが、必須ではない。完全対応のPACSビューワはこの情報を使用して原画像の一覧を提供できる。","comment":"ImagingStudyと画像要素は多少重複する。通常、画像要素内の画像参照のリストは、画像検査リソースのひとつにも存在する。ただし、それぞれがさまざまなタイプの目的のためにさまざまなタイプのディスプレイに対応する。どちらも、どちらか、または両方を提供することはできない。"},{"id":"DiagnosticReport.media","path":"DiagnosticReport.media","short":"このレポートに関連づけられたキー画像。【詳細参照】","definition":"このレポートに関連する主要な画像のリスト。画像は通常、診断プロセス中に作成され、患者から直接か、調製された検体標本（つまり、関心のあるスライド）のこともある。"},{"id":"DiagnosticReport.conclusion","path":"DiagnosticReport.conclusion","short":"検査結果の臨床的結論（解釈）。【詳細参照】","definition":"診断レポートの簡潔で臨床的に文脈化された要約結論（解釈/印象）。"},{"id":"DiagnosticReport.conclusionCode","path":"DiagnosticReport.conclusionCode","short":"検査結果の臨床的結論（解釈）用のコード。【詳細参照】","definition":"診断レポートの要約的な結論（解釈/印象）を表す1つ以上のコード。","comment":"すべてのターミノロジの使用がこの一般的なパターンに適合するわけではない。場合によっては、モデルはCodeableConceptを使用せず、コーディングを直接使用して、テキスト、コーディング、翻訳、および要素間の関係とpre-coordinationとpost-coordinationの用語関係を管理するための独自の構造を提供する必要がある。"},{"id":"DiagnosticReport.presentedForm","path":"DiagnosticReport.presentedForm","short":"発行されたレポート全体。【詳細参照】","definition":"診断サービスによって発行された結果全体のリッチテキスト表現。複数のフォーマットが許可されるが、それらは意味的に同等である必要がある。","comment":"「application / pdf」がこのコンテキストで最も信頼でき相互運用可能なものとして推奨される。"}]}}