{"resourceType":"ValueSet","id":"jp-department-ssmix2digits-vs","text":{"status":"generated","div":"<div xmlns=\"http://www.w3.org/1999/xhtml\"><ul><li>Include codes from <code>urn:oid:1.2.392.200250.2.2.2</code> where concept  descends from  2Digits (２桁診療科)</li></ul></div>"},"url":"http://jpfhir.jp/fhir/core/ValueSet/JP_Department_SsMix2Digits_VS","version":"1.1.0a","name":"JP_Department_SsMix2Digits_VS","title":"JP Core Department SS-MIX 2Digits ValueSet","status":"active","experimental":false,"date":"2022-09-26","publisher":"FHIR Japanese implementation research working group in Japan Association of Medical Informatics (JAMI)","contact":[{"name":"FHIR Japanese implementation research working group in Japan Association of Medical Informatics (JAMI)","telecom":[{"system":"url","value":"http://jpfhir.jp"},{"system":"email","value":"office@hlfhir.jp"}]}],"description":"SS-MIX統一診療科コード(２桁)の値セット","jurisdiction":[{"coding":[{"system":"urn:iso:std:iso:3166","code":"JP"}]}],"copyright":"Copyright FHIR Japanese implementation research working group in Japan Association of Medical Informatics (JAMI) 一般社団法人日本医療情報学会NeXEHRS課題研究会FHIR日本実装検討WG","compose":{"include":[{"system":"urn:oid:1.2.392.200250.2.2.2","filter":[{"property":"concept","op":"descendent-of","value":"2Digits"}]}]}}