{"resourceType":"ValueSet","id":"jp-medicationcode-common-vs","text":{"status":"generated","div":"<div xmlns=\"http://www.w3.org/1999/xhtml\"><ul><li>Include all codes defined in <code>urn:oid:1.2.392.100495.20.1.81</code></li></ul></div>"},"url":"http://jpfhir.jp/fhir/core/ValueSet/JP_MedicationCodeCommon_VS","version":"1.1.0a","name":"JP_MedicationCodeCommon_VS","title":"JP Core MedicationCode Common ValueSet","status":"active","experimental":false,"date":"2022-09-26","publisher":"FHIR Japanese implementation research working group in Japan Association of Medical Informatics (JAMI)","contact":[{"name":"FHIR Japanese implementation research working group in Japan Association of Medical Informatics (JAMI)","telecom":[{"system":"url","value":"http://jpfhir.jp"},{"system":"email","value":"office@hlfhir.jp"}]}],"description":"医薬品一般名処方コードの値セット","jurisdiction":[{"coding":[{"system":"urn:iso:std:iso:3166","code":"JP"}]}],"copyright":"Copyright FHIR Japanese implementation research working group in Japan Association of Medical Informatics (JAMI) 一般社団法人日本医療情報学会NeXEHRS課題研究会FHIR日本実装検討WG","compose":{"include":[{"system":"urn:oid:1.2.392.100495.20.1.81"}]}}