"Id","Path","Slice Name","Alias(s)","Label","Min","Max","Must Support?","Is Modifier?","Is Summary?","Type(s)","Short","Definition","Comments","Requirements","Default Value","Meaning When Missing","Fixed Value","Pattern","Example","Minimum Value","Maximum Value","Maximum Length","Binding Strength","Binding Description","Binding Value Set","Code","Slicing Discriminator","Slicing Description","Slicing Ordered","Slicing Rules","Base Path","Base Min","Base Max","Condition(s)","Constraint(s)","Mapping: RIM Mapping","Mapping: FiveWs Pattern Mapping"
"Location","Location","","","",0,*,"","","","","物理的な場所の詳細情報と位置情報","Details and position information for a physical place where services are provided and resources and participants may be stored, found, contained, or accommodated.

サービスが提供され、リソースとそれに関わる人たちが存在する物理的な場所の詳細情報と位置情報。","","","","","","","","","",,,,,"",,,,"Location",0,*,"","","Entity. Role, or Act",".Role[classCode=SDLC]"
"Location.id","Location.id","","","",0,1,"","","Y","id {[]} {[]}
","Logical id of this artifact","The logical id of the resource, as used in the URL for the resource. Once assigned, this value never changes.","The only time that a resource does not have an id is when it is being submitted to the server using a create operation.","","","","","","","","",,,,,"",,,,"Resource.id",0,1,"",""
"Location.meta","Location.meta","","","",0,1,"","","Y","Meta {[]} {[]}
","Metadata about the resource","The metadata about the resource. This is content that is maintained by the infrastructure. Changes to the content might not always be associated with version changes to the resource.","","","","","","","","","",,,,,"",,,,"Resource.meta",0,1,"","ele-1:All FHIR elements must have a @value or children {hasValue() or (children().count() > id.count())}
"
"Location.implicitRules","Location.implicitRules","","","",0,1,"","Y","Y","uri {[]} {[]}
","A set of rules under which this content was created","A reference to a set of rules that were followed when the resource was constructed, and which must be understood when processing the content. Often, this is a reference to an implementation guide that defines the special rules along with other profiles etc.","Asserting this rule set restricts the content to be only understood by a limited set of trading partners. This inherently limits the usefulness of the data in the long term. However, the existing health eco-system is highly fractured, and not yet ready to define, collect, and exchange data in a generally computable sense. Wherever possible, implementers and/or specification writers should avoid using this element. Often, when used, the URL is a reference to an implementation guide that defines these special rules as part of it's narrative along with other profiles, value sets, etc.","","","","","","","","",,,,,"",,,,"Resource.implicitRules",0,1,"","ele-1:All FHIR elements must have a @value or children {hasValue() or (children().count() > id.count())}
"
"Location.language","Location.language","","","",0,1,"","","","code {[]} {[]}
","Language of the resource content","The base language in which the resource is written.","Language is provided to support indexing and accessibility (typically, services such as text to speech use the language tag). The html language tag in the narrative applies  to the narrative. The language tag on the resource may be used to specify the language of other presentations generated from the data in the resource. Not all the content has to be in the base language. The Resource.language should not be assumed to apply to the narrative automatically. If a language is specified, it should it also be specified on the div element in the html (see rules in HTML5 for information about the relationship between xml:lang and the html lang attribute).","","","","","","","","",,"preferred","A human language.","http://hl7.org/fhir/ValueSet/languages","",,,,"Resource.language",0,1,"","ele-1:All FHIR elements must have a @value or children {hasValue() or (children().count() > id.count())}
"
"Location.text","Location.text","","narrative
htmlxhtmldisplay","",0,1,"","","","Narrative {[]} {[]}
","Text summary of the resource, for human interpretation","A human-readable narrative that contains a summary of the resource and can be used to represent the content of the resource to a human. The narrative need not encode all the structured data, but is required to contain sufficient detail to make it ""clinically safe"" for a human to just read the narrative. Resource definitions may define what content should be represented in the narrative to ensure clinical safety.","Contained resources do not have narrative. Resources that are not contained SHOULD have a narrative. In some cases, a resource may only have text with little or no additional discrete data (as long as all minOccurs=1 elements are satisfied).  This may be necessary for data from legacy systems where information is captured as a ""text blob"" or where text is additionally entered raw or narrated and encoded information is added later.","","","","","","","","",,,,,"",,,,"DomainResource.text",0,1,"","ele-1:All FHIR elements must have a @value or children {hasValue() or (children().count() > id.count())}
","Act.text?"
"Location.contained","Location.contained","","inline resources
anonymous resourcescontained resources","",0,*,"","","","Resource {[]} {[]}
","Contained, inline Resources","These resources do not have an independent existence apart from the resource that contains them - they cannot be identified independently, and nor can they have their own independent transaction scope.","This should never be done when the content can be identified properly, as once identification is lost, it is extremely difficult (and context dependent) to restore it again. Contained resources may have profiles and tags In their meta elements, but SHALL NOT have security labels.","","","","","","","","",,,,,"",,,,"DomainResource.contained",0,*,"","","N/A"
"Location.extension","Location.extension","","extensions
user content","",0,*,"","","","Extension {[]} {[]}
","Additional content defined by implementations","May be used to represent additional information that is not part of the basic definition of the resource. To make the use of extensions safe and manageable, there is a strict set of governance  applied to the definition and use of extensions. Though any implementer can define an extension, there is a set of requirements that SHALL be met as part of the definition of the extension.","There can be no stigma associated with the use of extensions by any application, project, or standard - regardless of the institution or jurisdiction that uses or defines the extensions.  The use of extensions is what allows the FHIR specification to retain a core level of simplicity for everyone.","","","","","","","","",,,,,"",,,,"DomainResource.extension",0,*,"","ele-1:All FHIR elements must have a @value or children {hasValue() or (children().count() > id.count())}
ext-1:Must have either extensions or value[x], not both {extension.exists() != value.exists()}","N/A"
"Location.modifierExtension","Location.modifierExtension","","extensions
user content","",0,*,"","Y","","Extension {[]} {[]}
","Extensions that cannot be ignored","May be used to represent additional information that is not part of the basic definition of the resource and that modifies the understanding of the element that contains it and/or the understanding of the containing element's descendants. Usually modifier elements provide negation or qualification. To make the use of extensions safe and manageable, there is a strict set of governance applied to the definition and use of extensions. Though any implementer is allowed to define an extension, there is a set of requirements that SHALL be met as part of the definition of the extension. Applications processing a resource are required to check for modifier extensions.

Modifier extensions SHALL NOT change the meaning of any elements on Resource or DomainResource (including cannot change the meaning of modifierExtension itself).","There can be no stigma associated with the use of extensions by any application, project, or standard - regardless of the institution or jurisdiction that uses or defines the extensions.  The use of extensions is what allows the FHIR specification to retain a core level of simplicity for everyone.","Modifier extensions allow for extensions that *cannot* be safely ignored to be clearly distinguished from the vast majority of extensions which can be safely ignored.  This promotes interoperability by eliminating the need for implementers to prohibit the presence of extensions. For further information, see the [definition of modifier extensions](http://hl7.org/fhir/R4/extensibility.html#modifierExtension).","","","","","","","",,,,,"",,,,"DomainResource.modifierExtension",0,*,"","ele-1:All FHIR elements must have a @value or children {hasValue() or (children().count() > id.count())}
ext-1:Must have either extensions or value[x], not both {extension.exists() != value.exists()}","N/A"
"Location.identifier","Location.identifier","","","",0,*,"","","Y","Identifier {[]} {[]}
","Unique code or number identifying the location to its users / ユーザに場所を特定する一意のコードまたは番号","Unique code or number identifying the location to its users.

ユーザに場所を特定する一意のコードまたは番号","","Organization label locations in registries, need to keep track of those.

登記内の組織ラベルの場所。これらを追跡する必要がある。","","","","","","","",,,,,"",,,,"Location.identifier",0,*,"","ele-1:All FHIR elements must have a @value or children {hasValue() or (children().count() > id.count())}
",".id","FiveWs.identifier"
"Location.status","Location.status","","","",0,1,"","Y","Y","code {[]} {[]}
","active | suspended | inactive / アクティブ|中断|非アクティブ","The status property covers the general availability of the resource, not the current value which may be covered by the operationStatus, or by a schedule/slots if they are configured for the location.

statusプロパティは、operationStatus、またはロケーションに構成されている場合はスケジュール/スロットによってカバーされる可能性がある現在の値ではなく、リソースの一般的な可用性をカバーする。","Note that FHIR strings SHALL NOT exceed 1MB in size

FHIR文字列はサイズが1MBを超えてはならないことに注意すること","","","","","","","","",,"required","Indicates whether the location is still in use.","http://hl7.org/fhir/ValueSet/location-status|4.0.1","",,,,"Location.status",0,1,"","ele-1:All FHIR elements must have a @value or children {hasValue() or (children().count() > id.count())}
",".statusCode","FiveWs.status"
"Location.operationalStatus","Location.operationalStatus","","","",0,1,"","","Y","Coding {[]} {[]}
","The operational status of the location (typically only for a bed/room) / ロケーションの運用ステータス（通常、ベッド/部屋のみ）","The operational status covers operation values most relevant to beds (but can also apply to rooms/units/chairs/etc. such as an isolation unit/dialysis chair). This typically covers concepts such as contamination, housekeeping, and other activities like maintenance.

稼働状況には、ベッドに最も関連する稼働値が含まれる（ただし、隔離ユニット/透析椅子などの部屋/ユニット/椅子などにも適用できる）。これは通常、汚染、ハウスキーピング、およびメンテナンスなどの他のアクティビティなどの概念をカバーしている。","Codes may be defined very casually in enumerations or code lists, up to very formal definitions such as SNOMED CT - see the HL7 v3 Core Principles for more information.

コードは、SNOMED CTなどの非常に形式的な定義まで、列挙またはコードリストで非常にカジュアルに定義できる。詳細については、HL7 v3コア原則を参照すること。","","","","","","","","",,"preferred","The operational status if the location (where typically a bed/room).","http://terminology.hl7.org/ValueSet/v2-0116","",,,,"Location.operationalStatus",0,1,"","ele-1:All FHIR elements must have a @value or children {hasValue() or (children().count() > id.count())}
","n/a","FiveWs.status"
"Location.name","Location.name","","","",0,1,"","","Y","string {[]} {[]}
","Name of the location as used by humans / 人間が使用する場所の名前","Name of the location as used by humans. Does not need to be unique.

人間が使用する場所の名前。一意である必要はない。","If the name of a location changes, consider putting the old name in the alias column so that it can still be located through searches.

場所の名前が変更された場合は、古い名前をエイリアス列に入力して、検索で検索できるようにすることを検討すべきである。","","","","","","","","",,,,,"",,,,"Location.name",0,1,"","ele-1:All FHIR elements must have a @value or children {hasValue() or (children().count() > id.count())}
",".name"
"Location.alias","Location.alias","","","",0,*,"","","","string {[]} {[]}
","A list of alternate names that the location is known as, or was known as, in the past / その場所が過去に知られていた、または以前から知られていた別名のリスト","A list of alternate names that the location is known as, or was known as, in the past.

その場所が過去に知られていた、または以前から知られていた別名のリスト","There are no dates associated with the alias/historic names, as this is not intended to track when names were used, but to assist in searching so that older names can still result in identifying the location.

エイリアス/歴史的な名前に関連付けられた日付はない。これは、名前がいつ使用されたかを追跡するためではなく、古い名前でも場所を特定できるように検索を支援するためのものである。","Over time locations and organizations go through many changes and can be known by different names.

For searching knowing previous names that the location was known by can be very useful.

「時間の経過とともに、場所や組織は多くの変化を遂げ、さまざまな名前で知られるようになる。
場所が知られている以前の名前を知っていることを検索することは非常に役に立つ。」","","","","","","","",,,,,"",,,,"Location.alias",0,*,"","ele-1:All FHIR elements must have a @value or children {hasValue() or (children().count() > id.count())}
",".name"
"Location.description","Location.description","","","",0,1,"","","Y","string {[]} {[]}
","Additional details about the location that could be displayed as further information to identify the location beyond its name / 名前以外の場所を識別するための詳細情報として表示できる場所に関する追加の詳細","Description of the Location, which helps in finding or referencing the place.

場所の説明。場所の検索や参照に役立つ。","Note that FHIR strings SHALL NOT exceed 1MB in size

FHIR文字列はサイズが1MBを超えてはならないことに注意すること","Humans need additional information to verify a correct location has been identified.

人間は、正しい場所が特定されたことを確認するために追加情報を必要とする。","","","","","","","",,,,,"",,,,"Location.description",0,1,"","ele-1:All FHIR elements must have a @value or children {hasValue() or (children().count() > id.count())}
",".playingEntity[classCode=PLC determinerCode=INSTANCE].desc"
"Location.mode","Location.mode","","","",0,1,"","","Y","code {[]} {[]}
","instance | kind / インスタンス|種類","Indicates whether a resource instance represents a specific location or a class of locations.

リソースインスタンスが特定の場所を表すか、場所のクラスを表すかを示す。","This is labeled as a modifier because whether or not the location is a class of locations changes how it can be used and understood.

ロケーションがロケーションのクラスであるかどうかによって、その使用方法と理解方法が変わるため、これは修飾子としてラベル付けされる。","When using a Location resource for scheduling or orders, we need to be able to refer to a class of Locations instead of a specific Location.

スケジュールや順番に場所リソースを使用する場合、特定の場所ではなく場所のクラスを参照できる必要がある。","","","","","","","",,"required","Indicates whether a resource instance represents a specific location or a class of locations.","http://hl7.org/fhir/ValueSet/location-mode|4.0.1","",,,,"Location.mode",0,1,"","ele-1:All FHIR elements must have a @value or children {hasValue() or (children().count() > id.count())}
",".playingEntity[classCode=PLC].determinerCode","FiveWs.class"
"Location.type","Location.type","","","",0,*,"","","Y","CodeableConcept {[]} {[]}
","Type of function performed / 実行される機能のタイプ","Indicates the type of function performed at the location.

その場所で実行される機能のタイプを示す。","Not all terminology uses fit this general pattern. In some cases, models should not use CodeableConcept and use Coding directly and provide their own structure for managing text, codings, translations and the relationship between elements and pre- and post-coordination.

すべての用語の使用がこの一般的なパターンに適合するわけではない。場合によっては、モデルはCodeableConceptを使用せず、コーディングを直接使用して、テキスト、コーディング、翻訳、および要素と前後の調整間の関係を管理するための独自の構造を提供する必要がある。","","","","","","","","",,"extensible","Indicates the type of function performed at the location.","http://terminology.hl7.org/ValueSet/v3-ServiceDeliveryLocationRoleType","",,,,"Location.type",0,*,"","ele-1:All FHIR elements must have a @value or children {hasValue() or (children().count() > id.count())}
",".code","FiveWs.class"
"Location.telecom","Location.telecom","","","",0,*,"","","","ContactPoint {[]} {[]}
","Contact details of the location / 所在地の連絡先","The contact details of communication devices available at the location. This can include phone numbers, fax numbers, mobile numbers, email addresses and web sites.

その場所で利用可能な通信機器の連絡先。これには、電話番号、ファックス番号、携帯電話番号、電子メールアドレス、ウェブサイトなどが含まれる。","","","","","","","","","",,,,,"",,,,"Location.telecom",0,*,"","ele-1:All FHIR elements must have a @value or children {hasValue() or (children().count() > id.count())}
",".telecom"
"Location.address","Location.address","","","",0,1,"","","","Address {[]} {[]}
","Physical location / 物理的な場所","Physical location.

物理的な場所。","Additional addresses should be recorded using another instance of the Location resource, or via the Organization.

追加のアドレスは、Location リソースの別のインスタンスを使用して記録するか、Organization を介して記録する必要がある。","If locations can be visited, we need to keep track of their address.

場所が訪問できる場合は、住所を把握しておく必要がある。","","","","","","","",,,,,"",,,,"Location.address",0,1,"","ele-1:All FHIR elements must have a @value or children {hasValue() or (children().count() > id.count())}
",".addr"
"Location.physicalType","Location.physicalType","","","",0,1,"","","Y","CodeableConcept {[]} {[]}
","Physical form of the location / 場所の物理的な形態","Physical form of the location, e.g. building, room, vehicle, road.

場所の物理的な形、例えば建物、部屋、車両、道路。","Not all terminology uses fit this general pattern. In some cases, models should not use CodeableConcept and use Coding directly and provide their own structure for managing text, codings, translations and the relationship between elements and pre- and post-coordination.

すべての用語の使用がこの一般的なパターンに適合するわけではない。いくつかのケースでは、モデルはCodeableConceptを使用せず、Codingを直接使用し、テキスト、コーディング、翻訳、要素間の関係、および前後の調整を管理するための独自の構造を提供することが望ましい。","For purposes of showing relevant locations in queries, we need to categorize locations.

クエリで関連する場所を表示するためには、場所を分類する必要がある。","","","","","","","",,"example","Physical form of the location.","http://hl7.org/fhir/ValueSet/location-physical-type","",,,,"Location.physicalType",0,1,"","ele-1:All FHIR elements must have a @value or children {hasValue() or (children().count() > id.count())}
",".playingEntity [classCode=PLC].code","FiveWs.class"
"Location.position","Location.position","","","",0,1,"","","","BackboneElement {[]} {[]}
","The absolute geographic location / 絶対的な地理的位置","The absolute geographic location of the Location, expressed using the WGS84 datum (This is the same co-ordinate system used in KML).

WGS84 データム（KML で使用されている座標系と同じ）を用いて表現された Location の絶対地理的位置。","","For mobile applications and automated route-finding knowing the exact location of the Location is required.

モバイルアプリケーションや自動化されたルート検索では、位置情報の正確な位置を知る必要がある。","","","","","","","",,,,,"",,,,"Location.position",0,1,"","ele-1:All FHIR elements must have a @value or children {hasValue() or (children().count() > id.count())}
",".playingEntity [classCode=PLC determinerCode=INSTANCE].positionText"
"Location.position.id","Location.position.id","","","",0,1,"","","","string {[]} {[]}
","Unique id for inter-element referencing","Unique id for the element within a resource (for internal references). This may be any string value that does not contain spaces.","","","","","","","","","",,,,,"",,,,"Element.id",0,1,"","","n/a"
"Location.position.extension","Location.position.extension","","extensions
user content","",0,*,"","","","Extension {[]} {[]}
","Additional content defined by implementations","May be used to represent additional information that is not part of the basic definition of the element. To make the use of extensions safe and manageable, there is a strict set of governance  applied to the definition and use of extensions. Though any implementer can define an extension, there is a set of requirements that SHALL be met as part of the definition of the extension.","There can be no stigma associated with the use of extensions by any application, project, or standard - regardless of the institution or jurisdiction that uses or defines the extensions.  The use of extensions is what allows the FHIR specification to retain a core level of simplicity for everyone.","","","","","","","","",,,,,"",,,,"Element.extension",0,*,"","ele-1:All FHIR elements must have a @value or children {hasValue() or (children().count() > id.count())}
ext-1:Must have either extensions or value[x], not both {extension.exists() != value.exists()}","n/a"
"Location.position.modifierExtension","Location.position.modifierExtension","","extensions
user contentmodifiers","",0,*,"","Y","Y","Extension {[]} {[]}
","Extensions that cannot be ignored even if unrecognized","May be used to represent additional information that is not part of the basic definition of the element and that modifies the understanding of the element in which it is contained and/or the understanding of the containing element's descendants. Usually modifier elements provide negation or qualification. To make the use of extensions safe and manageable, there is a strict set of governance applied to the definition and use of extensions. Though any implementer can define an extension, there is a set of requirements that SHALL be met as part of the definition of the extension. Applications processing a resource are required to check for modifier extensions.

Modifier extensions SHALL NOT change the meaning of any elements on Resource or DomainResource (including cannot change the meaning of modifierExtension itself).","There can be no stigma associated with the use of extensions by any application, project, or standard - regardless of the institution or jurisdiction that uses or defines the extensions.  The use of extensions is what allows the FHIR specification to retain a core level of simplicity for everyone.","Modifier extensions allow for extensions that *cannot* be safely ignored to be clearly distinguished from the vast majority of extensions which can be safely ignored.  This promotes interoperability by eliminating the need for implementers to prohibit the presence of extensions. For further information, see the [definition of modifier extensions](http://hl7.org/fhir/R4/extensibility.html#modifierExtension).","","","","","","","",,,,,"",,,,"BackboneElement.modifierExtension",0,*,"","ele-1:All FHIR elements must have a @value or children {hasValue() or (children().count() > id.count())}
ext-1:Must have either extensions or value[x], not both {extension.exists() != value.exists()}","N/A"
"Location.position.longitude","Location.position.longitude","","","",1,1,"","","","decimal {[]} {[]}
","Longitude with WGS84 datum / WGS84データの経度","Longitude. The value domain and the interpretation are the same as for the text of the longitude element in KML (see notes below).

経度。値の領域及び解釈は、KML の longitude 要素のテキストと同様である（後述）。","Do not use an IEEE type floating point type, instead use something that works like a true decimal, with inbuilt precision (e.g. Java BigInteger)

IEEE型の浮動小数点型は使用せず、真の10進数のように動作し、精度が組み込まれているものを使用すること（例：JavaのBigInteger）。","","","","","","","","",,,,,"",,,,"Location.position.longitude",1,1,"","ele-1:All FHIR elements must have a @value or children {hasValue() or (children().count() > id.count())}
","(RIM Opted not to map the sub-elements of GPS location, is now an OBS)"
"Location.position.latitude","Location.position.latitude","","","",1,1,"","","","decimal {[]} {[]}
","Latitude with WGS84 datum / WGS84データの緯度","Latitude. The value domain and the interpretation are the same as for the text of the latitude element in KML (see notes below).

緯度。値領域及び解釈は、KML の latitude 要素のテキストと同様である（後述）。","Do not use an IEEE type floating point type, instead use something that works like a true decimal, with inbuilt precision (e.g. Java BigInteger)

IEEE型の浮動小数点型は使用せず、真の10進数のように動作し、精度が組み込まれているものを使用すること（例：JavaのBigInteger）。","","","","","","","","",,,,,"",,,,"Location.position.latitude",1,1,"","ele-1:All FHIR elements must have a @value or children {hasValue() or (children().count() > id.count())}
","(RIM Opted not to map the sub-elements of GPS location, is now an OBS)"
"Location.position.altitude","Location.position.altitude","","","",0,1,"","","","decimal {[]} {[]}
","Altitude with WGS84 datum / WGS84データによる高度","Altitude. The value domain and the interpretation are the same as for the text of the altitude element in KML (see notes below).

高度。値領域及び解釈は、KML の altitude 要素のテキストと同様である（後述）。","Do not use an IEEE type floating point type, instead use something that works like a true decimal, with inbuilt precision (e.g. Java BigInteger)

IEEE型の浮動小数点型は使用せず、真の10進数のように動作し、精度が組み込まれているものを使用すること（例：JavaのBigInteger）。","","","","","","","","",,,,,"",,,,"Location.position.altitude",0,1,"","ele-1:All FHIR elements must have a @value or children {hasValue() or (children().count() > id.count())}
","(RIM Opted not to map the sub-elements of GPS location, is now an OBS)"
"Location.managingOrganization","Location.managingOrganization","","","",0,1,"","","Y","Reference {[]} {[CanonicalType[http://jpfhir.jp/fhir/core/StructureDefinition/JP_Organization]]}
","Organization responsible for provisioning and upkeep / プロビジョニングと維持管理を担当する組織","The organization responsible for the provisioning and upkeep of the location.

場所のプロビジョニングと維持管理を担当する組織。","This can also be used as the part of the organization hierarchy where this location provides services. These services can be defined through the HealthcareService resource.

これは、この場所がサービスを提供する組織階層の一部として使用することもできる。これらのサービスは、HealthcareServiceリソースを介して定義することができる。","Need to know who manages the location.

場所を管理している人を知る必要がある。","","","","","","","",,,,,"",,,,"Location.managingOrganization",0,1,"","ele-1:All FHIR elements must have a @value or children {hasValue() or (children().count() > id.count())}
",".scopingEntity[classCode=ORG determinerKind=INSTANCE]"
"Location.partOf","Location.partOf","","","",0,1,"","","","Reference {[]} {[CanonicalType[http://jpfhir.jp/fhir/core/StructureDefinition/JP_Location]]}
","Another Location this one is physically a part of / この場所が物理的に存在するもう一つの場所","Another Location of which this Location is physically a part of.

この場所が物理的に存在するもう一つの場所。","References SHALL be a reference to an actual FHIR resource, and SHALL be resolvable (allowing for access control, temporary unavailability, etc.). Resolution can be either by retrieval from the URL, or, where applicable by resource type, by treating an absolute reference as a canonical URL and looking it up in a local registry/repository.

参照は、実際のFHIRリソースへの参照である必要があり、解決可能（内容に到達可能）である必要がある（アクセス制御、一時的な使用不可などを考慮に入れる）。解決は、URLから取得するか、リソースタイプによって該当する場合は、絶対参照を正規URLとして扱い、ローカルレジストリ/リポジトリで検索することによって行うことができる。","For purposes of location, display and identification, knowing which locations are located within other locations is important.

位置情報、表示、識別のためには、他のどの場所の内部にどの場所があるかを知ることが重要である。","","","","","","","",,,,,"",,,,"Location.partOf",0,1,"","ele-1:All FHIR elements must have a @value or children {hasValue() or (children().count() > id.count())}
",".inboundLink[typeCode=PART].source[classCode=SDLC]"
"Location.hoursOfOperation","Location.hoursOfOperation","","","",0,*,"","","","BackboneElement {[]} {[]}
","What days/times during a week is this location usually open / この場所は通常、1週間のうち何日/時間帯に営業している","What days/times during a week is this location usually open.

この場所が週に何日あるいは何時間オープンしているか。","This type of information is commonly found published in directories and on websites informing customers when the facility is available.

Specific services within the location may have their own hours which could be shorter (or longer) than the locations hours.

この種の情報は、一般的にディレクトリやウェブサイトに掲載されており、施設が利用可能な時間帯を顧客に通知している。
その場所の特定のサービスは、その場所の時間よりも短い（または長い）独自の時間を持っている場合がある。","","","","","","","","",,,,,"",,,,"Location.hoursOfOperation",0,*,"","ele-1:All FHIR elements must have a @value or children {hasValue() or (children().count() > id.count())}
",".effectiveTime"
"Location.hoursOfOperation.id","Location.hoursOfOperation.id","","","",0,1,"","","","string {[]} {[]}
","Unique id for inter-element referencing","Unique id for the element within a resource (for internal references). This may be any string value that does not contain spaces.","","","","","","","","","",,,,,"",,,,"Element.id",0,1,"","","n/a"
"Location.hoursOfOperation.extension","Location.hoursOfOperation.extension","","extensions
user content","",0,*,"","","","Extension {[]} {[]}
","Additional content defined by implementations","May be used to represent additional information that is not part of the basic definition of the element. To make the use of extensions safe and manageable, there is a strict set of governance  applied to the definition and use of extensions. Though any implementer can define an extension, there is a set of requirements that SHALL be met as part of the definition of the extension.","There can be no stigma associated with the use of extensions by any application, project, or standard - regardless of the institution or jurisdiction that uses or defines the extensions.  The use of extensions is what allows the FHIR specification to retain a core level of simplicity for everyone.","","","","","","","","",,,,,"",,,,"Element.extension",0,*,"","ele-1:All FHIR elements must have a @value or children {hasValue() or (children().count() > id.count())}
ext-1:Must have either extensions or value[x], not both {extension.exists() != value.exists()}","n/a"
"Location.hoursOfOperation.modifierExtension","Location.hoursOfOperation.modifierExtension","","extensions
user contentmodifiers","",0,*,"","Y","Y","Extension {[]} {[]}
","Extensions that cannot be ignored even if unrecognized","May be used to represent additional information that is not part of the basic definition of the element and that modifies the understanding of the element in which it is contained and/or the understanding of the containing element's descendants. Usually modifier elements provide negation or qualification. To make the use of extensions safe and manageable, there is a strict set of governance applied to the definition and use of extensions. Though any implementer can define an extension, there is a set of requirements that SHALL be met as part of the definition of the extension. Applications processing a resource are required to check for modifier extensions.

Modifier extensions SHALL NOT change the meaning of any elements on Resource or DomainResource (including cannot change the meaning of modifierExtension itself).","There can be no stigma associated with the use of extensions by any application, project, or standard - regardless of the institution or jurisdiction that uses or defines the extensions.  The use of extensions is what allows the FHIR specification to retain a core level of simplicity for everyone.","Modifier extensions allow for extensions that *cannot* be safely ignored to be clearly distinguished from the vast majority of extensions which can be safely ignored.  This promotes interoperability by eliminating the need for implementers to prohibit the presence of extensions. For further information, see the [definition of modifier extensions](http://hl7.org/fhir/R4/extensibility.html#modifierExtension).","","","","","","","",,,,,"",,,,"BackboneElement.modifierExtension",0,*,"","ele-1:All FHIR elements must have a @value or children {hasValue() or (children().count() > id.count())}
ext-1:Must have either extensions or value[x], not both {extension.exists() != value.exists()}","N/A"
"Location.hoursOfOperation.daysOfWeek","Location.hoursOfOperation.daysOfWeek","","","",0,*,"","","","code {[]} {[]}
","mon | tue | wed | thu | fri | sat | sun / 月｜火｜水｜木｜金｜土｜日","Indicates which days of the week are available between the start and end Times.

開始時刻と終了時刻の間に利用可能な曜日を示す。","Note that FHIR strings SHALL NOT exceed 1MB in size

FHIR文字列のサイズは1MBを超えてはならないことに注意すること。","","","","","","","","",,"required","The days of the week.","http://hl7.org/fhir/ValueSet/days-of-week|4.0.1","",,,,"Location.hoursOfOperation.daysOfWeek",0,*,"","ele-1:All FHIR elements must have a @value or children {hasValue() or (children().count() > id.count())}
",".effectiveTime"
"Location.hoursOfOperation.allDay","Location.hoursOfOperation.allDay","","","",0,1,"","","","boolean {[]} {[]}
","The Location is open all day / その場所は終日営業している","The Location is open all day.

その場所は終日営業している。","","","","","","","","","",,,,,"",,,,"Location.hoursOfOperation.allDay",0,1,"","ele-1:All FHIR elements must have a @value or children {hasValue() or (children().count() > id.count())}
",".effectiveTime"
"Location.hoursOfOperation.openingTime","Location.hoursOfOperation.openingTime","","","",0,1,"","","","time {[]} {[]}
","Time that the Location opens / 場所が開く時間","Time that the Location opens.

場所が開く時間","","","","","","","","","",,,,,"",,,,"Location.hoursOfOperation.openingTime",0,1,"","ele-1:All FHIR elements must have a @value or children {hasValue() or (children().count() > id.count())}
",".effectiveTime"
"Location.hoursOfOperation.closingTime","Location.hoursOfOperation.closingTime","","","",0,1,"","","","time {[]} {[]}
","Time that the Location closes / 場所が閉まる時間","Time that the Location closes.

場所が閉まる時間","","","","","","","","","",,,,,"",,,,"Location.hoursOfOperation.closingTime",0,1,"","ele-1:All FHIR elements must have a @value or children {hasValue() or (children().count() > id.count())}
",".effectiveTime"
"Location.availabilityExceptions","Location.availabilityExceptions","","","",0,1,"","","","string {[]} {[]}
","Description of availability exceptions / 利用可能の例外についての説明","A description of when the locations opening ours are different to normal, e.g. public holiday availability. Succinctly describing all possible exceptions to normal site availability as detailed in the opening hours Times.

場所が私たちのものを開くときの説明は、通常、例えば、祝日の可用性とは異なる。
営業時間に詳細な通常のサイトの利用可能性のすべての可能性のある例外を簡潔に説明する。","","","","","","","","","",,,,,"",,,,"Location.availabilityExceptions",0,1,"","ele-1:All FHIR elements must have a @value or children {hasValue() or (children().count() > id.count())}
","n/a"
"Location.endpoint","Location.endpoint","","","",0,*,"","","","Reference {[]} {[CanonicalType[http://hl7.org/fhir/StructureDefinition/Endpoint]]}
","Technical endpoints providing access to services operated for the location / 場所のために運営されているサービスへのアクセスを提供する技術的なエンドポイント","Technical endpoints providing access to services operated for the location.

場所のために運営されているサービスへのアクセスを提供する技術的なエンドポイント。","References SHALL be a reference to an actual FHIR resource, and SHALL be resolvable (allowing for access control, temporary unavailability, etc.). Resolution can be either by retrieval from the URL, or, where applicable by resource type, by treating an absolute reference as a canonical URL and looking it up in a local registry/repository.

参照は、実際のFHIRリソースへの参照である必要があり、解決可能（内容に到達可能）である必要がある（アクセス制御、一時的な使用不可などを考慮に入れる）。解決は、URLから取得するか、リソースタイプによって該当する場合は、絶対参照を正規URLとして扱い、ローカルレジストリ/リポジトリで検索することによって行うことができる。","Organizations may have different systems at different locations that provide various services and need to be able to define the technical connection details for how to connect to them, and for what purpose.

組織は、さまざまなサービスを提供するさまざまな場所に異なるシステムを持っている可能性があり、それらに接続する方法や目的のための技術的な接続の詳細を定義できる必要がある。","","","","","","","",,,,,"",,,,"Location.endpoint",0,*,"","ele-1:All FHIR elements must have a @value or children {hasValue() or (children().count() > id.count())}
","n/a"
