"Id","Path","Slice Name","Alias(s)","Label","Min","Max","Must Support?","Is Modifier?","Is Summary?","Type(s)","Short","Definition","Comments","Requirements","Default Value","Meaning When Missing","Fixed Value","Pattern","Example","Minimum Value","Maximum Value","Maximum Length","Binding Strength","Binding Description","Binding Value Set","Code","Slicing Discriminator","Slicing Description","Slicing Ordered","Slicing Rules","Base Path","Base Min","Base Max","Condition(s)","Constraint(s)","Mapping: Workflow Pattern","Mapping: HL7 v2 Mapping","Mapping: RIM Mapping","Mapping: FiveWs Pattern Mapping","Mapping: Quality Improvement and Clinical Knowledge (QUICK)"
"ServiceRequest","ServiceRequest","","diagnostic request
referralreferral requesttransfer of care request","",0,*,"","","","null {[]} {[]}
","検体検査の個別検査項目【詳細参照】","検体検査の依頼に含まれる、個々の検査項目のサービスリクエスト。","【JP Core仕様】このプロファイルは検体検査を対象とする。
検査項目の粒度は、結果として返される Observation（JP_Observation_LabResult）と同じ JLAC の検査項目単位とする。複数の検査項目をまとめた依頼単位（セットオーダ、パネルオーダ）は JP_ServiceRequest_OrderRequesting プロファイル（追加予定）で表現する。
JP Core では、依頼単位と個別検査項目との関係付けの方法を規定しない。関係付けが必要な場合は、本プロファイルを継承する個別仕様（ユースケースごとの実装ガイド）で定義する。","","","","","","","","",,,,,"",,,,"ServiceRequest",0,*,"","dom-2:もしリソースが他のリソースに含まれている場合、そのリソースにはネストされたリソースを含めてはなりません (moshi risōsu ga hoka no risōsu ni fukumarete iru baai, sono risōsu ni wa nesuto sareta risōsu o fukumete wa narimasen). {contained.contained.empty()}
dom-3:もしリソースが他のリソースに含まれている場合、それはリソースの他の場所から参照されるか、含まれるリソースに参照されるべきです。 {contained.where((('#'+id in (%resource.descendants().reference | %resource.descendants().as(canonical) | %resource.descendants().as(uri) | %resource.descendants().as(url))) or descendants().where(reference = '#').exists() or descendants().where(as(canonical) = '#').exists() or descendants().where(as(canonical) = '#').exists()).not()).trace('unmatched', id).empty()}dom-4:もしリソースが別のリソースの中に含まれる場合、meta.versionIdまたはmeta.lastUpdatedを持つべきではありません。 {contained.meta.versionId.empty() and contained.meta.lastUpdated.empty()}dom-5:もしリソースが他のリソースに含まれている場合、セキュリティラベルを持つべきではありません。 {contained.meta.security.empty()}dom-6:資源は堅牢な管理のために物語を持つべきである。 {text.`div`.exists()}prr-1:コードが存在する場合に限り、注文詳細は存在するものとします。 {orderDetail.empty() or code.exists()}","Request","ORC","Entity. Role, or Act","Act[moodCode<=INT]"
"ServiceRequest.id","ServiceRequest.id","","","",0,1,"","","Y","id {[]} {[]}
","論理ID","リソースのURLで使用される論理ID。一度割り当てられたら、この値は変更されません。","リソースにIDがないのは、作成操作を使用してサーバーに送信されているときだけです。","","","","","","","","",,,,,"",,,,"Resource.id",0,1,"",""
"ServiceRequest.meta","ServiceRequest.meta","","","",0,1,"","","Y","Meta {[]} {[]}
","リソースに関するメタデータ","リソースに関するMetadata。これはインフラストラクチャによって維持されるコンテンツです。 コンテンツの変更は、リソースのバージョン変更と常に関連しているわけではありません。","","","","","","","","","",,,,,"",,,,"Resource.meta",0,1,"","ele-1:すべてのFHIR要素は、@valueまたはchildrenを持っている必要があります。 {hasValue() or (children().count() > id.count())}
"
"ServiceRequest.meta.id","ServiceRequest.meta.id","","","",0,1,"","","","string {[]} {[]}
","要素間参照のための一意なID","リソース内の要素の固有ID（内部参照用）。これは、スペースを含まない任意の文字列値である可能性があります。","","","","","","","","","",,,,,"",,,,"Element.id",0,1,"","","n/a"
"ServiceRequest.meta.extension","ServiceRequest.meta.extension","","extensions
user content","",0,*,"","","","Extension {[]} {[]}
","実装によって定義される追加コンテンツ","要素の基本的な定義に含まれない追加情報を表すために使用されることがあります。拡張機能の使用を安全かつ管理しやすくするために、定義および使用に適用される厳格なガバナンスのセットがあります。実装者は拡張機能を定義できますが、拡張機能の定義の一部として満たす必要のある要件のセットがあります。","どのようなアプリケーション、プロジェクト、または標準が拡張機能を使用しているかに関わらず、拡張機能の使用には決して汚名が付くわけではありません - それらを使用または定義する機関または管轄区域に関係なく。拡張機能の使用こそが、FHIR仕様を誰にとっても簡単なコアレベルで維持することを可能にします。","","","","","","","","",,,,,"","value:url}
","拡張子は常にURLで切り片にされます。",,"open","Element.extension",0,*,"","ele-1:すべてのFHIR要素は、@valueまたはchildrenを持っている必要があります。 {hasValue() or (children().count() > id.count())}
ext-1:extensionまたはvalue[x]のいずれかが必要です。両方ではありません。 {extension.exists() != value.exists()}","n/a"
"ServiceRequest.meta.versionId","ServiceRequest.meta.versionId","","","",0,1,"","","Y","id {[]} {[]}
","バージョン固有の識別子","URLのバージョン部分に表示されるバージョン固有のidentifier。この値は、リソースが作成、更新、または削除された場合に変更されます。","サーバーがこの値を割り当て、クライアントが指定した値を無視する。ただし、サーバーが更新/削除時にバージョンの整合性を強制する場合を除く。","","","","","","","","",,,,,"",,,,"Meta.versionId",0,1,"","ele-1:すべてのFHIR要素は、@valueまたはchildrenを持っている必要があります。 {hasValue() or (children().count() > id.count())}
"
"ServiceRequest.meta.lastUpdated","ServiceRequest.meta.lastUpdated","","","",0,1,"Y","","Y","instant {[]} {[]}
","リソースのバージョンが最後に変更された日時","リソースが最後に変更されたとき - 例えば、バージョンが変更されたとき。","この値はリソースが初めて作成される場合を除いて常に設定されています。サーバー/リソースマネージャーがこの値を設定します。クライアントが提供する値は関係ありません。これはHTTP Last-Modifiedに相当し、[read](http://hl7.org/fhir/R4/http.html#read)のインタラクションで同じ値を持つべきです。","","","","","","","","",,,,,"",,,,"Meta.lastUpdated",0,1,"","ele-1:すべてのFHIR要素は、@valueまたはchildrenを持っている必要があります。 {hasValue() or (children().count() > id.count())}
"
"ServiceRequest.meta.source","ServiceRequest.meta.source","","","",0,1,"","","Y","uri {[]} {[]}
","リソースの出所","リソースのソースシステムを識別するURI。これにより、リソース内の情報のソースをトラックまたは区別するために使用できる最小限の[プロビナンス]（provenance.html＃）情報が提供されます。ソースは、別のFHIRサーバー、ドキュメント、メッセージ、データベースなどを識別できます。","プロバナンスのリソースにおいて、これはProvenance.entity.what[x]に対応します。ソースの正確な使用方法（および含意されるProvenance.entity.role）は実装者の判断に委ねられます。指定されたソースは1つだけです。追加のプロバナンスの詳細が必要な場合は、完全なプロバナンスリソースを使用するべきです。

この要素は、正規のURLでホストされていないリソースの現在のマスターソースがどこにあるかを示すために使用できます。","","","","","","","","",,,,,"",,,,"Meta.source",0,1,"","ele-1:すべてのFHIR要素は、@valueまたはchildrenを持っている必要があります。 {hasValue() or (children().count() > id.count())}
"
"ServiceRequest.meta.profile","ServiceRequest.meta.profile","","","",0,*,"","","Y","canonical {[]} {[CanonicalType[http://hl7.org/fhir/StructureDefinition/StructureDefinition|4.0.1]]}
","準拠を宣言するプロファイル","このリソースが準拠すると主張する [StructureDefinition](http://hl7.org/fhir/R4/structuredefinition.html#) リソースに関するプロファイルのリストです。URL は [StructureDefinition.url](http://hl7.org/fhir/R4/structuredefinition-definitions.html#StructureDefinition.url) への参照です。","これらの主張が時間の経過に伴って検証または更新される方法と、それらを決定するサーバーや他の基盤に任されます。プロファイルURLのリストは1セットです。","","","","","","","","",,,,,"",,,,"Meta.profile",0,*,"","ele-1:すべてのFHIR要素は、@valueまたはchildrenを持っている必要があります。 {hasValue() or (children().count() > id.count())}
"
"ServiceRequest.meta.security","ServiceRequest.meta.security","","","",0,*,"","","Y","Coding {[]} {[]}
","リソースに適用されるセキュリティラベル","このリソースにはセキュリティラベルが適用されています。これらのタグにより、特定のリソースが全体的なセキュリティポリシーやインフラストラクチャに関連付けられます。","セキュリティラベルは変更せずにリソースのバージョンを更新可能です。セキュリティラベルのリストはセットであり、一意性はシステム/コードに基づき、バージョンと表示は無視されます。","","","","","","","","",,"extensible","医療プライバシーおよびセキュリティ分類システムからのセキュリティラベル。","http://hl7.org/fhir/ValueSet/security-labels|4.0.1","",,,,"Meta.security",0,*,"","ele-1:すべてのFHIR要素は、@valueまたはchildrenを持っている必要があります。 {hasValue() or (children().count() > id.count())}
"
"ServiceRequest.meta.tag","ServiceRequest.meta.tag","","","",0,*,"","","Y","Coding {[]} {[]}
","リソースに適用されるタグ","このリソースに適用されるタグです。タグは、リソースをプロセスやワークフローに識別し、関連付けるために使用することが意図されており、アプリケーションはリソースの意味を解釈する際にタグを考慮する必要はありません。","リソースの表示バージョンを変更することなく、タグを更新できます。タグのリストは集合です。ユニーク性はシステム/コードに基づき、バージョンと表示は無視されます。","","","","","","","","",,,,,"",,,,"Meta.tag",0,*,"","ele-1:すべてのFHIR要素は、@valueまたはchildrenを持っている必要があります。 {hasValue() or (children().count() > id.count())}
"
"ServiceRequest.implicitRules","ServiceRequest.implicitRules","","","",0,1,"","Y","Y","uri {[]} {[]}
","このコンテンツが作成されたルールのセット","リソース構築時に遵守された一連のルールを指すものであり、コンテンツを処理する際に理解する必要があります。しばしば、特別なルールを定義する実装ガイドとその他のプロファイルなどを含むものです。","このルールセットを主張することで、取引先の限られた集団にしか内容を理解させることができず、長期的にはデータの有用性が制限されます。しかしながら、現存するヘルスエコシステムは高度に分断化しており、一般的に計算可能な形式でデータを定義、収集、交換する準備が整っていません。できる限り、実装者および/または仕様ライターはこの要素の使用を避けるべきです。使用する場合、URLは、そのナラティブとともに他のプロファイル、値セットなどを含む実装ガイドを定義する参照となります。","","","","","","","","",,,,,"",,,,"Resource.implicitRules",0,1,"","ele-1:すべてのFHIR要素は、@valueまたはchildrenを持っている必要があります。 {hasValue() or (children().count() > id.count())}
"
"ServiceRequest.language","ServiceRequest.language","","","",0,1,"","","","code {[]} {[]}
","リソースコンテンツの言語","リソースが書かれている基本言語。","言語はインデックスとアクセシビリティをサポートするために提供されます（通常、テキスト読み上げなどのサービスは言語タグを使用します）。物語のHTML言語タグは、物語に適用されます。リソース上の言語タグは、リソース内のデータから生成される他のプレゼンテーションの言語を指定するために使用できます。すべてのコンテンツが基本言語である必要はありません。Resource.languageは自動的に物語に適用されたと想定してはいけません。言語が指定されている場合、HTMLのdiv要素にも指定する必要があります（xml：langとhtml lang属性の関係に関する情報はHTML5の規則を参照）。","","","","","","","","",,"preferred","人間の言語。","http://hl7.org/fhir/ValueSet/languages|4.0.1","",,,,"Resource.language",0,1,"","ele-1:すべてのFHIR要素は、@valueまたはchildrenを持っている必要があります。 {hasValue() or (children().count() > id.count())}
"
"ServiceRequest.text","ServiceRequest.text","","narrative
htmlxhtmldisplay","",0,1,"","","","Narrative {[]} {[]}
","このリソースを人間が解釈するためのテキスト要約","リソースの要約を含む人が読めるナビゲーションであり、リソースの内容を人に表現するために使用できます。ナビゲーションはすべての構造化されたデータをエンコードする必要はありませんが、人間がナビゲーションを読むだけで「臨床的に安全」であるために十分な詳細を含む必要があります。リソース定義には、臨床的な安全性を確保するためにナビゲーションで表現する必要があるコンテンツが定義される場合があります。","含まれるリソースには説明がありません。含まれないリソースには説明が必要です。場合によっては、リソースが少量のデータしか含まず、テキストだけで表現されることがあります（minOccurs = 1要素がすべて満たされている限り）。これは、情報が「テキストの塊」としてキャプチャされるレガシーシステムからのデータや、テキストが生またはナレーションされて符号化された情報が後で追加される場合に必要な場合があります。","","","","","","","","",,,,,"",,,,"DomainResource.text",0,1,"","ele-1:すべてのFHIR要素は、@valueまたはchildrenを持っている必要があります。 {hasValue() or (children().count() > id.count())}
","Act.text?"
"ServiceRequest.contained","ServiceRequest.contained","","inline resources
anonymous resourcescontained resources","",0,*,"","","","Resource {[]} {[]}
","インラインリソース","これらのリソースは、それらを含むリソースから独立した存在を持ちません。それらは独立して識別することはできず、独自の独立したトランザクション範囲を持つこともできません。","コンテンツが適切に識別できる場合には、これを行うべきではありません。識別が失われると、再び復元することは非常に困難であり（文脈に依存します）、メタ要素にプロファイルとタグを持つことができますが、セキュリティのラベルを持っていてはいけません。","","","","","","","","",,,,,"",,,,"DomainResource.contained",0,*,"","","N/A"
"ServiceRequest.extension","ServiceRequest.extension","","extensions
user content","",0,*,"","","","Extension {[]} {[]}
","実装によって定義される追加コンテンツ","リソースの基本的な定義の一部ではない追加情報を表すために使用することができます。拡張機能の使用を安全かつ管理可能にするために、定義と使用の一定のガバナンスが適用されます。実装者はどんな拡張機能でも定義できますが、拡張機能の定義の一部として満たす必要がある要件があります","どのようなアプリケーション、プロジェクト、または標準が拡張機能を使用しているかに関わらず、拡張機能の使用には決して汚名が付くわけではありません - それらを使用または定義する機関または管轄区域に関係なく。拡張機能の使用こそが、FHIR仕様を誰にとっても簡単なコアレベルで維持することを可能にします。","","","","","","","","",,,,,"",,,,"DomainResource.extension",0,*,"","ele-1:すべてのFHIR要素は、@valueまたはchildrenを持っている必要があります。 {hasValue() or (children().count() > id.count())}
ext-1:extensionまたはvalue[x]のいずれかが必要です。両方ではありません。 {extension.exists() != value.exists()}","N/A"
"ServiceRequest.modifierExtension","ServiceRequest.modifierExtension","","","",0,*,"","Y","","Extension {[]} {[]}
","無視できない拡張","An Extension","","","","","","","","","",,,,,"",,,,"DomainResource.modifierExtension",0,*,"","ele-1:すべてのFHIR要素は、@valueまたはchildrenを持っている必要があります。 {hasValue() or (children().count() > id.count())}
ext-1:extensionまたはvalue[x]のいずれかが必要です。両方ではありません。 {extension.exists() != value.exists()}"
"ServiceRequest.identifier","ServiceRequest.identifier","","","",1,*,"","","Y","Identifier {[]} {[]}
","個別検査項目の業務ID【詳細参照】","個別検査項目に割り当てられた識別子。","【JP Core仕様】このプロファイルでは必須とする。
依頼オーダ番号だけでは検査項目を一意に識別できないため、依頼オーダ番号に検査項目を識別する情報（HL7 v2 の OBR-4「検査項目ID」、OBX-3「検査項目」に相当）を組み合わせた識別子を設定する。組み立て方は JP_Observation_LabResult の identifier の生成規則を参考にすること。","","","","","","","","",,,,,"",,,,"ServiceRequest.identifier",0,*,"","ele-1:すべてのFHIR要素は、@valueまたはchildrenを持っている必要があります。 {hasValue() or (children().count() > id.count())}
","Request.identifier","ORC.2, ORC.3, RF1-6 / RF1-11,",".identifier","FiveWs.identifier","ClinicalStatement.identifier"
"ServiceRequest.instantiatesCanonical","ServiceRequest.instantiatesCanonical","","","",0,*,"","","Y","canonical {[]} {[CanonicalType[http://hl7.org/fhir/StructureDefinition/ActivityDefinition|4.0.1], CanonicalType[http://hl7.org/fhir/StructureDefinition/PlanDefinition|4.0.1]]}
","FHIRのプロトコール、定義への参照","このサービスリクエストに部分的、または完全に関わる、FHIRで定義されたプロトコル、ガイドライン、オーダセットまたは他の定義を指しているURL","PlanDefinitionリソースは、実行されるアクションのシリーズ、シーケンス、またはグループを記述するために使用され、ActivityDefinitionリソースは、特定の各ステップまたはアクティビティを定義するために使用される。詳細は、PlanDefinition のBoundaries and Relationshipsセクションを参照してください。（訳注:R4とR4Bの本文に誤りあり、修正されたR5を翻訳）","","","","","","","","",,,,,"",,,,"ServiceRequest.instantiatesCanonical",0,*,"","ele-1:すべてのFHIR要素は、@valueまたはchildrenを持っている必要があります。 {hasValue() or (children().count() > id.count())}
","Request.instantiatesCanonical","Varies by domain",".outboundRelationship[typeCode=DEFN].target"
"ServiceRequest.instantiatesUri","ServiceRequest.instantiatesUri","","","",0,*,"","","Y","uri {[]} {[]}
","外部のプロトコール、定義への参照","このサービスリクエストに部分的、または完全に関わる、外部の管理されたプロトコール、ガイドライン、オーダセットや他の定義へのURL参照","HTMLページ、PDFなど、名前で解決できないURI識別子","","","","","","","","",,,,,"",,,,"ServiceRequest.instantiatesUri",0,*,"","ele-1:すべてのFHIR要素は、@valueまたはchildrenを持っている必要があります。 {hasValue() or (children().count() > id.count())}
","Request.instantiatesUri","Varies by domain",".outboundRelationship[typeCode=DEFN].target"
"ServiceRequest.basedOn","ServiceRequest.basedOn","","fulfills
","",0,*,"","","Y","Reference {[]} {[CanonicalType[http://hl7.org/fhir/StructureDefinition/CarePlan], CanonicalType[http://jpfhir.jp/fhir/core/StructureDefinition/JP_ServiceRequest_Common], CanonicalType[http://jpfhir.jp/fhir/core/StructureDefinition/JP_MedicationRequest]]}
","このリクエストの元になるリクエストへの参照【詳細参照】","このリクエストによって実施すべき計画、提案、オーダの詳細（への参照）","【JP Core仕様】JP Core では、個別検査項目と依頼単位（追加予定の JP_ServiceRequest_OrderRequesting）との関係付けに basedOn を使用するか否かを規定しない。
参考（informative）：個別仕様で関係付ける場合、子（本プロファイル）の basedOn から親（依頼単位）を参照する片方向の参照が FHIR での一般的な表現である。","","","","","","","","",,,,,"",,,,"ServiceRequest.basedOn",0,*,"","ele-1:すべてのFHIR要素は、@valueまたはchildrenを持っている必要があります。 {hasValue() or (children().count() > id.count())}
","Request.basedOn","ORC.8 (plus others)",".outboundRelationship[typeCode=FLFS].target"
"ServiceRequest.replaces","ServiceRequest.replaces","","supersedes
priorrenewed order","",0,*,"","","Y","Reference {[]} {[CanonicalType[http://jpfhir.jp/fhir/core/StructureDefinition/JP_ServiceRequest_Common]]}
","完了または終了したService Requestリソースの代替（への参照）","そのリクエストは、参照された完了または終了したリクエストの代わりを占めます。","","","","","","","","","",,,,,"",,,,"ServiceRequest.replaces",0,*,"","ele-1:すべてのFHIR要素は、@valueまたはchildrenを持っている必要があります。 {hasValue() or (children().count() > id.count())}
","Request.replaces","Handled by message location of ORC (ORC.1=RO or RU)",".outboundRelationship[typeCode=RPLC].target"
"ServiceRequest.requisition","ServiceRequest.requisition","","grouperId
groupIdentifier","",0,1,"","","Y","Identifier {[]} {[]}
","サービスリクエストの複合ID（別名 グループID）【詳細参照】","一人の発注者によっておおよそ同時に署名されたサービスリクエストの全てに共通する識別子で、複合、またはグループIDを表現する。","【JP Core仕様】JP Core では、個別検査項目と依頼単位との関係付けに requisition を使用するか否かを規定しない。関係付けの方法は、本プロファイルを継承する個別仕様で定義する。","Some business processes need to know if multiple items were ordered as part of the same ""requisition"" for billing or other purposes.","","","","","","","",,,,,"",,,,"ServiceRequest.requisition",0,1,"","ele-1:すべてのFHIR要素は、@valueまたはchildrenを持っている必要があります。 {hasValue() or (children().count() > id.count())}
","Request.groupIdentifier","ORC.4",".inboundRelationship(typeCode=COMP].source[moodCode=INT].identifier"
"ServiceRequest.status","ServiceRequest.status","","","",1,1,"","Y","Y","code {[]} {[]}
","オーダの状態【詳細参照】","オーダの状態","【JP Core仕様】依頼が確定し検査を実施すべき状態では active を設定する。依頼が取り消された場合は revoked、検査が完了した場合は completed を設定する。
(draft | active | on-hold | revoked | completed | entered-in-error | unknown)","","","","","","","","",,"required","サービスオーダーのステータス。","http://hl7.org/fhir/ValueSet/request-status|4.0.1","",,,,"ServiceRequest.status",1,1,"","ele-1:すべてのFHIR要素は、@valueまたはchildrenを持っている必要があります。 {hasValue() or (children().count() > id.count())}
","Request.status","ORC.5,RF1-1",".status","FiveWs.status","Action.currentStatus"
"ServiceRequest.intent","ServiceRequest.intent","","","",1,1,"","Y","Y","code {[]} {[]}
","サービスリクエストの意図（order 固定）【詳細参照】","この要求が、提案、経過、オリジナル、繰り返しかどうかを示す。","【JP Core仕様】このプロファイルでは order に固定する。
intent はオーダの種類を表す要素であり、依頼単位と個別検査項目の親子を区別するためには使用しない。","","","","","<valueCode xmlns=""http://hl7.org/fhir"" value=""order""/>","","","",,"required","サービスのリクエストの種類","http://hl7.org/fhir/ValueSet/request-intent|4.0.1","",,,,"ServiceRequest.intent",1,1,"","ele-1:すべてのFHIR要素は、@valueまたはchildrenを持っている必要があります。 {hasValue() or (children().count() > id.count())}
","Request.intent","N/A",".moodCode (nuances beyond PRP/PLAN/RQO would need to be elsewhere)","FiveWs.class"
"ServiceRequest.category","ServiceRequest.category","","","",0,*,"","","Y","CodeableConcept {[]} {[]}
","検査の区分【詳細参照】","検索、分類、表示の目的でサービスを分類するコード（例 「外科的手技」）","【JP Core仕様】検体検査であることを示す区分を設定する。使用するコード表は個別仕様で定めてよい。","Used for filtering what service request are retrieved and displayed.","","","","","","","",,"example","要求されたサービスの分類。","http://hl7.org/fhir/ValueSet/servicerequest-category|4.0.1","",,,,"ServiceRequest.category",0,*,"","ele-1:すべてのFHIR要素は、@valueまたはchildrenを持っている必要があります。 {hasValue() or (children().count() > id.count())}
","RF1-5",".outboundRelationship[typeCode=""COMP].target[classCode=""LIST"", moodCode=""INT""].code","FiveWs.class"
"ServiceRequest.priority","ServiceRequest.priority","","","",0,1,"","","Y","code {[]} {[]}
","緊急度（routine | urgent | asap | stat）【詳細参照】","このサービスリクエストはどの程度早く対処されるべきかを示す。","【JP Core仕様】値セット（RequestPriority）は required であり、値は変更できない。日本の運用との対応は次を目安とする。
・routine：通常
・urgent：至急
・stat：緊急（最優先で実施する）
・asap：urgent より優先し、stat ほどではない依頼。日本の運用で該当する区分がない場合は使用しなくてよい。
省略した場合は routine とみなす。","","","If missing, this task should be performed with normal priority","","","","","",,"required","リクエストの対処に割り当てるべき重要度のレベルを特定する。","http://hl7.org/fhir/ValueSet/request-priority|4.0.1","",,,,"ServiceRequest.priority",0,1,"","ele-1:すべてのFHIR要素は、@valueまたはchildrenを持っている必要があります。 {hasValue() or (children().count() > id.count())}
","Request.priority","TQ1.9, RF1-2",".priorityCode","FiveWs.grade"
"ServiceRequest.doNotPerform","ServiceRequest.doNotPerform","","","",0,1,"","Y","Y","boolean {[]} {[]}
","値が真の時、サービスや処置は実施不可","要求された特定のサービス（例、手技、診断のための検査、また検査パネル）の識別子","一般的には、コードと時間枠のみであるが、時には体の部位や実施者などの修飾語を追加して、禁止範囲を狭められる。code要素とdoNotPerform要素がともに否定を含む場合、禁止を強化することになり、二重否定解釈をしてはならない。","Used for do not ambulate, do not elevate head of bed, do not flush NG tube, do not take blood pressure on a certain arm, etc.","","If missing, the request is a positive request e.g. ""do perform""","","","","","",,,,,"",,,,"ServiceRequest.doNotPerform",0,1,"","ele-1:すべてのFHIR要素は、@valueまたはchildrenを持っている必要があります。 {hasValue() or (children().count() > id.count())}
","Request.doNotPerform",".actionNegationInd"
"ServiceRequest.code","ServiceRequest.code","","service requested
","",1,1,"","","Y","CodeableConcept {[]} {[]}
","検査項目のコード【詳細参照】","依頼された個別の検査項目を識別するコード。","【JP Core仕様】このプロファイルでは必須とする。
標準コードとして JLAC10（または JLAC11）を使用する。結果として返される Observation（JP_Observation_LabResult）の code と同じコード体系を使用すると、依頼と結果の突合が容易になる。","","","","","","","","",,"example","指定された個人、組織、または医療サービスによって実施できるテストやサービスのコード。ラボの場合、LOINCが（preferred）[http://build.fhir.org/terminologies.html#preferred]であり、LOINCオーダーコードを使用した値セットが[こちら]（valueset-diagnostic-requests.html）で利用可能です。","http://hl7.org/fhir/ValueSet/procedure-code|4.0.1","",,,,"ServiceRequest.code",0,1,"","ele-1:すべてのFHIR要素は、@valueまたはchildrenを持っている必要があります。 {hasValue() or (children().count() > id.count())}
","Request.code","PR1-3 / OBR-4  (varies by domain)",".code","FiveWs.what[x]","Procedure.procedureCode"
"ServiceRequest.code.id","ServiceRequest.code.id","","","",0,1,"","","","string {[]} {[]}
","要素間参照のための一意なID","リソース内の要素の一意のID（内部参照用）。これは、スペースを含まない文字列値である場合があります。 / Unique id for the element within a resource (for internal references). This may be any string value that does not contain spaces.","","","","","","","","","",,,,,"",,,,"Element.id",0,1,"","","n/a"
"ServiceRequest.code.extension","ServiceRequest.code.extension","","","",0,*,"","","","Extension {[]} {[]}
","実装によって定義される追加コンテンツ","An Extension","","","","","","","","","",,,,,"","value:url}
","Extensions are always sliced by (at least) url",,"open","Element.extension",0,*,"","ele-1:すべてのFHIR要素には、@valueまたは子要素が必要です / All FHIR elements must have a @value or children {hasValue() or (children().count() > id.count())}
ext-1:両方ではなく、拡張または値[x]が必要です / Must have either extensions or value[x], not both {extension.exists() != value.exists()}"
"ServiceRequest.code.coding","ServiceRequest.code.coding","","","",0,*,"","","Y","Coding {[]} {[]}
","検査項目のコード（標準コード、ローカルコード）【詳細参照】","用語システムによって定義されたコードへの参照。 / A reference to a code defined by a terminology system.","【JP Core仕様】標準コードとローカルコードの両方を設定できる。いずれか一方は設定すること。JLAC10 と JLAC11 など複数の標準コードを設定できるよう、上限は設けない。","コードシステム内の代替エンコーディング、および他のコードシステムへの翻訳が可能になります。 / Allows for alternative encodings within a code system, and translations to other code systems.","","","","","","","",,,,,"",,,,"CodeableConcept.coding",0,*,"","ele-1:すべてのFHIR要素には、@valueまたは子要素が必要です / All FHIR elements must have a @value or children {hasValue() or (children().count() > id.count())}
","C*E.1-8, C*E.10-22","union(., ./translation)"
"ServiceRequest.code.text","ServiceRequest.code.text","","","",1,1,"","","Y","string {[]} {[]}
","検査項目の名称","検査項目の表示名。オーダ票や報告書に記載する名称。","【JP Core仕様】このプロファイルでは必須とする。
標準コードとローカルコードで coding.display が異なる場合があるため、共通の表示名として設定する。","用語からのコードは、それらを使用する人間のすべてのニュアンスを使用して、常に正しい意味をキャプチャするとは限りません。または、適切なコードがまったくない場合があります。これらの場合、テキストはソースの完全な意味をキャプチャするために使用されます。 / The codes from the terminologies do not always capture the correct meaning with all the nuances of the human using them, or sometimes there is no appropriate code at all. In these cases, the text is used to capture the full meaning of the source.","","","","","","","",,,,,"",,,,"CodeableConcept.text",0,1,"","ele-1:すべてのFHIR要素には、@valueまたは子要素が必要です / All FHIR elements must have a @value or children {hasValue() or (children().count() > id.count())}
","C*E.9. But note many systems use C*E.2 for this","./originalText[mediaType/code=""text/plain""]/data"
"ServiceRequest.orderDetail","ServiceRequest.orderDetail","","detailed instructions
","",0,*,"","","Y","CodeableConcept {[]} {[]}
","追加のオーダ情報","リクエストの提供方法に関する追加の詳細および指示。例えば、尿道カテーテルのサービスリクエストには、外部または留置カテーテルのリクエストの詳細があり、包帯のサービスリクエストには、包帯の適用方法を指定する追加の指示が必要な場合もある。","リクエストされたサービス提供の指示についての医療記録からの情報については、supportingInformation要素を使用。","","","","","","","","",,"example","注文コンテキストに基づくコード化された注文詳細。","http://hl7.org/fhir/ValueSet/servicerequest-orderdetail|4.0.1","",,,,"ServiceRequest.orderDetail",0,*,"prr-1
","ele-1:すべてのFHIR要素は、@valueまたはchildrenを持っている必要があります。 {hasValue() or (children().count() > id.count())}
","NTE",".code","Procedure.procedureCode"
"ServiceRequest.quantity[x]","ServiceRequest.quantity[x]","","","",0,1,"","","Y","Quantity {[]} {[]}
Ratio {[]} {[]}Range {[]} {[]}","サービスの量","リクエストされるサービスの量。数量（例:1500ドルの住宅改造）、比率（例:1ヶ月に20回の半日訪問）、または範囲（例:1分間に2.0～1.8Gy）。","サービスリクエスト時に、項目とは別に数を指定する必要がある。","When ordering a service the number of service items may need to be specified separately from the the service item.","","","","","","","",,,,,"",,,,"ServiceRequest.quantity[x]",0,1,"","ele-1:すべてのFHIR要素は、@valueまたはchildrenを持っている必要があります。 {hasValue() or (children().count() > id.count())}
","NTE",".quantity"
"ServiceRequest.subject","ServiceRequest.subject","","","",1,1,"","","Y","Reference {[]} {[CanonicalType[http://jpfhir.jp/fhir/core/StructureDefinition/JP_Patient]]}
","検査の対象患者【詳細参照】","オーダの対象となる患者。","【JP Core仕様】このプロファイルでは、Patient に限定し、必須とする。","","","","","","","","",,,,,"",,,,"ServiceRequest.subject",1,1,"","ele-1:すべてのFHIR要素は、@valueまたはchildrenを持っている必要があります。 {hasValue() or (children().count() > id.count())}
","Request.subject","PID",".participation[typeCode=SBJ].role","FiveWs.subject[x]","FiveWs.subject","ClinicalStatement.subject"
"ServiceRequest.encounter","ServiceRequest.encounter","","context
","",0,1,"","","Y","Reference {[]} {[CanonicalType[http://jpfhir.jp/fhir/core/StructureDefinition/JP_Encounter]]}
","サービスがリクエストされる診療時の場面","サービスがリクエストされる医療背景についての追加情報を提供する診療時の場面","【JP Core仕様】入院・外来の区別、所在場所、担当診療科の情報に使用する。
通常は設定されるが、ユースケースにより使用しない場合を考慮し、必須としない。","","","","","","","","",,,,,"",,,,"ServiceRequest.encounter",0,1,"","ele-1:すべてのFHIR要素は、@valueまたはchildrenを持っている必要があります。 {hasValue() or (children().count() > id.count())}
","Request.encounter","PV1",".inboundRelationship(typeCode=COMP].source[classCode<=PCPR, moodCode=EVN]","FiveWs.context","ClinicalStatement.encounter"
"ServiceRequest.occurrence[x]","ServiceRequest.occurrence[x]","","schedule
","",0,1,"","","Y","dateTime {[]} {[]}
Period {[]} {[]}Timing {[]} {[]}","検体採取の予定日時【詳細参照】","依頼された検査を実施すべき日時または期間。","【JP Core仕様】検体採取の予定日時を設定する。予定日が決まっていない場合は設定せず、決まった時点で更新する。","","","","","","","","",,,,,"",,,,"ServiceRequest.occurrence[x]",0,1,"","ele-1:すべてのFHIR要素は、@valueまたはchildrenを持っている必要があります。 {hasValue() or (children().count() > id.count())}
","Request.occurrence[x]","TQ1/TQ2, OBR-7/OBR-8",".effectiveTime","FiveWs.planned","Procedure.procedureSchedule"
"ServiceRequest.asNeeded[x]","ServiceRequest.asNeeded[x]","","","",0,1,"","","Y","boolean {[]} {[]}
CodeableConcept {[]} {[]}","前提条件","CodeableConceptが存在する場合、そのサービスを行うための前提条件を示す。例えば、「痛み」、「再発時」など。","","","","","","","","","",,"example","手続きを実行する前に満たされる必要がある前提条件を示すコード化された概念。たとえば、「痛み」、「フレアアップ時」など。","http://hl7.org/fhir/ValueSet/medication-as-needed-reason|4.0.1","",,,,"ServiceRequest.asNeeded[x]",0,1,"","ele-1:すべてのFHIR要素は、@valueまたはchildrenを持っている必要があります。 {hasValue() or (children().count() > id.count())}
","boolean: precondition.negationInd (inversed - so negationInd = true means asNeeded=false CodeableConcept: precondition.observationEventCriterion[code=""Assertion""].value","Proposal.prnReason.reason"
"ServiceRequest.authoredOn","ServiceRequest.authoredOn","","orderedOn
","",0,1,"","","Y","dateTime {[]} {[]}
","リクエストの署名日時","リクエストが有効化された日時","","","","","","","","","",,,,,"",,,,"ServiceRequest.authoredOn",0,1,"","ele-1:すべてのFHIR要素は、@valueまたはchildrenを持っている必要があります。 {hasValue() or (children().count() > id.count())}
","Request.authoredOn","ORC.9,  RF1-7 / RF1-9",".participation[typeCode=AUT].time","FiveWs.recorded","Proposal.proposedAtTime"
"ServiceRequest.requester","ServiceRequest.requester","","author
orderer","",0,1,"","","Y","Reference {[]} {[CanonicalType[http://jpfhir.jp/fhir/core/StructureDefinition/JP_Practitioner], CanonicalType[http://jpfhir.jp/fhir/core/StructureDefinition/JP_PractitionerRole], CanonicalType[http://jpfhir.jp/fhir/core/StructureDefinition/JP_Organization], CanonicalType[http://jpfhir.jp/fhir/core/StructureDefinition/JP_Patient], CanonicalType[http://jpfhir.jp/fhir/core/StructureDefinition/JP_RelatedPerson], CanonicalType[http://jpfhir.jp/fhir/core/StructureDefinition/JP_Device]]}
","依頼者【詳細参照】","オーダを発行した依頼者（オーダ発行者）。","【JP Core仕様】依頼単位を分解して個別検査項目として送信する場合は、依頼単位と同じ依頼者を設定する。","","","","","","","","",,,,,"",,,,"ServiceRequest.requester",0,1,"","ele-1:すべてのFHIR要素は、@valueまたはchildrenを持っている必要があります。 {hasValue() or (children().count() > id.count())}
","Request.requester","ORC.12, PRT",".participation[typeCode=AUT].role","FiveWs.author","ClinicalStatement.statementAuthor"
"ServiceRequest.performerType","ServiceRequest.performerType","","specialty
","",0,1,"","","Y","CodeableConcept {[]} {[]}
","実施部門・職種【詳細参照】","リクエストされたサービスの実施者の役割","【JP Core仕様】検査を実施する部門（検体検査部門、外注検査など）や職種を設定する。","","","","","","","","",,"example","初診医師」、「チームコーディネーター」、「介護者」など、ケアチーム内の個人の具体的責任を示します。","http://hl7.org/fhir/ValueSet/participant-role|4.0.1","",,,,"ServiceRequest.performerType",0,1,"","ele-1:すべてのFHIR要素は、@valueまたはchildrenを持っている必要があります。 {hasValue() or (children().count() > id.count())}
","Request.performerType","PRT, RF!-3",".participation[typeCode=PRF].role[scoper.determinerCode=KIND].code","FiveWs.actor"
"ServiceRequest.performer","ServiceRequest.performer","","request recipient
","",0,*,"","","Y","Reference {[]} {[CanonicalType[http://jpfhir.jp/fhir/core/StructureDefinition/JP_Practitioner], CanonicalType[http://jpfhir.jp/fhir/core/StructureDefinition/JP_PractitionerRole], CanonicalType[http://jpfhir.jp/fhir/core/StructureDefinition/JP_Organization], CanonicalType[http://jpfhir.jp/fhir/core/StructureDefinition/JP_Patient], CanonicalType[http://jpfhir.jp/fhir/core/StructureDefinition/JP_Device], CanonicalType[http://jpfhir.jp/fhir/core/StructureDefinition/JP_RelatedPerson], CanonicalType[http://hl7.org/fhir/StructureDefinition/CareTeam]]}
","サービスの実施者","リクエストされたサービスを行うために望ましい実施者。例えば、外科医、皮膚病理医、内視鏡医など。","実施者が複数の場合、順番に関係なく、優先順位のない実施者のリストとして解釈される。優先順位が必要な場合は、request.performerOrder 拡張を使用する。実施者のグループ（例えば、医師Aと医師B）を表すには、CareTeamを使用する。","","","","","","","","",,,,,"",,,,"ServiceRequest.performer",0,*,"","ele-1:すべてのFHIR要素は、@valueまたはchildrenを持っている必要があります。 {hasValue() or (children().count() > id.count())}
","Request.performer","PRT, Practitioner: PRD-2/PRD-7 where PRD-3 = RT; Organization: PRD-10 where PRD-3 = RT",".participation[typeCode=PRF].role[scoper.determinerCode=INSTANCE]","FiveWs.actor"
"ServiceRequest.locationCode","ServiceRequest.locationCode","","","",0,*,"","","Y","CodeableConcept {[]} {[]}
","リクエストされた場所","実際に行為が行われるべき好ましい場所を、コード化またはフリーテキスト形式で記述。例：自宅や介護施設など。","","","","","","","","","",,"example","サービスが提供される場所タイプ。","http://terminology.hl7.org/ValueSet/v3-ServiceDeliveryLocationRoleType","",,,,"ServiceRequest.locationCode",0,*,"","ele-1:すべてのFHIR要素は、@valueまたはchildrenを持っている必要があります。 {hasValue() or (children().count() > id.count())}
",".participation[typeCode=LOC].role[scoper.determinerCode=KIND].code","FiveWs.actor"
"ServiceRequest.locationReference","ServiceRequest.locationReference","","","",0,*,"","","Y","Reference {[]} {[CanonicalType[http://jpfhir.jp/fhir/core/StructureDefinition/JP_Location]]}
","リクエストされた場所（参照）","実際に行為が行われるべき好ましい場所（複数可）への参照。例：自宅や介護施設など。","","","","","","","","","",,,,,"",,,,"ServiceRequest.locationReference",0,*,"","ele-1:すべてのFHIR要素は、@valueまたはchildrenを持っている必要があります。 {hasValue() or (children().count() > id.count())}
",".participation[typeCode=LOC].role[scoper.determinerCode=INSTANCE]","FiveWs.actor"
"ServiceRequest.reasonCode","ServiceRequest.reasonCode","","","",0,*,"","","Y","CodeableConcept {[]} {[]}
","行為やサービスの説明・理由","このサービスがリクエストされる理由についての説明または根拠をコード化またはテキスト化したもの。しばしば（保険）請求を目的とされる。supportingInfoで参照されるリソースに関連する場合がある。","この要素は照会理由を表し、サービスがどのように実行されるか、あるいは全く実行されないかどうかを決定するために使用される。CTスキャンの例で示したように、データが自由記述の場合は、CodeableConcept.text要素を使用する。","","","","","","","","",,"example","サービス調査の依頼理由を正当化する診断または問題コード。","http://hl7.org/fhir/ValueSet/procedure-reason|4.0.1","",,,,"ServiceRequest.reasonCode",0,*,"","ele-1:すべてのFHIR要素は、@valueまたはchildrenを持っている必要があります。 {hasValue() or (children().count() > id.count())}
","Request.reasonCode","ORC.16, RF1-10",".reasonCode","FiveWs.why[x]"
"ServiceRequest.reasonReference","ServiceRequest.reasonReference","","","",0,*,"","","Y","Reference {[]} {[CanonicalType[http://jpfhir.jp/fhir/core/StructureDefinition/JP_Condition], CanonicalType[http://jpfhir.jp/fhir/core/StructureDefinition/JP_Observation_Common], CanonicalType[http://jpfhir.jp/fhir/core/StructureDefinition/JP_DiagnosticReport_Common], CanonicalType[http://hl7.org/fhir/StructureDefinition/DocumentReference]]}
","行為やサービスの説明・理由（参照）","このサービスが要求される理由の正当性を提供する他のリソースを示す。supportingInfoで参照されるリソースに関連する場合がある。","この要素は照会理由を表し、サービスがどのように実行されるか、あるいは全く実行されないかどうかを決定するために使用される。可能な限り具体的にするために、ObservationやConditionリソースへの参照が可能であれば使用されるべきである。また、DiagnosticReport を参照する場合は、DiagnosticReport.conclusion および/または DiagnosticReport.conclusionCode を参照する必要がある。DocumentReference への参照を使用する場合、ターゲット文書は、このサービス要求の関連理由を提供する明確な所見言語を含んでいなければならない。CTスキャンの例に示すように、データが自由記述（符号化されていない）の場合、 ServiceRequest.reasonCodeにCodeableConcept.text要素を使用する。","","","","","","","","",,,,,"",,,,"ServiceRequest.reasonReference",0,*,"","ele-1:すべてのFHIR要素は、@valueまたはchildrenを持っている必要があります。 {hasValue() or (children().count() > id.count())}
","Request.reasonReference","ORC.16",".outboundRelationship[typeCode=RSON].target","FiveWs.why[x]"
"ServiceRequest.insurance","ServiceRequest.insurance","","","",0,*,"","","","Reference {[]} {[CanonicalType[http://jpfhir.jp/fhir/core/StructureDefinition/JP_Coverage], CanonicalType[http://hl7.org/fhir/StructureDefinition/ClaimResponse]]}
","関連する保険情報","リクエストされたサービスを提供するために必要な保険プラン、適用範囲拡大、事前承認、および/または事前決定がある。","","","","","","","","","",,,,,"",,,,"ServiceRequest.insurance",0,*,"","ele-1:すべてのFHIR要素は、@valueまたはchildrenを持っている必要があります。 {hasValue() or (children().count() > id.count())}
","Request.insurance","IN1/IN2",".outboundRelationship[typeCode=COVBY].target"
"ServiceRequest.supportingInfo","ServiceRequest.supportingInfo","","Ask at order entry question
AOE","",0,*,"","","","Reference {[]} {[CanonicalType[http://hl7.org/fhir/StructureDefinition/Resource|4.0.1]]}
","追加の補助的な臨床情報（別名 オーダエントリー時の質問 Ask at Order Entry question; AOEs）","サービスやその解釈に影響を与える可能性のある、患者や検体に関する追加の臨床情報。この情報には、診断、臨床所見、その他の観察が含まれる。検査のオーダでは、一般的に「オーダエントリー時の質問（AOEs）」と呼ばれ ている。これには、オーダを完了するために必要な文脈や裏付けとなる情報を提供するために、実施者が明示的に要求した観察が含まれる。例えば、血液ガス測定のための吸入酸素量の報告などである。","サービスの提供方法に関する情報を表すには、instructions 要素を使用する。","","","","","","","","",,,,,"",,,,"ServiceRequest.supportingInfo",0,*,"","ele-1:すべてのFHIR要素は、@valueまたはchildrenを持っている必要があります。 {hasValue() or (children().count() > id.count())}
","Request.supportingInfo","Accompanying segments",".outboundRelationship[typeCode=PERT].target"
"ServiceRequest.specimen","ServiceRequest.specimen","","","",0,*,"","","Y","Reference {[]} {[CanonicalType[http://jpfhir.jp/fhir/core/StructureDefinition/JP_Specimen_Common]]}
","検体【詳細参照】","検査で使用する１つ以上の検体","【JP Core仕様】採取済みの検体に対して依頼する場合に、その検体（JP_Specimen_Common）を参照する。
依頼時点で検体が未採取の場合は設定せず、Specimen リソース側から ServiceRequest を参照する。","","","","","","","","",,,,,"",,,,"ServiceRequest.specimen",0,*,"","ele-1:すべてのFHIR要素は、@valueまたはchildrenを持っている必要があります。 {hasValue() or (children().count() > id.count())}
","SPM",".participation[typeCode=SPC].role"
"ServiceRequest.bodySite","ServiceRequest.bodySite","","location
","",0,*,"","","Y","CodeableConcept {[]} {[]}
","体の部位（別名 場所）","行為を実施すべき解剖学的部位。目標とする場所。","【JP Core仕様】検体検査では、JLAC10 の材料コードなど code に検体や部位が含まれることが多いため、通常は使用しない。code から部位が分からない場合にのみ使用する。","Knowing where the procedure is performed is important for tracking if multiple sites are possible.","","","","","","","",,"example","解剖学的位置を記述するコード。左右対称性を含む場合があります。","http://hl7.org/fhir/ValueSet/body-site|4.0.1","",,,,"ServiceRequest.bodySite",0,*,"","ele-1:すべてのFHIR要素は、@valueまたはchildrenを持っている必要があります。 {hasValue() or (children().count() > id.count())}
","SPM","targetSiteCode","Procedure.targetBodySite"
"ServiceRequest.note","ServiceRequest.note","","","",0,*,"","","","Annotation {[]} {[]}
","コメント","サービス要求について作成された、その他のメモやコメント。例えば、内部請求のメモなど。","","","","","","","","","",,,,,"",,,,"ServiceRequest.note",0,*,"","ele-1:すべてのFHIR要素は、@valueまたはchildrenを持っている必要があります。 {hasValue() or (children().count() > id.count())}
","Request.note","NTE",".inboundRelationship(typeCode=SUBJ].source[classCode=ANNGEN, moodCode=EVN].value[xsi:type=ST]","ClinicalStatement.additionalText"
"ServiceRequest.patientInstruction","ServiceRequest.patientInstruction","","","",0,1,"","","Y","string {[]} {[]}
","患者、消費者向けの説明","患者または消費者が理解できる言葉で指示。","","","","","","","","","",,,,,"",,,,"ServiceRequest.patientInstruction",0,1,"","ele-1:すべてのFHIR要素は、@valueまたはchildrenを持っている必要があります。 {hasValue() or (children().count() > id.count())}
","NTE",".text"
"ServiceRequest.relevantHistory","ServiceRequest.relevantHistory","","","",0,*,"","","","Reference {[]} {[CanonicalType[http://hl7.org/fhir/StructureDefinition/Provenance|4.0.1]]}
","リソースの履歴（バージョン管理）","このリクエストの履歴で重要なもの","この要素はには、ServiceRequestのProvenanceの全てのバージョンではなく、重要と思われたものだけ含められる。現在のバージョンのリソースに関連したProvenanceリソースを含めてはならない（SHALL NOT）。（もし、Provenanceとして重要な変化と思われれば、以降の更新の一部として追加すべきである。それまでは、'_revinclude'を使って指定されたProvenanceのバージョンを直接クエリーできる。全てのProvenanceはこのRequestの履歴を対象とすべきである。）","","","","","","","","",,,,,"",,,,"ServiceRequest.relevantHistory",0,*,"","ele-1:すべてのFHIR要素は、@valueまたはchildrenを持っている必要があります。 {hasValue() or (children().count() > id.count())}
","Request.relevantHistory","N/A",".inboundRelationship(typeCode=SUBJ].source[classCode=CACT, moodCode=EVN]"
