{"resourceType":"CodeSystem","id":"jp-medicationcode-hot13-cs","text":{"status":"generated","div":"<div xmlns=\"http://www.w3.org/1999/xhtml\"><p>This code system <code>http://jpfhir.jp/fhir/Common/CodeSystem/JP_MedicationCodeHOT13_CS</code> defines many codes, of which the following are a subset:</p><table class=\"codes\"><tr><td style=\"white-space:nowrap\"><b>Code</b></td></tr></table></div>"},"url":"http://jpfhir.jp/fhir/Common/CodeSystem/JP_MedicationCodeHOT13_CS","identifier":[{"system":"urn:ietf:rfc:3986","value":"urn:oid:1.2.392.200119.4.402.1"}],"version":"1.1.0a","name":"JP_MedicationCodeHOT13_CS","title":"JP Core MedicationCode HOT13 CodeSystem","status":"draft","date":"2022-09-16T07:09:30+00:00","publisher":"FHIR Japanese implementation research working group in Japan Association of Medical Informatics (JAMI)","contact":[{"name":"FHIR Japanese implementation research working group in Japan Association of Medical Informatics (JAMI)","telecom":[{"system":"url","value":"http://jpfhir.jp"},{"system":"email","value":"office@hlfhir.jp"}]}],"description":"医薬品HOT13コードのコードシステム","jurisdiction":[{"coding":[{"system":"urn:iso:std:iso:3166","code":"JP"}]}],"copyright":"FHIR Japanese implementation research working group in Japan Association of Medical Informatics (JAMI)","caseSensitive":true,"valueSet":"http://jpfhir.jp/fhir/Common/ValueSet/JP_MedicationCodeHOT13_VS","content":"fragment"}