{"resourceType":"CodeSystem","id":"jp-jfagy-non-food-non-medication-allergen-cs","text":{"status":"generated","div":"<div xmlns=\"http://www.w3.org/1999/xhtml\"><p>This code system <code>http://jpfhir.jp/fhir/core/CodeSystem/JP_JfagyNonFoodNonMedicationAllergen_CS</code> defines the following codes:</p><table class=\"codes\"><tr><td style=\"white-space:nowrap\"><b>Code</b></td><td><b>Display</b></td></tr><tr><td style=\"white-space:nowrap\">J9N000000000<a name=\"jp-jfagy-non-food-non-medication-allergen-cs-J9N000000000\"> </a></td><td>非食品</td></tr><tr><td style=\"white-space:nowrap\">J9NJ00000000<a name=\"jp-jfagy-non-food-non-medication-allergen-cs-J9NJ00000000\"> </a></td><td>動物</td></tr><tr><td style=\"white-space:nowrap\">J9NJ11000000<a name=\"jp-jfagy-non-food-non-medication-allergen-cs-J9NJ11000000\"> </a></td><td>鳥類</td></tr><tr><td style=\"white-space:nowrap\">J9NJ11110000<a name=\"jp-jfagy-non-food-non-medication-allergen-cs-J9NJ11110000\"> </a></td><td>アヒル</td></tr><tr><td style=\"white-space:nowrap\">J9NJ11110011<a name=\"jp-jfagy-non-food-non-medication-allergen-cs-J9NJ11110011\"> </a></td><td>アヒル羽毛</td></tr><tr><td style=\"white-space:nowrap\">J9NJ11120000<a name=\"jp-jfagy-non-food-non-medication-allergen-cs-J9NJ11120000\"> </a></td><td>オウム</td></tr><tr><td style=\"white-space:nowrap\">J9NJ11120011<a name=\"jp-jfagy-non-food-non-medication-allergen-cs-J9NJ11120011\"> </a></td><td>オウム羽毛</td></tr><tr><td style=\"white-space:nowrap\">J9NJ11130000<a name=\"jp-jfagy-non-food-non-medication-allergen-cs-J9NJ11130000\"> </a></td><td>ガチョウ</td></tr><tr><td style=\"white-space:nowrap\">J9NJ11130011<a name=\"jp-jfagy-non-food-non-medication-allergen-cs-J9NJ11130011\"> </a></td><td>ガチョウ羽毛</td></tr><tr><td style=\"white-space:nowrap\">J9NJ11140000<a name=\"jp-jfagy-non-food-non-medication-allergen-cs-J9NJ11140000\"> </a></td><td>カナリヤ</td></tr><tr><td style=\"white-space:nowrap\">J9NJ11140011<a name=\"jp-jfagy-non-food-non-medication-allergen-cs-J9NJ11140011\"> </a></td><td>カナリヤ羽毛</td></tr><tr><td style=\"white-space:nowrap\">J9NJ11150000<a name=\"jp-jfagy-non-food-non-medication-allergen-cs-J9NJ11150000\"> </a></td><td>ニワトリ</td></tr><tr><td style=\"white-space:nowrap\">J9NJ11150011<a name=\"jp-jfagy-non-food-non-medication-allergen-cs-J9NJ11150011\"> </a></td><td>ニワトリ羽毛</td></tr><tr><td style=\"white-space:nowrap\">J9NJ11160000<a name=\"jp-jfagy-non-food-non-medication-allergen-cs-J9NJ11160000\"> </a></td><td>セキセイインコ</td></tr><tr><td style=\"white-space:nowrap\">J9NJ11160011<a name=\"jp-jfagy-non-food-non-medication-allergen-cs-J9NJ11160011\"> </a></td><td>セキセイインコ羽毛</td></tr><tr><td style=\"white-space:nowrap\">J9NJ11160012<a name=\"jp-jfagy-non-food-non-medication-allergen-cs-J9NJ11160012\"> </a></td><td>セキセイインコのふん</td></tr><tr><td style=\"white-space:nowrap\">J9NJ11160013<a name=\"jp-jfagy-non-food-non-medication-allergen-cs-J9NJ11160013\"> </a></td><td>セキセイインコ血清蛋白</td></tr><tr><td style=\"white-space:nowrap\">J9NJ11170000<a name=\"jp-jfagy-non-food-non-medication-allergen-cs-J9NJ11170000\"> </a></td><td>ハト</td></tr><tr><td style=\"white-space:nowrap\">J9NJ11170011<a name=\"jp-jfagy-non-food-non-medication-allergen-cs-J9NJ11170011\"> </a></td><td>ハトのふん</td></tr><tr><td style=\"white-space:nowrap\">J9NJ11980000<a name=\"jp-jfagy-non-food-non-medication-allergen-cs-J9NJ11980000\"> </a></td><td>鳥類（その他）</td></tr><tr><td style=\"white-space:nowrap\">J9NJ11990000<a name=\"jp-jfagy-non-food-non-medication-allergen-cs-J9NJ11990000\"> </a></td><td>鳥類（詳細不明）</td></tr></table></div>"},"url":"http://jpfhir.jp/fhir/core/CodeSystem/JP_JfagyNonFoodNonMedicationAllergen_CS","version":"1.1.0a","name":"JP_JfagyNonFoodNonMedicationAllergen_CS","title":"JP Core JFAGY Non Food None Medication Allergen CodeSystem","status":"active","experimental":false,"date":"2022-09-26","publisher":"FHIR Japanese implementation research working group in Japan Association of Medical Informatics (JAMI)","contact":[{"name":"FHIR Japanese implementation research working group in Japan Association of Medical Informatics (JAMI)","telecom":[{"system":"url","value":"http://jpfhir.jp"},{"system":"email","value":"office@hlfhir.jp"}]}],"description":"JP Core JFAGY アレルゲンコード（非食品・非医薬品）","jurisdiction":[{"coding":[{"system":"urn:iso:std:iso:3166","code":"JP"}]}],"copyright":"FHIR Japanese implementation research working group in Japan Association of Medical Informatics (JAMI)","caseSensitive":true,"content":"complete","count":21,"concept":[{"code":"J9N000000000","display":"非食品"},{"code":"J9NJ00000000","display":"動物"},{"code":"J9NJ11000000","display":"鳥類"},{"code":"J9NJ11110000","display":"アヒル"},{"code":"J9NJ11110011","display":"アヒル羽毛"},{"code":"J9NJ11120000","display":"オウム"},{"code":"J9NJ11120011","display":"オウム羽毛"},{"code":"J9NJ11130000","display":"ガチョウ"},{"code":"J9NJ11130011","display":"ガチョウ羽毛"},{"code":"J9NJ11140000","display":"カナリヤ"},{"code":"J9NJ11140011","display":"カナリヤ羽毛"},{"code":"J9NJ11150000","display":"ニワトリ"},{"code":"J9NJ11150011","display":"ニワトリ羽毛"},{"code":"J9NJ11160000","display":"セキセイインコ"},{"code":"J9NJ11160011","display":"セキセイインコ羽毛"},{"code":"J9NJ11160012","display":"セキセイインコのふん"},{"code":"J9NJ11160013","display":"セキセイインコ血清蛋白"},{"code":"J9NJ11170000","display":"ハト"},{"code":"J9NJ11170011","display":"ハトのふん"},{"code":"J9NJ11980000","display":"鳥類（その他）"},{"code":"J9NJ11990000","display":"鳥類（詳細不明）"}]}