{"resourceType":"CodeSystem","id":"jp-jfagy-medication-allergen-cs","text":{"status":"generated","div":"<div xmlns=\"http://www.w3.org/1999/xhtml\"><p>This code system <code>http://jpfhir.jp/fhir/Common/CodeSystem/JP_JfagyMedicationAllergen_CS</code> defines the following codes:</p><table class=\"codes\"><tr><td style=\"white-space:nowrap\"><b>Code</b></td><td><b>Display</b></td></tr><tr><td style=\"white-space:nowrap\">YCM1115400X1027<a name=\"jp-jfagy-medication-allergen-cs-YCM1115400X1027\"> </a></td><td>ラボナール注射用0.3g</td></tr><tr><td style=\"white-space:nowrap\">YCM1115400X2023<a name=\"jp-jfagy-medication-allergen-cs-YCM1115400X2023\"> </a></td><td>ラボナール注射用0.5g</td></tr><tr><td style=\"white-space:nowrap\">YCM1115403D3043<a name=\"jp-jfagy-medication-allergen-cs-YCM1115403D3043\"> </a></td><td>イソゾール注射用0.5g</td></tr><tr><td style=\"white-space:nowrap\">YCM1115403D3051<a name=\"jp-jfagy-medication-allergen-cs-YCM1115403D3051\"> </a></td><td>チトゾール注用0.5g</td></tr><tr><td style=\"white-space:nowrap\">YCM1115403D4031<a name=\"jp-jfagy-medication-allergen-cs-YCM1115403D4031\"> </a></td><td>チトゾール注用0.3g</td></tr><tr><td style=\"white-space:nowrap\">YCM1116700X1037<a name=\"jp-jfagy-medication-allergen-cs-YCM1116700X1037\"> </a></td><td>笑気ガス（住友精化）</td></tr><tr><td style=\"white-space:nowrap\">YCM1116700X1045<a name=\"jp-jfagy-medication-allergen-cs-YCM1116700X1045\"> </a></td><td>マルワ亜酸化窒素</td></tr><tr><td style=\"white-space:nowrap\">YCM1116700X1053<a name=\"jp-jfagy-medication-allergen-cs-YCM1116700X1053\"> </a></td><td>液化亜酸化窒素</td></tr><tr><td style=\"white-space:nowrap\">YCM1116700X1061<a name=\"jp-jfagy-medication-allergen-cs-YCM1116700X1061\"> </a></td><td>液化亜酸化窒素</td></tr></table></div>"},"url":"http://jpfhir.jp/fhir/Common/CodeSystem/JP_JfagyMedicationAllergen_CS","version":"1.1.0a","name":"JP_JfagyMedicationAllergen_CS","title":"JFAGY Medication Allergen CodeSystem","status":"draft","date":"2022-09-19T07:12:17+00:00","publisher":"FHIR Japanese implementation research working group in Japan Association of Medical Informatics (JAMI)","contact":[{"name":"FHIR Japanese implementation research working group in Japan Association of Medical Informatics (JAMI)","telecom":[{"system":"url","value":"http://jpfhir.jp"},{"system":"email","value":"office@hlfhir.jp"}]}],"description":"JFAGY アレルゲンコード（医薬品）","jurisdiction":[{"coding":[{"system":"urn:iso:std:iso:3166","code":"JP"}]}],"copyright":"FHIR Japanese implementation research working group in Japan Association of Medical Informatics (JAMI)","caseSensitive":true,"content":"complete","count":9,"concept":[{"code":"YCM1115400X1027","display":"ラボナール注射用0.3g"},{"code":"YCM1115400X2023","display":"ラボナール注射用0.5g"},{"code":"YCM1115403D3043","display":"イソゾール注射用0.5g"},{"code":"YCM1115403D3051","display":"チトゾール注用0.5g"},{"code":"YCM1115403D4031","display":"チトゾール注用0.3g"},{"code":"YCM1116700X1037","display":"笑気ガス（住友精化）"},{"code":"YCM1116700X1045","display":"マルワ亜酸化窒素"},{"code":"YCM1116700X1053","display":"液化亜酸化窒素"},{"code":"YCM1116700X1061","display":"液化亜酸化窒素"}]}