{"resourceType":"CodeSystem","id":"jp-procedure-outcome-codes-cs","text":{"status":"generated","div":"<div xmlns=\"http://www.w3.org/1999/xhtml\"><p>This code system http://jpfhir.jp/fhir/Common/ValueSet/JP_ProcedureOutcomeCodes_CS defines the following codes:</p><table class=\"codes\"><tr><td style=\"white-space:nowrap\"><b>Code</b></td><td><b>Display</b></td></tr><tr><td style=\"white-space:nowrap\">JPPOC001<a name=\"jp-procedure-outcome-codes-cs-JPPOC001\"> </a></td><td>成功</td></tr><tr><td style=\"white-space:nowrap\">JPPOC002<a name=\"jp-procedure-outcome-codes-cs-JPPOC002\"> </a></td><td>不成功</td></tr><tr><td style=\"white-space:nowrap\">JPPOC003<a name=\"jp-procedure-outcome-codes-cs-JPPOC003\"> </a></td><td>一部成功</td></tr></table></div>"},"url":"http://jpfhir.jp/fhir/Common/ValueSet/JP_ProcedureOutcomeCodes_CS","version":"1.1.0a","name":"JP_ProcedureOutcomeCodes_CS","title":"JP Core Procedure Outcome Codes","status":"draft","date":"2022-08-06T02:11:54+00:00","publisher":"FHIR Japanese implementation research working group in Japan Association of Medical Informatics (JAMI)","contact":[{"name":"FHIR Japanese implementation research working group in Japan Association of Medical Informatics (JAMI)","telecom":[{"system":"url","value":"http://jpfhir.jp"},{"system":"email","value":"office@hlfhir.jp"}]}],"description":"処置が実施されたアウトカムを示すコード","jurisdiction":[{"coding":[{"system":"urn:iso:std:iso:3166","code":"JP"}]}],"copyright":"FHIR Japanese implementation research working group in Japan Association of Medical Informatics (JAMI)","caseSensitive":true,"content":"complete","count":3,"concept":[{"code":"JPPOC001","display":"成功"},{"code":"JPPOC002","display":"不成功"},{"code":"JPPOC003","display":"一部成功"}]}