{"resourceType":"CodeSystem","id":"jp-medicationcode-hot9-cs","text":{"status":"generated","div":"<div xmlns=\"http://www.w3.org/1999/xhtml\"><p>This code system <code>http://jpfhir.jp/fhir/Common/CodeSystem/JP_MedicationCodeHOT9_CS</code> defines many codes, of which the following are a subset:</p><table class=\"codes\"><tr><td style=\"white-space:nowrap\"><b>Code</b></td><td><b>Display</b></td></tr><tr><td style=\"white-space:nowrap\">100558502<a name=\"jp-medicationcode-hot9-cs-100558502\"> </a></td><td>ホリゾン注射液１０ｍｇ</td></tr><tr><td style=\"white-space:nowrap\">103835401<a name=\"jp-medicationcode-hot9-cs-103835401\"> </a></td><td>ムコダイン錠２５０ｍｇ</td></tr><tr><td style=\"white-space:nowrap\">107750602<a name=\"jp-medicationcode-hot9-cs-107750602\"> </a></td><td>ソリタ－Ｔ３号輸液５００ｍＬ</td></tr><tr><td style=\"white-space:nowrap\">108010001<a name=\"jp-medicationcode-hot9-cs-108010001\"> </a></td><td>アドナ注（静脈用）５０ｍｇ／１０ｍＬ</td></tr><tr><td style=\"white-space:nowrap\">110626901<a name=\"jp-medicationcode-hot9-cs-110626901\"> </a></td><td>パンスポリンＴ錠１００ １００ｍｇ</td></tr><tr><td style=\"white-space:nowrap\">182110901<a name=\"jp-medicationcode-hot9-cs-182110901\"> </a></td><td>コミナティ筋注</td></tr></table></div>"},"url":"http://jpfhir.jp/fhir/Common/CodeSystem/JP_MedicationCodeHOT9_CS","identifier":[{"system":"urn:ietf:rfc:3986","value":"urn:oid:1.2.392.200119.4.403.1"},{"system":"urn:ietf:rfc:3986","value":"urn:oid:1.2.392.100495.20.2.74"}],"version":"1.1.0a","name":"JP_MedicationCodeHOT9_CS","title":"JP Core MedicationCode HOT9 CodeSystem","status":"draft","date":"2022-09-15T23:26:28+00:00","publisher":"FHIR Japanese implementation research working group in Japan Association of Medical Informatics (JAMI)","contact":[{"name":"FHIR Japanese implementation research working group in Japan Association of Medical Informatics (JAMI)","telecom":[{"system":"url","value":"http://jpfhir.jp"},{"system":"email","value":"office@hlfhir.jp"}]}],"description":"医薬品HOT9コードのコードシステム","jurisdiction":[{"coding":[{"system":"urn:iso:std:iso:3166","code":"JP"}]}],"copyright":"FHIR Japanese implementation research working group in Japan Association of Medical Informatics (JAMI)","caseSensitive":true,"valueSet":"http://jpfhir.jp/fhir/Common/ValueSet/JP_MedicationCodeHOT9_VS","content":"fragment","concept":[{"code":"100558502","display":"ホリゾン注射液１０ｍｇ"},{"code":"103835401","display":"ムコダイン錠２５０ｍｇ"},{"code":"107750602","display":"ソリタ－Ｔ３号輸液５００ｍＬ"},{"code":"108010001","display":"アドナ注（静脈用）５０ｍｇ／１０ｍＬ"},{"code":"110626901","display":"パンスポリンＴ錠１００ １００ｍｇ"},{"code":"182110901","display":"コミナティ筋注"}]}