{"resourceType":"CodeSystem","id":"jp-observation-labresult-code-cs","text":{"status":"generated","div":"<div xmlns=\"http://www.w3.org/1999/xhtml\"><p>This code system http://jpfhir.jp/fhir/Common/CodeSystem/JP_ObservationLabResultCode_CS defines many codes, but they are not represented here</p></div>"},"url":"http://jpfhir.jp/fhir/Common/CodeSystem/JP_ObservationLabResultCode_CS","version":"1.1.0a","name":"JP_ObservationLabResultCode_CS","title":"JP Core Observation LabResult Code CodeSystem","status":"draft","date":"2022-08-24T08:36:55+00:00","publisher":"FHIR Japanese implementation research working group in Japan Association of Medical Informatics (JAMI)","contact":[{"name":"FHIR Japanese implementation research working group in Japan Association of Medical Informatics (JAMI)","telecom":[{"system":"url","value":"http://jpfhir.jp"},{"system":"email","value":"office@hlfhir.jp"}]}],"description":"Observation（検体検査結果）で使用する項目コード","jurisdiction":[{"coding":[{"system":"urn:iso:std:iso:3166","code":"JP"}]}],"copyright":"FHIR Japanese implementation research working group in Japan Association of Medical Informatics (JAMI)","caseSensitive":true,"valueSet":"http://jpfhir.jp/fhir/Common/ValueSet/JP_ObservationLabResultCode_VS","content":"not-present"}