{"resourceType":"CodeSystem","id":"jp-medication-as-needed-condition-jami-cs","text":{"status":"generated","div":"<div xmlns=\"http://www.w3.org/1999/xhtml\"><p>This code system <code>http://jpfhir.jp/fhir/Common/CodeSystem/JP_MedicationAsNeededConditionJAMI_CS</code> defines the following codes:</p><table class=\"codes\"><tr><td style=\"white-space:nowrap\"><b>Code</b></td><td><b>Display</b></td></tr><tr><td style=\"white-space:nowrap\">11<a name=\"jp-medication-as-needed-condition-jami-cs-11\"> </a></td><td>疼痛時</td></tr><tr><td style=\"white-space:nowrap\">12<a name=\"jp-medication-as-needed-condition-jami-cs-12\"> </a></td><td>頭痛時</td></tr><tr><td style=\"white-space:nowrap\">13<a name=\"jp-medication-as-needed-condition-jami-cs-13\"> </a></td><td>歯痛時</td></tr><tr><td style=\"white-space:nowrap\">14<a name=\"jp-medication-as-needed-condition-jami-cs-14\"> </a></td><td>胸痛時</td></tr><tr><td style=\"white-space:nowrap\">15<a name=\"jp-medication-as-needed-condition-jami-cs-15\"> </a></td><td>腹痛時</td></tr><tr><td style=\"white-space:nowrap\">16<a name=\"jp-medication-as-needed-condition-jami-cs-16\"> </a></td><td>腰痛時</td></tr><tr><td style=\"white-space:nowrap\">17<a name=\"jp-medication-as-needed-condition-jami-cs-17\"> </a></td><td>関節痛時</td></tr><tr><td style=\"white-space:nowrap\">21<a name=\"jp-medication-as-needed-condition-jami-cs-21\"> </a></td><td>喘鳴時</td></tr><tr><td style=\"white-space:nowrap\">22<a name=\"jp-medication-as-needed-condition-jami-cs-22\"> </a></td><td>喘息発作時</td></tr><tr><td style=\"white-space:nowrap\">23<a name=\"jp-medication-as-needed-condition-jami-cs-23\"> </a></td><td>喉がゴロゴロする時</td></tr><tr><td style=\"white-space:nowrap\">24<a name=\"jp-medication-as-needed-condition-jami-cs-24\"> </a></td><td>咳込時</td></tr><tr><td style=\"white-space:nowrap\">31<a name=\"jp-medication-as-needed-condition-jami-cs-31\"> </a></td><td>血圧上昇時</td></tr><tr><td style=\"white-space:nowrap\">32<a name=\"jp-medication-as-needed-condition-jami-cs-32\"> </a></td><td>血糖上昇時</td></tr><tr><td style=\"white-space:nowrap\">41<a name=\"jp-medication-as-needed-condition-jami-cs-41\"> </a></td><td>便秘時</td></tr><tr><td style=\"white-space:nowrap\">42<a name=\"jp-medication-as-needed-condition-jami-cs-42\"> </a></td><td>お腹がゴロゴロする時</td></tr><tr><td style=\"white-space:nowrap\">43<a name=\"jp-medication-as-needed-condition-jami-cs-43\"> </a></td><td>下痢時</td></tr><tr><td style=\"white-space:nowrap\">44<a name=\"jp-medication-as-needed-condition-jami-cs-44\"> </a></td><td>排便時</td></tr><tr><td style=\"white-space:nowrap\">45<a name=\"jp-medication-as-needed-condition-jami-cs-45\"> </a></td><td>嘔吐時</td></tr><tr><td style=\"white-space:nowrap\">46<a name=\"jp-medication-as-needed-condition-jami-cs-46\"> </a></td><td>口腔乾燥時</td></tr><tr><td style=\"white-space:nowrap\">47<a name=\"jp-medication-as-needed-condition-jami-cs-47\"> </a></td><td>吐き気時</td></tr><tr><td style=\"white-space:nowrap\">48<a name=\"jp-medication-as-needed-condition-jami-cs-48\"> </a></td><td>空腹時</td></tr><tr><td style=\"white-space:nowrap\">49<a name=\"jp-medication-as-needed-condition-jami-cs-49\"> </a></td><td>出血時</td></tr><tr><td style=\"white-space:nowrap\">51<a name=\"jp-medication-as-needed-condition-jami-cs-51\"> </a></td><td>乏尿時</td></tr><tr><td style=\"white-space:nowrap\">52<a name=\"jp-medication-as-needed-condition-jami-cs-52\"> </a></td><td>多尿時</td></tr><tr><td style=\"white-space:nowrap\">53<a name=\"jp-medication-as-needed-condition-jami-cs-53\"> </a></td><td>むくみ時</td></tr><tr><td style=\"white-space:nowrap\">61<a name=\"jp-medication-as-needed-condition-jami-cs-61\"> </a></td><td>不眠時</td></tr><tr><td style=\"white-space:nowrap\">62<a name=\"jp-medication-as-needed-condition-jami-cs-62\"> </a></td><td>不安時</td></tr><tr><td style=\"white-space:nowrap\">63<a name=\"jp-medication-as-needed-condition-jami-cs-63\"> </a></td><td>不穏時</td></tr><tr><td style=\"white-space:nowrap\">64<a name=\"jp-medication-as-needed-condition-jami-cs-64\"> </a></td><td>いらいら時</td></tr><tr><td style=\"white-space:nowrap\">65<a name=\"jp-medication-as-needed-condition-jami-cs-65\"> </a></td><td>けいれん時</td></tr><tr><td style=\"white-space:nowrap\">66<a name=\"jp-medication-as-needed-condition-jami-cs-66\"> </a></td><td>めまい時</td></tr><tr><td style=\"white-space:nowrap\">67<a name=\"jp-medication-as-needed-condition-jami-cs-67\"> </a></td><td>疲労時</td></tr><tr><td style=\"white-space:nowrap\">71<a name=\"jp-medication-as-needed-condition-jami-cs-71\"> </a></td><td>発熱時</td></tr><tr><td style=\"white-space:nowrap\">72<a name=\"jp-medication-as-needed-condition-jami-cs-72\"> </a></td><td>悪寒時</td></tr><tr><td style=\"white-space:nowrap\">81<a name=\"jp-medication-as-needed-condition-jami-cs-81\"> </a></td><td>かゆい時</td></tr><tr><td style=\"white-space:nowrap\">82<a name=\"jp-medication-as-needed-condition-jami-cs-82\"> </a></td><td>発疹時</td></tr><tr><td style=\"white-space:nowrap\">91<a name=\"jp-medication-as-needed-condition-jami-cs-91\"> </a></td><td>発作時</td></tr><tr><td style=\"white-space:nowrap\">92<a name=\"jp-medication-as-needed-condition-jami-cs-92\"> </a></td><td>症状ある時</td></tr><tr><td style=\"white-space:nowrap\">A1<a name=\"jp-medication-as-needed-condition-jami-cs-A1\"> </a></td><td>検査前</td></tr><tr><td style=\"white-space:nowrap\">A2<a name=\"jp-medication-as-needed-condition-jami-cs-A2\"> </a></td><td>検査時</td></tr><tr><td style=\"white-space:nowrap\">A3<a name=\"jp-medication-as-needed-condition-jami-cs-A3\"> </a></td><td>検査後</td></tr><tr><td style=\"white-space:nowrap\">A4<a name=\"jp-medication-as-needed-condition-jami-cs-A4\"> </a></td><td>手術前</td></tr><tr><td style=\"white-space:nowrap\">A5<a name=\"jp-medication-as-needed-condition-jami-cs-A5\"> </a></td><td>手術中</td></tr><tr><td style=\"white-space:nowrap\">A6<a name=\"jp-medication-as-needed-condition-jami-cs-A6\"> </a></td><td>手術後</td></tr><tr><td style=\"white-space:nowrap\">A7<a name=\"jp-medication-as-needed-condition-jami-cs-A7\"> </a></td><td>処置前</td></tr><tr><td style=\"white-space:nowrap\">A8<a name=\"jp-medication-as-needed-condition-jami-cs-A8\"> </a></td><td>処置時</td></tr><tr><td style=\"white-space:nowrap\">A9<a name=\"jp-medication-as-needed-condition-jami-cs-A9\"> </a></td><td>処置後</td></tr><tr><td style=\"white-space:nowrap\">B1<a name=\"jp-medication-as-needed-condition-jami-cs-B1\"> </a></td><td>起床時</td></tr><tr><td style=\"white-space:nowrap\">B2<a name=\"jp-medication-as-needed-condition-jami-cs-B2\"> </a></td><td>入浴前</td></tr><tr><td style=\"white-space:nowrap\">B3<a name=\"jp-medication-as-needed-condition-jami-cs-B3\"> </a></td><td>食事前</td></tr><tr><td style=\"white-space:nowrap\">B4<a name=\"jp-medication-as-needed-condition-jami-cs-B4\"> </a></td><td>食事後</td></tr><tr><td style=\"white-space:nowrap\">B5<a name=\"jp-medication-as-needed-condition-jami-cs-B5\"> </a></td><td>就寝前</td></tr><tr><td style=\"white-space:nowrap\">B6<a name=\"jp-medication-as-needed-condition-jami-cs-B6\"> </a></td><td>外出時</td></tr><tr><td style=\"white-space:nowrap\">B7<a name=\"jp-medication-as-needed-condition-jami-cs-B7\"> </a></td><td>哺乳時</td></tr><tr><td style=\"white-space:nowrap\">W1<a name=\"jp-medication-as-needed-condition-jami-cs-W1\"> </a></td><td>必要時</td></tr><tr><td style=\"white-space:nowrap\">W2<a name=\"jp-medication-as-needed-condition-jami-cs-W2\"> </a></td><td>適宜</td></tr></table></div>"},"url":"http://jpfhir.jp/fhir/Common/CodeSystem/JP_MedicationAsNeededConditionJAMI_CS","version":"1.1.0a","name":"JP_MedicationAsNeededConditionJAMI_CS","title":"JP Core Medication JAMI As Needed Condition CodeSystem","status":"draft","date":"2022-09-16T10:20:04+00:00","publisher":"FHIR Japanese implementation research working group in Japan Association of Medical Informatics (JAMI)","contact":[{"name":"FHIR Japanese implementation research working group in Japan Association of Medical Informatics (JAMI)","telecom":[{"system":"url","value":"http://jpfhir.jp"},{"system":"email","value":"office@hlfhir.jp"}]}],"description":"JAMI標準用法規格頓用指示コードのコードシステム","jurisdiction":[{"coding":[{"system":"urn:iso:std:iso:3166","code":"JP"}]}],"copyright":"FHIR Japanese implementation research working group in Japan Association of Medical Informatics (JAMI)","caseSensitive":true,"valueSet":"http://jpfhir.jp/fhir/Common/ValueSet/JP_MedicationAsNeededConditionJAMI_VS","content":"complete","count":56,"concept":[{"code":"11","display":"疼痛時"},{"code":"12","display":"頭痛時"},{"code":"13","display":"歯痛時"},{"code":"14","display":"胸痛時"},{"code":"15","display":"腹痛時"},{"code":"16","display":"腰痛時"},{"code":"17","display":"関節痛時"},{"code":"21","display":"喘鳴時"},{"code":"22","display":"喘息発作時"},{"code":"23","display":"喉がゴロゴロする時"},{"code":"24","display":"咳込時"},{"code":"31","display":"血圧上昇時"},{"code":"32","display":"血糖上昇時"},{"code":"41","display":"便秘時"},{"code":"42","display":"お腹がゴロゴロする時"},{"code":"43","display":"下痢時"},{"code":"44","display":"排便時"},{"code":"45","display":"嘔吐時"},{"code":"46","display":"口腔乾燥時"},{"code":"47","display":"吐き気時"},{"code":"48","display":"空腹時"},{"code":"49","display":"出血時"},{"code":"51","display":"乏尿時"},{"code":"52","display":"多尿時"},{"code":"53","display":"むくみ時"},{"code":"61","display":"不眠時"},{"code":"62","display":"不安時"},{"code":"63","display":"不穏時"},{"code":"64","display":"いらいら時"},{"code":"65","display":"けいれん時"},{"code":"66","display":"めまい時"},{"code":"67","display":"疲労時"},{"code":"71","display":"発熱時"},{"code":"72","display":"悪寒時"},{"code":"81","display":"かゆい時"},{"code":"82","display":"発疹時"},{"code":"91","display":"発作時"},{"code":"92","display":"症状ある時"},{"code":"A1","display":"検査前"},{"code":"A2","display":"検査時"},{"code":"A3","display":"検査後"},{"code":"A4","display":"手術前"},{"code":"A5","display":"手術中"},{"code":"A6","display":"手術後"},{"code":"A7","display":"処置前"},{"code":"A8","display":"処置時"},{"code":"A9","display":"処置後"},{"code":"B1","display":"起床時"},{"code":"B2","display":"入浴前"},{"code":"B3","display":"食事前"},{"code":"B4","display":"食事後"},{"code":"B5","display":"就寝前"},{"code":"B6","display":"外出時"},{"code":"B7","display":"哺乳時"},{"code":"W1","display":"必要時"},{"code":"W2","display":"適宜"}]}