{"resourceType":"CodeSystem","id":"jp-medication-method-jhsi0003-cs","text":{"status":"generated","div":"<div xmlns=\"http://www.w3.org/1999/xhtml\"><p>This code system http://jpfhir.jp/fhir/Common/CodeSystem/JHSI0003 defines the following codes:</p><table class=\"codes\"><tr><td style=\"white-space:nowrap\"><b>Code</b></td><td><b>Display</b></td></tr><tr><td style=\"white-space:nowrap\">01<a name=\"jp-medication-method-jhsi0003-cs-01\"> </a></td><td>精密持続点滴</td></tr></table></div>"},"url":"http://jpfhir.jp/fhir/Common/CodeSystem/JHSI0003","version":"1.1.0a","name":"JP_MedicationMethodJHSI0003_CS","title":"JP Core Medication JHSI0003 Method CodeSystem","status":"draft","date":"2022-09-02T05:18:16+00:00","publisher":"FHIR Japanese implementation research working group in Japan Association of Medical Informatics (JAMI)","contact":[{"name":"FHIR Japanese implementation research working group in Japan Association of Medical Informatics (JAMI)","telecom":[{"system":"url","value":"http://jpfhir.jp"},{"system":"email","value":"office@hlfhir.jp"}]}],"description":"JAHIS注射データ交換規約Ver.2.1C JHSI表0003精密持続点滴コードのコードシステム","jurisdiction":[{"coding":[{"system":"urn:iso:std:iso:3166","code":"JP"}]}],"copyright":"FHIR Japanese implementation research working group in Japan Association of Medical Informatics (JAMI)","caseSensitive":true,"valueSet":"http://jpfhir.jp/fhir/Common/ValueSet/JP_MedicationMethodJHSI0003_VS","content":"complete","count":1,"concept":[{"code":"01","display":"精密持続点滴"}]}