{"resourceType":"CodeSystem","id":"jp-medication-substitution-not-allowed-reason-cs","text":{"status":"generated","div":"<div xmlns=\"http://www.w3.org/1999/xhtml\"><p>This code system urn:oid:1.2.392.100495.20.2.41 defines the following codes:</p><table class=\"codes\"><tr><td style=\"white-space:nowrap\"><b>Code</b></td><td><b>Display</b></td></tr><tr><td style=\"white-space:nowrap\">1<a name=\"jp-medication-substitution-not-allowed-reason-cs-1\"> </a></td><td>後発品変更不可</td></tr><tr><td style=\"white-space:nowrap\">2<a name=\"jp-medication-substitution-not-allowed-reason-cs-2\"> </a></td><td>剤形変更不可</td></tr><tr><td style=\"white-space:nowrap\">3<a name=\"jp-medication-substitution-not-allowed-reason-cs-3\"> </a></td><td>含量規格変更不可</td></tr></table></div>"},"url":"urn:oid:1.2.392.100495.20.2.41","version":"1.1.0a","name":"JP_MedicationSubstitutionNotAllowedReason_CS","title":"JP Core Medication Substitution Not Allowed Reason Code","status":"draft","date":"2022-08-09T13:07:41+00:00","publisher":"FHIR Japanese implementation research working group in Japan Association of Medical Informatics (JAMI)","contact":[{"name":"FHIR Japanese implementation research working group in Japan Association of Medical Informatics (JAMI)","telecom":[{"system":"url","value":"http://jpfhir.jp"},{"system":"email","value":"office@hlfhir.jp"}]}],"description":"後発医薬品変更不可区分のコードシステム","jurisdiction":[{"coding":[{"system":"urn:iso:std:iso:3166","code":"JP"}]}],"copyright":"FHIR Japanese implementation research working group in Japan Association of Medical Informatics (JAMI)","caseSensitive":true,"content":"complete","count":3,"concept":[{"code":"1","display":"後発品変更不可"},{"code":"2","display":"剤形変更不可"},{"code":"3","display":"含量規格変更不可"}]}