{"resourceType":"CodeSystem","id":"jp-medication-example-uncategorized-comment-cs","text":{"status":"generated","div":"<div xmlns=\"http://www.w3.org/1999/xhtml\"><p>This code system http://jpfhir.jp/fhir/Examples/CodeSystem/JP_MedicationAdministrationUncategorizedComment_CS defines some example codes:</p><table class=\"codes\"><tr><td style=\"white-space:nowrap\"><b>Code</b></td><td><b>Display</b></td></tr><tr><td style=\"white-space:nowrap\">01<a name=\"jp-medication-example-uncategorized-comment-cs-01\"> </a></td><td>嘔気・嘔吐のため投与せず</td></tr><tr><td style=\"white-space:nowrap\">02<a name=\"jp-medication-example-uncategorized-comment-cs-02\"> </a></td><td>容態変化により投与せず</td></tr><tr><td style=\"white-space:nowrap\">03<a name=\"jp-medication-example-uncategorized-comment-cs-03\"> </a></td><td>手術のため投与せず</td></tr><tr><td style=\"white-space:nowrap\">04<a name=\"jp-medication-example-uncategorized-comment-cs-04\"> </a></td><td>検査・治療のため投与せず</td></tr><tr><td style=\"white-space:nowrap\">05<a name=\"jp-medication-example-uncategorized-comment-cs-05\"> </a></td><td>拒薬のため投与せず</td></tr><tr><td style=\"white-space:nowrap\">06<a name=\"jp-medication-example-uncategorized-comment-cs-06\"> </a></td><td>過鎮静のため投与せず</td></tr><tr><td style=\"white-space:nowrap\">07<a name=\"jp-medication-example-uncategorized-comment-cs-07\"> </a></td><td>検査・治療のため投与時間変更</td></tr><tr><td style=\"white-space:nowrap\">08<a name=\"jp-medication-example-uncategorized-comment-cs-08\"> </a></td><td>手術のため投与時間変更</td></tr></table></div>"},"url":"http://jpfhir.jp/fhir/Examples/CodeSystem/JP_MedicationAdministrationUncategorizedComment_CS","version":"1.1.0a","name":"JP_MedicationExampleUncategorizedComment_CS","title":"JP MedicationAdministration Example Uncategorized Comment","status":"draft","date":"2022-09-05T23:00:51+00:00","publisher":"FHIR Japanese implementation research working group in Japan Association of Medical Informatics (JAMI)","contact":[{"name":"FHIR Japanese implementation research working group in Japan Association of Medical Informatics (JAMI)","telecom":[{"system":"url","value":"http://jpfhir.jp"},{"system":"email","value":"office@hlfhir.jp"}]}],"description":"注射実施未分類コメントのコードシステム例","jurisdiction":[{"coding":[{"system":"urn:iso:std:iso:3166","code":"JP"}]}],"copyright":"FHIR Japanese implementation research working group in Japan Association of Medical Informatics (JAMI)","caseSensitive":true,"content":"example","concept":[{"code":"01","display":"嘔気・嘔吐のため投与せず"},{"code":"02","display":"容態変化により投与せず"},{"code":"03","display":"手術のため投与せず"},{"code":"04","display":"検査・治療のため投与せず"},{"code":"05","display":"拒薬のため投与せず"},{"code":"06","display":"過鎮静のため投与せず"},{"code":"07","display":"検査・治療のため投与時間変更"},{"code":"08","display":"手術のため投与時間変更"}]}