{"resourceType":"CodeSystem","id":"jp-medication-example-sitecomment-cs","text":{"status":"generated","div":"<div xmlns=\"http://www.w3.org/1999/xhtml\"><p>This code system <code>http://jpfhir.jp/fhir/Examples/CodeSystem/JP_MedicationAdministrationDosageSiteComment_CS</code> defines some example codes:</p><table class=\"codes\"><tr><td style=\"white-space:nowrap\"><b>Code</b></td><td><b>Display</b></td></tr><tr><td style=\"white-space:nowrap\">01<a name=\"jp-medication-example-sitecomment-cs-01\"> </a></td><td>できるだけ太い静脈を使用</td></tr></table></div>"},"url":"http://jpfhir.jp/fhir/Examples/CodeSystem/JP_MedicationAdministrationDosageSiteComment_CS","version":"1.1.0a","name":"JP_MedicationExampleSiteComment_CS","title":"JP Medication Example SiteComment","status":"draft","date":"2022-09-17T23:51:36+00:00","publisher":"FHIR Japanese implementation research working group in Japan Association of Medical Informatics (JAMI)","contact":[{"name":"FHIR Japanese implementation research working group in Japan Association of Medical Informatics (JAMI)","telecom":[{"system":"url","value":"http://jpfhir.jp"},{"system":"email","value":"office@hlfhir.jp"}]}],"description":"注射投与部位コメントのコードシステム例","jurisdiction":[{"coding":[{"system":"urn:iso:std:iso:3166","code":"JP"}]}],"copyright":"FHIR Japanese implementation research working group in Japan Association of Medical Informatics (JAMI)","caseSensitive":true,"content":"example","concept":[{"code":"01","display":"できるだけ太い静脈を使用"}]}