{"resourceType":"CodeSystem","id":"jp-procedure-codes-stem7-cs","text":{"status":"generated","div":"<div xmlns=\"http://www.w3.org/1999/xhtml\"><p>This code system <code>http://jpfhir.jp/fhir/Common/CodeSystem/JP_ProcedureCodesSTEM7_CS</code> defines the following codes:</p><table class=\"codes\"><tr><td style=\"white-space:nowrap\"><b>Code</b></td></tr></table></div>"},"url":"http://jpfhir.jp/fhir/Common/CodeSystem/JP_ProcedureCodesSTEM7_CS","version":"1.1.0a","name":"JP_ProcedureCodesSTEM7_CS","title":"JP Core Procedure Codes STEM7 CodeSystem","status":"draft","date":"2022-08-10","publisher":"FHIR Japanese implementation research working group in Japan Association of Medical Informatics (JAMI)","contact":[{"name":"FHIR Japanese implementation research working group in Japan Association of Medical Informatics (JAMI)","telecom":[{"system":"url","value":"http://jpfhir.jp"},{"system":"email","value":"office@hlfhir.jp"}]}],"description":"処置のコード:外保連手術基幹コード(STEM7)","jurisdiction":[{"coding":[{"system":"urn:iso:std:iso:3166","code":"JP"}]}],"copyright":"FHIR Japanese implementation research working group in Japan Association of Medical Informatics (JAMI)","caseSensitive":true,"valueSet":"http://jpfhir.jp/fhir/Common/ValueSet/JP_ProcedureCodesSTEM7_VS","content":"complete"}