{"resourceType":"CodeSystem","id":"jp-observation-labresult-code-cs","text":{"status":"generated","div":"<div xmlns=\"http://www.w3.org/1999/xhtml\"><p>This code system <code>http://jpfhir.jp/fhir/Common/CodeSystem/JP_ObservationLabResultCode_CS</code> defines many codes, of which the following are a subset:</p><table class=\"codes\"><tr><td style=\"white-space:nowrap\"><b>Code</b></td><td><b>Display</b></td></tr><tr><td style=\"white-space:nowrap\">3C020000002327101<a name=\"jp-observation-labresult-code-cs-3C020000002327101\"> </a></td><td>尿酸</td></tr><tr><td style=\"white-space:nowrap\">2A990000001930953<a name=\"jp-observation-labresult-code-cs-2A990000001930953\"> </a></td><td>ヘモグロビン</td></tr><tr><td style=\"white-space:nowrap\">2A990000001930954<a name=\"jp-observation-labresult-code-cs-2A990000001930954\"> </a></td><td>ヘマトクリット</td></tr><tr><td style=\"white-space:nowrap\">2A990000001992051<a name=\"jp-observation-labresult-code-cs-2A990000001992051\"> </a></td><td>赤血球数</td></tr></table></div>"},"url":"http://jpfhir.jp/fhir/Common/CodeSystem/JP_ObservationLabResultCode_CS","version":"1.1.0a","name":"JP_ObservationLabResultCode_CS","title":"JP Core Observation LabResult Code CodeSystem","status":"draft","date":"2022-09-16T04:42:59+00:00","publisher":"FHIR Japanese implementation research working group in Japan Association of Medical Informatics (JAMI)","contact":[{"name":"FHIR Japanese implementation research working group in Japan Association of Medical Informatics (JAMI)","telecom":[{"system":"url","value":"http://jpfhir.jp"},{"system":"email","value":"office@hlfhir.jp"}]}],"description":"Observation（検体検査結果）で使用する項目コード","jurisdiction":[{"coding":[{"system":"urn:iso:std:iso:3166","code":"JP"}]}],"copyright":"FHIR Japanese implementation research working group in Japan Association of Medical Informatics (JAMI)","caseSensitive":true,"valueSet":"http://jpfhir.jp/fhir/Common/ValueSet/JP_ObservationLabResultCode_VS","content":"fragment","concept":[{"code":"3C020000002327101","display":"尿酸"},{"code":"2A990000001930953","display":"ヘモグロビン"},{"code":"2A990000001930954","display":"ヘマトクリット"},{"code":"2A990000001992051","display":"赤血球数"}]}