{"resourceType":"CodeSystem","id":"jp-medication-category-jhsp0007-cs","text":{"status":"generated","div":"<div xmlns=\"http://www.w3.org/1999/xhtml\"><p>This code system http://jpfhir.jp/fhir/Common/CodeSystem/JHSP0007 defines the following codes:</p><table class=\"codes\"><tr><td style=\"white-space:nowrap\"><b>Code</b></td><td><b>Display</b></td></tr><tr><td style=\"white-space:nowrap\">BDP<a name=\"jp-medication-category-jhsp0007-cs-BDP\"> </a></td><td>持参薬処方</td></tr></table></div>"},"url":"http://jpfhir.jp/fhir/Common/CodeSystem/JHSP0007","version":"1.1.0a","name":"JP_MedicationCategoryJHSP0007_CS","title":"JP Core Medication JHSP0007 Category CodeSystem","status":"draft","date":"2022-09-02T05:31:57+00:00","publisher":"FHIR Japanese implementation research working group in Japan Association of Medical Informatics (JAMI)","contact":[{"name":"FHIR Japanese implementation research working group in Japan Association of Medical Informatics (JAMI)","telecom":[{"system":"url","value":"http://jpfhir.jp"},{"system":"email","value":"office@hlfhir.jp"}]}],"description":"JAHIS処方データ交換規約Ver.3.0C JHSP表0007処方区分コードのコードシステム","jurisdiction":[{"coding":[{"system":"urn:iso:std:iso:3166","code":"JP"}]}],"copyright":"FHIR Japanese implementation research working group in Japan Association of Medical Informatics (JAMI)","caseSensitive":true,"valueSet":"http://jpfhir.jp/fhir/Common/ValueSet/JP_MedicationCategoryJHSP0007_VS","content":"complete","count":1,"concept":[{"code":"BDP","display":"持参薬処方"}]}