{"resourceType":"CodeSystem","id":"jp-MedicalFeeScoreType-cs","text":{"status":"generated","div":"<div xmlns=\"http://www.w3.org/1999/xhtml\"><p>This code system http://jpfhir.jp/fhir/Common/CodeSystem/JP_MedicalFeeScoreType_CS defines the following codes:</p><table class=\"codes\"><tr><td style=\"white-space:nowrap\"><b>Code</b></td><td><b>Display</b></td></tr><tr><td style=\"white-space:nowrap\">0<a name=\"jp-MedicalFeeScoreType-cs-0\"> </a></td><td>助産所</td></tr><tr><td style=\"white-space:nowrap\">1<a name=\"jp-MedicalFeeScoreType-cs-1\"> </a></td><td>医科</td></tr><tr><td style=\"white-space:nowrap\">3<a name=\"jp-MedicalFeeScoreType-cs-3\"> </a></td><td>歯科</td></tr><tr><td style=\"white-space:nowrap\">4<a name=\"jp-MedicalFeeScoreType-cs-4\"> </a></td><td>調剤</td></tr><tr><td style=\"white-space:nowrap\">5<a name=\"jp-MedicalFeeScoreType-cs-5\"> </a></td><td>老人保健施設</td></tr><tr><td style=\"white-space:nowrap\">6<a name=\"jp-MedicalFeeScoreType-cs-6\"> </a></td><td>訪問看護ステーション</td></tr></table></div>"},"url":"http://jpfhir.jp/fhir/Common/CodeSystem/JP_MedicalFeeScoreType_CS","version":"1.1.0a","name":"JP_MedicalFeeScoreType_CS","title":"JP Core MedicalFeeScoreType CodeSystem","status":"active","date":"2022-08-29T12:54:27+00:00","publisher":"FHIR Japanese implementation research working group in Japan Association of Medical Informatics (JAMI)","contact":[{"name":"FHIR Japanese implementation research working group in Japan Association of Medical Informatics (JAMI)","telecom":[{"system":"url","value":"http://jpfhir.jp"},{"system":"email","value":"office@hlfhir.jp"}]}],"description":"診療報酬点数表番号","jurisdiction":[{"coding":[{"system":"urn:iso:std:iso:3166","code":"JP"}]}],"copyright":"FHIR Japanese implementation research working group in Japan Association of Medical Informatics (JAMI)","caseSensitive":true,"valueSet":"http://jpfhir.jp/fhir/Common/ValueSet/JP_MedicalFeeScoreType_VS","content":"complete","count":6,"concept":[{"code":"0","display":"助産所"},{"code":"1","display":"医科"},{"code":"3","display":"歯科"},{"code":"4","display":"調剤"},{"code":"5","display":"老人保健施設"},{"code":"6","display":"訪問看護ステーション"}]}