{"resourceType":"CodeSystem","id":"jp-procedure-not-performed-reason-cs","text":{"status":"generated","div":"<div xmlns=\"http://www.w3.org/1999/xhtml\"><p>This code system http://jpfhir.jp/fhir/Common/CodeSystem/JP_ProcedureNotPerformedReason_CS defines the following codes:</p><table class=\"codes\"><tr><td style=\"white-space:nowrap\"><b>Code</b></td></tr></table></div>"},"url":"http://jpfhir.jp/fhir/Common/CodeSystem/JP_ProcedureNotPerformedReason_CS","version":"1.1.0a","name":"JP_ProcedureNotPerformedReason_CS","title":"JP Core Procedure Not Performed Reason","status":"draft","date":"2022-08-02T02:05:44+00:00","publisher":"FHIR Japanese implementation research working group in Japan Association of Medical Informatics (JAMI)","contact":[{"name":"FHIR Japanese implementation research working group in Japan Association of Medical Informatics (JAMI)","telecom":[{"system":"url","value":"http://jpfhir.jp"},{"system":"email","value":"office@hlfhir.jp"}]}],"description":"処置が実施されなかった理由、または開始された処置が完了しなかった理由を示すコード","jurisdiction":[{"coding":[{"system":"urn:iso:std:iso:3166","code":"JP"}]}],"copyright":"FHIR Japanese implementation research working group in Japan Association of Medical Informatics (JAMI)","caseSensitive":true,"content":"complete"}