{"resourceType":"ImplementationGuide","id":"hl7.fhir.jp.core","text":{"status":"extensions","div":"<div xmlns=\"http://www.w3.org/1999/xhtml\"><h2>FHIRJPCoreImplementationGuide</h2><p>The official URL for this implementation guide is: </p><pre>http://jpfhir.jp/fhir/core/ImplementationGuide/hl7.fhir.jp.core</pre><div><p>日本医療情報学会(JAMI) NeXEHRS課題研究会「HL7®FHIR® 日本実装検討WG」で作成した日本国内におけるベースとなるJP Core実装ガイドのドラフトVer.1.1 です。</p>\n</div></div>"},"url":"http://jpfhir.jp/fhir/core/ImplementationGuide/hl7.fhir.jp.core","version":"1.1.0a","name":"FHIRJPCoreImplementationGuide","title":"HL7 FHIR JP Core ImplementationGuide","status":"draft","date":"2022-05-27","publisher":"FHIR Japanese implementation research working group in Japan Association of Medical Informatics (JAMI)","contact":[{"name":"FHIR Japanese implementation research working group in Japan Association of Medical Informatics (JAMI)","telecom":[{"system":"url","value":"http://jpfhir.jp"},{"system":"email","value":"office@hlfhir.jp"}]}],"description":"日本医療情報学会(JAMI) NeXEHRS課題研究会「HL7®FHIR® 日本実装検討WG」で作成した日本国内におけるベースとなるJP Core実装ガイドのドラフトVer.1.1 です。","jurisdiction":[{"coding":[{"system":"urn:iso:std:iso:3166","code":"JP"}]}],"copyright":"FHIR Japanese implementation research working group in Japan Association of Medical Informatics (JAMI)","packageId":"hl7.fhir.jp.core","license":"CC0-1.0","fhirVersion":["4.0.1"],"dependsOn":[{"id":"hl7tx","uri":"http://terminology.hl7.org/ImplementationGuide/hl7.terminology","packageId":"hl7.terminology.r4","version":"3.1.0"}],"definition":{"extension":[{"extension":[{"url":"code","valueString":"copyrightyear"},{"url":"value","valueString":"2022+"}],"url":"http://hl7.org/fhir/tools/StructureDefinition/ig-parameter"},{"extension":[{"url":"code","valueString":"releaselabel"},{"url":"value","valueString":"ci-build"}],"url":"http://hl7.org/fhir/tools/StructureDefinition/ig-parameter"},{"extension":[{"url":"code","valueString":"path-expansion-params"},{"url":"value","valueString":"../../input/_resources/exp-params.json"}],"url":"http://hl7.org/fhir/tools/StructureDefinition/ig-parameter"},{"extension":[{"url":"code","valueString":"active-tables"},{"url":"value","valueString":"false"}],"url":"http://hl7.org/fhir/tools/StructureDefinition/ig-parameter"},{"extension":[{"url":"code","valueString":"apply-version"},{"url":"value","valueString":"true"}],"url":"http://hl7.org/fhir/tools/StructureDefinition/ig-parameter"},{"extension":[{"url":"code","valueString":"apply-copyright"},{"url":"value","valueString":"true"}],"url":"http://hl7.org/fhir/tools/StructureDefinition/ig-parameter"},{"extension":[{"url":"code","valueString":"apply-publisher"},{"url":"value","valueString":"true"}],"url":"http://hl7.org/fhir/tools/StructureDefinition/ig-parameter"},{"extension":[{"url":"code","valueString":"apply-contact"},{"url":"value","valueString":"true"}],"url":"http://hl7.org/fhir/tools/StructureDefinition/ig-parameter"},{"extension":[{"url":"code","valueString":"apply-licese"},{"url":"value","valueString":"true"}],"url":"http://hl7.org/fhir/tools/StructureDefinition/ig-parameter"},{"extension":[{"url":"code","valueString":"apply-jurisdiction"},{"url":"value","valueString":"true"}],"url":"http://hl7.org/fhir/tools/StructureDefinition/ig-parameter"},{"extension":[{"url":"code","valueString":"show-inherited-invariants"},{"url":"value","valueString":"true"}],"url":"http://hl7.org/fhir/tools/StructureDefinition/ig-parameter"},{"extension":[{"url":"code","valueString":"usage-stats-opt-out"},{"url":"value","valueString":"true"}],"url":"http://hl7.org/fhir/tools/StructureDefinition/ig-parameter"},{"extension":[{"url":"code","valueString":"excludexml"},{"url":"value","valueString":"false"}],"url":"http://hl7.org/fhir/tools/StructureDefinition/ig-parameter"},{"extension":[{"url":"code","valueString":"excludejsn"},{"url":"value","valueString":"false"}],"url":"http://hl7.org/fhir/tools/StructureDefinition/ig-parameter"},{"extension":[{"url":"code","valueString":"excludettl"},{"url":"value","valueString":"true"}],"url":"http://hl7.org/fhir/tools/StructureDefinition/ig-parameter"},{"extension":[{"url":"code","valueString":"excludemap"},{"url":"value","valueString":"true"}],"url":"http://hl7.org/fhir/tools/StructureDefinition/ig-parameter"},{"extension":[{"url":"code","valueString":"excludeexample"},{"url":"value","valueString":"true"}],"url":"http://hl7.org/fhir/tools/StructureDefinition/ig-parameter"},{"extension":[{"url":"code","valueString":"generate"},{"url":"value","valueString":"xml"}],"url":"http://hl7.org/fhir/tools/StructureDefinition/ig-parameter"},{"extension":[{"url":"code","valueString":"generate"},{"url":"value","valueString":"json"}],"url":"http://hl7.org/fhir/tools/StructureDefinition/ig-parameter"},{"extension":[{"url":"code","valueString":"special-url"},{"url":"value","valueString":"http://jpfhir.jp/fhir/core/StructureDefinition/JP_AllergyIntolerance"}],"url":"http://hl7.org/fhir/tools/StructureDefinition/ig-parameter"},{"extension":[{"url":"code","valueString":"special-url"},{"url":"value","valueString":"http://jpfhir.jp/fhir/core/StructureDefinition/JP_CarePlan"}],"url":"http://hl7.org/fhir/tools/StructureDefinition/ig-parameter"},{"extension":[{"url":"code","valueString":"special-url"},{"url":"value","valueString":"http://jpfhir.jp/fhir/core/StructureDefinition/JP_Condition"}],"url":"http://hl7.org/fhir/tools/StructureDefinition/ig-parameter"},{"extension":[{"url":"code","valueString":"special-url"},{"url":"value","valueString":"http://jpfhir.jp/fhir/core/StructureDefinition/JP_Coverage"}],"url":"http://hl7.org/fhir/tools/StructureDefinition/ig-parameter"},{"extension":[{"url":"code","valueString":"special-url"},{"url":"value","valueString":"http://jpfhir.jp/fhir/core/StructureDefinition/JP_DiagnosticReport_Common"}],"url":"http://hl7.org/fhir/tools/StructureDefinition/ig-parameter"},{"extension":[{"url":"code","valueString":"special-url"},{"url":"value","valueString":"http://jpfhir.jp/fhir/core/StructureDefinition/JP_DiagnosticReport_LabResult"}],"url":"http://hl7.org/fhir/tools/StructureDefinition/ig-parameter"},{"extension":[{"url":"code","valueString":"special-url"},{"url":"value","valueString":"http://jpfhir.jp/fhir/core/StructureDefinition/JP_DiagnosticReport_Radiology"}],"url":"http://hl7.org/fhir/tools/StructureDefinition/ig-parameter"},{"extension":[{"url":"code","valueString":"special-url"},{"url":"value","valueString":"http://jpfhir.jp/fhir/core/StructureDefinition/JP_Encounter"}],"url":"http://hl7.org/fhir/tools/StructureDefinition/ig-parameter"},{"extension":[{"url":"code","valueString":"special-url"},{"url":"value","valueString":"http://jpfhir.jp/fhir/core/StructureDefinition/JP_FamilyMemberHistory"}],"url":"http://hl7.org/fhir/tools/StructureDefinition/ig-parameter"},{"extension":[{"url":"code","valueString":"special-url"},{"url":"value","valueString":"http://jpfhir.jp/fhir/core/StructureDefinition/JP_HumanName"}],"url":"http://hl7.org/fhir/tools/StructureDefinition/ig-parameter"},{"extension":[{"url":"code","valueString":"special-url"},{"url":"value","valueString":"http://jpfhir.jp/fhir/core/StructureDefinition/JP_ImagingStudy_Radiology"}],"url":"http://hl7.org/fhir/tools/StructureDefinition/ig-parameter"},{"extension":[{"url":"code","valueString":"special-url"},{"url":"value","valueString":"http://jpfhir.jp/fhir/core/StructureDefinition/JP_Location"}],"url":"http://hl7.org/fhir/tools/StructureDefinition/ig-parameter"},{"extension":[{"url":"code","valueString":"special-url"},{"url":"value","valueString":"http://jpfhir.jp/fhir/core/StructureDefinition/JP_Medication"}],"url":"http://hl7.org/fhir/tools/StructureDefinition/ig-parameter"},{"extension":[{"url":"code","valueString":"special-url"},{"url":"value","valueString":"http://jpfhir.jp/fhir/core/StructureDefinition/JP_MedicationAdministration_Injection"}],"url":"http://hl7.org/fhir/tools/StructureDefinition/ig-parameter"},{"extension":[{"url":"code","valueString":"special-url"},{"url":"value","valueString":"http://jpfhir.jp/fhir/core/StructureDefinition/JP_MedicationAdministration"}],"url":"http://hl7.org/fhir/tools/StructureDefinition/ig-parameter"},{"extension":[{"url":"code","valueString":"special-url"},{"url":"value","valueString":"http://jpfhir.jp/fhir/core/StructureDefinition/JP_MedicationDispense_Injection"}],"url":"http://hl7.org/fhir/tools/StructureDefinition/ig-parameter"},{"extension":[{"url":"code","valueString":"special-url"},{"url":"value","valueString":"http://jpfhir.jp/fhir/core/StructureDefinition/JP_MedicationDispense"}],"url":"http://hl7.org/fhir/tools/StructureDefinition/ig-parameter"},{"extension":[{"url":"code","valueString":"special-url"},{"url":"value","valueString":"http://jpfhir.jp/fhir/core/StructureDefinition/JP_MedicationDispenseBase"}],"url":"http://hl7.org/fhir/tools/StructureDefinition/ig-parameter"},{"extension":[{"url":"code","valueString":"special-url"},{"url":"value","valueString":"http://jpfhir.jp/fhir/core/StructureDefinition/JP_MedicationRequest_Injection"}],"url":"http://hl7.org/fhir/tools/StructureDefinition/ig-parameter"},{"extension":[{"url":"code","valueString":"special-url"},{"url":"value","valueString":"http://jpfhir.jp/fhir/core/StructureDefinition/JP_MedicationRequest"}],"url":"http://hl7.org/fhir/tools/StructureDefinition/ig-parameter"},{"extension":[{"url":"code","valueString":"special-url"},{"url":"value","valueString":"http://jpfhir.jp/fhir/core/StructureDefinition/JP_MedicationRequestBase"}],"url":"http://hl7.org/fhir/tools/StructureDefinition/ig-parameter"},{"extension":[{"url":"code","valueString":"special-url"},{"url":"value","valueString":"http://jpfhir.jp/fhir/core/StructureDefinition/JP_Observation_BodyMeasurement"}],"url":"http://hl7.org/fhir/tools/StructureDefinition/ig-parameter"},{"extension":[{"url":"code","valueString":"special-url"},{"url":"value","valueString":"http://jpfhir.jp/fhir/core/StructureDefinition/JP_Observation_Common"}],"url":"http://hl7.org/fhir/tools/StructureDefinition/ig-parameter"},{"extension":[{"url":"code","valueString":"special-url"},{"url":"value","valueString":"http://jpfhir.jp/fhir/core/StructureDefinition/JP_Observation_LabResult"}],"url":"http://hl7.org/fhir/tools/StructureDefinition/ig-parameter"},{"extension":[{"url":"code","valueString":"special-url"},{"url":"value","valueString":"http://jpfhir.jp/fhir/core/StructureDefinition/JP_Observation_PhysicalExam"}],"url":"http://hl7.org/fhir/tools/StructureDefinition/ig-parameter"},{"extension":[{"url":"code","valueString":"special-url"},{"url":"value","valueString":"http://jpfhir.jp/fhir/core/StructureDefinition/JP_Observation_SocialHistory"}],"url":"http://hl7.org/fhir/tools/StructureDefinition/ig-parameter"},{"extension":[{"url":"code","valueString":"special-url"},{"url":"value","valueString":"http://jpfhir.jp/fhir/core/StructureDefinition/JP_Observation_VitalSigns"}],"url":"http://hl7.org/fhir/tools/StructureDefinition/ig-parameter"},{"extension":[{"url":"code","valueString":"special-url"},{"url":"value","valueString":"http://jpfhir.jp/fhir/core/StructureDefinition/JP_Organization"}],"url":"http://hl7.org/fhir/tools/StructureDefinition/ig-parameter"},{"extension":[{"url":"code","valueString":"special-url"},{"url":"value","valueString":"http://jpfhir.jp/fhir/core/StructureDefinition/JP_Patient"}],"url":"http://hl7.org/fhir/tools/StructureDefinition/ig-parameter"},{"extension":[{"url":"code","valueString":"special-url"},{"url":"value","valueString":"http://jpfhir.jp/fhir/core/StructureDefinition/JP_Practitioner"}],"url":"http://hl7.org/fhir/tools/StructureDefinition/ig-parameter"},{"extension":[{"url":"code","valueString":"special-url"},{"url":"value","valueString":"http://jpfhir.jp/fhir/core/StructureDefinition/JP_PractitionerRole"}],"url":"http://hl7.org/fhir/tools/StructureDefinition/ig-parameter"},{"extension":[{"url":"code","valueString":"special-url"},{"url":"value","valueString":"http://jpfhir.jp/fhir/core/StructureDefinition/JP_Procedure"}],"url":"http://hl7.org/fhir/tools/StructureDefinition/ig-parameter"},{"extension":[{"url":"code","valueString":"special-url"},{"url":"value","valueString":"http://jpfhir.jp/fhir/core/Extension/StructureDefinition/JP_Coverage_InsuredPersonNumber"}],"url":"http://hl7.org/fhir/tools/StructureDefinition/ig-parameter"},{"extension":[{"url":"code","valueString":"special-url"},{"url":"value","valueString":"http://jpfhir.jp/fhir/core/Extension/StructureDefinition/JP_Coverage_InsuredPersonSubNumber"}],"url":"http://hl7.org/fhir/tools/StructureDefinition/ig-parameter"},{"extension":[{"url":"code","valueString":"special-url"},{"url":"value","valueString":"http://jpfhir.jp/fhir/core/Extension/StructureDefinition/JP_Coverage_InsuredPersonSymbol"}],"url":"http://hl7.org/fhir/tools/StructureDefinition/ig-parameter"},{"extension":[{"url":"code","valueString":"special-url"},{"url":"value","valueString":"http://jpfhir.jp/fhir/core/Extension/StructureDefinition/JP_Medication_Ingredient_DrugNo"}],"url":"http://hl7.org/fhir/tools/StructureDefinition/ig-parameter"},{"extension":[{"url":"code","valueString":"special-url"},{"url":"value","valueString":"http://jpfhir.jp/fhir/core/Extension/StructureDefinition/JP_Medication_IngredientStrength_StrengthType"}],"url":"http://hl7.org/fhir/tools/StructureDefinition/ig-parameter"},{"extension":[{"url":"code","valueString":"special-url"},{"url":"value","valueString":"http://jpfhir.jp/fhir/core/Extension/StructureDefinition/JP_MedicationAdministration_Dosage_DosageComment"}],"url":"http://hl7.org/fhir/tools/StructureDefinition/ig-parameter"},{"extension":[{"url":"code","valueString":"special-url"},{"url":"value","valueString":"http://jpfhir.jp/fhir/core/Extension/StructureDefinition/JP_MedicationAdministration_Dosage_LineComment"}],"url":"http://hl7.org/fhir/tools/StructureDefinition/ig-parameter"},{"extension":[{"url":"code","valueString":"special-url"},{"url":"value","valueString":"http://jpfhir.jp/fhir/core/Extension/StructureDefinition/JP_MedicationAdministration_DosageMethod_MethodComment"}],"url":"http://hl7.org/fhir/tools/StructureDefinition/ig-parameter"},{"extension":[{"url":"code","valueString":"special-url"},{"url":"value","valueString":"http://jpfhir.jp/fhir/core/Extension/StructureDefinition/JP_MedicationAdministration_DosageRate_RateComment"}],"url":"http://hl7.org/fhir/tools/StructureDefinition/ig-parameter"},{"extension":[{"url":"code","valueString":"special-url"},{"url":"value","valueString":"http://jpfhir.jp/fhir/core/Extension/StructureDefinition/JP_MedicationAdministration_DosageRoute_RouteComment"}],"url":"http://hl7.org/fhir/tools/StructureDefinition/ig-parameter"},{"extension":[{"url":"code","valueString":"special-url"},{"url":"value","valueString":"http://jpfhir.jp/fhir/core/Extension/StructureDefinition/JP_MedicationAdministration_DosageSite_SiteComment"}],"url":"http://hl7.org/fhir/tools/StructureDefinition/ig-parameter"},{"extension":[{"url":"code","valueString":"special-url"},{"url":"value","valueString":"http://jpfhir.jp/fhir/core/Extension/StructureDefinition/JP_MedicationAdministration_Location"}],"url":"http://hl7.org/fhir/tools/StructureDefinition/ig-parameter"},{"extension":[{"url":"code","valueString":"special-url"},{"url":"value","valueString":"http://jpfhir.jp/fhir/core/Extension/StructureDefinition/JP_MedicationAdministration_RequestAuthoredOn"}],"url":"http://hl7.org/fhir/tools/StructureDefinition/ig-parameter"},{"extension":[{"url":"code","valueString":"special-url"},{"url":"value","valueString":"http://jpfhir.jp/fhir/core/Extension/StructureDefinition/JP_MedicationAdministration_RequestDepartment"}],"url":"http://hl7.org/fhir/tools/StructureDefinition/ig-parameter"},{"extension":[{"url":"code","valueString":"special-url"},{"url":"value","valueString":"http://jpfhir.jp/fhir/core/Extension/StructureDefinition/JP_MedicationAdministration_Requester"}],"url":"http://hl7.org/fhir/tools/StructureDefinition/ig-parameter"},{"extension":[{"url":"code","valueString":"special-url"},{"url":"value","valueString":"http://jpfhir.jp/fhir/core/Extension/StructureDefinition/JP_MedicationAdministration_UncategorizedComment"}],"url":"http://hl7.org/fhir/tools/StructureDefinition/ig-parameter"},{"extension":[{"url":"code","valueString":"special-url"},{"url":"value","valueString":"http://jpfhir.jp/fhir/core/Extension/StructureDefinition/JP_MedicationDispense_Preparation"}],"url":"http://hl7.org/fhir/tools/StructureDefinition/ig-parameter"},{"extension":[{"url":"code","valueString":"special-url"},{"url":"value","valueString":"http://jpfhir.jp/fhir/core/Extension/StructureDefinition/JP_MedicationRequest_DispenseRequest_ExpectedRepeatCount"}],"url":"http://hl7.org/fhir/tools/StructureDefinition/ig-parameter"},{"extension":[{"url":"code","valueString":"special-url"},{"url":"value","valueString":"http://jpfhir.jp/fhir/core/Extension/StructureDefinition/JP_MedicationRequest_DispenseRequest_InstructionForDispense"}],"url":"http://hl7.org/fhir/tools/StructureDefinition/ig-parameter"},{"extension":[{"url":"code","valueString":"special-url"},{"url":"value","valueString":"http://jpfhir.jp/fhir/core/Extension/StructureDefinition/JP_MedicationRequest_DosageInstruction_Device"}],"url":"http://hl7.org/fhir/tools/StructureDefinition/ig-parameter"},{"extension":[{"url":"code","valueString":"special-url"},{"url":"value","valueString":"http://jpfhir.jp/fhir/core/Extension/StructureDefinition/JP_MedicationRequest_DosageInstruction_Line"}],"url":"http://hl7.org/fhir/tools/StructureDefinition/ig-parameter"},{"extension":[{"url":"code","valueString":"special-url"},{"url":"value","valueString":"http://jpfhir.jp/fhir/core/Extension/StructureDefinition/JP_MedicationRequest_DosageInstruction_PeriodOfUse"}],"url":"http://hl7.org/fhir/tools/StructureDefinition/ig-parameter"},{"extension":[{"url":"code","valueString":"special-url"},{"url":"value","valueString":"http://jpfhir.jp/fhir/core/Extension/StructureDefinition/JP_MedicationRequest_DosageInstruction_UsageDuration"}],"url":"http://hl7.org/fhir/tools/StructureDefinition/ig-parameter"},{"extension":[{"url":"code","valueString":"special-url"},{"url":"value","valueString":"http://jpfhir.jp/fhir/core/Extension/StructureDefinition/JP_Observation_BodySite_BodySitePosition"}],"url":"http://hl7.org/fhir/tools/StructureDefinition/ig-parameter"},{"extension":[{"url":"code","valueString":"special-url"},{"url":"value","valueString":"http://jpfhir.jp/fhir/core/Extension/StructureDefinition/JP_Organization_InsuranceOrganizationCategory"}],"url":"http://hl7.org/fhir/tools/StructureDefinition/ig-parameter"},{"extension":[{"url":"code","valueString":"special-url"},{"url":"value","valueString":"http://jpfhir.jp/fhir/core/Extension/StructureDefinition/JP_Organization_InsuranceOrganizationNo"}],"url":"http://hl7.org/fhir/tools/StructureDefinition/ig-parameter"},{"extension":[{"url":"code","valueString":"special-url"},{"url":"value","valueString":"http://jpfhir.jp/fhir/core/Extension/StructureDefinition/JP_Organization_PrefectureNo"}],"url":"http://hl7.org/fhir/tools/StructureDefinition/ig-parameter"},{"extension":[{"url":"code","valueString":"special-url"},{"url":"value","valueString":"http://jpfhir.jp/fhir/core/Extension/StructureDefinition/JP_Patient_Race"}],"url":"http://hl7.org/fhir/tools/StructureDefinition/ig-parameter"},{"extension":[{"url":"code","valueString":"special-url"},{"url":"value","valueString":"http://jpfhir.jp/fhir/core/CapabilityStatement/JP_Client_CapabilityStatement"}],"url":"http://hl7.org/fhir/tools/StructureDefinition/ig-parameter"},{"extension":[{"url":"code","valueString":"special-url"},{"url":"value","valueString":"http://jpfhir.jp/fhir/core/CapabilityStatement/JP_Server_CapabilityStatement"}],"url":"http://hl7.org/fhir/tools/StructureDefinition/ig-parameter"},{"extension":[{"url":"code","valueString":"special-url"},{"url":"value","valueString":"http://jpfhir.jp/fhir/core/SearchParameter/JP_Coverage_InsuredPersonNumber_SP"}],"url":"http://hl7.org/fhir/tools/StructureDefinition/ig-parameter"},{"extension":[{"url":"code","valueString":"special-url"},{"url":"value","valueString":"http://jpfhir.jp/fhir/core/SearchParameter/JP_Coverage_InsuredPersonSubNumber_SP"}],"url":"http://hl7.org/fhir/tools/StructureDefinition/ig-parameter"},{"extension":[{"url":"code","valueString":"special-url"},{"url":"value","valueString":"http://jpfhir.jp/fhir/core/SearchParameter/JP_Coverage_InsuredPersonSymbol_SP"}],"url":"http://hl7.org/fhir/tools/StructureDefinition/ig-parameter"},{"extension":[{"url":"code","valueString":"special-url"},{"url":"value","valueString":"http://jpfhir.jp/fhir/core/SearchParameter/JP_Organization_InsuranceOrganizationCategory_SP"}],"url":"http://hl7.org/fhir/tools/StructureDefinition/ig-parameter"},{"extension":[{"url":"code","valueString":"special-url"},{"url":"value","valueString":"http://jpfhir.jp/fhir/core/SearchParameter/JP_Organization_InsuranceOrganizationNo_SP"}],"url":"http://hl7.org/fhir/tools/StructureDefinition/ig-parameter"},{"extension":[{"url":"code","valueString":"special-url"},{"url":"value","valueString":"http://jpfhir.jp/fhir/core/SearchParameter/JP_Organization_PrefectureNo_SP"}],"url":"http://hl7.org/fhir/tools/StructureDefinition/ig-parameter"},{"extension":[{"url":"code","valueString":"special-url"},{"url":"value","valueString":"http://jpfhir.jp/fhir/core/SearchParameter/JP_Patient_KanaName_SP"}],"url":"http://hl7.org/fhir/tools/StructureDefinition/ig-parameter"},{"extension":[{"url":"code","valueString":"special-url"},{"url":"value","valueString":"http://jpfhir.jp/fhir/core/SearchParameter/JP_Patient_KanjiName_SP"}],"url":"http://hl7.org/fhir/tools/StructureDefinition/ig-parameter"},{"extension":[{"url":"code","valueString":"autoload-resources"},{"url":"value","valueString":"true"}],"url":"http://hl7.org/fhir/tools/StructureDefinition/ig-parameter"},{"extension":[{"url":"code","valueString":"path-liquid"},{"url":"value","valueString":"template/liquid"}],"url":"http://hl7.org/fhir/tools/StructureDefinition/ig-parameter"},{"extension":[{"url":"code","valueString":"path-liquid"},{"url":"value","valueString":"input/liquid"}],"url":"http://hl7.org/fhir/tools/StructureDefinition/ig-parameter"},{"extension":[{"url":"code","valueString":"path-qa"},{"url":"value","valueString":"temp/qa"}],"url":"http://hl7.org/fhir/tools/StructureDefinition/ig-parameter"},{"extension":[{"url":"code","valueString":"path-temp"},{"url":"value","valueString":"temp/pages"}],"url":"http://hl7.org/fhir/tools/StructureDefinition/ig-parameter"},{"extension":[{"url":"code","valueString":"path-output"},{"url":"value","valueString":"output"}],"url":"http://hl7.org/fhir/tools/StructureDefinition/ig-parameter"},{"extension":[{"url":"code","valueString":"path-suppressed-warnings"},{"url":"value","valueString":"input/ignoreWarnings.txt"}],"url":"http://hl7.org/fhir/tools/StructureDefinition/ig-parameter"},{"extension":[{"url":"code","valueString":"path-history"},{"url":"value","valueString":"http://jpfhir.jp/fhir/core/history.html"}],"url":"http://hl7.org/fhir/tools/StructureDefinition/ig-parameter"},{"extension":[{"url":"code","valueString":"template-html"},{"url":"value","valueString":"template-page.html"}],"url":"http://hl7.org/fhir/tools/StructureDefinition/ig-parameter"},{"extension":[{"url":"code","valueString":"template-md"},{"url":"value","valueString":"template-page-md.html"}],"url":"http://hl7.org/fhir/tools/StructureDefinition/ig-parameter"},{"extension":[{"url":"code","valueString":"apply-context"},{"url":"value","valueString":"true"}],"url":"http://hl7.org/fhir/tools/StructureDefinition/ig-parameter"},{"extension":[{"url":"code","valueString":"apply-license"},{"url":"value","valueString":"true"}],"url":"http://hl7.org/fhir/tools/StructureDefinition/ig-parameter"},{"extension":[{"url":"code","valueString":"fmm-definition"},{"url":"value","valueString":"http://hl7.org/fhir/versions.html#maturity"}],"url":"http://hl7.org/fhir/tools/StructureDefinition/ig-parameter"},{"extension":[{"url":"code","valueString":"propagate-status"},{"url":"value","valueString":"true"}],"url":"http://hl7.org/fhir/tools/StructureDefinition/ig-parameter"},{"extension":[{"url":"code","valueString":"excludelogbinaryformat"},{"url":"value","valueString":"true"}],"url":"http://hl7.org/fhir/tools/StructureDefinition/ig-parameter"}],"grouping":[{"id":"-dyn-capabilitystatement","name":"Behavior: Capability Statements","description":"The following artifacts define the specific capabilities that different types of systems are expected to have in order to comply with this implementation guide.  Systems conforming to this implementation guide are expected to declare conformance to one or more of the following capability statements."},{"id":"-dyn-searchparameter","name":"Behavior: Search Parameters","description":"These define the properties by which a RESTful server can be searched.  They can also be used for sorting and including related resources."},{"id":"-str-profile","name":"Structures: Resource Profiles","description":"These define constraints on FHIR resources for systems conforming to this implementation guide"},{"id":"-str-datatype","name":"Structures: Data Type Profiles","description":"These define constraints on FHIR data types for systems conforming to this implementation guide"},{"id":"-str-extension","name":"Structures: Extension Definitions","description":"These define constraints on FHIR data types for systems conforming to this implementation guide"},{"id":"-term-valueset","name":"Terminology: Value Sets","description":"These define sets of codes used by systems conforming to this implementation guide"},{"id":"-term-codesystem","name":"Terminology: Code Systems","description":"These define new code systems used by systems conforming to this implementation guide"},{"id":"-ex-example","name":"Example: Example Instances","description":"These are example instances that show what data produced and consumed by systems conforming with this implementation guide might look like"}],"resource":[{"extension":[{"url":"http://hl7.org/fhir/StructureDefinition/implementationguide-page","valueUri":"StructureDefinition-jp-allergyintolerance.html"}],"reference":{"reference":"StructureDefinition/jp-allergyintolerance"},"name":"JP Core AllergyIntolerance Profile","description":"本プロファイルはAllergyIntoleranceリソースに対して、患者のアレルギーや不耐症に関するデータを送受信するための基礎となる制約と拡張を定めたものである。","exampleBoolean":false,"groupingId":"-str-profile"},{"extension":[{"url":"http://hl7.org/fhir/StructureDefinition/implementationguide-page","valueUri":"StructureDefinition-jp-careplan.html"}],"reference":{"reference":"StructureDefinition/jp-careplan"},"name":"JP Core CarePlan Profile","description":"本プロファイルはJP Core CarePlanリソースに対する共通の制約と拡張を定めたものである","exampleBoolean":false,"groupingId":"-str-profile"},{"extension":[{"url":"http://hl7.org/fhir/StructureDefinition/implementationguide-page","valueUri":"StructureDefinition-jp-condition.html"}],"reference":{"reference":"StructureDefinition/jp-condition"},"name":"JP Core Condition Profile","description":"本プロファイルはConditionリソースに対して、患者の健康状態に関するデータを送受信するための共通の制約と拡張を定めたものである。","exampleBoolean":false,"groupingId":"-str-profile"},{"extension":[{"url":"http://hl7.org/fhir/StructureDefinition/implementationguide-page","valueUri":"StructureDefinition-jp-coverage.html"}],"reference":{"reference":"StructureDefinition/jp-coverage"},"name":"JP Core Coverage Profile","description":"このプロファイルはCoverageリソースに対して、保険・公費のデータを送受信するための基礎となる制約と拡張を定めたものである。","exampleBoolean":false,"groupingId":"-str-profile"},{"extension":[{"url":"http://hl7.org/fhir/StructureDefinition/implementationguide-page","valueUri":"StructureDefinition-jp-diagnosticreport-common.html"}],"reference":{"reference":"StructureDefinition/jp-diagnosticreport-common"},"name":"JP Core DiagnosticReport Common Profile","description":"このプロファイルはDiagnosticReportリソースに対して、データを送受信するための共通の制約と拡張を定めたものである。","exampleBoolean":false,"groupingId":"-str-profile"},{"extension":[{"url":"http://hl7.org/fhir/StructureDefinition/implementationguide-page","valueUri":"StructureDefinition-jp-diagnosticreport-labresult.html"}],"reference":{"reference":"StructureDefinition/jp-diagnosticreport-labresult"},"name":"JP Core DiagnosticReport LabResult Profile","description":"このプロファイルはDiagnosticReportリソースに対して、検体検査結果のデータを送受信するための制約と拡張を定めたものである。","exampleBoolean":false,"groupingId":"-str-profile"},{"extension":[{"url":"http://hl7.org/fhir/StructureDefinition/implementationguide-page","valueUri":"StructureDefinition-jp-diagnosticreport-radiology.html"}],"reference":{"reference":"StructureDefinition/jp-diagnosticreport-radiology"},"name":"JP Core DiagnosticReport Radiology Profile","description":"このプロファイルはDiagnosticReportリソースに対して、放射線検査のデータを送受信するための制約と拡張を定めたものである。","exampleBoolean":false,"groupingId":"-str-profile"},{"extension":[{"url":"http://hl7.org/fhir/StructureDefinition/implementationguide-page","valueUri":"StructureDefinition-jp-encounter.html"}],"reference":{"reference":"StructureDefinition/jp-encounter"},"name":"JP Core Encounter Profile","description":"このプロファイルはEncounterリソースに対して、来院/入院情報のデータを送受信するための基礎となる制約と拡張を定めたものである。","exampleBoolean":false,"groupingId":"-str-profile"},{"extension":[{"url":"http://hl7.org/fhir/StructureDefinition/implementationguide-page","valueUri":"StructureDefinition-jp-familymemberhistory.html"}],"reference":{"reference":"StructureDefinition/jp-familymemberhistory"},"name":"JP Core FamilyMemberHistory Profile","description":"このプロファイルはFamilyMemberHistoryリソースに対して、データを送受信するための共通の制約と拡張を定めたものである。","exampleBoolean":false,"groupingId":"-str-profile"},{"extension":[{"url":"http://hl7.org/fhir/StructureDefinition/implementationguide-page","valueUri":"StructureDefinition-jp-humanname.html"}],"reference":{"reference":"StructureDefinition/jp-humanname"},"name":"JP Core HumanName DataType","description":"このプロファイルはHumanName DataTypeに対して、患者のデータを送受信するための基礎となる制約と拡張を定めたものである。","exampleBoolean":false,"groupingId":"-str-datatype"},{"extension":[{"url":"http://hl7.org/fhir/StructureDefinition/implementationguide-page","valueUri":"StructureDefinition-jp-imagingstudy-radiology.html"}],"reference":{"reference":"StructureDefinition/jp-imagingstudy-radiology"},"name":"JP Core ImagingStudy Radiology Profile","description":"このプロファイルはImagingStudyリソースに対して、放射線検査のデータを送受信するための制約と拡張を定めたものである。","exampleBoolean":false,"groupingId":"-str-profile"},{"extension":[{"url":"http://hl7.org/fhir/StructureDefinition/implementationguide-page","valueUri":"StructureDefinition-jp-location.html"}],"reference":{"reference":"StructureDefinition/jp-location"},"name":"JP Core Location Profile","description":"このプロファイルはLocationリソースに対して、所在場所のデータを送受信するための基礎となる制約と拡張を定めたものである。","exampleBoolean":false,"groupingId":"-str-profile"},{"extension":[{"url":"http://hl7.org/fhir/StructureDefinition/implementationguide-page","valueUri":"StructureDefinition-jp-medication.html"}],"reference":{"reference":"StructureDefinition/jp-medication"},"name":"JP Core Medication Profile","description":"このプロファイルはMedicationリソースに対して、主に薬剤データを送受信するための基礎となる制約と拡張を定めたものである。","exampleBoolean":false,"groupingId":"-str-profile"},{"extension":[{"url":"http://hl7.org/fhir/StructureDefinition/implementationguide-page","valueUri":"StructureDefinition-jp-medicationadministration.html"}],"reference":{"reference":"StructureDefinition/jp-medicationadministration"},"name":"JP Core MedicationAdministration Profile","description":"このプロファイルはMedicationAdministrationリソースに対して、内服・外用薬剤処方投与実施情報のデータを送受信するための基礎となる制約と拡張を定めたものである。","exampleBoolean":false,"groupingId":"-str-profile"},{"extension":[{"url":"http://hl7.org/fhir/StructureDefinition/implementationguide-page","valueUri":"StructureDefinition-jp-medicationadministration-injection.html"}],"reference":{"reference":"StructureDefinition/jp-medicationadministration-injection"},"name":"JP Core MedicationAdministration Injection Profile","description":"このプロファイルはMedicationAdministrationリソースに対して、注射薬剤処方投与実施情報のデータを送受信するための基礎となる制約と拡張を定めたものである。","exampleBoolean":false,"groupingId":"-str-profile"},{"extension":[{"url":"http://hl7.org/fhir/StructureDefinition/implementationguide-page","valueUri":"StructureDefinition-jp-medicationdispense.html"}],"reference":{"reference":"StructureDefinition/jp-medicationdispense"},"name":"JP Core MedicationDispense Profile","description":"このプロファイルはMedicationDispenseリソースに対して、内服・外用薬剤処方調剤・払い出し記録のデータを送受信するための基礎となる制約と拡張を定めたものである。JP_MedicationDispenseBaseプロファイルからの派生プロファイルである。","exampleBoolean":false,"groupingId":"-str-profile"},{"extension":[{"url":"http://hl7.org/fhir/StructureDefinition/implementationguide-page","valueUri":"StructureDefinition-jp-medicationdispensebase.html"}],"reference":{"reference":"StructureDefinition/jp-medicationdispensebase"},"name":"JP Core MedicationDispenseBase Profile","description":"このプロファイルはユーザは直接適用するものではなく、JP_MedicationDispenseとJP_MedicationDispenseInjectionの共通の親となる抽象プロファイルである。このプロファイルはMedicationDispenseリソースに対して、内服・外用薬剤処方調剤・払い出し記録のデータを送受信するため、JP_MedicationDispenseとJP_MedicationDispenseInjectionの各プロファイルの基礎となる制約と拡張のうち共通部分を定めている。","exampleBoolean":false,"groupingId":"-str-profile"},{"extension":[{"url":"http://hl7.org/fhir/StructureDefinition/implementationguide-page","valueUri":"StructureDefinition-jp-medicationdispense-injection.html"}],"reference":{"reference":"StructureDefinition/jp-medicationdispense-injection"},"name":"JP Core MedicationDispense Injection Profile","description":"このプロファイルはMedicationDispenseリソースに対して、注射薬剤処方調剤・払い出し記録のデータを送受信するための基礎となる制約と拡張を定めたものである。JP_MedicationDispenseBaseプロファイルからの派生プロファイルである。","exampleBoolean":false,"groupingId":"-str-profile"},{"extension":[{"url":"http://hl7.org/fhir/StructureDefinition/implementationguide-page","valueUri":"StructureDefinition-jp-medicationrequest.html"}],"reference":{"reference":"StructureDefinition/jp-medicationrequest"},"name":"JP Core MedicationRequest Profile","description":"このプロファイルはJP_MedicationRequestBaseリソースに対して、内服・外用薬剤処方のデータを送受信するための基礎となる制約と拡張を定めたものである。","exampleBoolean":false,"groupingId":"-str-profile"},{"extension":[{"url":"http://hl7.org/fhir/StructureDefinition/implementationguide-page","valueUri":"StructureDefinition-jp-medicationrequestbase.html"}],"reference":{"reference":"StructureDefinition/jp-medicationrequestbase"},"name":"JP Core MedicationRequestBase Profile","description":"このプロファイルはユーザは直接適用するものではなく、JP_MedicationRequestとJP_MedicationRequestInjectionの共通の親となる抽象プロファイルである。MedicationRequestリソースに対して、内服・外用薬剤処方、注射・点滴などのデータを送受信するため、JP_MedicationRequestとJP_MedicationRequestInjectionの各プロファイルの基礎となる制約と拡張のうち共通部分を定めている。","exampleBoolean":false,"groupingId":"-str-profile"},{"extension":[{"url":"http://hl7.org/fhir/StructureDefinition/implementationguide-page","valueUri":"StructureDefinition-jp-medicationrequest-injection.html"}],"reference":{"reference":"StructureDefinition/jp-medicationrequest-injection"},"name":"JP Core MedicationRequest Injection Profile","description":"このプロファイルはJP_MedicationRequestBaseリソースに対して、注射薬剤処方のデータを送受信するための基礎となる制約と拡張を定めたものである。","exampleBoolean":false,"groupingId":"-str-profile"},{"extension":[{"url":"http://hl7.org/fhir/StructureDefinition/implementationguide-page","valueUri":"StructureDefinition-jp-observation-bodymeasurement.html"}],"reference":{"reference":"StructureDefinition/jp-observation-bodymeasurement"},"name":"JP Core Observation BodyMeasurement Profile","description":"このプロファイルはObservationリソースに対して、身体計測のデータを送受信するための制約と拡張を定めたものである。","exampleBoolean":false,"groupingId":"-str-profile"},{"extension":[{"url":"http://hl7.org/fhir/StructureDefinition/implementationguide-page","valueUri":"StructureDefinition-jp-observation-common.html"}],"reference":{"reference":"StructureDefinition/jp-observation-common"},"name":"JP Core Observation Common Profile","description":"このプロファイルはObservationリソースに対して、データを送受信するための共通の制約と拡張を定めたものである。","exampleBoolean":false,"groupingId":"-str-profile"},{"extension":[{"url":"http://hl7.org/fhir/StructureDefinition/implementationguide-page","valueUri":"StructureDefinition-jp-observation-labresult.html"}],"reference":{"reference":"StructureDefinition/jp-observation-labresult"},"name":"JP Core Observation LabResult Profile","description":"このプロファイルはObservationリソースに対して、検体検査結果のデータを送受信するための制約と拡張を定めたものである。","exampleBoolean":false,"groupingId":"-str-profile"},{"extension":[{"url":"http://hl7.org/fhir/StructureDefinition/implementationguide-page","valueUri":"StructureDefinition-jp-observation-physicalexam.html"}],"reference":{"reference":"StructureDefinition/jp-observation-physicalexam"},"name":"JP Core Observation PhysicalExam Profile","description":"このプロファイルはObservationリソースに対して、身体所見のデータを送受信するための制約と拡張を定めたものである。","exampleBoolean":false,"groupingId":"-str-profile"},{"extension":[{"url":"http://hl7.org/fhir/StructureDefinition/implementationguide-page","valueUri":"StructureDefinition-jp-observation-socialhistory.html"}],"reference":{"reference":"StructureDefinition/jp-observation-socialhistory"},"name":"JP Core Observation SocialHistory Profile","description":"このプロファイルはObservationリソースに対して、生活背景のデータを送受信するための制約と拡張を定めたものである。","exampleBoolean":false,"groupingId":"-str-profile"},{"extension":[{"url":"http://hl7.org/fhir/StructureDefinition/implementationguide-page","valueUri":"StructureDefinition-jp-observation-vitalsigns.html"}],"reference":{"reference":"StructureDefinition/jp-observation-vitalsigns"},"name":"JP Core Observation VitalSigns Profile","description":"このプロファイルはObservationリソースに対して、バイタルサインのデータを送受信するための制約と拡張を定めたものである。","exampleBoolean":false,"groupingId":"-str-profile"},{"extension":[{"url":"http://hl7.org/fhir/StructureDefinition/implementationguide-page","valueUri":"StructureDefinition-jp-organization.html"}],"reference":{"reference":"StructureDefinition/jp-organization"},"name":"JP Core Organization Profile","description":"このプロファイルはOrganizationリソースに対して、組織情報のデータを送受信するための基礎となる制約と拡張を定めたものである。","exampleBoolean":false,"groupingId":"-str-profile"},{"extension":[{"url":"http://hl7.org/fhir/StructureDefinition/implementationguide-page","valueUri":"StructureDefinition-jp-patient.html"}],"reference":{"reference":"StructureDefinition/jp-patient"},"name":"JP Core Patient Profile","description":"このプロファイルはPatientリソースに対して、患者のデータを送受信するための基礎となる制約と拡張を定めたものである。","exampleBoolean":false,"groupingId":"-str-profile"},{"extension":[{"url":"http://hl7.org/fhir/StructureDefinition/implementationguide-page","valueUri":"StructureDefinition-jp-practitioner.html"}],"reference":{"reference":"StructureDefinition/jp-practitioner"},"name":"JP Core Practitioner Profile","description":"このプロファイルはPractitionerリソースに対して、医療従事者のデータを送受信するための基礎となる制約と拡張を定めたものである。","exampleBoolean":false,"groupingId":"-str-profile"},{"extension":[{"url":"http://hl7.org/fhir/StructureDefinition/implementationguide-page","valueUri":"StructureDefinition-jp-practitionerrole.html"}],"reference":{"reference":"StructureDefinition/jp-practitionerrole"},"name":"JP Core PractitionerRole Profile","description":"このプロファイルはPractitionerRoleリソースに対して、医療従事者役割のデータを送受信するための基礎となる制約と拡張を定めたものである。","exampleBoolean":false,"groupingId":"-str-profile"},{"extension":[{"url":"http://hl7.org/fhir/StructureDefinition/implementationguide-page","valueUri":"StructureDefinition-jp-procedure.html"}],"reference":{"reference":"StructureDefinition/jp-procedure"},"name":"JP Core Procedure Profile","description":"このプロファイルはProcedureリソースに対して、患者に対する医療的な処置のデータを送受信するための共通の制約と拡張を定めたものである。","exampleBoolean":false,"groupingId":"-str-profile"},{"extension":[{"url":"http://hl7.org/fhir/StructureDefinition/implementationguide-page","valueUri":"StructureDefinition-jp-coverage-insuredpersonnumber.html"}],"reference":{"reference":"StructureDefinition/jp-coverage-insuredpersonnumber"},"name":"JP Core Coverage InsuredPersonNumber Extension","description":"健康保険における被保険者証番号を示す拡張","exampleBoolean":false,"groupingId":"-str-extension"},{"extension":[{"url":"http://hl7.org/fhir/StructureDefinition/implementationguide-page","valueUri":"StructureDefinition-jp-coverage-insuredpersonsubnumber.html"}],"reference":{"reference":"StructureDefinition/jp-coverage-insuredpersonsubnumber"},"name":"JP Core Coverage InsuredPersonSubNumber Extension","description":"健康保険における被保険者証番号の枝番を示す拡張","exampleBoolean":false,"groupingId":"-str-extension"},{"extension":[{"url":"http://hl7.org/fhir/StructureDefinition/implementationguide-page","valueUri":"StructureDefinition-jp-coverage-insuredpersonsymbol.html"}],"reference":{"reference":"StructureDefinition/jp-coverage-insuredpersonsymbol"},"name":"JP Core Coverage InsuredPersonSymbol Extension","description":"健康保険における被保険者証記号を示す拡張","exampleBoolean":false,"groupingId":"-str-extension"},{"extension":[{"url":"http://hl7.org/fhir/StructureDefinition/implementationguide-page","valueUri":"StructureDefinition-jp-medicationadministration-dosagemethod-methodcomment.html"}],"reference":{"reference":"StructureDefinition/jp-medicationadministration-dosagemethod-methodcomment"},"name":"JP Core MedicationAdministration DosageMethod MethodComment Extension","description":"手技コメントを格納するための拡張","exampleBoolean":false,"groupingId":"-str-extension"},{"extension":[{"url":"http://hl7.org/fhir/StructureDefinition/implementationguide-page","valueUri":"StructureDefinition-jp-medicationadministration-dosagerate-ratecomment.html"}],"reference":{"reference":"StructureDefinition/jp-medicationadministration-dosagerate-ratecomment"},"name":"JP Core MedicationAdministration DosageRate RateComment Extension","description":"投与速度コメントを格納するための拡張","exampleBoolean":false,"groupingId":"-str-extension"},{"extension":[{"url":"http://hl7.org/fhir/StructureDefinition/implementationguide-page","valueUri":"StructureDefinition-jp-medicationadministration-dosageroute-routecomment.html"}],"reference":{"reference":"StructureDefinition/jp-medicationadministration-dosageroute-routecomment"},"name":"JP Core MedicationAdministration DosageRoute RouteComment Extension","description":"投与経路コメントを格納するための拡張","exampleBoolean":false,"groupingId":"-str-extension"},{"extension":[{"url":"http://hl7.org/fhir/StructureDefinition/implementationguide-page","valueUri":"StructureDefinition-jp-medicationadministration-dosagesite-sitecomment.html"}],"reference":{"reference":"StructureDefinition/jp-medicationadministration-dosagesite-sitecomment"},"name":"JP Core MedicationAdministration DosageSite SiteComment Extension","description":"投与部位コメントを格納するための拡張","exampleBoolean":false,"groupingId":"-str-extension"},{"extension":[{"url":"http://hl7.org/fhir/StructureDefinition/implementationguide-page","valueUri":"StructureDefinition-jp-medicationadministration-dosage-dosagecomment.html"}],"reference":{"reference":"StructureDefinition/jp-medicationadministration-dosage-dosagecomment"},"name":"JP Core MedicationAdministration Dosage DosageComment Extension","description":"用法コメントを格納するための拡張","exampleBoolean":false,"groupingId":"-str-extension"},{"extension":[{"url":"http://hl7.org/fhir/StructureDefinition/implementationguide-page","valueUri":"StructureDefinition-jp-medicationadministration-dosage-linecomment.html"}],"reference":{"reference":"StructureDefinition/jp-medicationadministration-dosage-linecomment"},"name":"JP Core MedicationAdministration atDosage LineComment Extension","description":"ラインコメントを格納する","exampleBoolean":false,"groupingId":"-str-extension"},{"extension":[{"url":"http://hl7.org/fhir/StructureDefinition/implementationguide-page","valueUri":"StructureDefinition-jp-medicationadministration-location.html"}],"reference":{"reference":"StructureDefinition/jp-medicationadministration-location"},"name":"JP Core MedicationAdministration Location Extension","description":"実施場所を格納するための拡張","exampleBoolean":false,"groupingId":"-str-extension"},{"extension":[{"url":"http://hl7.org/fhir/StructureDefinition/implementationguide-page","valueUri":"StructureDefinition-jp-medicationadministration-requestauthoredon.html"}],"reference":{"reference":"StructureDefinition/jp-medicationadministration-requestauthoredon"},"name":"JP Core MedicationAdministration RequestAuthoredOn Extension","description":"依頼日時を格納するための拡張","exampleBoolean":false,"groupingId":"-str-extension"},{"extension":[{"url":"http://hl7.org/fhir/StructureDefinition/implementationguide-page","valueUri":"StructureDefinition-jp-medicationadministration-requestdepartment.html"}],"reference":{"reference":"StructureDefinition/jp-medicationadministration-requestdepartment"},"name":"JP Core MedicationAdministration RequestDepartment Extension","description":"依頼科を格納するための拡張","exampleBoolean":false,"groupingId":"-str-extension"},{"extension":[{"url":"http://hl7.org/fhir/StructureDefinition/implementationguide-page","valueUri":"StructureDefinition-jp-medicationadministration-requester.html"}],"reference":{"reference":"StructureDefinition/jp-medicationadministration-requester"},"name":"JP Core MedicationAdministration Requester Extension","description":"依頼医を格納するための拡張","exampleBoolean":false,"groupingId":"-str-extension"},{"extension":[{"url":"http://hl7.org/fhir/StructureDefinition/implementationguide-page","valueUri":"StructureDefinition-jp-medicationadministration-uncategorizedcomment.html"}],"reference":{"reference":"StructureDefinition/jp-medicationadministration-uncategorizedcomment"},"name":"JP Core MedicationAdministration UncategorizedComment Extension","description":"未分類コメントを格納するための拡張","exampleBoolean":false,"groupingId":"-str-extension"},{"extension":[{"url":"http://hl7.org/fhir/StructureDefinition/implementationguide-page","valueUri":"StructureDefinition-jp-medicationdispense-preparation.html"}],"reference":{"reference":"StructureDefinition/jp-medicationdispense-preparation"},"name":"JP Core MedicationDispense Preparation Extension","description":"薬剤単位の調剤結果","exampleBoolean":false,"groupingId":"-str-extension"},{"extension":[{"url":"http://hl7.org/fhir/StructureDefinition/implementationguide-page","valueUri":"StructureDefinition-jp-medicationrequest-dispenserequest-expectedrepeatcount.html"}],"reference":{"reference":"StructureDefinition/jp-medicationrequest-dispenserequest-expectedrepeatcount"},"name":"JP Core MedicationRequest DispenseRequest ExpectedRepeatCount Extension","description":"頓用回数","exampleBoolean":false,"groupingId":"-str-extension"},{"extension":[{"url":"http://hl7.org/fhir/StructureDefinition/implementationguide-page","valueUri":"StructureDefinition-jp-medicationrequest-dispenserequest-instructionfordispense.html"}],"reference":{"reference":"StructureDefinition/jp-medicationrequest-dispenserequest-instructionfordispense"},"name":"JP Core MedicationRequest DispenseRequest InstructionForDispense Extension","description":"調剤指示。薬剤単位の調剤指示を表現するための拡張","exampleBoolean":false,"groupingId":"-str-extension"},{"extension":[{"url":"http://hl7.org/fhir/StructureDefinition/implementationguide-page","valueUri":"StructureDefinition-jp-medicationrequest-dosageinstruction-device.html"}],"reference":{"reference":"StructureDefinition/jp-medicationrequest-dosageinstruction-device"},"name":"JP Core MedicationRequest DosageInstruction Device Extension","description":"投与装置を格納する拡張","exampleBoolean":false,"groupingId":"-str-extension"},{"extension":[{"url":"http://hl7.org/fhir/StructureDefinition/implementationguide-page","valueUri":"StructureDefinition-jp-medicationrequest-dosageinstruction-line.html"}],"reference":{"reference":"StructureDefinition/jp-medicationrequest-dosageinstruction-line"},"name":"JP Core MedicationRequest DosageInstruction Line Extension","description":"指示ラインを格納するための拡張","exampleBoolean":false,"groupingId":"-str-extension"},{"extension":[{"url":"http://hl7.org/fhir/StructureDefinition/implementationguide-page","valueUri":"StructureDefinition-jp-medicationrequest-dosageinstruction-periodofuse.html"}],"reference":{"reference":"StructureDefinition/jp-medicationrequest-dosageinstruction-periodofuse"},"name":"JP Core MedicationRequest DosageInstruction PeriodOfUse Extension","description":"投与開始日を格納する拡張","exampleBoolean":false,"groupingId":"-str-extension"},{"extension":[{"url":"http://hl7.org/fhir/StructureDefinition/implementationguide-page","valueUri":"StructureDefinition-jp-medicationrequest-dosageinstruction-usageduration.html"}],"reference":{"reference":"StructureDefinition/jp-medicationrequest-dosageinstruction-usageduration"},"name":"JP MedicationRequest DosageInstruction UsageDuration Extension","description":"隔日投与など、服⽤開始日から終了日までの日数と実投与日数が異なる場合に、実投与日数を明⽰したい場合に使⽤する拡張","exampleBoolean":false,"groupingId":"-str-extension"},{"extension":[{"url":"http://hl7.org/fhir/StructureDefinition/implementationguide-page","valueUri":"StructureDefinition-jp-medication-ingredientstrength-strengthtype.html"}],"reference":{"reference":"StructureDefinition/jp-medication-ingredientstrength-strengthtype"},"name":"JP Core Medication IngredientStrength StrengthType Extension","description":"投与量が製剤単位か成分単位かを格納する拡張","exampleBoolean":false,"groupingId":"-str-extension"},{"extension":[{"url":"http://hl7.org/fhir/StructureDefinition/implementationguide-page","valueUri":"StructureDefinition-jp-medication-ingredient-drugno.html"}],"reference":{"reference":"StructureDefinition/jp-medication-ingredient-drugno"},"name":"JP Core Medication Ingredient DrugNo Extension","description":"投与量が製剤単位か成分単位かを格納する拡張","exampleBoolean":false,"groupingId":"-str-extension"},{"extension":[{"url":"http://hl7.org/fhir/StructureDefinition/implementationguide-page","valueUri":"StructureDefinition-jp-observation-bodysite-bodysiteposition.html"}],"reference":{"reference":"StructureDefinition/jp-observation-bodysite-bodysiteposition"},"name":"JP Core Observation BodySite BodySitePosition Extension","description":"部位（bodySite）の左右の区別を表現する際に使用する","exampleBoolean":false,"groupingId":"-str-extension"},{"extension":[{"url":"http://hl7.org/fhir/StructureDefinition/implementationguide-page","valueUri":"StructureDefinition-jp-organization-insuranceorganizationcategory.html"}],"reference":{"reference":"StructureDefinition/jp-organization-insuranceorganizationcategory"},"name":"JP Core Organization InsuranceOrganizationCategory Extension","description":"点数表コード１桁（医科１、歯科３）表現するためのExtension。 JP Core Organizationプロファイルで利用されることを想定しているが、他のリソースでも利用可能である","exampleBoolean":false,"groupingId":"-str-extension"},{"extension":[{"url":"http://hl7.org/fhir/StructureDefinition/implementationguide-page","valueUri":"StructureDefinition-jp-organization-insuranceorganizationno.html"}],"reference":{"reference":"StructureDefinition/jp-organization-insuranceorganizationno"},"name":"JP Core Organization InsuranceOrganizationNo Extension","description":"保険医療機関番号７桁を表現するためのExtension。 JP Core Organizationプロファイルで利用されることを想定しているが、他のリソースでも利用可能である","exampleBoolean":false,"groupingId":"-str-extension"},{"extension":[{"url":"http://hl7.org/fhir/StructureDefinition/implementationguide-page","valueUri":"StructureDefinition-jp-organization-prefectureno.html"}],"reference":{"reference":"StructureDefinition/jp-organization-prefectureno"},"name":"JP Core Organization PrefectureNo Extension","description":"都道府県番号２桁を表現するためのExtension。\nJP Core Organizationプロファイルで利用されることを想定しているが、他のリソースでも利用可能である","exampleBoolean":false,"groupingId":"-str-extension"},{"extension":[{"url":"http://hl7.org/fhir/StructureDefinition/implementationguide-page","valueUri":"StructureDefinition-jp-patient-race.html"}],"reference":{"reference":"StructureDefinition/jp-patient-race"},"name":"JP Core Patient Race Extension","description":"人種(Race)に関する情報を格納するためのExtension。","exampleBoolean":false,"groupingId":"-str-extension"},{"extension":[{"url":"http://hl7.org/fhir/StructureDefinition/implementationguide-page","valueUri":"ValueSet-jp-allergyintolerance-codes-food-vs.html"}],"reference":{"reference":"ValueSet/jp-allergyintolerance-codes-food-vs"},"name":"JP AllergyIntolerance Codes Food","description":"J-FAGYにおける食品に関するアレルゲンコード","exampleBoolean":false,"groupingId":"-term-valueset"},{"extension":[{"url":"http://hl7.org/fhir/StructureDefinition/implementationguide-page","valueUri":"ValueSet-jp-allergyintolerance-codes-medicine-vs.html"}],"reference":{"reference":"ValueSet/jp-allergyintolerance-codes-medicine-vs"},"name":"JP AllergyIntolerance Codes Medicine","description":"J-FAGYにおける医薬品に関するアレルゲンコード","exampleBoolean":false,"groupingId":"-term-valueset"},{"extension":[{"url":"http://hl7.org/fhir/StructureDefinition/implementationguide-page","valueUri":"ValueSet-jp-allergyintolerance-codes-non-food-non-medicine-vs.html"}],"reference":{"reference":"ValueSet/jp-allergyintolerance-codes-non-food-non-medicine-vs"},"name":"JP AllergyIntolerance Codes Non Food Non Medicine","description":"J-FAGYにおける非食品・非医薬品に関するアレルゲンコード","exampleBoolean":false,"groupingId":"-term-valueset"},{"extension":[{"url":"http://hl7.org/fhir/StructureDefinition/implementationguide-page","valueUri":"ValueSet-jp-procedure-body-site-vs.html"}],"reference":{"reference":"ValueSet/jp-procedure-body-site-vs"},"name":"JP Procedure BodySite","description":"Procesureで使用する身体部位のコード","exampleBoolean":false,"groupingId":"-term-valueset"},{"extension":[{"url":"http://hl7.org/fhir/StructureDefinition/implementationguide-page","valueUri":"ValueSet-jp-procedure-codes-dental-vs.html"}],"reference":{"reference":"ValueSet/jp-procedure-codes-dental-vs"},"name":"JP Procedure Codes(Dental)","description":"Procesureで使用する処置のコード 歯科診療行為マスタ","exampleBoolean":false,"groupingId":"-term-valueset"},{"extension":[{"url":"http://hl7.org/fhir/StructureDefinition/implementationguide-page","valueUri":"ValueSet-jp-procedure-codes-ichi-vs.html"}],"reference":{"reference":"ValueSet/jp-procedure-codes-ichi-vs"},"name":"JP Procedure Codes(ICHI)","description":"Procesureで使用する処置のコード International Classification of Health Interventions (ICHI)","exampleBoolean":false,"groupingId":"-term-valueset"},{"extension":[{"url":"http://hl7.org/fhir/StructureDefinition/implementationguide-page","valueUri":"ValueSet-jp-procedure-code-medical-vs.html"}],"reference":{"reference":"ValueSet/jp-procedure-code-medical-vs"},"name":"JP Procedure Codes(Medical)","description":"Procesureで使用する処置のコード 医科診療行為マスタ","exampleBoolean":false,"groupingId":"-term-valueset"},{"extension":[{"url":"http://hl7.org/fhir/StructureDefinition/implementationguide-page","valueUri":"ValueSet-jp-procedure-codes-nurse-vs.html"}],"reference":{"reference":"ValueSet/jp-procedure-codes-nurse-vs"},"name":"JP Procedure Codes(Nurse)","description":"Procesureで使用する処置のコード 看護実践用語標準マスター(看護行為)","exampleBoolean":false,"groupingId":"-term-valueset"},{"extension":[{"url":"http://hl7.org/fhir/StructureDefinition/implementationguide-page","valueUri":"ValueSet-jp-procedure-code-stem7-vs.html"}],"reference":{"reference":"ValueSet/jp-procedure-code-stem7-vs"},"name":"JP Procedure Codes(STEM7)","description":"Procesureで使用する処置のコード 外保連手術基幹コード(STEM7)","exampleBoolean":false,"groupingId":"-term-valueset"},{"extension":[{"url":"http://hl7.org/fhir/StructureDefinition/implementationguide-page","valueUri":"ValueSet-jp-procedure-condition-code-vs.html"}],"reference":{"reference":"ValueSet/jp-procedure-condition-code-vs"},"name":"JP Procedure Condition/Problem/Diagnosis Codes","description":"Procesureで使用する状態のコード","exampleBoolean":false,"groupingId":"-term-valueset"},{"extension":[{"url":"http://hl7.org/fhir/StructureDefinition/implementationguide-page","valueUri":"ValueSet-jp-procedure-device-action-vs.html"}],"reference":{"reference":"ValueSet/jp-procedure-device-action-vs"},"name":"JP Procedure Device Action Codes","description":"Codes indicating the change that happened to the device during the procedure.","exampleBoolean":false,"groupingId":"-term-valueset"},{"extension":[{"url":"http://hl7.org/fhir/StructureDefinition/implementationguide-page","valueUri":"ValueSet-jp-procedure-devicekind-vs.html"}],"reference":{"reference":"ValueSet/jp-procedure-devicekind-vs"},"name":"JP Procedure DeviceKind","description":"Codes used to identify medical devices.","exampleBoolean":false,"groupingId":"-term-valueset"},{"extension":[{"url":"http://hl7.org/fhir/StructureDefinition/implementationguide-page","valueUri":"ValueSet-jp-procedure-followup-vs.html"}],"reference":{"reference":"ValueSet/jp-procedure-followup-vs"},"name":"JP Procedure Follow up Codes","description":"Procedure follow up codes.","exampleBoolean":false,"groupingId":"-term-valueset"},{"extension":[{"url":"http://hl7.org/fhir/StructureDefinition/implementationguide-page","valueUri":"ValueSet-jp-procedure-not-performed-reason-vs.html"}],"reference":{"reference":"ValueSet/jp-procedure-not-performed-reason-vs"},"name":"JP Procedure Not Performed Reason","description":"Situation codes describing the reason that a procedure, which might otherwise be expected, was not performed, or a procedure that was started and was not completed.","exampleBoolean":false,"groupingId":"-term-valueset"},{"extension":[{"url":"http://hl7.org/fhir/StructureDefinition/implementationguide-page","valueUri":"ValueSet-jp-procedure-performer-role-codes-vs.html"}],"reference":{"reference":"ValueSet/jp-procedure-performer-role-codes-vs"},"name":"JP Procedure Performer Role Codes","description":"This value set defines the set of codes that can be used to indicate a role of a procedure performer.","exampleBoolean":false,"groupingId":"-term-valueset"},{"extension":[{"url":"http://hl7.org/fhir/StructureDefinition/implementationguide-page","valueUri":"ValueSet-jp-procedure-reason-codes-vs.html"}],"reference":{"reference":"ValueSet/jp-procedure-reason-codes-vs"},"name":"JP Procedure Reason Codes","description":"This value set defines the set of codes that can be used to indicate a reason for a procedure.","exampleBoolean":false,"groupingId":"-term-valueset"},{"extension":[{"url":"http://hl7.org/fhir/StructureDefinition/implementationguide-page","valueUri":"CodeSystem-jp-jfagy-cs.html"}],"reference":{"reference":"CodeSystem/jp-jfagy-cs"},"name":"JP JFAGY (AllergyIntolerance Code System)","description":"Japanese Food Allergy Code System","exampleBoolean":false,"groupingId":"-term-codesystem"},{"extension":[{"url":"http://hl7.org/fhir/StructureDefinition/implementationguide-page","valueUri":"CodeSystem-jp-physicalexamcodes-cs.html"}],"reference":{"reference":"CodeSystem/jp-physicalexamcodes-cs"},"name":"JP PhysicalExamCodes CodeSystem","exampleBoolean":false,"groupingId":"-term-codesystem"},{"extension":[{"url":"http://hl7.org/fhir/StructureDefinition/implementationguide-page","valueUri":"CodeSystem-jp-procedure-body-site-cs.html"}],"reference":{"reference":"CodeSystem/jp-procedure-body-site-cs"},"name":"JP Procedure BodySite","description":"Procesureで使用する身体部位のコード","exampleBoolean":false,"groupingId":"-term-codesystem"},{"extension":[{"url":"http://hl7.org/fhir/StructureDefinition/implementationguide-page","valueUri":"CodeSystem-jp-procedure-codes-dental-cs.html"}],"reference":{"reference":"CodeSystem/jp-procedure-codes-dental-cs"},"name":"JP Procedure Codes(Dental)","description":"Procesureで使用する処置のコード 歯科診療行為マスタ","exampleBoolean":false,"groupingId":"-term-codesystem"},{"extension":[{"url":"http://hl7.org/fhir/StructureDefinition/implementationguide-page","valueUri":"CodeSystem-jp-procedure-codes-ichi-cs.html"}],"reference":{"reference":"CodeSystem/jp-procedure-codes-ichi-cs"},"name":"JP Procedure Codes(ICHI)","description":"Procesureで使用する処置のコード International Classification of Health Interventions (ICHI)","exampleBoolean":false,"groupingId":"-term-codesystem"},{"extension":[{"url":"http://hl7.org/fhir/StructureDefinition/implementationguide-page","valueUri":"CodeSystem-jp-procedure-codes-medical-cs.html"}],"reference":{"reference":"CodeSystem/jp-procedure-codes-medical-cs"},"name":"JP Procedure Codes(Medical)","description":"Procesureで使用する処置のコード 医科診療行為マスタ","exampleBoolean":false,"groupingId":"-term-codesystem"},{"extension":[{"url":"http://hl7.org/fhir/StructureDefinition/implementationguide-page","valueUri":"CodeSystem-jp-procedure-codes-nurse-cs.html"}],"reference":{"reference":"CodeSystem/jp-procedure-codes-nurse-cs"},"name":"JP Procedure Codes(Nurse)","description":"Procesureで使用する処置のコード 看護実践用語標準マスター(看護行為)","exampleBoolean":false,"groupingId":"-term-codesystem"},{"extension":[{"url":"http://hl7.org/fhir/StructureDefinition/implementationguide-page","valueUri":"CodeSystem-jp-procedure-codes-stem7-cs.html"}],"reference":{"reference":"CodeSystem/jp-procedure-codes-stem7-cs"},"name":"JP Procedure Codes(STEM7)","description":"Procesureで使用する処置のコード 外保連手術基幹コード(STEM7)","exampleBoolean":false,"groupingId":"-term-codesystem"},{"extension":[{"url":"http://hl7.org/fhir/StructureDefinition/implementationguide-page","valueUri":"CodeSystem-jp-procedure-condition-codes-cs.html"}],"reference":{"reference":"CodeSystem/jp-procedure-condition-codes-cs"},"name":"JP Procedure Condition/Problem/Diagnosis Codes","description":"Procesureで使用する状態のコード","exampleBoolean":false,"groupingId":"-term-codesystem"},{"extension":[{"url":"http://hl7.org/fhir/StructureDefinition/implementationguide-page","valueUri":"CodeSystem-jp-procedure-device-action-codes-cs.html"}],"reference":{"reference":"CodeSystem/jp-procedure-device-action-codes-cs"},"name":"JP Procedure Device Action Codes","description":"Codes indicating the change that happened to the device during the procedure.","exampleBoolean":false,"groupingId":"-term-codesystem"},{"extension":[{"url":"http://hl7.org/fhir/StructureDefinition/implementationguide-page","valueUri":"CodeSystem-jp-procedure-devicekind-cs.html"}],"reference":{"reference":"CodeSystem/jp-procedure-devicekind-cs"},"name":"JP Procedure DeviceKind","description":"Codes used to identify medical devices.","exampleBoolean":false,"groupingId":"-term-codesystem"},{"extension":[{"url":"http://hl7.org/fhir/StructureDefinition/implementationguide-page","valueUri":"CodeSystem-jp-procedure-followup-codes-cs.html"}],"reference":{"reference":"CodeSystem/jp-procedure-followup-codes-cs"},"name":"JP Procedure Follow up Codes","description":"Procedure follow up codes.","exampleBoolean":false,"groupingId":"-term-codesystem"},{"extension":[{"url":"http://hl7.org/fhir/StructureDefinition/implementationguide-page","valueUri":"CodeSystem-jp-procedure-not-performed-reason-cs.html"}],"reference":{"reference":"CodeSystem/jp-procedure-not-performed-reason-cs"},"name":"JP Procedure Not Performed Reason","description":"Situation codes describing the reason that a procedure, which might otherwise be expected, was not performed, or a procedure that was started and was not completed.","exampleBoolean":false,"groupingId":"-term-codesystem"},{"extension":[{"url":"http://hl7.org/fhir/StructureDefinition/implementationguide-page","valueUri":"CodeSystem-jp-procedure-performer-role-codes-cs.html"}],"reference":{"reference":"CodeSystem/jp-procedure-performer-role-codes-cs"},"name":"JP Procedure Performer Role Codes","description":"This code system defines the set of codes that can be used to indicate a role of a procedure performer.","exampleBoolean":false,"groupingId":"-term-codesystem"},{"extension":[{"url":"http://hl7.org/fhir/StructureDefinition/implementationguide-page","valueUri":"CodeSystem-jp-procedure-reason-codes-cs.html"}],"reference":{"reference":"CodeSystem/jp-procedure-reason-codes-cs"},"name":"JP Procedure Reason Codes","description":"This code system defines the set of codes that can be used to indicate a reason for a procedure.","exampleBoolean":false,"groupingId":"-term-codesystem"},{"extension":[{"url":"http://hl7.org/fhir/StructureDefinition/implementationguide-page","valueUri":"CapabilityStatement-jp-client-capabilitystatement.html"}],"reference":{"reference":"CapabilityStatement/jp-client-capabilitystatement"},"name":"jp-client-capabilitystatement","description":"JP Core Clientの期待される機能について説明する。JP Core Clientは、ローカルなユースケースやその他の文脈上の要件に基づいて、必要なデータにアクセスするために、このリストから選択することができます。","exampleBoolean":false,"groupingId":"-dyn-capabilitystatement"},{"extension":[{"url":"http://hl7.org/fhir/StructureDefinition/implementationguide-page","valueUri":"Condition-jp-condition-example-1.html"}],"reference":{"reference":"Condition/jp-condition-example-1"},"name":"JP Core Condition Basic Example","description":"JP_Conditionリソースの1例","exampleCanonical":"http://jpfhir.jp/fhir/core/StructureDefinition/JP_Condition","groupingId":"-ex-example"},{"extension":[{"url":"http://hl7.org/fhir/StructureDefinition/implementationguide-page","valueUri":"SearchParameter-jp-coverage-insuredpersonnumber-sp.html"}],"reference":{"reference":"SearchParameter/jp-coverage-insuredpersonnumber-sp"},"name":"jp-coverage-insuredpersonnumber-sp","description":"CoverageリソースのInsuredPersonNumber(健康保険における被保険者証番号)に関する検索を定義します。","exampleBoolean":false,"groupingId":"-dyn-searchparameter"},{"extension":[{"url":"http://hl7.org/fhir/StructureDefinition/implementationguide-page","valueUri":"SearchParameter-jp-coverage-insuredpersonsubnumber-sp.html"}],"reference":{"reference":"SearchParameter/jp-coverage-insuredpersonsubnumber-sp"},"name":"jp-coverage-insuredpersonsubnumber-sp","description":"CoverageリソースのInsuredPersonSubNumber(健康保険における被保険者証番号の枝番)に関する検索を定義します。","exampleBoolean":false,"groupingId":"-dyn-searchparameter"},{"extension":[{"url":"http://hl7.org/fhir/StructureDefinition/implementationguide-page","valueUri":"SearchParameter-jp-coverage-insuredpersonsymbol-sp.html"}],"reference":{"reference":"SearchParameter/jp-coverage-insuredpersonsymbol-sp"},"name":"jp-coverage-insuredpersonsymbol-sp","description":"CoverageリソースのInsuredPersonSymbol(健康保険における被保険者証記号)に関する検索を定義します。","exampleBoolean":false,"groupingId":"-dyn-searchparameter"},{"extension":[{"url":"http://hl7.org/fhir/StructureDefinition/implementationguide-page","valueUri":"SearchParameter-jp-organization-insuranceorganizationcategory-sp.html"}],"reference":{"reference":"SearchParameter/jp-organization-insuranceorganizationcategory-sp"},"name":"jp-organization-insuranceorganizationcategory-sp","description":"OrganizationリソースのInsuranceOrganizationCategory(点数表コード)に関する検索を定義します。","exampleBoolean":false,"groupingId":"-dyn-searchparameter"},{"extension":[{"url":"http://hl7.org/fhir/StructureDefinition/implementationguide-page","valueUri":"SearchParameter-jp-organization-insuranceorganizationno-sp.html"}],"reference":{"reference":"SearchParameter/jp-organization-insuranceorganizationno-sp"},"name":"jp-organization-insuranceorganizationno-sp","description":"OrganizationリソースのInsuranceOrganizationNo(保険医療機関番号)に関する検索を定義します。","exampleBoolean":false,"groupingId":"-dyn-searchparameter"},{"extension":[{"url":"http://hl7.org/fhir/StructureDefinition/implementationguide-page","valueUri":"SearchParameter-jp-organization-prefectureno-sp.html"}],"reference":{"reference":"SearchParameter/jp-organization-prefectureno-sp"},"name":"jp-organization-prefectureno-sp","description":"OrganizationリソースのPrefectureNo(都道府県番号)に関する検索を定義します。","exampleBoolean":false,"groupingId":"-dyn-searchparameter"},{"extension":[{"url":"http://hl7.org/fhir/StructureDefinition/implementationguide-page","valueUri":"Patient-jp-patient-example-1.html"}],"reference":{"reference":"Patient/jp-patient-example-1"},"name":"JP Core Patient Basic Example","description":"JP_Patientリソースの1例","exampleCanonical":"http://jpfhir.jp/fhir/core/StructureDefinition/JP_Patient","groupingId":"-ex-example"},{"extension":[{"url":"http://hl7.org/fhir/StructureDefinition/implementationguide-page","valueUri":"SearchParameter-jp-patient-kananame-sp.html"}],"reference":{"reference":"SearchParameter/jp-patient-kananame-sp"},"name":"jp-patient-kananame-sp","description":"PatientリソースのKanaName(カナ名称)に関する検索を定義します。","exampleBoolean":false,"groupingId":"-dyn-searchparameter"},{"extension":[{"url":"http://hl7.org/fhir/StructureDefinition/implementationguide-page","valueUri":"SearchParameter-jp-patient-kanjiname-sp.html"}],"reference":{"reference":"SearchParameter/jp-patient-kanjiname-sp"},"name":"jp-patient-kanjiname-sp","description":"PatientリソースのKanjiName(漢字名称)に関する検索を定義します。","exampleBoolean":false,"groupingId":"-dyn-searchparameter"},{"extension":[{"url":"http://hl7.org/fhir/StructureDefinition/implementationguide-page","valueUri":"Procedure-jp-procedure-example-1.html"}],"reference":{"reference":"Procedure/jp-procedure-example-1"},"name":"JP Core Procedure Basic Example","description":"JP_Procedureリソースの1例","exampleCanonical":"http://jpfhir.jp/fhir/core/StructureDefinition/JP_Procedure","groupingId":"-ex-example"},{"extension":[{"url":"http://hl7.org/fhir/StructureDefinition/implementationguide-page","valueUri":"CapabilityStatement-jp-server-capabilitystatement.html"}],"reference":{"reference":"CapabilityStatement/jp-server-capabilitystatement"},"name":"jp-server-capabilitystatement","description":"JP Core Server Actorの期待される機能について説明する。\nJP Core ServerがサポートするFHIRプロファイル、OperationsおよびSearch Parametersのリストが定義されている。","exampleBoolean":false,"groupingId":"-dyn-capabilitystatement"}],"page":{"nameUrl":"toc.html","title":"Table of Contents","generation":"html","page":[{"nameUrl":"index.html","title":"HL7 FHIR JP Core 実装ガイド ＜ Draft Ver1.1 ＞","generation":"markdown"},{"nameUrl":"guidance.html","title":"ガイダンス","generation":"markdown","page":[{"nameUrl":"guide-general.html","title":"総合ガイダンス","generation":"markdown"},{"nameUrl":"guide-mustSupportCardinality.html","title":"Must SupportとCardinality(多重度)のルール","generation":"markdown"},{"nameUrl":"guide-handlingOfNonExistentData.html","title":"欠損値（データが存在しない場合）の扱い","generation":"markdown"},{"nameUrl":"guide-characterEncoding.html","title":"文字コード","generation":"markdown"},{"nameUrl":"guide-stringSearch.html","title":"検索","generation":"markdown"}]},{"nameUrl":"group-fhircontents.html","title":"FHIR Contents List","generation":"markdown","page":[{"nameUrl":"group-administration.html","title":"Administration Group","generation":"markdown"},{"nameUrl":"group-medication.html","title":"Medication Group","generation":"markdown"},{"nameUrl":"group-diagnostic.html","title":"Diagnostic Group","generation":"markdown"},{"nameUrl":"group-clinical.html","title":"Clinical Group","generation":"markdown"},{"nameUrl":"group-capabilityStatement.html","title":"CapabilityStatement","generation":"markdown"},{"nameUrl":"group-searchParameter.html","title":"Search Parameter","generation":"markdown"}]},{"nameUrl":"security.html","title":"セキュリティ","generation":"markdown"},{"nameUrl":"download.html","title":"ダウンロード","generation":"markdown"},{"nameUrl":"artifacts.html","title":"Artifacts Summary","generation":"html","page":[{"nameUrl":"CapabilityStatement-jp-client-capabilitystatement.html","title":"jp-client-capabilitystatement","generation":"generated"},{"nameUrl":"CapabilityStatement-jp-server-capabilitystatement.html","title":"jp-server-capabilitystatement","generation":"generated"},{"nameUrl":"SearchParameter-jp-coverage-insuredpersonnumber-sp.html","title":"jp-coverage-insuredpersonnumber-sp","generation":"generated"},{"nameUrl":"SearchParameter-jp-coverage-insuredpersonsubnumber-sp.html","title":"jp-coverage-insuredpersonsubnumber-sp","generation":"generated"},{"nameUrl":"SearchParameter-jp-coverage-insuredpersonsymbol-sp.html","title":"jp-coverage-insuredpersonsymbol-sp","generation":"generated"},{"nameUrl":"SearchParameter-jp-organization-insuranceorganizationcategory-sp.html","title":"jp-organization-insuranceorganizationcategory-sp","generation":"generated"},{"nameUrl":"SearchParameter-jp-organization-insuranceorganizationno-sp.html","title":"jp-organization-insuranceorganizationno-sp","generation":"generated"},{"nameUrl":"SearchParameter-jp-organization-prefectureno-sp.html","title":"jp-organization-prefectureno-sp","generation":"generated"},{"nameUrl":"SearchParameter-jp-patient-kananame-sp.html","title":"jp-patient-kananame-sp","generation":"generated"},{"nameUrl":"SearchParameter-jp-patient-kanjiname-sp.html","title":"jp-patient-kanjiname-sp","generation":"generated"},{"nameUrl":"StructureDefinition-jp-allergyintolerance.html","title":"JP Core AllergyIntolerance Profile","generation":"generated"},{"nameUrl":"StructureDefinition-jp-careplan.html","title":"JP Core CarePlan Profile","generation":"generated"},{"nameUrl":"StructureDefinition-jp-condition.html","title":"JP Core Condition Profile","generation":"generated"},{"nameUrl":"StructureDefinition-jp-coverage.html","title":"JP Core Coverage Profile","generation":"generated"},{"nameUrl":"StructureDefinition-jp-diagnosticreport-common.html","title":"JP Core DiagnosticReport Common Profile","generation":"generated"},{"nameUrl":"StructureDefinition-jp-diagnosticreport-labresult.html","title":"JP Core DiagnosticReport LabResult Profile","generation":"generated"},{"nameUrl":"StructureDefinition-jp-diagnosticreport-radiology.html","title":"JP Core DiagnosticReport Radiology Profile","generation":"generated"},{"nameUrl":"StructureDefinition-jp-encounter.html","title":"JP Core Encounter Profile","generation":"generated"},{"nameUrl":"StructureDefinition-jp-familymemberhistory.html","title":"JP Core FamilyMemberHistory Profile","generation":"generated"},{"nameUrl":"StructureDefinition-jp-imagingstudy-radiology.html","title":"JP Core ImagingStudy Radiology Profile","generation":"generated"},{"nameUrl":"StructureDefinition-jp-location.html","title":"JP Core Location Profile","generation":"generated"},{"nameUrl":"StructureDefinition-jp-medication.html","title":"JP Core Medication Profile","generation":"generated"},{"nameUrl":"StructureDefinition-jp-medicationadministration.html","title":"JP Core MedicationAdministration Profile","generation":"generated"},{"nameUrl":"StructureDefinition-jp-medicationadministration-injection.html","title":"JP Core MedicationAdministration Injection Profile","generation":"generated"},{"nameUrl":"StructureDefinition-jp-medicationdispense.html","title":"JP Core MedicationDispense Profile","generation":"generated"},{"nameUrl":"StructureDefinition-jp-medicationdispensebase.html","title":"JP Core MedicationDispenseBase Profile","generation":"generated"},{"nameUrl":"StructureDefinition-jp-medicationdispense-injection.html","title":"JP Core MedicationDispense Injection Profile","generation":"generated"},{"nameUrl":"StructureDefinition-jp-medicationrequest.html","title":"JP Core MedicationRequest Profile","generation":"generated"},{"nameUrl":"StructureDefinition-jp-medicationrequestbase.html","title":"JP Core MedicationRequestBase Profile","generation":"generated"},{"nameUrl":"StructureDefinition-jp-medicationrequest-injection.html","title":"JP Core MedicationRequest Injection Profile","generation":"generated"},{"nameUrl":"StructureDefinition-jp-observation-bodymeasurement.html","title":"JP Core Observation BodyMeasurement Profile","generation":"generated"},{"nameUrl":"StructureDefinition-jp-observation-common.html","title":"JP Core Observation Common Profile","generation":"generated"},{"nameUrl":"StructureDefinition-jp-observation-labresult.html","title":"JP Core Observation LabResult Profile","generation":"generated"},{"nameUrl":"StructureDefinition-jp-observation-physicalexam.html","title":"JP Core Observation PhysicalExam Profile","generation":"generated"},{"nameUrl":"StructureDefinition-jp-observation-socialhistory.html","title":"JP Core Observation SocialHistory Profile","generation":"generated"},{"nameUrl":"StructureDefinition-jp-observation-vitalsigns.html","title":"JP Core Observation VitalSigns Profile","generation":"generated"},{"nameUrl":"StructureDefinition-jp-organization.html","title":"JP Core Organization Profile","generation":"generated"},{"nameUrl":"StructureDefinition-jp-patient.html","title":"JP Core Patient Profile","generation":"generated"},{"nameUrl":"StructureDefinition-jp-practitioner.html","title":"JP Core Practitioner Profile","generation":"generated"},{"nameUrl":"StructureDefinition-jp-practitionerrole.html","title":"JP Core PractitionerRole Profile","generation":"generated"},{"nameUrl":"StructureDefinition-jp-procedure.html","title":"JP Core Procedure Profile","generation":"generated"},{"nameUrl":"StructureDefinition-jp-humanname.html","title":"JP Core HumanName DataType","generation":"generated"},{"nameUrl":"StructureDefinition-jp-coverage-insuredpersonnumber.html","title":"JP Core Coverage InsuredPersonNumber Extension","generation":"generated"},{"nameUrl":"StructureDefinition-jp-coverage-insuredpersonsubnumber.html","title":"JP Core Coverage InsuredPersonSubNumber Extension","generation":"generated"},{"nameUrl":"StructureDefinition-jp-coverage-insuredpersonsymbol.html","title":"JP Core Coverage InsuredPersonSymbol Extension","generation":"generated"},{"nameUrl":"StructureDefinition-jp-medicationadministration-dosagemethod-methodcomment.html","title":"JP Core MedicationAdministration DosageMethod MethodComment Extension","generation":"generated"},{"nameUrl":"StructureDefinition-jp-medicationadministration-dosagerate-ratecomment.html","title":"JP Core MedicationAdministration DosageRate RateComment Extension","generation":"generated"},{"nameUrl":"StructureDefinition-jp-medicationadministration-dosageroute-routecomment.html","title":"JP Core MedicationAdministration DosageRoute RouteComment Extension","generation":"generated"},{"nameUrl":"StructureDefinition-jp-medicationadministration-dosagesite-sitecomment.html","title":"JP Core MedicationAdministration DosageSite SiteComment Extension","generation":"generated"},{"nameUrl":"StructureDefinition-jp-medicationadministration-dosage-dosagecomment.html","title":"JP Core MedicationAdministration Dosage DosageComment Extension","generation":"generated"},{"nameUrl":"StructureDefinition-jp-medicationadministration-dosage-linecomment.html","title":"JP Core MedicationAdministration atDosage LineComment Extension","generation":"generated"},{"nameUrl":"StructureDefinition-jp-medicationadministration-location.html","title":"JP Core MedicationAdministration Location Extension","generation":"generated"},{"nameUrl":"StructureDefinition-jp-medicationadministration-requestauthoredon.html","title":"JP Core MedicationAdministration RequestAuthoredOn Extension","generation":"generated"},{"nameUrl":"StructureDefinition-jp-medicationadministration-requestdepartment.html","title":"JP Core MedicationAdministration RequestDepartment Extension","generation":"generated"},{"nameUrl":"StructureDefinition-jp-medicationadministration-requester.html","title":"JP Core MedicationAdministration Requester Extension","generation":"generated"},{"nameUrl":"StructureDefinition-jp-medicationadministration-uncategorizedcomment.html","title":"JP Core MedicationAdministration UncategorizedComment Extension","generation":"generated"},{"nameUrl":"StructureDefinition-jp-medicationdispense-preparation.html","title":"JP Core MedicationDispense Preparation Extension","generation":"generated"},{"nameUrl":"StructureDefinition-jp-medicationrequest-dispenserequest-expectedrepeatcount.html","title":"JP Core MedicationRequest DispenseRequest ExpectedRepeatCount Extension","generation":"generated"},{"nameUrl":"StructureDefinition-jp-medicationrequest-dispenserequest-instructionfordispense.html","title":"JP Core MedicationRequest DispenseRequest InstructionForDispense Extension","generation":"generated"},{"nameUrl":"StructureDefinition-jp-medicationrequest-dosageinstruction-device.html","title":"JP Core MedicationRequest DosageInstruction Device Extension","generation":"generated"},{"nameUrl":"StructureDefinition-jp-medicationrequest-dosageinstruction-line.html","title":"JP Core MedicationRequest DosageInstruction Line Extension","generation":"generated"},{"nameUrl":"StructureDefinition-jp-medicationrequest-dosageinstruction-periodofuse.html","title":"JP Core MedicationRequest DosageInstruction PeriodOfUse Extension","generation":"generated"},{"nameUrl":"StructureDefinition-jp-medicationrequest-dosageinstruction-usageduration.html","title":"JP MedicationRequest DosageInstruction UsageDuration Extension","generation":"generated"},{"nameUrl":"StructureDefinition-jp-medication-ingredientstrength-strengthtype.html","title":"JP Core Medication IngredientStrength StrengthType Extension","generation":"generated"},{"nameUrl":"StructureDefinition-jp-medication-ingredient-drugno.html","title":"JP Core Medication Ingredient DrugNo Extension","generation":"generated"},{"nameUrl":"StructureDefinition-jp-observation-bodysite-bodysiteposition.html","title":"JP Core Observation BodySite BodySitePosition Extension","generation":"generated"},{"nameUrl":"StructureDefinition-jp-organization-insuranceorganizationcategory.html","title":"JP Core Organization InsuranceOrganizationCategory Extension","generation":"generated"},{"nameUrl":"StructureDefinition-jp-organization-insuranceorganizationno.html","title":"JP Core Organization InsuranceOrganizationNo Extension","generation":"generated"},{"nameUrl":"StructureDefinition-jp-organization-prefectureno.html","title":"JP Core Organization PrefectureNo Extension","generation":"generated"},{"nameUrl":"StructureDefinition-jp-patient-race.html","title":"JP Core Patient Race Extension","generation":"generated"},{"nameUrl":"ValueSet-jp-allergyintolerance-codes-food-vs.html","title":"JP AllergyIntolerance Codes Food","generation":"generated"},{"nameUrl":"ValueSet-jp-allergyintolerance-codes-medicine-vs.html","title":"JP AllergyIntolerance Codes Medicine","generation":"generated"},{"nameUrl":"ValueSet-jp-allergyintolerance-codes-non-food-non-medicine-vs.html","title":"JP AllergyIntolerance Codes Non Food Non Medicine","generation":"generated"},{"nameUrl":"ValueSet-jp-procedure-body-site-vs.html","title":"JP Procedure BodySite","generation":"generated"},{"nameUrl":"ValueSet-jp-procedure-codes-dental-vs.html","title":"JP Procedure Codes(Dental)","generation":"generated"},{"nameUrl":"ValueSet-jp-procedure-codes-ichi-vs.html","title":"JP Procedure Codes(ICHI)","generation":"generated"},{"nameUrl":"ValueSet-jp-procedure-code-medical-vs.html","title":"JP Procedure Codes(Medical)","generation":"generated"},{"nameUrl":"ValueSet-jp-procedure-codes-nurse-vs.html","title":"JP Procedure Codes(Nurse)","generation":"generated"},{"nameUrl":"ValueSet-jp-procedure-code-stem7-vs.html","title":"JP Procedure Codes(STEM7)","generation":"generated"},{"nameUrl":"ValueSet-jp-procedure-condition-code-vs.html","title":"JP Procedure Condition/Problem/Diagnosis Codes","generation":"generated"},{"nameUrl":"ValueSet-jp-procedure-device-action-vs.html","title":"JP Procedure Device Action Codes","generation":"generated"},{"nameUrl":"ValueSet-jp-procedure-devicekind-vs.html","title":"JP Procedure DeviceKind","generation":"generated"},{"nameUrl":"ValueSet-jp-procedure-followup-vs.html","title":"JP Procedure Follow up Codes","generation":"generated"},{"nameUrl":"ValueSet-jp-procedure-not-performed-reason-vs.html","title":"JP Procedure Not Performed Reason","generation":"generated"},{"nameUrl":"ValueSet-jp-procedure-performer-role-codes-vs.html","title":"JP Procedure Performer Role Codes","generation":"generated"},{"nameUrl":"ValueSet-jp-procedure-reason-codes-vs.html","title":"JP Procedure Reason Codes","generation":"generated"},{"nameUrl":"CodeSystem-jp-jfagy-cs.html","title":"JP JFAGY (AllergyIntolerance Code System)","generation":"generated"},{"nameUrl":"CodeSystem-jp-physicalexamcodes-cs.html","title":"JP PhysicalExamCodes CodeSystem","generation":"generated"},{"nameUrl":"CodeSystem-jp-procedure-body-site-cs.html","title":"JP Procedure BodySite","generation":"generated"},{"nameUrl":"CodeSystem-jp-procedure-codes-dental-cs.html","title":"JP Procedure Codes(Dental)","generation":"generated"},{"nameUrl":"CodeSystem-jp-procedure-codes-ichi-cs.html","title":"JP Procedure Codes(ICHI)","generation":"generated"},{"nameUrl":"CodeSystem-jp-procedure-codes-medical-cs.html","title":"JP Procedure Codes(Medical)","generation":"generated"},{"nameUrl":"CodeSystem-jp-procedure-codes-nurse-cs.html","title":"JP Procedure Codes(Nurse)","generation":"generated"},{"nameUrl":"CodeSystem-jp-procedure-codes-stem7-cs.html","title":"JP Procedure Codes(STEM7)","generation":"generated"},{"nameUrl":"CodeSystem-jp-procedure-condition-codes-cs.html","title":"JP Procedure Condition/Problem/Diagnosis Codes","generation":"generated"},{"nameUrl":"CodeSystem-jp-procedure-device-action-codes-cs.html","title":"JP Procedure Device Action Codes","generation":"generated"},{"nameUrl":"CodeSystem-jp-procedure-devicekind-cs.html","title":"JP Procedure DeviceKind","generation":"generated"},{"nameUrl":"CodeSystem-jp-procedure-followup-codes-cs.html","title":"JP Procedure Follow up Codes","generation":"generated"},{"nameUrl":"CodeSystem-jp-procedure-not-performed-reason-cs.html","title":"JP Procedure Not Performed Reason","generation":"generated"},{"nameUrl":"CodeSystem-jp-procedure-performer-role-codes-cs.html","title":"JP Procedure Performer Role Codes","generation":"generated"},{"nameUrl":"CodeSystem-jp-procedure-reason-codes-cs.html","title":"JP Procedure Reason Codes","generation":"generated"},{"nameUrl":"Condition-jp-condition-example-1.html","title":"JP Core Condition Basic Example","generation":"generated"},{"nameUrl":"Patient-jp-patient-example-1.html","title":"JP Core Patient Basic Example","generation":"generated"},{"nameUrl":"Procedure-jp-procedure-example-1.html","title":"JP Core Procedure Basic Example","generation":"generated"}]}]},"parameter":[{"code":"path-resource","value":"input/resources"},{"code":"path-resource","value":"fsh-generated/resources"},{"code":"path-pages","value":"input/pagecontent"},{"code":"path-pages","value":"input/intro-notes"},{"code":"path-pages","value":"fsh-generated/includes"},{"code":"path-resource","value":"input/capabilities"},{"code":"path-resource","value":"input/examples"},{"code":"path-resource","value":"input/extensions"},{"code":"path-resource","value":"input/models"},{"code":"path-resource","value":"input/operations"},{"code":"path-resource","value":"input/profiles"},{"code":"path-resource","value":"input/vocabulary"},{"code":"path-resource","value":"input/testing"},{"code":"path-resource","value":"input/history"},{"code":"path-pages","value":"template/config"},{"code":"path-pages","value":"input/images"},{"code":"path-tx-cache","value":"input-cache/txcache"}]}}