{"resourceType":"StructureDefinition","id":"jp-humanname","text":{"status":"extensions","div":"<div xmlns=\"http://www.w3.org/1999/xhtml\"><table border=\"0\" cellpadding=\"0\" cellspacing=\"0\" style=\"border: 0px #F0F0F0 solid; font-size: 11px; font-family: verdana; vertical-align: top;\"><tr style=\"border: 1px #F0F0F0 solid; font-size: 11px; font-family: verdana; vertical-align: top\"><th style=\"vertical-align: top; text-align : left; background-color: white; border: 0px #F0F0F0 solid; padding:0px 4px 0px 4px\" class=\"hierarchy\"><a href=\"http://hl7.org/fhir/R4/formats.html#table\" title=\"The logical name of the element\">Name</a></th><th style=\"vertical-align: top; text-align : left; background-color: white; border: 0px #F0F0F0 solid; padding:0px 4px 0px 4px\" class=\"hierarchy\"><a href=\"http://hl7.org/fhir/R4/formats.html#table\" title=\"Information about the use of the element\">Flags</a></th><th style=\"vertical-align: top; text-align : left; background-color: white; border: 0px #F0F0F0 solid; padding:0px 4px 0px 4px\" class=\"hierarchy\"><a href=\"http://hl7.org/fhir/R4/formats.html#table\" title=\"Minimum and Maximum # of times the the element can appear in the instance\">Card.</a></th><th style=\"width: 100px\" class=\"hierarchy\"><a href=\"http://hl7.org/fhir/R4/formats.html#table\" title=\"Reference to the type of the element\">Type</a></th><th style=\"vertical-align: top; text-align : left; background-color: white; border: 0px #F0F0F0 solid; padding:0px 4px 0px 4px\" class=\"hierarchy\"><a href=\"http://hl7.org/fhir/R4/formats.html#table\" title=\"Additional information about the element\">Description &amp; Constraints</a><span style=\"float: right\"><a href=\"http://hl7.org/fhir/R4/formats.html#table\" title=\"Legend for this format\"><img src=\"http://hl7.org/fhir/R4/help16.png\" alt=\"doco\" style=\"background-color: inherit\"/></a></span></th></tr><tr style=\"border: 0px #F0F0F0 solid; padding:0px; vertical-align: top; background-color: white\"><td style=\"vertical-align: top; text-align : left; background-color: white; border: 0px #F0F0F0 solid; padding:0px 4px 0px 4px; white-space: nowrap; background-image: url(tbl_bck1.png)\" class=\"hierarchy\"><img src=\"tbl_spacer.png\" alt=\".\" style=\"background-color: inherit\" class=\"hierarchy\"/><img src=\"icon_element.gif\" alt=\".\" style=\"background-color: white; background-color: inherit\" title=\"Element\" class=\"hierarchy\"/> <a href=\"StructureDefinition-jp-humanname-definitions.html#HumanName\" title=\"A human's name with the ability to identify parts and usage.\r\n\r\n識別のための人の名前情報\">HumanName</a><a name=\"HumanName\"> </a></td><td style=\"vertical-align: top; text-align : left; background-color: white; border: 0px #F0F0F0 solid; padding:0px 4px 0px 4px\" class=\"hierarchy\"/><td style=\"vertical-align: top; text-align : left; background-color: white; border: 0px #F0F0F0 solid; padding:0px 4px 0px 4px\" class=\"hierarchy\"><span style=\"opacity: 0.5\">0</span><span style=\"opacity: 0.5\">..</span><span style=\"opacity: 0.5\">*</span></td><td style=\"vertical-align: top; text-align : left; background-color: white; border: 0px #F0F0F0 solid; padding:0px 4px 0px 4px\" class=\"hierarchy\"><a href=\"http://hl7.org/fhir/R4/datatypes.html#HumanName\">HumanName</a></td><td style=\"vertical-align: top; text-align : left; background-color: white; border: 0px #F0F0F0 solid; padding:0px 4px 0px 4px\" class=\"hierarchy\">Name of a human - parts and usage　人の名前情報、その一部分と使い方</td></tr>\r\n<tr style=\"border: 0px #F0F0F0 solid; padding:0px; vertical-align: top; background-color: #F7F7F7\"><td style=\"vertical-align: top; text-align : left; background-color: #F7F7F7; border: 0px #F0F0F0 solid; padding:0px 4px 0px 4px; white-space: nowrap; background-image: url(tbl_bck14.png)\" class=\"hierarchy\"><img src=\"tbl_spacer.png\" alt=\".\" style=\"background-color: inherit\" class=\"hierarchy\"/><img src=\"tbl_vjoin.png\" alt=\".\" style=\"background-color: inherit\" class=\"hierarchy\"/><img src=\"icon_slice_item.png\" alt=\".\" style=\"background-color: #F7F7F7; background-color: inherit\" title=\"Slice Item\" class=\"hierarchy\"/> <a href=\"StructureDefinition-jp-humanname-definitions.html#HumanName.extension:nameRepresentationUse\" title=\"Extension URL = http://hl7.org/fhir/StructureDefinition/iso21090-EN-representation\">nameRepresentationUse</a><a name=\"HumanName.extension\"> </a></td><td style=\"vertical-align: top; text-align : left; background-color: #F7F7F7; border: 0px #F0F0F0 solid; padding:0px 4px 0px 4px\" class=\"hierarchy\"/><td style=\"vertical-align: top; text-align : left; background-color: #F7F7F7; border: 0px #F0F0F0 solid; padding:0px 4px 0px 4px\" class=\"hierarchy\">0..1</td><td style=\"vertical-align: top; text-align : left; background-color: #F7F7F7; border: 0px #F0F0F0 solid; padding:0px 4px 0px 4px\" class=\"hierarchy\"><a href=\"http://hl7.org/fhir/R4/datatypes.html#code\">code</a></td><td style=\"vertical-align: top; text-align : left; background-color: #F7F7F7; border: 0px #F0F0F0 solid; padding:0px 4px 0px 4px\" class=\"hierarchy\"><span style=\"opacity: 0.5\">ABC | IDE | SYL</span><br/><span style=\"font-weight:bold\">URL: </span><a href=\"http://hl7.org/fhir/R4/extension-iso21090-en-representation.html\">http://hl7.org/fhir/StructureDefinition/iso21090-EN-representation</a><br/><span style=\"font-weight:bold\">Binding: </span><a href=\"http://hl7.org/fhir/R4/valueset-name-v3-representation.html\">NameRepresentationUse</a> (<a href=\"http://hl7.org/fhir/R4/terminologies.html#required\" title=\"To be conformant, the concept in this element SHALL be from the specified value set.\">required</a>): A set of codes for each different representation of a name.<br/><br/></td></tr>\r\n<tr style=\"border: 0px #F0F0F0 solid; padding:0px; vertical-align: top; background-color: white\"><td style=\"vertical-align: top; text-align : left; background-color: white; border: 0px #F0F0F0 solid; padding:0px 4px 0px 4px; white-space: nowrap; background-image: url(tbl_bck10.png)\" class=\"hierarchy\"><img src=\"tbl_spacer.png\" alt=\".\" style=\"background-color: inherit\" class=\"hierarchy\"/><img src=\"tbl_vjoin.png\" alt=\".\" style=\"background-color: inherit\" class=\"hierarchy\"/><img src=\"icon_element.gif\" alt=\".\" style=\"background-color: white; background-color: inherit\" title=\"Element\" class=\"hierarchy\"/> <a href=\"StructureDefinition-jp-humanname-definitions.html#HumanName.use\" title=\"Identifies the purpose for this name.\r\n\r\nこの名前の使用目的\">use</a><a name=\"HumanName.use\"> </a></td><td style=\"vertical-align: top; text-align : left; background-color: white; border: 0px #F0F0F0 solid; padding:0px 4px 0px 4px\" class=\"hierarchy\"/><td style=\"vertical-align: top; text-align : left; background-color: white; border: 0px #F0F0F0 solid; padding:0px 4px 0px 4px\" class=\"hierarchy\"><span style=\"opacity: 0.5\">0</span><span style=\"opacity: 0.5\">..</span><span style=\"opacity: 0.5\">1</span></td><td style=\"vertical-align: top; text-align : left; background-color: white; border: 0px #F0F0F0 solid; padding:0px 4px 0px 4px\" class=\"hierarchy\"><a style=\"opacity: 0.5\" href=\"http://hl7.org/fhir/R4/datatypes.html#code\">code</a></td><td style=\"vertical-align: top; text-align : left; background-color: white; border: 0px #F0F0F0 solid; padding:0px 4px 0px 4px\" class=\"hierarchy\"><span style=\"opacity: 0.5\">usual | official | temp | nickname | anonymous | old | maiden</span></td></tr>\r\n<tr style=\"border: 0px #F0F0F0 solid; padding:0px; vertical-align: top; background-color: #F7F7F7\"><td style=\"vertical-align: top; text-align : left; background-color: #F7F7F7; border: 0px #F0F0F0 solid; padding:0px 4px 0px 4px; white-space: nowrap; background-image: url(tbl_bck10.png)\" class=\"hierarchy\"><img src=\"tbl_spacer.png\" alt=\".\" style=\"background-color: inherit\" class=\"hierarchy\"/><img src=\"tbl_vjoin.png\" alt=\".\" style=\"background-color: inherit\" class=\"hierarchy\"/><img src=\"icon_element.gif\" alt=\".\" style=\"background-color: #F7F7F7; background-color: inherit\" title=\"Element\" class=\"hierarchy\"/> <a href=\"StructureDefinition-jp-humanname-definitions.html#HumanName.text\" title=\"Specifies the entire name as it should be displayed e.g. on an application UI. This may be provided instead of or as well as the specific parts.\r\n\r\nアプリケーションUIなどで、表示する名前全体を指定する。名前の特定の部分の代わり、または特定の部分と同じとして使われることがある。姓と名をこの順番で半角空白1文字を区切り文字として格納する\">text</a><a name=\"HumanName.text\"> </a></td><td style=\"vertical-align: top; text-align : left; background-color: #F7F7F7; border: 0px #F0F0F0 solid; padding:0px 4px 0px 4px\" class=\"hierarchy\"/><td style=\"vertical-align: top; text-align : left; background-color: #F7F7F7; border: 0px #F0F0F0 solid; padding:0px 4px 0px 4px\" class=\"hierarchy\"><span style=\"opacity: 0.5\">0</span><span style=\"opacity: 0.5\">..</span><span style=\"opacity: 0.5\">1</span></td><td style=\"vertical-align: top; text-align : left; background-color: #F7F7F7; border: 0px #F0F0F0 solid; padding:0px 4px 0px 4px\" class=\"hierarchy\"><a style=\"opacity: 0.5\" href=\"http://hl7.org/fhir/R4/datatypes.html#string\">string</a></td><td style=\"vertical-align: top; text-align : left; background-color: #F7F7F7; border: 0px #F0F0F0 solid; padding:0px 4px 0px 4px\" class=\"hierarchy\">Text representation of the full name　名前全体のテキスト表現。姓と名をこの順番で半角空白1文字を区切り文字として格納する</td></tr>\r\n<tr style=\"border: 0px #F0F0F0 solid; padding:0px; vertical-align: top; background-color: white\"><td style=\"vertical-align: top; text-align : left; background-color: white; border: 0px #F0F0F0 solid; padding:0px 4px 0px 4px; white-space: nowrap; background-image: url(tbl_bck10.png)\" class=\"hierarchy\"><img src=\"tbl_spacer.png\" alt=\".\" style=\"background-color: inherit\" class=\"hierarchy\"/><img src=\"tbl_vjoin.png\" alt=\".\" style=\"background-color: inherit\" class=\"hierarchy\"/><img src=\"icon_element.gif\" alt=\".\" style=\"background-color: white; background-color: inherit\" title=\"Element\" class=\"hierarchy\"/> <a href=\"StructureDefinition-jp-humanname-definitions.html#HumanName.family\" title=\"The part of a name that links to the genealogy. In some cultures (e.g. Eritrea) the family name of a son is the first name of his father.\r\n\r\n家系図にリンクする名前の部分。一部の文化では、息子の家系の名前は父親の名である。\">family</a><a name=\"HumanName.family\"> </a></td><td style=\"vertical-align: top; text-align : left; background-color: white; border: 0px #F0F0F0 solid; padding:0px 4px 0px 4px\" class=\"hierarchy\"/><td style=\"vertical-align: top; text-align : left; background-color: white; border: 0px #F0F0F0 solid; padding:0px 4px 0px 4px\" class=\"hierarchy\"><span style=\"opacity: 0.5\">0</span><span style=\"opacity: 0.5\">..</span><span style=\"opacity: 0.5\">1</span></td><td style=\"vertical-align: top; text-align : left; background-color: white; border: 0px #F0F0F0 solid; padding:0px 4px 0px 4px\" class=\"hierarchy\"><a style=\"opacity: 0.5\" href=\"http://hl7.org/fhir/R4/datatypes.html#string\">string</a></td><td style=\"vertical-align: top; text-align : left; background-color: white; border: 0px #F0F0F0 solid; padding:0px 4px 0px 4px\" class=\"hierarchy\">Family name (often called 'Surname')　名前のうち姓の部分。ファミリ名</td></tr>\r\n<tr style=\"border: 0px #F0F0F0 solid; padding:0px; vertical-align: top; background-color: #F7F7F7\"><td style=\"vertical-align: top; text-align : left; background-color: #F7F7F7; border: 0px #F0F0F0 solid; padding:0px 4px 0px 4px; white-space: nowrap; background-image: url(tbl_bck10.png)\" class=\"hierarchy\"><img src=\"tbl_spacer.png\" alt=\".\" style=\"background-color: inherit\" class=\"hierarchy\"/><img src=\"tbl_vjoin.png\" alt=\".\" style=\"background-color: inherit\" class=\"hierarchy\"/><img src=\"icon_element.gif\" alt=\".\" style=\"background-color: #F7F7F7; background-color: inherit\" title=\"Element\" class=\"hierarchy\"/> <a href=\"StructureDefinition-jp-humanname-definitions.html#HumanName.given\" title=\"Given name.\r\n\r\n名前の名の部分。\">given</a><a name=\"HumanName.given\"> </a></td><td style=\"vertical-align: top; text-align : left; background-color: #F7F7F7; border: 0px #F0F0F0 solid; padding:0px 4px 0px 4px\" class=\"hierarchy\"/><td style=\"vertical-align: top; text-align : left; background-color: #F7F7F7; border: 0px #F0F0F0 solid; padding:0px 4px 0px 4px\" class=\"hierarchy\"><span style=\"opacity: 0.5\">0</span><span style=\"opacity: 0.5\">..</span><span style=\"opacity: 0.5\">*</span></td><td style=\"vertical-align: top; text-align : left; background-color: #F7F7F7; border: 0px #F0F0F0 solid; padding:0px 4px 0px 4px\" class=\"hierarchy\"><a style=\"opacity: 0.5\" href=\"http://hl7.org/fhir/R4/datatypes.html#string\">string</a></td><td style=\"vertical-align: top; text-align : left; background-color: #F7F7F7; border: 0px #F0F0F0 solid; padding:0px 4px 0px 4px\" class=\"hierarchy\">Given names (not always 'first'). Includes middle names　名前の名の部分で、ミドルネームを含む。</td></tr>\r\n<tr style=\"border: 0px #F0F0F0 solid; padding:0px; vertical-align: top; background-color: white\"><td style=\"vertical-align: top; text-align : left; background-color: white; border: 0px #F0F0F0 solid; padding:0px 4px 0px 4px; white-space: nowrap; background-image: url(tbl_bck10.png)\" class=\"hierarchy\"><img src=\"tbl_spacer.png\" alt=\".\" style=\"background-color: inherit\" class=\"hierarchy\"/><img src=\"tbl_vjoin.png\" alt=\".\" style=\"background-color: inherit\" class=\"hierarchy\"/><img src=\"icon_element.gif\" alt=\".\" style=\"background-color: white; background-color: inherit\" title=\"Element\" class=\"hierarchy\"/> <a href=\"StructureDefinition-jp-humanname-definitions.html#HumanName.prefix\" title=\"Part of the name that is acquired as a title due to academic, legal, employment or nobility status, etc. and that appears at the start of the name.\r\n\r\n学問的、法的な、雇用または貴族の地位などのために称号として取得され、名前の先頭に表示される名前の一部。\">prefix</a><a name=\"HumanName.prefix\"> </a></td><td style=\"vertical-align: top; text-align : left; background-color: white; border: 0px #F0F0F0 solid; padding:0px 4px 0px 4px\" class=\"hierarchy\"/><td style=\"vertical-align: top; text-align : left; background-color: white; border: 0px #F0F0F0 solid; padding:0px 4px 0px 4px\" class=\"hierarchy\"><span style=\"opacity: 0.5\">0</span><span style=\"opacity: 0.5\">..</span><span style=\"opacity: 0.5\">*</span></td><td style=\"vertical-align: top; text-align : left; background-color: white; border: 0px #F0F0F0 solid; padding:0px 4px 0px 4px\" class=\"hierarchy\"><a style=\"opacity: 0.5\" href=\"http://hl7.org/fhir/R4/datatypes.html#string\">string</a></td><td style=\"vertical-align: top; text-align : left; background-color: white; border: 0px #F0F0F0 solid; padding:0px 4px 0px 4px\" class=\"hierarchy\">Parts that come before the name　名前の名の前に来る部分</td></tr>\r\n<tr style=\"border: 0px #F0F0F0 solid; padding:0px; vertical-align: top; background-color: #F7F7F7\"><td style=\"vertical-align: top; text-align : left; background-color: #F7F7F7; border: 0px #F0F0F0 solid; padding:0px 4px 0px 4px; white-space: nowrap; background-image: url(tbl_bck10.png)\" class=\"hierarchy\"><img src=\"tbl_spacer.png\" alt=\".\" style=\"background-color: inherit\" class=\"hierarchy\"/><img src=\"tbl_vjoin.png\" alt=\".\" style=\"background-color: inherit\" class=\"hierarchy\"/><img src=\"icon_element.gif\" alt=\".\" style=\"background-color: #F7F7F7; background-color: inherit\" title=\"Element\" class=\"hierarchy\"/> <a href=\"StructureDefinition-jp-humanname-definitions.html#HumanName.suffix\" title=\"Part of the name that is acquired as a title due to academic, legal, employment or nobility status, etc. and that appears at the end of the name.\r\n\r\n学問的、法的な、雇用または貴族の地位などのために称号として取得され、名前の最後に表示される名前の一部。\">suffix</a><a name=\"HumanName.suffix\"> </a></td><td style=\"vertical-align: top; text-align : left; background-color: #F7F7F7; border: 0px #F0F0F0 solid; padding:0px 4px 0px 4px\" class=\"hierarchy\"/><td style=\"vertical-align: top; text-align : left; background-color: #F7F7F7; border: 0px #F0F0F0 solid; padding:0px 4px 0px 4px\" class=\"hierarchy\"><span style=\"opacity: 0.5\">0</span><span style=\"opacity: 0.5\">..</span><span style=\"opacity: 0.5\">*</span></td><td style=\"vertical-align: top; text-align : left; background-color: #F7F7F7; border: 0px #F0F0F0 solid; padding:0px 4px 0px 4px\" class=\"hierarchy\"><a style=\"opacity: 0.5\" href=\"http://hl7.org/fhir/R4/datatypes.html#string\">string</a></td><td style=\"vertical-align: top; text-align : left; background-color: #F7F7F7; border: 0px #F0F0F0 solid; padding:0px 4px 0px 4px\" class=\"hierarchy\">Parts that come after the name　名前の名のあとに続く部分</td></tr>\r\n<tr style=\"border: 0px #F0F0F0 solid; padding:0px; vertical-align: top; background-color: white\"><td style=\"vertical-align: top; text-align : left; background-color: white; border: 0px #F0F0F0 solid; padding:0px 4px 0px 4px; white-space: nowrap; background-image: url(tbl_bck00.png)\" class=\"hierarchy\"><img src=\"tbl_spacer.png\" alt=\".\" style=\"background-color: inherit\" class=\"hierarchy\"/><img src=\"tbl_vjoin_end.png\" alt=\".\" style=\"background-color: inherit\" class=\"hierarchy\"/><img src=\"icon_element.gif\" alt=\".\" style=\"background-color: white; background-color: inherit\" title=\"Element\" class=\"hierarchy\"/> <a href=\"StructureDefinition-jp-humanname-definitions.html#HumanName.period\" title=\"Indicates the period of time when this name was valid for the named person.\r\n\r\nこの名前が指名された人に対して有効であった期間。\">period</a><a name=\"HumanName.period\"> </a></td><td style=\"vertical-align: top; text-align : left; background-color: white; border: 0px #F0F0F0 solid; padding:0px 4px 0px 4px\" class=\"hierarchy\"/><td style=\"vertical-align: top; text-align : left; background-color: white; border: 0px #F0F0F0 solid; padding:0px 4px 0px 4px\" class=\"hierarchy\"><span style=\"opacity: 0.5\">0</span><span style=\"opacity: 0.5\">..</span><span style=\"opacity: 0.5\">1</span></td><td style=\"vertical-align: top; text-align : left; background-color: white; border: 0px #F0F0F0 solid; padding:0px 4px 0px 4px\" class=\"hierarchy\"><a style=\"opacity: 0.5\" href=\"http://hl7.org/fhir/R4/datatypes.html#Period\">Period</a></td><td style=\"vertical-align: top; text-align : left; background-color: white; border: 0px #F0F0F0 solid; padding:0px 4px 0px 4px\" class=\"hierarchy\">Time period when name was/is in use　名前が使われる期間</td></tr>\r\n<tr><td colspan=\"5\" class=\"hierarchy\"><br/><a href=\"http://hl7.org/fhir/R4/formats.html#table\" title=\"Legend for this format\"><img src=\"http://hl7.org/fhir/R4/help16.png\" alt=\"doco\" style=\"background-color: inherit\"/> Documentation for this format</a></td></tr></table></div>"},"url":"http://jpfhir.jp/fhir/core/StructureDefinition/JP_HumanName","version":"1.1.0a","name":"JP_HumanName","title":"JP Core HumanName DataType","status":"active","date":"2022-09-26","publisher":"FHIR Japanese implementation research working group in Japan Association of Medical Informatics (JAMI)","contact":[{"name":"FHIR Japanese implementation research working group in Japan Association of Medical Informatics (JAMI)","telecom":[{"system":"url","value":"http://jpfhir.jp"},{"system":"email","value":"office@hlfhir.jp"}]}],"description":"このプロファイルはHumanName DataTypeに対して、患者のデータを送受信するための基礎となる制約と拡張を定めたものである。","jurisdiction":[{"coding":[{"system":"urn:iso:std:iso:3166","code":"JP"}]}],"copyright":"FHIR Japanese implementation research working group in Japan Association of Medical Informatics (JAMI)","fhirVersion":"4.0.1","mapping":[{"identity":"v2","uri":"http://hl7.org/v2","name":"HL7 v2 Mapping"},{"identity":"rim","uri":"http://hl7.org/v3","name":"RIM Mapping"},{"identity":"servd","uri":"http://www.omg.org/spec/ServD/1.0/","name":"ServD"}],"kind":"complex-type","abstract":false,"type":"HumanName","baseDefinition":"http://hl7.org/fhir/StructureDefinition/HumanName","derivation":"constraint","snapshot":{"element":[{"id":"HumanName","path":"HumanName","short":"Name of a human - parts and usage　人の名前情報、その一部分と使い方","definition":"A human's name with the ability to identify parts and usage.\r\n\r\n識別のための人の名前情報","comment":"Names may be changed, or repudiated, or people may have different names in different contexts. Names may be divided into parts of different type that have variable significance depending on context, though the division into parts does not always matter. With personal names, the different parts might or might not be imbued with some implicit meaning; various cultures associate different importance with the name parts and the degree to which systems must care about name parts around the world varies widely.\r\n\r\n名前が変更されたり、違っていると指摘されたり、コンテキストによって使われる名前が異なる場合がある。名前は、コンテキストに応じて重要性が異なるさまざまなタイプの部分に分割される場合があり、部分への分割は必ずしも重要ではない。個人名の場合、さまざまな部分に暗黙の意味が含まれている場合と含まれていない場合がある。さまざまな文化が名前の部分にさまざまな重要性を関連付けており、システムが世界中の名前の部分を気にする必要がある程度は大きく異なる。","min":0,"max":"*","base":{"path":"HumanName","min":0,"max":"*"},"condition":["ele-1"],"constraint":[{"key":"ele-1","severity":"error","human":"All FHIR elements must have a @value or children","expression":"hasValue() or (children().count() > id.count())","xpath":"@value|f:*|h:div","source":"http://hl7.org/fhir/StructureDefinition/Element"}],"isModifier":false,"mapping":[{"identity":"rim","map":"n/a"},{"identity":"v2","map":"XPN"},{"identity":"rim","map":"EN (actually, PN)"},{"identity":"servd","map":"ProviderName"}]},{"id":"HumanName.id","path":"HumanName.id","representation":["xmlAttr"],"short":"Unique id for inter-element referencing","definition":"Unique id for the element within a resource (for internal references). This may be any string value that does not contain spaces.","min":0,"max":"1","base":{"path":"Element.id","min":0,"max":"1"},"type":[{"extension":[{"url":"http://hl7.org/fhir/StructureDefinition/structuredefinition-fhir-type","valueUrl":"string"}],"code":"http://hl7.org/fhirpath/System.String"}],"isModifier":false,"isSummary":false,"mapping":[{"identity":"rim","map":"n/a"}]},{"id":"HumanName.extension","path":"HumanName.extension","slicing":{"discriminator":[{"type":"value","path":"url"}],"description":"Extensions are always sliced by (at least) url","rules":"open"},"short":"Additional content defined by implementations","definition":"May be used to represent additional information that is not part of the basic definition of the element. To make the use of extensions safe and manageable, there is a strict set of governance  applied to the definition and use of extensions. Though any implementer can define an extension, there is a set of requirements that SHALL be met as part of the definition of the extension.","comment":"There can be no stigma associated with the use of extensions by any application, project, or standard - regardless of the institution or jurisdiction that uses or defines the extensions.  The use of extensions is what allows the FHIR specification to retain a core level of simplicity for everyone.","alias":["extensions","user content"],"min":0,"max":"*","base":{"path":"Element.extension","min":0,"max":"*"},"type":[{"code":"Extension"}],"constraint":[{"key":"ele-1","severity":"error","human":"All FHIR elements must have a @value or children","expression":"hasValue() or (children().count() > id.count())","xpath":"@value|f:*|h:div","source":"http://hl7.org/fhir/StructureDefinition/Element"},{"key":"ext-1","severity":"error","human":"Must have either extensions or value[x], not both","expression":"extension.exists() != value.exists()","xpath":"exists(f:extension)!=exists(f:*[starts-with(local-name(.), \"value\")])","source":"http://hl7.org/fhir/StructureDefinition/Extension"}],"isModifier":false,"isSummary":false,"mapping":[{"identity":"rim","map":"n/a"}]},{"id":"HumanName.extension:nameRepresentationUse","path":"HumanName.extension","sliceName":"nameRepresentationUse","short":"ABC | IDE | SYL","definition":"Name Representation.\r\n\r\n名前の表現方法","comment":"The transcription of the name - how it is represented (for e.g. Japanese names).\r\n\r\n名前の文字起こし-表現方法（日本の名前など）。","min":0,"max":"1","base":{"path":"Element.extension","min":0,"max":"*"},"type":[{"code":"Extension","profile":["http://hl7.org/fhir/StructureDefinition/iso21090-EN-representation"]}],"constraint":[{"key":"ele-1","severity":"error","human":"All FHIR elements must have a @value or children","expression":"hasValue() or (children().count() > id.count())","xpath":"@value|f:*|h:div","source":"http://hl7.org/fhir/StructureDefinition/Element"},{"key":"ext-1","severity":"error","human":"Must have either extensions or value[x], not both","expression":"extension.exists() != value.exists()","xpath":"exists(f:extension)!=exists(f:*[starts-with(local-name(.), \"value\")])","source":"http://hl7.org/fhir/StructureDefinition/Extension"}],"isModifier":false,"isSummary":false,"mapping":[{"identity":"rim","map":"ENXP.use"}]},{"id":"HumanName.use","path":"HumanName.use","short":"usual | official | temp | nickname | anonymous | old | maiden","definition":"Identifies the purpose for this name.\r\n\r\nこの名前の使用目的","comment":"Applications can assume that a name is current unless it explicitly says that it is temporary or old.\r\n\r\nアプリケーションは、名前が明示的に一時的な名前（temp ）あるいは以前の名前だ（old ）と設定されていない場合には、現時点での名前だとみなしてよい。","requirements":"Allows the appropriate name for a particular context of use to be selected from among a set of names.\r\n\r\n一連の名前の中から、特定の使用状況に適した名前を選択できるようになる。","min":0,"max":"1","base":{"path":"HumanName.use","min":0,"max":"1"},"type":[{"code":"code"}],"constraint":[{"key":"ele-1","severity":"error","human":"All FHIR elements must have a @value or children","expression":"hasValue() or (children().count() > id.count())","xpath":"@value|f:*|h:div","source":"http://hl7.org/fhir/StructureDefinition/Element"}],"isModifier":true,"isModifierReason":"This is labeled as \"Is Modifier\" because applications should not mistake a temporary or old name etc.for a current/permanent one","isSummary":true,"binding":{"extension":[{"url":"http://hl7.org/fhir/StructureDefinition/elementdefinition-bindingName","valueString":"NameUse"}],"strength":"required","description":"The use of a human name.","valueSet":"http://hl7.org/fhir/ValueSet/name-use|4.0.1"},"mapping":[{"identity":"v2","map":"XPN.7, but often indicated by which field contains the name"},{"identity":"rim","map":"unique(./use)"},{"identity":"servd","map":"./NamePurpose"}]},{"id":"HumanName.text","path":"HumanName.text","short":"Text representation of the full name　名前全体のテキスト表現。姓と名をこの順番で半角空白1文字を区切り文字として格納する","definition":"Specifies the entire name as it should be displayed e.g. on an application UI. This may be provided instead of or as well as the specific parts.\r\n\r\nアプリケーションUIなどで、表示する名前全体を指定する。名前の特定の部分の代わり、または特定の部分と同じとして使われることがある。姓と名をこの順番で半角空白1文字を区切り文字として格納する","comment":"Can provide both a text representation and parts. Applications updating a name SHALL ensure that when both text and parts are present,  no content is included in the text that isn't found in a part.\r\n\r\nテキスト要素の表現とその部分構成要素の両方を提供できる。名前を更新するアプリケーションは、テキストと部分構成要素の両方が存在する場合、部分構成要素にないコンテンツがテキスト要素に含まれないようにする必要がある。姓と名をこの順番で半角空白1文字を区切り文字として格納する","requirements":"A renderable, unencoded form.","min":0,"max":"1","base":{"path":"HumanName.text","min":0,"max":"1"},"type":[{"code":"string"}],"constraint":[{"key":"ele-1","severity":"error","human":"All FHIR elements must have a @value or children","expression":"hasValue() or (children().count() > id.count())","xpath":"@value|f:*|h:div","source":"http://hl7.org/fhir/StructureDefinition/Element"}],"isModifier":false,"isSummary":true,"mapping":[{"identity":"v2","map":"implied by XPN.11"},{"identity":"rim","map":"./formatted"}]},{"id":"HumanName.family","path":"HumanName.family","short":"Family name (often called 'Surname')　名前のうち姓の部分。ファミリ名","definition":"The part of a name that links to the genealogy. In some cultures (e.g. Eritrea) the family name of a son is the first name of his father.\r\n\r\n家系図にリンクする名前の部分。一部の文化では、息子の家系の名前は父親の名である。","comment":"Family Name may be decomposed into specific parts using extensions (de, nl, es related cultures).\r\n\r\nファミリ名は、拡張子（de、nl、es関連のカルチャ）を使用して特定の部分に分解できる。","alias":["surname"],"min":0,"max":"1","base":{"path":"HumanName.family","min":0,"max":"1"},"type":[{"code":"string"}],"constraint":[{"key":"ele-1","severity":"error","human":"All FHIR elements must have a @value or children","expression":"hasValue() or (children().count() > id.count())","xpath":"@value|f:*|h:div","source":"http://hl7.org/fhir/StructureDefinition/Element"}],"isModifier":false,"isSummary":true,"mapping":[{"identity":"v2","map":"XPN.1/FN.1"},{"identity":"rim","map":"./part[partType = FAM]"},{"identity":"servd","map":"./FamilyName"}]},{"id":"HumanName.given","path":"HumanName.given","short":"Given names (not always 'first'). Includes middle names　名前の名の部分で、ミドルネームを含む。","definition":"Given name.\r\n\r\n名前の名の部分。","comment":"If only initials are recorded, they may be used in place of the full name parts. Initials may be separated into multiple given names but often aren't due to practical limitations.  This element is not called \"first name\" since given names do not always come first.\r\n\r\nイニシャルのみが記録されている場合は、フルネームの部分の代わりに使用できる。イニシャルは複数の名前に分けることができるが、多くの場合、実用的な制限のためではない。名が常に最初に来るとは限らないため、この要素は「first name」とは呼ばない。","alias":["first name","middle name"],"min":0,"max":"*","base":{"path":"HumanName.given","min":0,"max":"*"},"type":[{"code":"string"}],"orderMeaning":"Given Names appear in the correct order for presenting the name","constraint":[{"key":"ele-1","severity":"error","human":"All FHIR elements must have a @value or children","expression":"hasValue() or (children().count() > id.count())","xpath":"@value|f:*|h:div","source":"http://hl7.org/fhir/StructureDefinition/Element"}],"isModifier":false,"isSummary":true,"mapping":[{"identity":"v2","map":"XPN.2 + XPN.3"},{"identity":"rim","map":"./part[partType = GIV]"},{"identity":"servd","map":"./GivenNames"}]},{"id":"HumanName.prefix","path":"HumanName.prefix","short":"Parts that come before the name　名前の名の前に来る部分","definition":"Part of the name that is acquired as a title due to academic, legal, employment or nobility status, etc. and that appears at the start of the name.\r\n\r\n学問的、法的な、雇用または貴族の地位などのために称号として取得され、名前の先頭に表示される名前の一部。","comment":"Note that FHIR strings SHALL NOT exceed 1MB in size\r\n\r\nFHIR文字列のサイズは1MBを超えてはならないことに注意。","min":0,"max":"*","base":{"path":"HumanName.prefix","min":0,"max":"*"},"type":[{"code":"string"}],"orderMeaning":"Prefixes appear in the correct order for presenting the name","constraint":[{"key":"ele-1","severity":"error","human":"All FHIR elements must have a @value or children","expression":"hasValue() or (children().count() > id.count())","xpath":"@value|f:*|h:div","source":"http://hl7.org/fhir/StructureDefinition/Element"}],"isModifier":false,"isSummary":true,"mapping":[{"identity":"v2","map":"XPN.5"},{"identity":"rim","map":"./part[partType = PFX]"},{"identity":"servd","map":"./TitleCode"}]},{"id":"HumanName.suffix","path":"HumanName.suffix","short":"Parts that come after the name　名前の名のあとに続く部分","definition":"Part of the name that is acquired as a title due to academic, legal, employment or nobility status, etc. and that appears at the end of the name.\r\n\r\n学問的、法的な、雇用または貴族の地位などのために称号として取得され、名前の最後に表示される名前の一部。","comment":"Note that FHIR strings SHALL NOT exceed 1MB in size\r\n\r\nFHIR文字列のサイズは1MBを超えてはならないことに注意。","min":0,"max":"*","base":{"path":"HumanName.suffix","min":0,"max":"*"},"type":[{"code":"string"}],"orderMeaning":"Suffixes appear in the correct order for presenting the name","constraint":[{"key":"ele-1","severity":"error","human":"All FHIR elements must have a @value or children","expression":"hasValue() or (children().count() > id.count())","xpath":"@value|f:*|h:div","source":"http://hl7.org/fhir/StructureDefinition/Element"}],"isModifier":false,"isSummary":true,"mapping":[{"identity":"v2","map":"XPN/4"},{"identity":"rim","map":"./part[partType = SFX]"}]},{"id":"HumanName.period","path":"HumanName.period","short":"Time period when name was/is in use　名前が使われる期間","definition":"Indicates the period of time when this name was valid for the named person.\r\n\r\nこの名前が指名された人に対して有効であった期間。","comment":"A Period specifies a range of time; the context of use will specify whether the entire range applies (e.g. \"the patient was an inpatient of the hospital for this time range\") or one value from the range applies (e.g. \"give to the patient between these two times\").\n\nPeriod is not used for a duration (a measure of elapsed time). See [Duration](datatypes.html#Duration).\r\n\r\nPeriod（期間）は時間の範囲を指定する。使用状況は、範囲全体が適用されるか（たとえば、「患者はこの時間範囲で入院していた」）、範囲から1つの値が適用されるか（たとえば、「この2回の間に患者に投与する」）を指定する。\r\nPeriod（期間）は、Duration（時間区間＝経過時間の測定値）には使用されない。 [Duration]（datatypes.html＃Duration）を参照のこと。","requirements":"Allows names to be placed in historical context.","min":0,"max":"1","base":{"path":"HumanName.period","min":0,"max":"1"},"type":[{"code":"Period"}],"constraint":[{"key":"ele-1","severity":"error","human":"All FHIR elements must have a @value or children","expression":"hasValue() or (children().count() > id.count())","xpath":"@value|f:*|h:div","source":"http://hl7.org/fhir/StructureDefinition/Element"}],"isModifier":false,"isSummary":true,"mapping":[{"identity":"v2","map":"XPN.13 + XPN.14"},{"identity":"rim","map":"./usablePeriod[type=\"IVL<TS>\"]"},{"identity":"servd","map":"./StartDate and ./EndDate"}]}]},"differential":{"element":[{"id":"HumanName","path":"HumanName","short":"Name of a human - parts and usage　人の名前情報、その一部分と使い方","definition":"A human's name with the ability to identify parts and usage.\r\n\r\n識別のための人の名前情報","comment":"Names may be changed, or repudiated, or people may have different names in different contexts. Names may be divided into parts of different type that have variable significance depending on context, though the division into parts does not always matter. With personal names, the different parts might or might not be imbued with some implicit meaning; various cultures associate different importance with the name parts and the degree to which systems must care about name parts around the world varies widely.\r\n\r\n名前が変更されたり、違っていると指摘されたり、コンテキストによって使われる名前が異なる場合がある。名前は、コンテキストに応じて重要性が異なるさまざまなタイプの部分に分割される場合があり、部分への分割は必ずしも重要ではない。個人名の場合、さまざまな部分に暗黙の意味が含まれている場合と含まれていない場合がある。さまざまな文化が名前の部分にさまざまな重要性を関連付けており、システムが世界中の名前の部分を気にする必要がある程度は大きく異なる。"},{"id":"HumanName.extension:nameRepresentationUse","path":"HumanName.extension","sliceName":"nameRepresentationUse","definition":"Name Representation.\r\n\r\n名前の表現方法","comment":"The transcription of the name - how it is represented (for e.g. Japanese names).\r\n\r\n名前の文字起こし-表現方法（日本の名前など）。","min":0,"max":"1","type":[{"code":"Extension","profile":["http://hl7.org/fhir/StructureDefinition/iso21090-EN-representation"]}]},{"id":"HumanName.use","path":"HumanName.use","definition":"Identifies the purpose for this name.\r\n\r\nこの名前の使用目的","comment":"Applications can assume that a name is current unless it explicitly says that it is temporary or old.\r\n\r\nアプリケーションは、名前が明示的に一時的な名前（temp ）あるいは以前の名前だ（old ）と設定されていない場合には、現時点での名前だとみなしてよい。","requirements":"Allows the appropriate name for a particular context of use to be selected from among a set of names.\r\n\r\n一連の名前の中から、特定の使用状況に適した名前を選択できるようになる。"},{"id":"HumanName.text","path":"HumanName.text","short":"Text representation of the full name　名前全体のテキスト表現。姓と名をこの順番で半角空白1文字を区切り文字として格納する","definition":"Specifies the entire name as it should be displayed e.g. on an application UI. This may be provided instead of or as well as the specific parts.\r\n\r\nアプリケーションUIなどで、表示する名前全体を指定する。名前の特定の部分の代わり、または特定の部分と同じとして使われることがある。姓と名をこの順番で半角空白1文字を区切り文字として格納する","comment":"Can provide both a text representation and parts. Applications updating a name SHALL ensure that when both text and parts are present,  no content is included in the text that isn't found in a part.\r\n\r\nテキスト要素の表現とその部分構成要素の両方を提供できる。名前を更新するアプリケーションは、テキストと部分構成要素の両方が存在する場合、部分構成要素にないコンテンツがテキスト要素に含まれないようにする必要がある。姓と名をこの順番で半角空白1文字を区切り文字として格納する"},{"id":"HumanName.family","path":"HumanName.family","short":"Family name (often called 'Surname')　名前のうち姓の部分。ファミリ名","definition":"The part of a name that links to the genealogy. In some cultures (e.g. Eritrea) the family name of a son is the first name of his father.\r\n\r\n家系図にリンクする名前の部分。一部の文化では、息子の家系の名前は父親の名である。","comment":"Family Name may be decomposed into specific parts using extensions (de, nl, es related cultures).\r\n\r\nファミリ名は、拡張子（de、nl、es関連のカルチャ）を使用して特定の部分に分解できる。"},{"id":"HumanName.given","path":"HumanName.given","short":"Given names (not always 'first'). Includes middle names　名前の名の部分で、ミドルネームを含む。","definition":"Given name.\r\n\r\n名前の名の部分。","comment":"If only initials are recorded, they may be used in place of the full name parts. Initials may be separated into multiple given names but often aren't due to practical limitations.  This element is not called \"first name\" since given names do not always come first.\r\n\r\nイニシャルのみが記録されている場合は、フルネームの部分の代わりに使用できる。イニシャルは複数の名前に分けることができるが、多くの場合、実用的な制限のためではない。名が常に最初に来るとは限らないため、この要素は「first name」とは呼ばない。"},{"id":"HumanName.prefix","path":"HumanName.prefix","short":"Parts that come before the name　名前の名の前に来る部分","definition":"Part of the name that is acquired as a title due to academic, legal, employment or nobility status, etc. and that appears at the start of the name.\r\n\r\n学問的、法的な、雇用または貴族の地位などのために称号として取得され、名前の先頭に表示される名前の一部。","comment":"Note that FHIR strings SHALL NOT exceed 1MB in size\r\n\r\nFHIR文字列のサイズは1MBを超えてはならないことに注意。"},{"id":"HumanName.suffix","path":"HumanName.suffix","short":"Parts that come after the name　名前の名のあとに続く部分","definition":"Part of the name that is acquired as a title due to academic, legal, employment or nobility status, etc. and that appears at the end of the name.\r\n\r\n学問的、法的な、雇用または貴族の地位などのために称号として取得され、名前の最後に表示される名前の一部。","comment":"Note that FHIR strings SHALL NOT exceed 1MB in size\r\n\r\nFHIR文字列のサイズは1MBを超えてはならないことに注意。"},{"id":"HumanName.period","path":"HumanName.period","short":"Time period when name was/is in use　名前が使われる期間","definition":"Indicates the period of time when this name was valid for the named person.\r\n\r\nこの名前が指名された人に対して有効であった期間。","comment":"A Period specifies a range of time; the context of use will specify whether the entire range applies (e.g. \"the patient was an inpatient of the hospital for this time range\") or one value from the range applies (e.g. \"give to the patient between these two times\").\n\nPeriod is not used for a duration (a measure of elapsed time). See [Duration](datatypes.html#Duration).\r\n\r\nPeriod（期間）は時間の範囲を指定する。使用状況は、範囲全体が適用されるか（たとえば、「患者はこの時間範囲で入院していた」）、範囲から1つの値が適用されるか（たとえば、「この2回の間に患者に投与する」）を指定する。\r\nPeriod（期間）は、Duration（時間区間＝経過時間の測定値）には使用されない。 [Duration]（datatypes.html＃Duration）を参照のこと。"}]}}