{"resourceType":"ValueSet","id":"jp-procedure-not-performed-reason-vs","text":{"status":"generated","div":"<div xmlns=\"http://www.w3.org/1999/xhtml\"><ul><li>Include all codes defined in <a href=\"CodeSystem-jp-procedure-not-performed-reason-cs.html\"><code>http://jpfhir.jp/fhir/Common/CodeSystem/JP_ProcedureNotPerformedReason_CS</code></a></li></ul></div>"},"url":"http://jpfhir.jp/fhir/Common/ValueSet/JP_ProcedureNotPerformedReason_VS","version":"1.1.0a","name":"JP_ProcedureNotPerformedReason_VS","title":"JP Core Procedure Not Performed Reason","status":"draft","date":"2022-08-22T05:20:45+00:00","publisher":"FHIR Japanese implementation research working group in Japan Association of Medical Informatics (JAMI)","contact":[{"name":"FHIR Japanese implementation research working group in Japan Association of Medical Informatics (JAMI)","telecom":[{"system":"url","value":"http://jpfhir.jp"},{"system":"email","value":"office@hlfhir.jp"}]}],"description":"処置が実施されなかった理由、または開始された処置が完了しなかった理由を示すコード","jurisdiction":[{"coding":[{"system":"urn:iso:std:iso:3166","code":"JP"}]}],"copyright":"FHIR Japanese implementation research working group in Japan Association of Medical Informatics (JAMI)","compose":{"include":[{"system":"http://jpfhir.jp/fhir/Common/CodeSystem/JP_ProcedureNotPerformedReason_CS"}]}}