{"resourceType":"ValueSet","id":"jp-observation-physicalexam-method-vs","text":{"status":"generated","div":"<div xmlns=\"http://www.w3.org/1999/xhtml\"><ul><li>Include all codes defined in <a href=\"CodeSystem-jp-observation-physicalexam-method-cs.html\"><code>http://jpfhir.jp/fhir/Common/CodeSystem/JP_ObservationPhysicalExamMethod_CS</code></a></li></ul></div>"},"url":"http://jpfhir.jp/fhir/Common/ValueSet/JP_ObservationPhysicalExamMethod_VS","version":"1.1.0a","name":"JP_ObservationPhysicalExamMethod_VS","title":"JP Core Observation PhysicalExam Method","status":"draft","date":"2022-08-22T05:20:45+00:00","publisher":"FHIR Japanese implementation research working group in Japan Association of Medical Informatics (JAMI)","contact":[{"name":"FHIR Japanese implementation research working group in Japan Association of Medical Informatics (JAMI)","telecom":[{"system":"url","value":"http://jpfhir.jp"},{"system":"email","value":"office@hlfhir.jp"}]}],"description":"Observation（身体所見）で使用する診察方法のコード","jurisdiction":[{"coding":[{"system":"urn:iso:std:iso:3166","code":"JP"}]}],"copyright":"FHIR Japanese implementation research working group in Japan Association of Medical Informatics (JAMI)","compose":{"include":[{"system":"http://jpfhir.jp/fhir/Common/CodeSystem/JP_ObservationPhysicalExamMethod_CS"}]}}