{"resourceType":"ValueSet","id":"jp-observation-bodymeasurement-code-vs","text":{"status":"generated","div":"<div xmlns=\"http://www.w3.org/1999/xhtml\"><ul><li>Include all codes defined in <a href=\"CodeSystem-jp-observation-bodymeasurement-code-cs.html\"><code>http://jpfhir.jp/fhir/Common/CodeSystem/JP_ObservationBodyMeasurementCode_CS</code></a></li></ul></div>"},"url":"http://jpfhir.jp/fhir/Common/ValueSet/JP_ObservationBodyMeasurementCode_VS","version":"1.1.0a","name":"JP_ObservationBodyMeasurementCode_VS","title":"JP Core Observation BodyMeasurement Code ValueSet","status":"draft","date":"2022-09-17T07:33:19+00:00","publisher":"FHIR Japanese implementation research working group in Japan Association of Medical Informatics (JAMI)","contact":[{"name":"FHIR Japanese implementation research working group in Japan Association of Medical Informatics (JAMI)","telecom":[{"system":"url","value":"http://jpfhir.jp"},{"system":"email","value":"office@hlfhir.jp"}]}],"description":"Observation（身体計測）コードで使用する項目値セット","jurisdiction":[{"coding":[{"system":"urn:iso:std:iso:3166","code":"JP"}]}],"copyright":"FHIR Japanese implementation research working group in Japan Association of Medical Informatics (JAMI)","compose":{"include":[{"system":"http://jpfhir.jp/fhir/Common/CodeSystem/JP_ObservationBodyMeasurementCode_CS"}]}}