{"resourceType":"ValueSet","id":"jp-medication-form-merit9-vs","text":{"status":"generated","div":"<div xmlns=\"http://www.w3.org/1999/xhtml\"><ul><li>Include all codes defined in <a href=\"CodeSystem-jp-medication-form-merit9-cs.html\"><code>http://jpfhir.jp/fhir/Common/CodeSystem/merit9-form</code></a></li></ul></div>"},"url":"http://jpfhir.jp/fhir/Common/ValueSet/JP_MedicationFormMERIT9_VS","version":"1.1.0a","name":"JP_MedicationFormMERIT9_VS","title":"JP Core Medication MERIT9 Form ValueSet","status":"draft","date":"2022-08-24T05:56:06+00:00","publisher":"FHIR Japanese implementation research working group in Japan Association of Medical Informatics (JAMI)","contact":[{"name":"FHIR Japanese implementation research working group in Japan Association of Medical Informatics (JAMI)","telecom":[{"system":"url","value":"http://jpfhir.jp"},{"system":"email","value":"office@hlfhir.jp"}]}],"description":"MERIT9剤形コードの値セット","jurisdiction":[{"coding":[{"system":"urn:iso:std:iso:3166","code":"JP"}]}],"copyright":"FHIR Japanese implementation research working group in Japan Association of Medical Informatics (JAMI)","compose":{"include":[{"system":"http://jpfhir.jp/fhir/Common/CodeSystem/merit9-form"}]}}