{"resourceType":"ValueSet","id":"jp-department-ssmix-vs","text":{"status":"generated","div":"<div xmlns=\"http://www.w3.org/1999/xhtml\"><p>This value set includes codes based on the following rules:</p><ul><li>Import all the codes that are contained in <a href=\"ValueSet-jp-department-ssmix2digits-vs.html\">http://jpfhir.jp/fhir/Common/ValueSet/JP_Department_SsMix2Digits_VS</a></li><li>Import all the codes that are contained in <a href=\"ValueSet-jp-department-ssmix3digits-vs.html\">http://jpfhir.jp/fhir/Common/ValueSet/JP_Department_SsMix3Digits_VS</a></li></ul></div>"},"url":"http://jpfhir.jp/fhir/Common/ValueSet/JP_Department_SsMix_VS","version":"1.1.0a","name":"JP_Department_SsMix_VS","title":"JP Core Department SS-MIX ValueSet","status":"draft","date":"2022-09-02T11:26:25+00:00","publisher":"FHIR Japanese implementation research working group in Japan Association of Medical Informatics (JAMI)","contact":[{"name":"FHIR Japanese implementation research working group in Japan Association of Medical Informatics (JAMI)","telecom":[{"system":"url","value":"http://jpfhir.jp"},{"system":"email","value":"office@hlfhir.jp"}]}],"description":"SS-MIX統一診療科コードの値セット","jurisdiction":[{"coding":[{"system":"urn:iso:std:iso:3166","code":"JP"}]}],"copyright":"FHIR Japanese implementation research working group in Japan Association of Medical Informatics (JAMI)","compose":{"include":[{"valueSet":["http://jpfhir.jp/fhir/Common/ValueSet/JP_Department_SsMix2Digits_VS"]},{"valueSet":["http://jpfhir.jp/fhir/Common/ValueSet/JP_Department_SsMix3Digits_VS"]}]}}