{"resourceType":"ValueSet","id":"jp-procedure-body-site-vs","text":{"status":"generated","div":"<div xmlns=\"http://www.w3.org/1999/xhtml\"><ul><li>Include all codes defined in <a href=\"CodeSystem-jp-procedure-body-site-cs.html\"><code>http://jpfhir.jp/fhir/Common/CodeSystem/JP_ProcedureBodySite_CS</code></a></li></ul></div>"},"url":"http://jpfhir.jp/fhir/Common/ValueSet/JP_ProcedureBodySite_VS","version":"1.1.0a","name":"JP_ProcedureBodySite_VS","title":"JP Core Procedure BodySite ValueSet","status":"draft","date":"2022-08-31T13:42:36+00:00","publisher":"FHIR Japanese implementation research working group in Japan Association of Medical Informatics (JAMI)","contact":[{"name":"FHIR Japanese implementation research working group in Japan Association of Medical Informatics (JAMI)","telecom":[{"system":"url","value":"http://jpfhir.jp"},{"system":"email","value":"office@hlfhir.jp"}]}],"description":"処置の対象となる身体部位のコード","jurisdiction":[{"coding":[{"system":"urn:iso:std:iso:3166","code":"JP"}]}],"copyright":"FHIR Japanese implementation research working group in Japan Association of Medical Informatics (JAMI)","compose":{"include":[{"system":"http://jpfhir.jp/fhir/Common/CodeSystem/JP_ProcedureBodySite_CS"}]}}