{"resourceType":"ValueSet","id":"jp-medication-as-needed-condition-merit9-vs","text":{"status":"generated","div":"<div xmlns=\"http://www.w3.org/1999/xhtml\"><ul><li>Include all codes defined in <a href=\"CodeSystem-jp-medication-as-needed-condition-merit9-cs.html\"><code>http://jpfhir.jp/fhir/Common/CodeSystem/merit9-asNeededCondition</code></a></li></ul></div>"},"url":"http://jpfhir.jp/fhir/Common/ValueSet/JP_MedicationAsNeededConditionMERIT9_VS","version":"1.1.0a","name":"JP_MedicationAsNeededConditionMERIT9_VS","title":"JP Core Medication MERIT9 As Needed Condition ValueSet","status":"draft","date":"2022-09-02T11:38:41+00:00","publisher":"FHIR Japanese implementation research working group in Japan Association of Medical Informatics (JAMI)","contact":[{"name":"FHIR Japanese implementation research working group in Japan Association of Medical Informatics (JAMI)","telecom":[{"system":"url","value":"http://jpfhir.jp"},{"system":"email","value":"office@hlfhir.jp"}]}],"description":"MERIT9頓用指示コードの値セット","jurisdiction":[{"coding":[{"system":"urn:iso:std:iso:3166","code":"JP"}]}],"copyright":"FHIR Japanese implementation research working group in Japan Association of Medical Informatics (JAMI)","compose":{"include":[{"system":"http://jpfhir.jp/fhir/Common/CodeSystem/merit9-asNeededCondition"}]}}