{"resourceType":"ValueSet","id":"jp-procedure-codes-ichi-vs","text":{"status":"generated","div":"<div xmlns=\"http://www.w3.org/1999/xhtml\"><ul><li>Include all codes defined in <a href=\"CodeSystem-jp-procedure-codes-ichi-cs.html\"><code>http://jpfhir.jp/fhir/Common/CodeSystem/JP_ProcedureCodesICHI_CS</code></a></li></ul></div>"},"url":"http://jpfhir.jp/fhir/Common/ValueSet/JP_ProcedureCodesICHI_VS","version":"1.1.0a","name":"JP_ProcedureCodesICHI_VS","title":"JP Core Procedure Codes ICHI ValueSet","status":"draft","date":"2022-09-05T05:18:44+00:00","publisher":"FHIR Japanese implementation research working group in Japan Association of Medical Informatics (JAMI)","contact":[{"name":"FHIR Japanese implementation research working group in Japan Association of Medical Informatics (JAMI)","telecom":[{"system":"url","value":"http://jpfhir.jp"},{"system":"email","value":"office@hlfhir.jp"}]}],"description":"処置のコード:ICHI(International Classification of Health Interventions)の値セット","jurisdiction":[{"coding":[{"system":"urn:iso:std:iso:3166","code":"JP"}]}],"copyright":"FHIR Japanese implementation research working group in Japan Association of Medical Informatics (JAMI)","compose":{"include":[{"system":"http://jpfhir.jp/fhir/Common/CodeSystem/JP_ProcedureCodesICHI_CS"}]}}