{"resourceType":"ValueSet","id":"jp-procedure-code-medical-vs","text":{"status":"generated","div":"<div xmlns=\"http://www.w3.org/1999/xhtml\"><ul><li>Include all codes defined in <a href=\"CodeSystem-jp-procedure-codes-medical-cs.html\"><code>http://jpfhir.jp/fhir/Common/CodeSystem/JP_ProcedureCodesMedical_CS</code></a></li></ul></div>"},"url":"http://jpfhir.jp/fhir/Common/ValueSet/JP_ProcedureCodesMedical_VS","version":"1.1.0a","name":"JP_ProcedureCodesMedical_VS","title":"JP Core Procedure Codes Medical","status":"draft","date":"2022-08-09T11:56:01+00:00","publisher":"FHIR Japanese implementation research working group in Japan Association of Medical Informatics (JAMI)","contact":[{"name":"FHIR Japanese implementation research working group in Japan Association of Medical Informatics (JAMI)","telecom":[{"system":"url","value":"http://jpfhir.jp"},{"system":"email","value":"office@hlfhir.jp"}]}],"description":"処置のコード:医科診療行為マスタ","jurisdiction":[{"coding":[{"system":"urn:iso:std:iso:3166","code":"JP"}]}],"copyright":"FHIR Japanese implementation research working group in Japan Association of Medical Informatics (JAMI)","compose":{"include":[{"system":"http://jpfhir.jp/fhir/Common/CodeSystem/JP_ProcedureCodesMedical_CS"}]}}