{"resourceType":"ValueSet","id":"jp-procedure-device-action-vs","text":{"status":"generated","div":"<div xmlns=\"http://www.w3.org/1999/xhtml\"><ul><li>Include all codes defined in <a href=\"CodeSystem-jp-procedure-device-action-cs.html\"><code>http://jpfhir.jp/fhir/Common/CodeSystem/JP_ProcedureDeviceAction_CS</code></a></li></ul></div>"},"url":"http://jpfhir.jp/fhir/Common/ValueSet/JP_ProcedureDeviceAction_VS","version":"1.1.0a","name":"JP_ProcedureDeviceAction_VS","title":"JP Core Procedure Device Action ValueSet","status":"draft","date":"2022-09-14T13:27:16+00:00","publisher":"FHIR Japanese implementation research working group in Japan Association of Medical Informatics (JAMI)","contact":[{"name":"FHIR Japanese implementation research working group in Japan Association of Medical Informatics (JAMI)","telecom":[{"system":"url","value":"http://jpfhir.jp"},{"system":"email","value":"office@hlfhir.jp"}]}],"description":"処置の実施中に機器に起こった変化を示す値セット","jurisdiction":[{"coding":[{"system":"urn:iso:std:iso:3166","code":"JP"}]}],"copyright":"FHIR Japanese implementation research working group in Japan Association of Medical Informatics (JAMI)","compose":{"include":[{"system":"http://jpfhir.jp/fhir/Common/CodeSystem/JP_ProcedureDeviceAction_CS"}]}}