{"resourceType":"ValueSet","id":"jp-medication-category-jhsi0001-vs","text":{"status":"generated","div":"<div xmlns=\"http://www.w3.org/1999/xhtml\"><ul><li>Include all codes defined in <a href=\"CodeSystem-jp-medication-category-jhsi0001-cs.html\"><code>http://jpfhir.jp/fhir/Common/CodeSystem/JHSI0001</code></a></li></ul></div>"},"url":"http://jpfhir.jp/fhir/Common/ValueSet/JP_MedicationCategoryJHSI0001_VS","version":"1.1.0a","name":"JP_MedicationCategoryJHSI0001_VS","title":"JP Core Medication JHSI0001 Category ValueSet","status":"draft","date":"2022-09-07T09:10:58+00:00","publisher":"FHIR Japanese implementation research working group in Japan Association of Medical Informatics (JAMI)","contact":[{"name":"FHIR Japanese implementation research working group in Japan Association of Medical Informatics (JAMI)","telecom":[{"system":"url","value":"http://jpfhir.jp"},{"system":"email","value":"office@hlfhir.jp"}]}],"description":"JAHIS注射データ交換規約Ver.2.1C JHSI表0001処方区分コードの値セット","jurisdiction":[{"coding":[{"system":"urn:iso:std:iso:3166","code":"JP"}]}],"copyright":"FHIR Japanese implementation research working group in Japan Association of Medical Informatics (JAMI)","compose":{"include":[{"system":"http://jpfhir.jp/fhir/Common/CodeSystem/JHSI0001"}]}}