{"resourceType":"ValueSet","id":"jp-medicallicensecertificate-vs","text":{"status":"generated","div":"<div xmlns=\"http://www.w3.org/1999/xhtml\"><ul><li>Include all codes defined in <a href=\"CodeSystem-jp-medicallicensecertificate-cs.html\"><code>http://jpfhir.jp/fhir/Common/CodeSystem/JP_MedicalLicenseCertificate_CS</code></a></li></ul></div>"},"url":"http://jpfhir.jp/fhir/Common/ValueSet/JP_MedicalLicenseCertificate_VS","version":"1.1.0a","name":"JP_MedicalLicenseCertificate_VS","title":"JP Core MedicalLicense Certificate ValueSet","status":"draft","date":"2022-09-17T23:36:21+00:00","publisher":"FHIR Japanese implementation research working group in Japan Association of Medical Informatics (JAMI)","contact":[{"name":"FHIR Japanese implementation research working group in Japan Association of Medical Informatics (JAMI)","telecom":[{"system":"url","value":"http://jpfhir.jp"},{"system":"email","value":"office@hlfhir.jp"}]}],"description":"医療関連免許証明に関する値セット","jurisdiction":[{"coding":[{"system":"urn:iso:std:iso:3166","code":"JP"}]}],"copyright":"FHIR Japanese implementation research working group in Japan Association of Medical Informatics (JAMI)","compose":{"include":[{"system":"http://jpfhir.jp/fhir/Common/CodeSystem/JP_MedicalLicenseCertificate_CS"}]}}