{"resourceType":"ValueSet","id":"jp-observation-bodymeasurement-category-vs","text":{"status":"generated","div":"<div xmlns=\"http://www.w3.org/1999/xhtml\"><ul><li>Include all codes defined in <a href=\"CodeSystem-jp-observation-bodymeasurement-category-cs.html\"><code>http://jpfhir.jp/fhir/Common/CodeSystem/JP_ObservationBodyMeasurementCategory_CS</code></a></li></ul></div>"},"url":"http://jpfhir.jp/fhir/Common/ValueSet/JP_ObservationBodyMeasurementCategory_VS","version":"1.1.0a","name":"JP_ObservationBodyMeasurementCategory_VS","title":"JP Core Observation BodyMeasurement Category ValueSet","status":"draft","date":"2022-09-17T23:49:46+00:00","publisher":"FHIR Japanese implementation research working group in Japan Association of Medical Informatics (JAMI)","contact":[{"name":"FHIR Japanese implementation research working group in Japan Association of Medical Informatics (JAMI)","telecom":[{"system":"url","value":"http://jpfhir.jp"},{"system":"email","value":"office@hlfhir.jp"}]}],"description":"Observation（身体計測）カテゴリで使用する分類の値セット","jurisdiction":[{"coding":[{"system":"urn:iso:std:iso:3166","code":"JP"}]}],"copyright":"FHIR Japanese implementation research working group in Japan Association of Medical Informatics (JAMI)","compose":{"include":[{"system":"http://jpfhir.jp/fhir/Common/CodeSystem/JP_ObservationBodyMeasurementCategory_CS"}]}}