{"resourceType":"ValueSet","id":"jp-physicalexamcodes-vs","text":{"status":"generated","div":"<div xmlns=\"http://www.w3.org/1999/xhtml\"><ul><li>Include all codes defined in <a href=\"CodeSystem-jp-physicalexamcodes-cs.html\"><code>http://jpfhir.jp/fhir/Common/CodeSystem/JP_PhysicalExamCodes_CS</code></a></li></ul></div>"},"url":"http://jpfhir.jp/fhir/Common/ValueSet/JP_PhysicalExamCodes_VS","version":"1.1.0a","name":"JP_PhysicalExamCodes_VS","title":"JP PhysicalExamCodes ValueSet","status":"draft","date":"2022-07-05T11:53:10+00:00","publisher":"FHIR Japanese implementation research working group in Japan Association of Medical Informatics (JAMI)","contact":[{"name":"FHIR Japanese implementation research working group in Japan Association of Medical Informatics (JAMI)","telecom":[{"system":"url","value":"http://jpfhir.jp"},{"system":"email","value":"office@hlfhir.jp"}]}],"description":"身体所見の区分を表すコード","jurisdiction":[{"coding":[{"system":"urn:iso:std:iso:3166","code":"JP"}]}],"copyright":"FHIR Japanese implementation research working group in Japan Association of Medical Informatics (JAMI)","compose":{"include":[{"system":"http://jpfhir.jp/fhir/Common/CodeSystem/JP_PhysicalExamCodes_CS"}]}}