{"resourceType":"ValueSet","id":"jp-medication-usage-injection-vs","text":{"status":"generated","div":"<div xmlns=\"http://www.w3.org/1999/xhtml\"><p>This value set includes codes based on the following rules:</p><ul><li>Include all codes defined in <a href=\"CodeSystem-jp-medication-as-needed-condition-jami-cs.html\"><code>http://jpfhir.jp/fhir/Common/CodeSystem/JP_MedicationAsNeededConditionJAMI_CS</code></a></li><li>Include all codes defined in <a href=\"CodeSystem-jp-medication-as-needed-condition-merit9-cs.html\"><code>http://jpfhir.jp/fhir/Common/CodeSystem/JP_MedicationAsNeededConditionMERIT9_CS</code></a></li></ul></div>"},"url":"http://jpfhir.jp/fhir/Common/ValueSet/JP_MedicationUsageInjection_VS","version":"1.1.0a","name":"JP_MedicationUsageInjection_VS","title":"JP Core MedicationReuqest Injection Usage ValueSet","status":"draft","date":"2022-09-19T07:12:17+00:00","publisher":"FHIR Japanese implementation research working group in Japan Association of Medical Informatics (JAMI)","contact":[{"name":"FHIR Japanese implementation research working group in Japan Association of Medical Informatics (JAMI)","telecom":[{"system":"url","value":"http://jpfhir.jp"},{"system":"email","value":"office@hlfhir.jp"}]}],"description":"注射用MedicationRequestで使用する用法コードの値セット","jurisdiction":[{"coding":[{"system":"urn:iso:std:iso:3166","code":"JP"}]}],"copyright":"FHIR Japanese implementation research working group in Japan Association of Medical Informatics (JAMI)","compose":{"include":[{"system":"http://jpfhir.jp/fhir/Common/CodeSystem/JP_MedicationAsNeededConditionJAMI_CS"},{"system":"http://jpfhir.jp/fhir/Common/CodeSystem/JP_MedicationAsNeededConditionMERIT9_CS"}]}}