{"resourceType":"ValueSet","id":"jp-procedure-outcome-vs","text":{"status":"generated","div":"<div xmlns=\"http://www.w3.org/1999/xhtml\"><ul><li>Include all codes defined in <a href=\"CodeSystem-jp-procedure-outcome-cs.html\"><code>http://jpfhir.jp/fhir/Common/ValueSet/JP_ProcedureOutcome_CS</code></a></li></ul></div>"},"url":"http://jpfhir.jp/fhir/Common/ValueSet/JP_ProcedureOutcome_VS","version":"1.1.0a","name":"JP_ProcedureOutcome_VS","title":"JP Core Procedure Outcome ValueSet","status":"draft","date":"2022-08-24T08:36:55+00:00","publisher":"FHIR Japanese implementation research working group in Japan Association of Medical Informatics (JAMI)","contact":[{"name":"FHIR Japanese implementation research working group in Japan Association of Medical Informatics (JAMI)","telecom":[{"system":"url","value":"http://jpfhir.jp"},{"system":"email","value":"office@hlfhir.jp"}]}],"description":"処置が実施されたアウトカムを示すコード","jurisdiction":[{"coding":[{"system":"urn:iso:std:iso:3166","code":"JP"}]}],"copyright":"FHIR Japanese implementation research working group in Japan Association of Medical Informatics (JAMI)","compose":{"include":[{"system":"http://jpfhir.jp/fhir/Common/ValueSet/JP_ProcedureOutcome_CS"}]}}