{"resourceType":"ValueSet","id":"jp-medication-instruction-for-dispense-jhsp0002-vs","text":{"status":"generated","div":"<div xmlns=\"http://www.w3.org/1999/xhtml\"><ul><li>Include all codes defined in <a href=\"CodeSystem-jp-medication-instruction-for-dispense-jhsp0002-cs.html\"><code>http://jpfhir.jp/fhir/Common/CodeSystem/JHSP0002</code></a></li></ul></div>"},"url":"http://jpfhir.jp/fhir/Examples/ValueSet/JP_MedicationInstructionForDispenseJHSP0002_VS","version":"1.1.0a","name":"JP_MedicationInstructionForDispenseJHSP0002_VS","title":"JP Core Medication JHSP0002 Instruction For Dispense ValueSet","status":"draft","date":"2022-09-19T07:12:17+00:00","publisher":"FHIR Japanese implementation research working group in Japan Association of Medical Informatics (JAMI)","contact":[{"name":"FHIR Japanese implementation research working group in Japan Association of Medical Informatics (JAMI)","telecom":[{"system":"url","value":"http://jpfhir.jp"},{"system":"email","value":"office@hlfhir.jp"}]}],"description":"JAHIS処方データ交換規約Ver.3.0C JHSP表0002調剤特別指示の値セット","jurisdiction":[{"coding":[{"system":"urn:iso:std:iso:3166","code":"JP"}]}],"copyright":"FHIR Japanese implementation research working group in Japan Association of Medical Informatics (JAMI)","compose":{"include":[{"system":"http://jpfhir.jp/fhir/Common/CodeSystem/JHSP0002"}]}}