{"resourceType":"ValueSet","id":"jp-diagnosticreportradiologycode-vs","text":{"status":"generated","div":"<div xmlns=\"http://www.w3.org/1999/xhtml\"><ul><li>Include these codes as defined in <a href=\"http://loinc.org\"><code>http://loinc.org</code></a><table class=\"none\"><tr><td style=\"white-space:nowrap\"><b>Code</b></td><td><b>Display</b></td></tr><tr><td><a href=\"http://details.loinc.org/LOINC/18748-4.html\">18748-4</a></td><td>Diagnostic imaging study</td></tr></table></li></ul></div>"},"url":"http://jpfhir.jp/fhir/Common/ValueSet/JP_DiagnosticReportRadiologyCode_VS","version":"1.1.0a","name":"JP_DiagnosticReportRadiologyCode_VS","title":"JP Core DiagnosticReport Radiology Code ValueSet","status":"draft","date":"2022-09-12T14:45:14+00:00","publisher":"FHIR Japanese implementation research working group in Japan Association of Medical Informatics (JAMI)","contact":[{"name":"FHIR Japanese implementation research working group in Japan Association of Medical Informatics (JAMI)","telecom":[{"system":"url","value":"http://jpfhir.jp"},{"system":"email","value":"office@hlfhir.jp"}]}],"description":"放射線診断レポートコードに対する値セット","jurisdiction":[{"coding":[{"system":"urn:iso:std:iso:3166","code":"JP"}]}],"copyright":"This material contains content from LOINC (http://loinc.org). LOINC is copyright © 1995-2020, Regenstrief Institute, Inc. and the Logical Observation Identifiers Names and Codes (LOINC) Committee and is available at no cost under the license at http://loinc.org/license. LOINC® is a registered United States trademark of Regenstrief Institute, Inc","compose":{"include":[{"system":"http://loinc.org","concept":[{"code":"18748-4","display":"Diagnostic imaging study"}]}]}}