{"resourceType":"ValueSet","id":"jp-medicalfeescoretype-vs","text":{"status":"generated","div":"<div xmlns=\"http://www.w3.org/1999/xhtml\"><ul><li>Include all codes defined in <a href=\"CodeSystem-jp-medicalfeescoretype-cs.html\"><code>http://jpfhir.jp/fhir/Common/CodeSystem/JP_MedicalFeeScoreType_CS</code></a></li></ul></div>"},"url":"http://jpfhir.jp/fhir/Common/ValueSet/JP_MedicalFeeScoreType_VS","version":"1.1.0a","name":"JP_MedicalFeeScoreType_VS","title":"JP Core MedicalFeeScoreType ValueSet","status":"active","date":"2022-09-14T13:36:44+00:00","publisher":"FHIR Japanese implementation research working group in Japan Association of Medical Informatics (JAMI)","contact":[{"name":"FHIR Japanese implementation research working group in Japan Association of Medical Informatics (JAMI)","telecom":[{"system":"url","value":"http://jpfhir.jp"},{"system":"email","value":"office@hlfhir.jp"}]}],"description":"診療報酬点数区分値セット","jurisdiction":[{"coding":[{"system":"urn:iso:std:iso:3166","code":"JP"}]}],"copyright":"FHIR Japanese implementation research working group in Japan Association of Medical Informatics (JAMI)","compose":{"include":[{"system":"http://jpfhir.jp/fhir/Common/CodeSystem/JP_MedicalFeeScoreType_CS"}]}}