{"resourceType":"ValueSet","id":"jp-medication-code-common-vs","text":{"status":"generated","div":"<div xmlns=\"http://www.w3.org/1999/xhtml\"><ul><li>Include all codes defined in <a href=\"CodeSystem-jp-medication-code-common-cs.html\"><code>urn:oid:1.2.392.100495.20.1.81</code></a></li></ul></div>"},"url":"http://jpfhir.jp/fhir/Common/ValueSet/JP_MedicationCodeCommon_VS","version":"1.1.0a","name":"JP_MedicationCodeCommon_VS","title":"JP Core Medication Common ValueSet","status":"draft","date":"2022-08-31T13:42:36+00:00","publisher":"FHIR Japanese implementation research working group in Japan Association of Medical Informatics (JAMI)","contact":[{"name":"FHIR Japanese implementation research working group in Japan Association of Medical Informatics (JAMI)","telecom":[{"system":"url","value":"http://jpfhir.jp"},{"system":"email","value":"office@hlfhir.jp"}]}],"description":"医薬品一般名処方コードの値セット","jurisdiction":[{"coding":[{"system":"urn:iso:std:iso:3166","code":"JP"}]}],"copyright":"FHIR Japanese implementation research working group in Japan Association of Medical Informatics (JAMI)","compose":{"include":[{"system":"urn:oid:1.2.392.100495.20.1.81"}]}}