{"resourceType":"ValueSet","id":"jp-medication-ingredientstrength-strengthtype-vs","text":{"status":"generated","div":"<div xmlns=\"http://www.w3.org/1999/xhtml\"><ul><li>Include all codes defined in <a href=\"CodeSystem-jp-medication-ingredientstrength-strengthtype-cs.html\"><code>http://jpfhir.jp/fhir/Common/CodeSystem/JP_MedicationIngredientStrengthStrengthType_CS</code></a></li></ul></div>"},"url":"http://jpfhir.jp/fhir/Common/ValueSet/JP_MedicationIngredientStrengthStrengthType_VS","version":"1.1.0a","name":"JP_MedicationIngredientStrengthStrengthType_VS","title":"JP Core Medication IngredientStrength StrengthType ValueSet","status":"draft","date":"2022-09-16T14:04:42+00:00","publisher":"FHIR Japanese implementation research working group in Japan Association of Medical Informatics (JAMI)","contact":[{"name":"FHIR Japanese implementation research working group in Japan Association of Medical Informatics (JAMI)","telecom":[{"system":"url","value":"http://jpfhir.jp"},{"system":"email","value":"office@hlfhir.jp"}]}],"description":"力価区分の値セット","jurisdiction":[{"coding":[{"system":"urn:iso:std:iso:3166","code":"JP"}]}],"copyright":"FHIR Japanese implementation research working group in Japan Association of Medical Informatics (JAMI)","compose":{"include":[{"system":"http://jpfhir.jp/fhir/Common/CodeSystem/JP_MedicationIngredientStrengthStrengthType_CS"}]}}