{"resourceType":"ValueSet","id":"jp-procedure-codes-dental-vs","text":{"status":"generated","div":"<div xmlns=\"http://www.w3.org/1999/xhtml\"><ul><li>Include all codes defined in <a href=\"CodeSystem-jp-procedure-codes-dental-cs.html\"><code>http://jpfhir.jp/fhir/Common/CodeSystem/JP_ProcedureCodesDental_CS</code></a></li></ul></div>"},"url":"http://jpfhir.jp/fhir/Common/ValueSet/JP_ProcedureCodesDental_VS","version":"1.1.0a","name":"JP_ProcedureCodesDental_VS","title":"JP Core Procedure Codes Dental ValueSet","status":"draft","date":"2022-09-02T14:35:52+00:00","publisher":"FHIR Japanese implementation research working group in Japan Association of Medical Informatics (JAMI)","contact":[{"name":"FHIR Japanese implementation research working group in Japan Association of Medical Informatics (JAMI)","telecom":[{"system":"url","value":"http://jpfhir.jp"},{"system":"email","value":"office@hlfhir.jp"}]}],"description":"処置のコード:歯科診療行為マスタの値セット","jurisdiction":[{"coding":[{"system":"urn:iso:std:iso:3166","code":"JP"}]}],"copyright":"FHIR Japanese implementation research working group in Japan Association of Medical Informatics (JAMI)","compose":{"include":[{"system":"http://jpfhir.jp/fhir/Common/CodeSystem/JP_ProcedureCodesDental_CS"}]}}