{
  "resourceType": "CodeSystem",
  "id": "jp-medication-example-line-cs",
  "text": {
    "status": "generated",
    "div": "<div xmlns=\"http://www.w3.org/1999/xhtml\"><p>This code system <code>http://jpfhir.jp/fhir/Examples/CodeSystem/JP_MedicationRequestDosageInstructionLine_CS</code> defines the following codes:</p><table class=\"codes\"><tr><td style=\"white-space:nowrap\"><b>Code</b></td><td><b>Display</b></td></tr><tr><td style=\"white-space:nowrap\">01<a name=\"jp-medication-example-line-cs-01\"> </a></td><td>末梢ルート</td></tr><tr><td style=\"white-space:nowrap\">02<a name=\"jp-medication-example-line-cs-02\"> </a></td><td>CVルート白</td></tr><tr><td style=\"white-space:nowrap\">03<a name=\"jp-medication-example-line-cs-03\"> </a></td><td>ダブルルーメン白</td></tr><tr><td style=\"white-space:nowrap\">04<a name=\"jp-medication-example-line-cs-04\"> </a></td><td>ダブルルーメン青</td></tr><tr><td style=\"white-space:nowrap\">05<a name=\"jp-medication-example-line-cs-05\"> </a></td><td>トリプルルーメン白</td></tr><tr><td style=\"white-space:nowrap\">06<a name=\"jp-medication-example-line-cs-06\"> </a></td><td>トリプルルーメン青</td></tr><tr><td style=\"white-space:nowrap\">07<a name=\"jp-medication-example-line-cs-07\"> </a></td><td>トリプルルーメン緑</td></tr><tr><td style=\"white-space:nowrap\">08<a name=\"jp-medication-example-line-cs-08\"> </a></td><td>スワンガンツー白</td></tr><tr><td style=\"white-space:nowrap\">09<a name=\"jp-medication-example-line-cs-09\"> </a></td><td>スワンガンツー青</td></tr><tr><td style=\"white-space:nowrap\">10<a name=\"jp-medication-example-line-cs-10\"> </a></td><td>スワンガンツー黄</td></tr><tr><td style=\"white-space:nowrap\">11<a name=\"jp-medication-example-line-cs-11\"> </a></td><td>ダブルルーメンカテ（HD)青</td></tr><tr><td style=\"white-space:nowrap\">12<a name=\"jp-medication-example-line-cs-12\"> </a></td><td>ダブルルーメンカテ（HD)赤</td></tr><tr><td style=\"white-space:nowrap\">13<a name=\"jp-medication-example-line-cs-13\"> </a></td><td>透析回路</td></tr><tr><td style=\"white-space:nowrap\">14<a name=\"jp-medication-example-line-cs-14\"> </a></td><td>硬膜外</td></tr><tr><td style=\"white-space:nowrap\">15<a name=\"jp-medication-example-line-cs-15\"> </a></td><td>動脈ライン</td></tr><tr><td style=\"white-space:nowrap\">16<a name=\"jp-medication-example-line-cs-16\"> </a></td><td>埋込型ｶﾃｰﾃﾙﾙｰﾄ</td></tr><tr><td style=\"white-space:nowrap\">17<a name=\"jp-medication-example-line-cs-17\"> </a></td><td>その他</td></tr></table></div>"
  },
  "url": "http://jpfhir.jp/fhir/Examples/CodeSystem/JP_MedicationRequestDosageInstructionLine_CS",
  "version": "1.1.0a",
  "name": "JP_MedicationExampleLine_CS",
  "title": "JP Core Medication Example Line CodeSystem",
  "status": "draft",
  "date": "2022-09-16T06:11:11+00:00",
  "publisher": "FHIR Japanese implementation research working group in Japan Association of Medical Informatics (JAMI)",
  "contact": [
    {
      "name": "FHIR Japanese implementation research working group in Japan Association of Medical Informatics (JAMI)",
      "telecom": [
        {
          "system": "url",
          "value": "http://jpfhir.jp"
        },
        {
          "system": "email",
          "value": "office@hlfhir.jp"
        }
      ]
    }
  ],
  "description": "投与ラインのコードシステム例",
  "jurisdiction": [
    {
      "coding": [
        {
          "system": "urn:iso:std:iso:3166",
          "code": "JP"
        }
      ]
    }
  ],
  "copyright": "FHIR Japanese implementation research working group in Japan Association of Medical Informatics (JAMI)",
  "caseSensitive": true,
  "valueSet": "http://jpfhir.jp/fhir/Examples/ValueSet/JP_MedicationRequestDosageInstructionLine_VS",
  "content": "complete",
  "count": 17,
  "concept": [
    {
      "code": "01",
      "display": "末梢ルート"
    },
    {
      "code": "02",
      "display": "CVルート白"
    },
    {
      "code": "03",
      "display": "ダブルルーメン白"
    },
    {
      "code": "04",
      "display": "ダブルルーメン青"
    },
    {
      "code": "05",
      "display": "トリプルルーメン白"
    },
    {
      "code": "06",
      "display": "トリプルルーメン青"
    },
    {
      "code": "07",
      "display": "トリプルルーメン緑"
    },
    {
      "code": "08",
      "display": "スワンガンツー白"
    },
    {
      "code": "09",
      "display": "スワンガンツー青"
    },
    {
      "code": "10",
      "display": "スワンガンツー黄"
    },
    {
      "code": "11",
      "display": "ダブルルーメンカテ（HD)青"
    },
    {
      "code": "12",
      "display": "ダブルルーメンカテ（HD)赤"
    },
    {
      "code": "13",
      "display": "透析回路"
    },
    {
      "code": "14",
      "display": "硬膜外"
    },
    {
      "code": "15",
      "display": "動脈ライン"
    },
    {
      "code": "16",
      "display": "埋込型ｶﾃｰﾃﾙﾙｰﾄ"
    },
    {
      "code": "17",
      "display": "その他"
    }
  ]
}