<?xml version="1.0" encoding="UTF-8"?>

<MedicationRequest xmlns="http://hl7.org/fhir">
  <id value="jp-medicationrequest-example-2"/>
  <meta>
    <profile value="http://jpfhir.jp/fhir/core/StructureDefinition/JP_MedicationRequest"/>
  </meta>
  <text>
    <status value="generated"/><div xmlns="http://www.w3.org/1999/xhtml"><p><b>Generated Narrative: MedicationRequest</b></p><div style="display: inline-block; background-color: #d9e0e7; padding: 6px; margin: 4px; border: 1px solid #8da1b4; border-radius: 5px; line-height: 60%"><p style="margin-bottom: 0px">Resource MedicationRequest "jp-medicationrequest-example-2" </p><p style="margin-bottom: 0px">Profile: <a href="StructureDefinition-jp-medicationrequest.html">JP Core MedicationRequest Profile</a></p></div><p><b>identifier</b>: id: 2, id: 2, id: 1234567890.1.2</p><p><b>status</b>: active</p><p><b>intent</b>: order</p><p><b>medication</b>: パンスポリンＴ錠１００ １００ｍｇ <span style="background: LightGoldenRodYellow; margin: 4px; border: 1px solid khaki"> (<a href="CodeSystem-jp-medication-code-hot9-cs.html">JP Core Medication HOT9 Code</a>#110626901)</span></p><p><b>subject</b>: <a href="Patient-jp-patient-example-1.html">Patient/jp-patient-example-1</a> " 山田"</p><p><b>authoredOn</b>: 2020-04-01 12:28:17+0900</p><blockquote><p><b>dispenseRequest</b></p><p><b>quantity</b>: 18 錠<span style="background: LightGoldenRodYellow"> (Details: urn:oid:1.2.392.100495.20.2.101 code TAB = '錠')</span></p></blockquote></div>
  </text>
  <identifier>
    <system value="urn:oid:1.2.392.100495.20.3.81"/>
    <value value="2"/>
  </identifier>
  <identifier>
    <system value="urn:oid:1.2.392.100495.20.3.82"/>
    <value value="2"/>
  </identifier>
  <identifier>
    <system value="http://jpfhir.jp/fhir/Common/IdSystem/resourceInstance-identifier"/>
    <value value="1234567890.1.2"/>
  </identifier>
  <status value="active"/>
  <intent value="order"/>
  <medicationCodeableConcept>
    <coding>
      <system value="urn:oid:1.2.392.200119.4.403.1"/>
      <code value="110626901"/>
      <display value="パンスポリンＴ錠１００ １００ｍｇ"/>
    </coding>
  </medicationCodeableConcept>
  <subject>
    <reference value="Patient/jp-patient-example-1"/>
  </subject>
  <authoredOn value="2020-04-01T12:28:17+09:00"/>
  <dosageInstruction>
    <extension url="http://jpfhir.jp/fhir/core/Extension/StructureDefinition/JP_MedicationRequest_DosageInstruction_PeriodOfUse">
      <valuePeriod>
        <start value="2020-04-01"/>
      </valuePeriod>
    </extension>
    <extension url="http://jpfhir.jp/fhir/core/Extension/StructureDefinition/JP_MedicationRequest_DosageInstruction_UsageDuration">
      <valueDuration>
        <value value="3"/>
        <unit value="日"/>
        <system value="http://unitsofmeasure.org"/>
        <code value="d"/>
      </valueDuration>
    </extension>
    <text value="内服・経口・１日３回朝昼夕食後"/>
    <timing>
      <code>
        <coding>
          <system value="urn:oid:1.2.392.200250.2.2.20.20"/>
          <code value="1013044400000000"/>
          <display value="内服・経口・１日３回朝昼夕食後"/>
        </coding>
      </code>
    </timing>
    <route>
      <coding>
        <system value="http://jpfhir.jp/fhir/Common/CodeSystem/route-codes"/>
        <code value="PO"/>
        <display value="口"/>
      </coding>
    </route>
    <method>
      <coding>
        <system value="urn:oid:1.2.392.200250.2.2.20.40"/>
        <code value="10"/>
        <display value="経口"/>
      </coding>
    </method>
    <doseAndRate>
      <type>
        <coding>
          <system value="urn:oid:1.2.392.100495.20.2.22"/>
          <code value="1"/>
          <display value="製剤量"/>
        </coding>
      </type>
      <doseQuantity>
        <value value="2"/>
        <unit value="錠"/>
        <system value="urn:oid:1.2.392.100495.20.2.101"/>
        <code value="TAB"/>
      </doseQuantity>
      <rateRatio>
        <numerator>
          <value value="6"/>
          <unit value="錠"/>
          <system value="urn:oid:1.2.392.100495.20.2.101"/>
          <code value="TAB"/>
        </numerator>
        <denominator>
          <value value="1"/>
          <unit value="日"/>
          <system value="http://unitsofmeasure.org"/>
          <code value="d"/>
        </denominator>
      </rateRatio>
    </doseAndRate>
  </dosageInstruction>
  <dispenseRequest>
    <quantity>
      <value value="18"/>
      <unit value="錠"/>
      <system value="urn:oid:1.2.392.100495.20.2.101"/>
      <code value="TAB"/>
    </quantity>
    <expectedSupplyDuration>
      <value value="3"/>
      <unit value="日"/>
      <system value="http://unitsofmeasure.org"/>
      <code value="d"/>
    </expectedSupplyDuration>
  </dispenseRequest>
</MedicationRequest>