<?xml version="1.0" encoding="UTF-8"?>

<CodeSystem xmlns="http://hl7.org/fhir">
  <id value="jp-observation-socialhistory-code-cs"/>
  <text>
    <status value="generated"/><div xmlns="http://www.w3.org/1999/xhtml"><p>This code system http://jpfhir.jp/fhir/Common/CodeSystem/JP_ObservationSocialHistoryCode_CS defines the following codes:</p><table class="codes"><tr><td style="white-space:nowrap"><b>Code</b></td><td><b>Display</b></td><td><b>Definition</b></td></tr><tr><td style="white-space:nowrap">MD0012770<a name="jp-observation-socialhistory-code-cs-MD0012770"> </a></td><td>出生地</td><td>出生地（都道府県、市町村名など）</td></tr><tr><td style="white-space:nowrap">MD0012780<a name="jp-observation-socialhistory-code-cs-MD0012780"> </a></td><td>主な居住地歴</td><td>居住地（都道府県、市町村名など）のリスト</td></tr><tr><td style="white-space:nowrap">MD0012790<a name="jp-observation-socialhistory-code-cs-MD0012790"> </a></td><td>家庭環境</td><td>家庭環境の記述</td></tr><tr><td style="white-space:nowrap">MD0012800<a name="jp-observation-socialhistory-code-cs-MD0012800"> </a></td><td>学業歴</td><td>最終学歴を表す文字列</td></tr><tr><td style="white-space:nowrap">MD0012810<a name="jp-observation-socialhistory-code-cs-MD0012810"> </a></td><td>職業歴</td><td>主な職業のリスト</td></tr><tr><td style="white-space:nowrap">MD0012820<a name="jp-observation-socialhistory-code-cs-MD0012820"> </a></td><td>化学物質.取り扱い歴</td><td>なし、または主たる取り扱い物質のリスト</td></tr><tr><td style="white-space:nowrap">MD0012830<a name="jp-observation-socialhistory-code-cs-MD0012830"> </a></td><td>放射線物質.取り扱い歴</td><td>なし、または主たる取り扱い物質のリスト</td></tr><tr><td style="white-space:nowrap">MD0012840<a name="jp-observation-socialhistory-code-cs-MD0012840"> </a></td><td>騒音環境</td><td>騒音環境</td></tr><tr><td style="white-space:nowrap">MD0012850<a name="jp-observation-socialhistory-code-cs-MD0012850"> </a></td><td>海外渡航歴</td><td>主な医学衛生学上特記すべき渡航地域のリスト</td></tr><tr><td style="white-space:nowrap">MD0012860<a name="jp-observation-socialhistory-code-cs-MD0012860"> </a></td><td>常用薬剤歴</td><td>主な常用薬剤名のリスト</td></tr><tr><td style="white-space:nowrap">MD0012870<a name="jp-observation-socialhistory-code-cs-MD0012870"> </a></td><td>喫煙歴.有無</td><td>過去の喫煙習慣の有無</td></tr><tr><td style="white-space:nowrap">MD0012880<a name="jp-observation-socialhistory-code-cs-MD0012880"> </a></td><td>現在の喫煙.有無</td><td>現在の喫煙習慣の有無</td></tr><tr><td style="white-space:nowrap">MD0012890<a name="jp-observation-socialhistory-code-cs-MD0012890"> </a></td><td>喫煙種類区分</td><td>主要な喫煙の種類</td></tr><tr><td style="white-space:nowrap">MD0012900<a name="jp-observation-socialhistory-code-cs-MD0012900"> </a></td><td>１日の喫煙本数</td><td>1日の喫煙本数（喫煙の種類についての）</td></tr><tr><td style="white-space:nowrap">MD0012910<a name="jp-observation-socialhistory-code-cs-MD0012910"> </a></td><td>通算喫煙年数</td><td>通算の喫煙年数</td></tr><tr><td style="white-space:nowrap">MD0012920<a name="jp-observation-socialhistory-code-cs-MD0012920"> </a></td><td>喫煙指数</td><td>BrickmanIndex</td></tr><tr><td style="white-space:nowrap">MD0012930<a name="jp-observation-socialhistory-code-cs-MD0012930"> </a></td><td>飲酒歴.有無</td><td>過去の飲酒習慣の有無</td></tr><tr><td style="white-space:nowrap">MD0012940<a name="jp-observation-socialhistory-code-cs-MD0012940"> </a></td><td>現在の飲酒.有無</td><td>現在の飲酒習慣の有無</td></tr><tr><td style="white-space:nowrap">MD0012950<a name="jp-observation-socialhistory-code-cs-MD0012950"> </a></td><td>飲酒の種類区分</td><td>主な飲酒の種類</td></tr><tr><td style="white-space:nowrap">MD0012960<a name="jp-observation-socialhistory-code-cs-MD0012960"> </a></td><td>１日の飲酒量</td><td>1日のアルコール換算摂取量（ｍｌ）</td></tr><tr><td style="white-space:nowrap">MD0012970<a name="jp-observation-socialhistory-code-cs-MD0012970"> </a></td><td>通算飲酒年数</td><td>おおよその通算飲酒年数</td></tr><tr><td style="white-space:nowrap">MD0012980<a name="jp-observation-socialhistory-code-cs-MD0012980"> </a></td><td>嗜好品</td><td>嗜好品のリスト</td></tr><tr><td style="white-space:nowrap">MD0012990<a name="jp-observation-socialhistory-code-cs-MD0012990"> </a></td><td>生活習慣</td><td>特記すべき生活習慣のリスト</td></tr><tr><td style="white-space:nowrap">MD0013000<a name="jp-observation-socialhistory-code-cs-MD0013000"> </a></td><td>性格</td><td>特記すべき性格のリスト</td></tr><tr><td style="white-space:nowrap">MD0013020<a name="jp-observation-socialhistory-code-cs-MD0013020"> </a></td><td>趣味</td><td>特記すべき趣味のリスト</td></tr></table></div>
  </text>
  <url value="http://jpfhir.jp/fhir/Common/CodeSystem/JP_ObservationSocialHistoryCode_CS"/>
  <version value="1.1.0a"/>
  <name value="JP_ObservationSocialHistoryCode_CS"/>
  <title value="JP Core Observation SocialHistory Code CodeSystem"/>
  <status value="draft"/>
  <date value="2022-09-01T01:05:53+00:00"/>
  <publisher value="FHIR Japanese implementation research working group in Japan Association of Medical Informatics (JAMI)"/>
  <contact>
    <name value="FHIR Japanese implementation research working group in Japan Association of Medical Informatics (JAMI)"/>
    <telecom>
      <system value="url"/>
      <value value="http://jpfhir.jp"/>
    </telecom>
    <telecom>
      <system value="email"/>
      <value value="office@hlfhir.jp"/>
    </telecom>
  </contact>
  <description value="Observation（生活背景）で使用する項目コード、電子保存された診療録情報の交換のためのデータ項目セット([https://www2.medis.or.jp/master/jmix/file/tab1.pdf](https://www2.medis.or.jp/master/jmix/file/tab1.pdf))にて定義される"/>
  <jurisdiction>
    <coding>
      <system value="urn:iso:std:iso:3166"/>
      <code value="JP"/>
    </coding>
  </jurisdiction>
  <copyright value="FHIR Japanese implementation research working group in Japan Association of Medical Informatics (JAMI)"/>
  <caseSensitive value="true"/>
  <valueSet value="http://jpfhir.jp/fhir/Common/ValueSet/JP_ObservationSocialHistoryCode_VS"/>
  <content value="complete"/>
  <count value="25"/>
  <concept>
    <code value="MD0012770"/>
    <display value="出生地"/>
    <definition value="出生地（都道府県、市町村名など）"/>
  </concept>
  <concept>
    <code value="MD0012780"/>
    <display value="主な居住地歴"/>
    <definition value="居住地（都道府県、市町村名など）のリスト"/>
  </concept>
  <concept>
    <code value="MD0012790"/>
    <display value="家庭環境"/>
    <definition value="家庭環境の記述"/>
  </concept>
  <concept>
    <code value="MD0012800"/>
    <display value="学業歴"/>
    <definition value="最終学歴を表す文字列"/>
  </concept>
  <concept>
    <code value="MD0012810"/>
    <display value="職業歴"/>
    <definition value="主な職業のリスト"/>
  </concept>
  <concept>
    <code value="MD0012820"/>
    <display value="化学物質.取り扱い歴"/>
    <definition value="なし、または主たる取り扱い物質のリスト"/>
  </concept>
  <concept>
    <code value="MD0012830"/>
    <display value="放射線物質.取り扱い歴"/>
    <definition value="なし、または主たる取り扱い物質のリスト"/>
  </concept>
  <concept>
    <code value="MD0012840"/>
    <display value="騒音環境"/>
    <definition value="騒音環境"/>
  </concept>
  <concept>
    <code value="MD0012850"/>
    <display value="海外渡航歴"/>
    <definition value="主な医学衛生学上特記すべき渡航地域のリスト"/>
  </concept>
  <concept>
    <code value="MD0012860"/>
    <display value="常用薬剤歴"/>
    <definition value="主な常用薬剤名のリスト"/>
  </concept>
  <concept>
    <code value="MD0012870"/>
    <display value="喫煙歴.有無"/>
    <definition value="過去の喫煙習慣の有無"/>
  </concept>
  <concept>
    <code value="MD0012880"/>
    <display value="現在の喫煙.有無"/>
    <definition value="現在の喫煙習慣の有無"/>
  </concept>
  <concept>
    <code value="MD0012890"/>
    <display value="喫煙種類区分"/>
    <definition value="主要な喫煙の種類"/>
  </concept>
  <concept>
    <code value="MD0012900"/>
    <display value="１日の喫煙本数"/>
    <definition value="1日の喫煙本数（喫煙の種類についての）"/>
  </concept>
  <concept>
    <code value="MD0012910"/>
    <display value="通算喫煙年数"/>
    <definition value="通算の喫煙年数"/>
  </concept>
  <concept>
    <code value="MD0012920"/>
    <display value="喫煙指数"/>
    <definition value="BrickmanIndex"/>
  </concept>
  <concept>
    <code value="MD0012930"/>
    <display value="飲酒歴.有無"/>
    <definition value="過去の飲酒習慣の有無"/>
  </concept>
  <concept>
    <code value="MD0012940"/>
    <display value="現在の飲酒.有無"/>
    <definition value="現在の飲酒習慣の有無"/>
  </concept>
  <concept>
    <code value="MD0012950"/>
    <display value="飲酒の種類区分"/>
    <definition value="主な飲酒の種類"/>
  </concept>
  <concept>
    <code value="MD0012960"/>
    <display value="１日の飲酒量"/>
    <definition value="1日のアルコール換算摂取量（ｍｌ）"/>
  </concept>
  <concept>
    <code value="MD0012970"/>
    <display value="通算飲酒年数"/>
    <definition value="おおよその通算飲酒年数"/>
  </concept>
  <concept>
    <code value="MD0012980"/>
    <display value="嗜好品"/>
    <definition value="嗜好品のリスト"/>
  </concept>
  <concept>
    <code value="MD0012990"/>
    <display value="生活習慣"/>
    <definition value="特記すべき生活習慣のリスト"/>
  </concept>
  <concept>
    <code value="MD0013000"/>
    <display value="性格"/>
    <definition value="特記すべき性格のリスト"/>
  </concept>
  <concept>
    <code value="MD0013020"/>
    <display value="趣味"/>
    <definition value="特記すべき趣味のリスト"/>
  </concept>
</CodeSystem>