{"resourceType":"CodeSystem","id":"jp-allergyintolerance-codes-cs","text":{"status":"generated","div":"<div xmlns=\"http://www.w3.org/1999/xhtml\"><p>This code system http://jpfhir.jp/fhir/Common/CodeSystem/JP_AllergyIntoleranceCodes_CS defines the following codes:</p><table class=\"codes\"><tr><td style=\"white-space:nowrap\"><b>Code</b></td><td><b>Display</b></td></tr><tr><td style=\"white-space:nowrap\">J7F7111190<a name=\"jp-allergyintolerance-codes-cs-J7F7111190\"> </a></td><td>さば類</td></tr></table></div>"},"url":"http://jpfhir.jp/fhir/Common/CodeSystem/JP_AllergyIntoleranceCodes_CS","version":"1.1.0a","name":"JP_AllergyIntoleranceCodes_CS","title":"JP AllergyIntolerance Code","status":"draft","date":"2022-05-22T06:47:55+00:00","publisher":"FHIR Japanese implementation research working group in Japan Association of Medical Informatics (JAMI)","contact":[{"name":"FHIR Japanese implementation research working group in Japan Association of Medical Informatics (JAMI)","telecom":[{"system":"url","value":"http://jpfhir.jp"},{"system":"email","value":"office@hlfhir.jp"}]}],"description":"AllergyIntoleranceのアレルギー物質、食品のコード J-FAGGY","jurisdiction":[{"coding":[{"system":"urn:iso:std:iso:3166","code":"JP"}]}],"copyright":"FHIR Japanese implementation research working group in Japan Association of Medical Informatics (JAMI)","caseSensitive":true,"content":"complete","count":1,"concept":[{"code":"J7F7111190","display":"さば類"}]}