<?xml version="1.0" encoding="UTF-8"?>

<CodeSystem xmlns="http://hl7.org/fhir">
  <id value="jp-procedure-category-codes-cs"/>
  <text>
    <status value="generated"/><div xmlns="http://www.w3.org/1999/xhtml"><p>This code system http://jpfhir.jp/fhir/Common/CodeSystem/JP_ProcedureCategoryCodes_CS defines the following codes:</p><table class="codes"><tr><td style="white-space:nowrap"><b>Code</b></td><td><b>Display</b></td></tr><tr><td style="white-space:nowrap">JPPCC001<a name="jp-procedure-category-codes-cs-JPPCC001"> </a></td><td>精神療法</td></tr><tr><td style="white-space:nowrap">JPPCC002<a name="jp-procedure-category-codes-cs-JPPCC002"> </a></td><td>カウンセリング</td></tr><tr><td style="white-space:nowrap">JPPCC003<a name="jp-procedure-category-codes-cs-JPPCC003"> </a></td><td>教育</td></tr><tr><td style="white-space:nowrap">JPPCC004<a name="jp-procedure-category-codes-cs-JPPCC004"> </a></td><td>外科的処置</td></tr><tr><td style="white-space:nowrap">JPPCC005<a name="jp-procedure-category-codes-cs-JPPCC005"> </a></td><td>診断的処置</td></tr><tr><td style="white-space:nowrap">JPPCC006<a name="jp-procedure-category-codes-cs-JPPCC006"> </a></td><td>カイロプラクティック</td></tr><tr><td style="white-space:nowrap">JPPCC007<a name="jp-procedure-category-codes-cs-JPPCC007"> </a></td><td>社会サービス介入</td></tr></table></div>
  </text>
  <url value="http://jpfhir.jp/fhir/Common/CodeSystem/JP_ProcedureCategoryCodes_CS"/>
  <version value="1.1.0a"/>
  <name value="JP_ProcedureCategoryCodes_CS"/>
  <title value="JP Core Procedure Category Codes"/>
  <status value="draft"/>
  <date value="2022-08-05T11:01:29+00:00"/>
  <publisher value="FHIR Japanese implementation research working group in Japan Association of Medical Informatics (JAMI)"/>
  <contact>
    <name value="FHIR Japanese implementation research working group in Japan Association of Medical Informatics (JAMI)"/>
    <telecom>
      <system value="url"/>
      <value value="http://jpfhir.jp"/>
    </telecom>
    <telecom>
      <system value="email"/>
      <value value="office@hlfhir.jp"/>
    </telecom>
  </contact>
  <description value="処置のカテゴリを示すコードのコードシステム"/>
  <jurisdiction>
    <coding>
      <system value="urn:iso:std:iso:3166"/>
      <code value="JP"/>
    </coding>
  </jurisdiction>
  <copyright value="FHIR Japanese implementation research working group in Japan Association of Medical Informatics (JAMI)"/>
  <caseSensitive value="true"/>
  <content value="complete"/>
  <count value="7"/>
  <concept>
    <code value="JPPCC001"/>
    <display value="精神療法"/>
  </concept>
  <concept>
    <code value="JPPCC002"/>
    <display value="カウンセリング"/>
  </concept>
  <concept>
    <code value="JPPCC003"/>
    <display value="教育"/>
  </concept>
  <concept>
    <code value="JPPCC004"/>
    <display value="外科的処置"/>
  </concept>
  <concept>
    <code value="JPPCC005"/>
    <display value="診断的処置"/>
  </concept>
  <concept>
    <code value="JPPCC006"/>
    <display value="カイロプラクティック"/>
  </concept>
  <concept>
    <code value="JPPCC007"/>
    <display value="社会サービス介入"/>
  </concept>
</CodeSystem>