"Id","Path","Slice Name","Alias(s)","Label","Min","Max","Must Support?","Is Modifier?","Is Summary?","Type(s)","Short","Definition","Comments","Requirements","Default Value","Meaning When Missing","Fixed Value","Pattern","Example","Minimum Value","Maximum Value","Maximum Length","Binding Strength","Binding Description","Binding Value Set","Code","Slicing Discriminator","Slicing Description","Slicing Ordered","Slicing Rules","Base Path","Base Min","Base Max","Condition(s)","Constraint(s)","Mapping: Workflow Pattern","Mapping: HL7 v2 Mapping","Mapping: RIM Mapping","Mapping: FiveWs Pattern Mapping","Mapping: CDA (R2)"
"Immunization","Immunization","","","",0,*,"","","","null {[]} {[]}
","予防接種","ワクチンを接種したときの記録，あるいは予防接種について患者や医療従事者などが報告した記録。","","","","","","","","","",,,,,"",,,,"Immunization",0,*,"","dom-2:リソースが別のリソースに含まれている場合、ネストされたリソースを含めてはなりません / If the resource is contained in another resource, it SHALL NOT contain nested Resources {contained.contained.empty()}
dom-3:リソースが別のリソースに含まれている場合、それはリソースの他の場所から参照されるか、含有リソースを参照するものとします / If the resource is contained in another resource, it SHALL be referred to from elsewhere in the resource or SHALL refer to the containing resource {contained.where((('#'+id in (%resource.descendants().reference | %resource.descendants().as(canonical) | %resource.descendants().as(uri) | %resource.descendants().as(url))) or descendants().where(reference = '#').exists() or descendants().where(as(canonical) = '#').exists() or descendants().where(as(canonical) = '#').exists()).not()).trace('unmatched', id).empty()}dom-4:リソースが別のリソースに含まれている場合、meta.versionidまたはmeta.lastupdatedを持たないものとします / If a resource is contained in another resource, it SHALL NOT have a meta.versionId or a meta.lastUpdated {contained.meta.versionId.empty() and contained.meta.lastUpdated.empty()}dom-5:別のリソースにリソースが含まれている場合、セキュリティラベルはありません / If a resource is contained in another resource, it SHALL NOT have a security label {contained.meta.security.empty()}dom-6:リソースには、堅牢な管理のための叙述(Narative)が必要です / A resource should have narrative for robust management {text.`div`.exists()}","Event","VXU_V04","Entity. Role, or Act","SubstanceAdministration"
"Immunization.id","Immunization.id","","","",0,1,"","","Y","id {[]} {[]}
","このResourceに対する論理ID","リソースのURLで使用されるリソースの論理ID。割り当てられたら、この値は変更されません。 / The logical id of the resource, as used in the URL for the resource. Once assigned, this value never changes.","リソースにIDがないのは、IDが作成操作を使用してサーバーに送信されている場合です。 / The only time that a resource does not have an id is when it is being submitted to the server using a create operation.","","","","","","","","",,,,,"",,,,"Resource.id",0,1,"",""
"Immunization.meta","Immunization.meta","","","",0,1,"","","Y","Meta {[]} {[]}
","リソースに関するメタデータ / Metadata about the resource","リソースに関するメタデータ。これは、インフラストラクチャによって維持されるコンテンツです。コンテンツの変更は、常にリソースのバージョンの変更に関連付けられているとは限りません。 / The metadata about the resource. This is content that is maintained by the infrastructure. Changes to the content might not always be associated with version changes to the resource.","","","","","","","","","",,,,,"",,,,"Resource.meta",0,1,"","ele-1:すべてのFHIR要素には、@valueまたは子供が必要です / All FHIR elements must have a @value or children {hasValue() or (children().count() > id.count())}
"
"Immunization.implicitRules","Immunization.implicitRules","","","",0,1,"","Y","Y","uri {[]} {[]}
","このコンテンツが作成されたルールのセット / A set of rules under which this content was created","リソースが構築されたときに従った一連のルールへの参照。コンテンツの処理時に理解する必要があります。多くの場合、これは他のプロファイルなどとともに特別なルールを定義する実装ガイドへの参照です。 / A reference to a set of rules that were followed when the resource was constructed, and which must be understood when processing the content. Often, this is a reference to an implementation guide that defines the special rules along with other profiles etc.","このルールセットを主張することは、コンテンツが限られた取引パートナーのセットによってのみ理解されることを制限します。これにより、本質的に長期的にデータの有用性が制限されます。ただし、既存の健康エコシステムは非常に破壊されており、一般的に計算可能な意味でデータを定義、収集、交換する準備ができていません。可能な限り、実装者や仕様ライターはこの要素の使用を避ける必要があります。多くの場合、使用する場合、URLは、これらの特別なルールを他のプロファイル、バリューセットなどとともに叙述(Narative)の一部として定義する実装ガイドへの参照です。 / Asserting this rule set restricts the content to be only understood by a limited set of trading partners. This inherently limits the usefulness of the data in the long term. However, the existing health eco-system is highly fractured, and not yet ready to define, collect, and exchange data in a generally computable sense. Wherever possible, implementers and/or specification writers should avoid using this element. Often, when used, the URL is a reference to an implementation guide that defines these special rules as part of it's narrative along with other profiles, value sets, etc.","","","","","","","","",,,,,"",,,,"Resource.implicitRules",0,1,"","ele-1:すべてのFHIR要素には、@valueまたは子供が必要です / All FHIR elements must have a @value or children {hasValue() or (children().count() > id.count())}
"
"Immunization.language","Immunization.language","","","",0,1,"","","","code {[]} {[]}
","リソースコンテンツの言語 / Language of the resource content","リソースが書かれている基本言語。 / The base language in which the resource is written.","言語は、インデックス作成とアクセシビリティをサポートするために提供されます（通常、テキストから音声までのサービスなどのサービスが言語タグを使用します）。叙述(Narative)のHTML言語タグは、叙述(Narative)に適用されます。リソース上の言語タグを使用して、リソース内のデータから生成された他のプレゼンテーションの言語を指定できます。すべてのコンテンツが基本言語である必要はありません。リソース。言語は、叙述(Narative)に自動的に適用されると想定されるべきではありません。言語が指定されている場合、HTMLのDIV要素にも指定されている場合（XML：LangとHTML Lang属性の関係については、HTML5のルールを参照してください）。 / Language is provided to support indexing and accessibility (typically, services such as text to speech use the language tag). The html language tag in the narrative applies  to the narrative. The language tag on the resource may be used to specify the language of other presentations generated from the data in the resource. Not all the content has to be in the base language. The Resource.language should not be assumed to apply to the narrative automatically. If a language is specified, it should it also be specified on the div element in the html (see rules in HTML5 for information about the relationship between xml:lang and the html lang attribute).","","","","","","","","",,"preferred","人間の言語。 / A human language.","http://hl7.org/fhir/ValueSet/languages","",,,,"Resource.language",0,1,"","ele-1:すべてのFHIR要素には、@valueまたは子供が必要です / All FHIR elements must have a @value or children {hasValue() or (children().count() > id.count())}
"
"Immunization.text","Immunization.text","","narrative
htmlxhtmldisplay","",0,1,"","","","Narrative {[]} {[]}
","人間の解釈のためのリソースのテキスト概要 / Text summary of the resource, for human interpretation","リソースの概要を含み、人間へのリソースの内容を表すために使用できる人間の読み取り可能な叙述(Narative)。叙述(Narative)はすべての構造化されたデータをエンコードする必要はありませんが、人間が叙述(Narative)を読むだけで「臨床的に安全」にするために十分な詳細を含める必要があります。リソースの定義は、臨床的安全を確保するために、叙述(Narative)で表現するコンテンツを定義する場合があります。 / A human-readable narrative that contains a summary of the resource and can be used to represent the content of the resource to a human. The narrative need not encode all the structured data, but is required to contain sufficient detail to make it ""clinically safe"" for a human to just read the narrative. Resource definitions may define what content should be represented in the narrative to ensure clinical safety.","含まれるリソースには叙述(Narative)がありません。含まれていないリソースには叙述(Narative)が必要です。場合によっては、リソースには、追加の個別のデータがほとんどまたはまったくないテキストのみがあります（すべてのMinoccur = 1要素が満たされている限り）。これは、情報がtext blob (バイナリー ラージ オブジェクト)としてキャプチャされるレガシーシステムからのデータ、またはテキストが生またはナレーションされ、エンコードされた情報が後で追加される場合に必要になる場合があります。 / Contained resources do not have narrative. Resources that are not contained SHOULD have a narrative. In some cases, a resource may only have text with little or no additional discrete data (as long as all minOccurs=1 elements are satisfied).  This may be necessary for data from legacy systems where information is captured as a ""text blob"" or where text is additionally entered raw or narrated and encoded information is added later.","","","","","","","","",,,,,"",,,,"DomainResource.text",0,1,"","ele-1:すべてのFHIR要素には、@valueまたは子供が必要です / All FHIR elements must have a @value or children {hasValue() or (children().count() > id.count())}
","Act.text?"
"Immunization.contained","Immunization.contained","","inline resources
anonymous resourcescontained resources","",0,*,"","","","Resource {[]} {[]}
","インラインリソースが含まれています / Contained, inline Resources","これらのリソースには、それらを含むリソースを除いて独立した存在はありません - 独立して特定することはできず、独自の独立したトランザクションスコープを持つこともできません。 / These resources do not have an independent existence apart from the resource that contains them - they cannot be identified independently, and nor can they have their own independent transaction scope.","識別が失われると、コンテンツを適切に識別できる場合は、これを行うべきではありません。含まれるリソースには、メタ要素にプロファイルとタグがある場合がありますが、セキュリティラベルはありません。 / This should never be done when the content can be identified properly, as once identification is lost, it is extremely difficult (and context dependent) to restore it again. Contained resources may have profiles and tags In their meta elements, but SHALL NOT have security labels.","","","","","","","","",,,,,"",,,,"DomainResource.contained",0,*,"","","N/A"
"Immunization.extension","Immunization.extension","","","",0,*,"","","","Extension {[]} {[]}
","Extension","An Extension","","","","","","","","","",,,,,"","value:url}
","",,"open","DomainResource.extension",0,*,"","ele-1:すべてのFHIR要素には、@valueまたは子供が必要です / All FHIR elements must have a @value or children {hasValue() or (children().count() > id.count())}
ext-1:両方ではなく、拡張または値[x]が必要です / Must have either extensions or value[x], not both {extension.exists() != value.exists()}"
"Immunization.extension:dueDateOfNextDose","Immunization.extension","dueDateOfNextDose","","",0,1,"","","","Extension {[CanonicalType[http://jpfhir.jp/fhir/core/Extension/StructureDefinition/JP_Immunization_DueDateOfNextDose]]} {[]}
","次回接種予定日","次回接種を予定している日、期限","","","","","","","","","",,,,,"",,,,"DomainResource.extension",0,*,"ele-1
","ele-1:すべてのFHIR要素には、@valueまたは子供が必要です / All FHIR elements must have a @value or children {hasValue() or (children().count() > id.count())}
ext-1:両方ではなく、拡張または値[x]が必要です / Must have either extensions or value[x], not both {extension.exists() != value.exists()}"
"Immunization.extension:manufacturedDate","Immunization.extension","manufacturedDate","","",0,1,"","","","Extension {[CanonicalType[http://jpfhir.jp/fhir/core/Extension/StructureDefinition/JP_Immunization_ManufacturedDate]]} {[]}
","製造年月日","ワクチンが製造された年月日","","","","","","","","","",,,,,"",,,,"DomainResource.extension",0,*,"ele-1
","ele-1:すべてのFHIR要素には、@valueまたは子供が必要です / All FHIR elements must have a @value or children {hasValue() or (children().count() > id.count())}
ext-1:両方ではなく、拡張または値[x]が必要です / Must have either extensions or value[x], not both {extension.exists() != value.exists()}"
"Immunization.extension:certificatedDate","Immunization.extension","certificatedDate","","",0,1,"","","","Extension {[CanonicalType[http://jpfhir.jp/fhir/core/Extension/StructureDefinition/JP_Immunization_CertificatedDate]]} {[]}
","検定年月日","ワクチンが検定された年月日","","","","","","","","","",,,,,"",,,,"DomainResource.extension",0,*,"ele-1
","ele-1:すべてのFHIR要素には、@valueまたは子供が必要です / All FHIR elements must have a @value or children {hasValue() or (children().count() > id.count())}
ext-1:両方ではなく、拡張または値[x]が必要です / Must have either extensions or value[x], not both {extension.exists() != value.exists()}"
"Immunization.modifierExtension","Immunization.modifierExtension","","extensions
user content","",0,*,"","Y","","Extension {[]} {[]}
","無視できない拡張機能 / Extensions that cannot be ignored","リソースの基本的な定義の一部ではなく、それを含む要素の理解および/または含有要素の子孫の理解を変更するために使用される場合があります。通常、修飾子要素は否定または資格を提供します。拡張機能を安全で管理しやすくするために、拡張機能の定義と使用に適用される厳格なガバナンスセットがあります。実装者は拡張機能を定義することが許可されていますが、拡張機能の定義の一部として満たされる一連の要件があります。アプリケーションの処理リソースは、修飾子拡張機能をチェックする必要があります。

モディファイア拡張は、リソースまたはdomainResource上の要素の意味を変更してはなりません（修飾軸自体の意味を変更することはできません）。 / May be used to represent additional information that is not part of the basic definition of the resource and that modifies the understanding of the element that contains it and/or the understanding of the containing element's descendants. Usually modifier elements provide negation or qualification. To make the use of extensions safe and manageable, there is a strict set of governance applied to the definition and use of extensions. Though any implementer is allowed to define an extension, there is a set of requirements that SHALL be met as part of the definition of the extension. Applications processing a resource are required to check for modifier extensions.

Modifier extensions SHALL NOT change the meaning of any elements on Resource or DomainResource (including cannot change the meaning of modifierExtension itself).","拡張機能を使用または定義する機関や管轄権に関係なく、アプリケーション、プロジェクト、または標準による拡張機能の使用に関連するスティグマはありません。拡張機能の使用は、FHIR仕様がすべての人にコアレベルのシンプルさを保持できるようにするものです。 / There can be no stigma associated with the use of extensions by any application, project, or standard - regardless of the institution or jurisdiction that uses or defines the extensions.  The use of extensions is what allows the FHIR specification to retain a core level of simplicity for everyone.","修飾子拡張機能により、安全に無視できる大部分の拡張機能と明確に区別できるように、安全に無視できない拡張機能が可能になります。これにより、実装者が拡張の存在を禁止する必要性を排除することにより、相互運用性が促進されます。詳細については、[修飾子拡張の定義]（拡張性.html＃modifierextension）を参照してください。 / Modifier extensions allow for extensions that *cannot* be safely ignored to be clearly distinguished from the vast majority of extensions which can be safely ignored.  This promotes interoperability by eliminating the need for implementers to prohibit the presence of extensions. For further information, see the [definition of modifier extensions](http://hl7.org/fhir/R4/extensibility.html#modifierExtension).","","","","","","","",,,,,"",,,,"DomainResource.modifierExtension",0,*,"","ele-1:すべてのFHIR要素には、@valueまたは子供が必要です / All FHIR elements must have a @value or children {hasValue() or (children().count() > id.count())}
ext-1:両方ではなく、拡張または値[x]が必要です / Must have either extensions or value[x], not both {extension.exists() != value.exists()}","N/A"
"Immunization.identifier","Immunization.identifier","","","",0,*,"","","","Identifier {[]} {[]}
","ビジネス識別子 / Business identifier","この予防接種記録に割り当てられた一意の識別子。 / A unique identifier assigned to this immunization record.","","","","","","","","","",,,,,"",,,,"Immunization.identifier",0,*,"","ele-1:すべてのFHIR要素には、@valueまたは子供が必要です / All FHIR elements must have a @value or children {hasValue() or (children().count() > id.count())}
","Event.identifier",".id","FiveWs.identifier","ClinicalDocument/component/StructuredBody/component/section/entry/substanceAdministration/id"
"Immunization.status","Immunization.status","","","",1,1,"","Y","Y","code {[]} {[]}
","完了|エラーに入った|まだ完成してない / completed | entered-in-error | not-done","予防接種記録の現在の状態を示すコード","通常、予防接種が完了したか、行われていないことを示すように設定されます。この要素は、リソースを現在有効ではないとマークするコードが含まれているため、修飾子としてラベル付けされています。 / Will generally be set to show that the immunization has been completed or not done.  This element is labeled as a modifier because the status contains codes that mark the resource as not currently valid.","","","","","","","","",,"required","予防接種の現在の状態を表すコード","http://hl7.org/fhir/ValueSet/immunization-status|4.0.1","",,,,"Immunization.status",1,1,"","ele-1:すべてのFHIR要素には、@valueまたは子供が必要です / All FHIR elements must have a @value or children {hasValue() or (children().count() > id.count())}
","Event.status","statusCode","FiveWs.status"
"Immunization.statusReason","Immunization.statusReason","","","",0,1,"","","","CodeableConcept {[]} {[]}
","実施しなかった理由","予防接種イベントが実行されなかった理由を示します。 / Indicates the reason the immunization event was not performed.","これは通常、「Not-Done」のステータスにのみ使用されます。予防接種イベントを実行する理由は、ここではなくReasonCodeでキャプチャされます。 / This is generally only used for the status of ""not-done"". The reason for performing the immunization event is captured in reasonCode, not here.","","","","","","","","",,"example","ワクチンが投与されなかった理由。 / The reason why a vaccine was not administered.","http://hl7.org/fhir/ValueSet/immunization-status-reason","",,,,"Immunization.statusReason",0,1,"","ele-1:すべてのFHIR要素には、@valueまたは子供が必要です / All FHIR elements must have a @value or children {hasValue() or (children().count() > id.count())}
","Event.statusReason",".inboundRelationship[typeCode=SUBJ].source[classCode=CACT, moodCode=EVN].reasonCOde"
"Immunization.vaccineCode","Immunization.vaccineCode","","","",1,1,"","","Y","CodeableConcept {[]} {[]}
","接種されたワクチン製剤","接種されたあるいは接種予定のワクチン。","全てのターミノロジがこのパターンに当てはまるわけではない。モデルによってはCodeableConceptではなく，独自構造でCodingを直接指定して文書やコーディング，その解釈や事前条件や事後条件との関連について示される。","","","","","","","","",,"preferred","","http://jpfhir.jp/fhir/core/ValueSet/JP_MedicationCode_Immunization_VS","",,,,"Immunization.vaccineCode",1,1,"","ele-1:すべてのFHIR要素には、@valueまたは子供が必要です / All FHIR elements must have a @value or children {hasValue() or (children().count() > id.count())}
","Event.code","RXA-5",".code","FiveWs.what[x]","ClinicalDocument/component/StructuredBody/component/section/entry/substanceAdministration/consumable/manfacturedProduct/manufacturedMaterial/realmCode/code"
"Immunization.patient","Immunization.patient","","","",1,1,"","","Y","Reference {[]} {[CanonicalType[http://jpfhir.jp/fhir/core/StructureDefinition/JP_Patient]]}
","予防接種を受けた人","予防接種を受けた，あるいは受けなかった患者。","","","","","","","","","",,,,,"",,,,"Immunization.patient",1,1,"","ele-1:すべてのFHIR要素には、@valueまたは子供が必要です / All FHIR elements must have a @value or children {hasValue() or (children().count() > id.count())}
","Event.subject","PID-3",".partipication[ttypeCode=].role","FiveWs.subject[x]","FiveWs.subject"
"Immunization.encounter","Immunization.encounter","","","",0,1,"","","","Reference {[]} {[CanonicalType[http://jpfhir.jp/fhir/core/StructureDefinition/JP_Encounter]]}
","予防接種を受けた診察","患者が医療従事者から予防接種を受けた外来，入院あるいは他の対面の状態を表す。","","","","","","","","","",,,,,"",,,,"Immunization.encounter",0,1,"","ele-1:すべてのFHIR要素には、@valueまたは子供が必要です / All FHIR elements must have a @value or children {hasValue() or (children().count() > id.count())}
","Event.context","PV1-19","component->EncounterEvent","FiveWs.context"
"Immunization.occurrence[x]","Immunization.occurrence[x]","","","",1,1,"","","Y","dateTime {[]} {[]}
string {[]} {[]}","ワクチンを接種した日時","ワクチンを接種した日あるいは接種予定だった日。","予防接種が与えられた場合、特定の日付と時間を常に把握する必要があります。予防接種が患者を報告する場合、特定の日付はわからないかもしれません。部分的な日付は許可されていますが、成人患者は小児期の予防接種が与えられた年を思い出すことができないかもしれません。正確な日付は常に望ましいですが、正確な日付が不明な場合、文字列データ型の使用は許容されます。少数のワクチン（たとえば、生きた経口腸チフスワクチンなど）は、一連の患者の自己投与量として、期間にわたって投与されます。このような場合、多くの場合、最初の用量（通常はプロバイダーの監督付き用量）のみが、最初の用量の日付/時刻を示す発生で記録されます。 / When immunizations are given a specific date and time should always be known.   When immunizations are patient reported, a specific date might not be known.  Although partial dates are allowed, an adult patient might not be able to recall the year a childhood immunization was given. An exact date is always preferable, but the use of the String data type is acceptable when an exact date is not known. A small number of vaccines (e.g. live oral typhoid vaccine) are given as a series of patient self-administered dose over a span of time. In cases like this, often, only the first dose (typically a provider supervised dose) is recorded with the occurrence indicating the date/time of the first dose.","","","","","","","","",,,,,"",,,,"Immunization.occurrence[x]",1,1,"","ele-1:すべてのFHIR要素には、@valueまたは子供が必要です / All FHIR elements must have a @value or children {hasValue() or (children().count() > id.count())}
","Event.occurrence[x]","RXA-3",".effectiveTime","FiveWs.done[x]","ClinicalDocument/component/StructuredBody/component/section/entry/substanceAdministration/effectiveTime/value"
"Immunization.recorded","Immunization.recorded","","","",0,1,"","","","dateTime {[]} {[]}
","予防接種を受けた対象者の記録として最初に記載された日","予防接種の発生の日付は、最初に記録に記録されました - イベントの発生後には潜在的に大幅に。 / The date the occurrence of the immunization was first captured in the record - potentially significantly after the occurrence of the event.","","","","","","","","","",,,,,"",,,,"Immunization.recorded",0,1,"","ele-1:すべてのFHIR要素には、@valueまたは子供が必要です / All FHIR elements must have a @value or children {hasValue() or (children().count() > id.count())}
",".participation[typeCode=AUT].time","FiveWs.recorded"
"Immunization.primarySource","Immunization.primarySource","","","",0,1,"","","Y","boolean {[]} {[]}
","データが記録されたコンテキストを示します / Indicates context the data was recorded in","記録の内容は、ワクチンを投与した人からの情報に基づいていることを示しています。これは、データが最初に記録されたコンテキストを反映しています。 / An indication that the content of the record is based on information from the person who administered the vaccine. This reflects the context under which the data was originally recorded.","コンテンツの「信頼性」を反映しています。 / Reflects the “reliability” of the content.","","","","","","","","",,,,,"",,,,"Immunization.primarySource",0,1,"","ele-1:すべてのFHIR要素には、@valueまたは子供が必要です / All FHIR elements must have a @value or children {hasValue() or (children().count() > id.count())}
","RXA-9","immunization.uncertaintycode (if primary source=false, uncertainty=U)","FiveWs.source"
"Immunization.reportOrigin","Immunization.reportOrigin","","","",0,1,"","","","CodeableConcept {[]} {[]}
","二次的に報告された記録の発生源を示す","予防接種を実施した時に，ワクチンを接種した人以外からの報告からの情報である場合のデータの発生源。","PrimarySource = trueの場合、PrimarySource = falseであっても必須ではありません。 / Should not be populated if primarySource = True, not required even if primarySource = False.","","","","","","","","",,"example","主要なソースからのものではないレコードのデータのソース。 / The source of the data for a record which is not from a primary source.","http://hl7.org/fhir/ValueSet/immunization-origin","",,,,"Immunization.reportOrigin",0,1,"","ele-1:すべてのFHIR要素には、@valueまたは子供が必要です / All FHIR elements must have a @value or children {hasValue() or (children().count() > id.count())}
","RXA-9",".participation[typeCode=INF].role[classCode=PAT] (this syntax for self-reported) .participation[typeCode=INF].role[classCode=LIC] (this syntax for health care professional) .participation[typeCode=INF].role[classCode=PRS] (this syntax for family member)","FiveWs.source"
"Immunization.location","Immunization.location","","","",0,1,"","","","Reference {[]} {[CanonicalType[http://jpfhir.jp/fhir/core/StructureDefinition/JP_Location]]}
","ワクチンを接種した場所","接種医療機関。ワクチン接種がどこで実施されたかを表す。サービスが提供された場所。摂取された身体部位ではない。","","","","","","","","","",,,,,"",,,,"Immunization.location",0,1,"","ele-1:すべてのFHIR要素には、@valueまたは子供が必要です / All FHIR elements must have a @value or children {hasValue() or (children().count() > id.count())}
","Event.location","RXA-27  (or RXA-11, deprecated as of v2.7)",".participation[typeCode=LOC].COCT_MT240000UV","FiveWs.where[x]"
"Immunization.manufacturer","Immunization.manufacturer","","","",0,1,"","","","Reference {[]} {[CanonicalType[http://jpfhir.jp/fhir/core/StructureDefinition/JP_Organization]]}
","ワクチンメーカー","ワクチメーカーの名前。","","","","","","","","","",,,,,"",,,,"Immunization.manufacturer",0,1,"","ele-1:すべてのFHIR要素には、@valueまたは子供が必要です / All FHIR elements must have a @value or children {hasValue() or (children().count() > id.count())}
","RXA-17",".participation[typeCode=CSM].role[classCode=INST].scopedRole.scoper[classCode=ORG]","ClinicalDocument/component/StructuredBody/component/section/entry/substanceAdministration/consumable/manfacturedProduct/manufacuturerOrganization/name"
"Immunization.lotNumber","Immunization.lotNumber","","","",0,1,"","","","string {[]} {[]}
","ワクチンのロット番号","ワクチン製剤のロット番号。","","","","","","","","","",,,,,"",,,,"Immunization.lotNumber",0,1,"","ele-1:すべてのFHIR要素には、@valueまたは子供が必要です / All FHIR elements must have a @value or children {hasValue() or (children().count() > id.count())}
","RXA-15",".participation[typeCode=CSM].role[classCode=INST].scopedRole.scoper[classCode=MMAT].id","ClinicalDocument/component/StructuredBody/component/section/entry/substanceAdministration/consumable/manfacturedProduct/manufacturedMaterial/lotNumberText"
"Immunization.expirationDate","Immunization.expirationDate","","","",0,1,"","","","date {[]} {[]}
","ワクチンの使用期限","ワクチンの消費期限を表す日。","","","","","","","","","",,,,,"",,,,"Immunization.expirationDate",0,1,"","ele-1:すべてのFHIR要素には、@valueまたは子供が必要です / All FHIR elements must have a @value or children {hasValue() or (children().count() > id.count())}
","RXA-16",".participation[typeCode=CSM].role[classCode=INST].scopedRole.scoper[classCode=MMAT].expirationTime"
"Immunization.site","Immunization.site","","","",0,1,"","","","CodeableConcept {[]} {[]}
","ワクチンが接種された身体部位","ワクチンが接種された身体部位","","","","","","","","","",,"example","ワクチンが投与されたサイト。 / The site at which the vaccine was administered.","http://hl7.org/fhir/ValueSet/immunization-site","",,,,"Immunization.site",0,1,"","ele-1:すべてのFHIR要素には、@valueまたは子供が必要です / All FHIR elements must have a @value or children {hasValue() or (children().count() > id.count())}
","RXR-2","observation.targetSiteCode","ClinicalDocument/component/StructuredBody/component/section/entry/substanceAdministration/approachSiteCode/code"
"Immunization.route","Immunization.route","","","",0,1,"","","","CodeableConcept {[]} {[]}
","ワクチンを接種した経路","ワクチンが体内へと接種された経路。","","","","","","","","","",,"example","ワクチンが投与されたルート。 / The route by which the vaccine was administered.","http://hl7.org/fhir/ValueSet/immunization-route","",,,,"Immunization.route",0,1,"","ele-1:すべてのFHIR要素には、@valueまたは子供が必要です / All FHIR elements must have a @value or children {hasValue() or (children().count() > id.count())}
","RXR-1",".routeCode","ClinicalDocument/component/StructuredBody/component/section/entry/substanceAdministration/routeCode/code"
"Immunization.doseQuantity","Immunization.doseQuantity","","","",0,1,"","","","Quantity {[CanonicalType[http://jpfhir.jp/fhir/core/StructureDefinition/JP_MedicationSimpleQuantity]]} {[]}
","ワクチンの投与量","ワクチン製剤が接種された量","薬剤に関する簡易的な数量と単位を定めている。ValueおよびCodeを必須とし、comparatorは記述不可。単位についてはMERIT9医薬品単位略号の利用を推進している。(**SHOULD**)","","","","","","","","",,,,,"",,,,"Immunization.doseQuantity",0,1,"ele-1
","ele-1:すべてのFHIR要素には、@valueまたは子供が必要です / All FHIR elements must have a @value or children {hasValue() or (children().count() > id.count())}
qty-3:ユニットのコードが存在する場合、システムも存在するものとします / If a code for the unit is present, the system SHALL also be present {code.empty() or system.exists()}sqty-1:コンパレータは、単純なQuantityで使用されません / The comparator is not used on a SimpleQuantity {comparator.empty()}","SN (see also Range) or CQ","n/a","PQ, IVL<PQ>, MO, CO, depending on the values"
"Immunization.performer","Immunization.performer","","","",0,*,"","","Y","BackboneElement {[]} {[]}
","ワクチン接種を実施した人","誰が予防接種を実施したかを表す。","","","","","","","","","",,,,,"",,,,"Immunization.performer",0,*,"","ele-1:すべてのFHIR要素には、@valueまたは子供が必要です / All FHIR elements must have a @value or children {hasValue() or (children().count() > id.count())}
","Event.performer","ORC-12 / RXA-10",".participation[typeCode=PRF].role[scoper.determinerCode=INSTANCE]"
"Immunization.performer.id","Immunization.performer.id","","","",0,1,"","","","string {[]} {[]}
","要素間参照のための一意のID / Unique id for inter-element referencing","リソース内の要素の一意のID（内部参照用）。これは、スペースを含まない文字列値である場合があります。 / Unique id for the element within a resource (for internal references). This may be any string value that does not contain spaces.","","","","","","","","","",,,,,"",,,,"Element.id",0,1,"","","n/a"
"Immunization.performer.extension","Immunization.performer.extension","","extensions
user content","",0,*,"","","","Extension {[]} {[]}
","実装で定義された追加のコンテンツ / Additional content defined by implementations","要素の基本的な定義の一部ではない追加情報を表すために使用できます。拡張機能を安全で管理しやすくするために、拡張機能の定義と使用に適用される厳格なガバナンスセットがあります。実装者は拡張機能を定義できますが、拡張機能の定義の一部として満たされる一連の要件があります。 / May be used to represent additional information that is not part of the basic definition of the element. To make the use of extensions safe and manageable, there is a strict set of governance  applied to the definition and use of extensions. Though any implementer can define an extension, there is a set of requirements that SHALL be met as part of the definition of the extension.","拡張機能を使用または定義する機関や管轄権に関係なく、アプリケーション、プロジェクト、または標準による拡張機能の使用に関連するスティグマはありません。拡張機能の使用は、FHIR仕様がすべての人にコアレベルのシンプルさを保持できるようにするものです。 / There can be no stigma associated with the use of extensions by any application, project, or standard - regardless of the institution or jurisdiction that uses or defines the extensions.  The use of extensions is what allows the FHIR specification to retain a core level of simplicity for everyone.","","","","","","","","",,,,,"",,,,"Element.extension",0,*,"","ele-1:すべてのFHIR要素には、@valueまたは子供が必要です / All FHIR elements must have a @value or children {hasValue() or (children().count() > id.count())}
ext-1:両方ではなく、拡張または値[x]が必要です / Must have either extensions or value[x], not both {extension.exists() != value.exists()}","n/a"
"Immunization.performer.modifierExtension","Immunization.performer.modifierExtension","","extensions
user contentmodifiers","",0,*,"","Y","Y","Extension {[]} {[]}
","認識されていなくても無視できない拡張機能 / Extensions that cannot be ignored even if unrecognized","要素の基本的な定義の一部ではなく、それが含まれている要素の理解、および/または含まれる要素の子孫の理解を変更するために使用される場合があります。通常、修飾子要素は否定または資格を提供します。拡張機能を安全で管理しやすくするために、拡張機能の定義と使用に適用される厳格なガバナンスセットがあります。実装者は拡張機能を定義できますが、拡張機能の定義の一部として満たされる一連の要件があります。アプリケーションの処理リソースは、修飾子拡張機能をチェックする必要があります。

モディファイア拡張は、リソースまたはdomainResource上の要素の意味を変更してはなりません（修飾軸自体の意味を変更することはできません）。 / May be used to represent additional information that is not part of the basic definition of the element and that modifies the understanding of the element in which it is contained and/or the understanding of the containing element's descendants. Usually modifier elements provide negation or qualification. To make the use of extensions safe and manageable, there is a strict set of governance applied to the definition and use of extensions. Though any implementer can define an extension, there is a set of requirements that SHALL be met as part of the definition of the extension. Applications processing a resource are required to check for modifier extensions.

Modifier extensions SHALL NOT change the meaning of any elements on Resource or DomainResource (including cannot change the meaning of modifierExtension itself).","拡張機能を使用または定義する機関や管轄権に関係なく、アプリケーション、プロジェクト、または標準による拡張機能の使用に関連するスティグマはありません。拡張機能の使用は、FHIR仕様がすべての人にコアレベルのシンプルさを保持できるようにするものです。 / There can be no stigma associated with the use of extensions by any application, project, or standard - regardless of the institution or jurisdiction that uses or defines the extensions.  The use of extensions is what allows the FHIR specification to retain a core level of simplicity for everyone.","修飾子拡張機能により、安全に無視できる大部分の拡張機能と明確に区別できるように、安全に無視できない拡張機能が可能になります。これにより、実装者が拡張の存在を禁止する必要性を排除することにより、相互運用性が促進されます。詳細については、[修飾子拡張の定義]（拡張性.html＃modifierextension）を参照してください。 / Modifier extensions allow for extensions that *cannot* be safely ignored to be clearly distinguished from the vast majority of extensions which can be safely ignored.  This promotes interoperability by eliminating the need for implementers to prohibit the presence of extensions. For further information, see the [definition of modifier extensions](http://hl7.org/fhir/R4/extensibility.html#modifierExtension).","","","","","","","",,,,,"",,,,"BackboneElement.modifierExtension",0,*,"","ele-1:すべてのFHIR要素には、@valueまたは子供が必要です / All FHIR elements must have a @value or children {hasValue() or (children().count() > id.count())}
ext-1:両方ではなく、拡張または値[x]が必要です / Must have either extensions or value[x], not both {extension.exists() != value.exists()}","N/A"
"Immunization.performer.function","Immunization.performer.function","","","",0,1,"","","Y","CodeableConcept {[]} {[]}
","どのような種類のパフォーマンスが行われました / What type of performance was done","パフォーマンスの種類（例：プロバイダーの注文、プロバイダーの管理など）について説明します。 / Describes the type of performance (e.g. ordering provider, administering provider, etc.).","","","","","","","","","",,"extensible","予防接種イベントで開業医または組織が果たす役割。 / The role a practitioner or organization plays in the immunization event.","http://hl7.org/fhir/ValueSet/immunization-function","",,,,"Immunization.performer.function",0,1,"","ele-1:すべてのFHIR要素には、@valueまたは子供が必要です / All FHIR elements must have a @value or children {hasValue() or (children().count() > id.count())}
","Event.performer.function",".participation.functionCode"
"Immunization.performer.actor","Immunization.performer.actor","","","",1,1,"","","Y","Reference {[]} {[CanonicalType[http://jpfhir.jp/fhir/core/StructureDefinition/JP_Practitioner], CanonicalType[http://jpfhir.jp/fhir/core/StructureDefinition/JP_PractitionerRole], CanonicalType[http://jpfhir.jp/fhir/core/StructureDefinition/JP_Organization]]}
","演奏していた個人または組織 / Individual or organization who was performing","アクションを実行した開業医または組織。 / The practitioner or organization who performed the action.","アクションを実行した個々の開業医が知られている場合、送信するのが最善です。 / When the individual practitioner who performed the action is known, it is best to send.","","","","","","","","",,,,,"",,,,"Immunization.performer.actor",1,1,"","ele-1:すべてのFHIR要素には、@valueまたは子供が必要です / All FHIR elements must have a @value or children {hasValue() or (children().count() > id.count())}
","Event.performer.actor",".player","FiveWs.actor"
"Immunization.note","Immunization.note","","","",0,*,"","","Y","Annotation {[]} {[]}
","予防接種についての補足的記録","他の属性で伝達することができない予防接種に関する他の記録。","","","","","","","","","",,,,,"",,,,"Immunization.note",0,*,"","ele-1:すべてのFHIR要素には、@valueまたは子供が必要です / All FHIR elements must have a @value or children {hasValue() or (children().count() > id.count())}
","Event.note","OBX-5 : OBX-3 = 48767-8","note"
"Immunization.reasonCode","Immunization.reasonCode","","","",0,*,"","","","CodeableConcept {[]} {[]}
","予防接種を接種した理由","予防接種が行われた理由","","","","","","","","","",,"example","ワクチンが投与された理由。 / The reason why a vaccine was administered.","http://hl7.org/fhir/ValueSet/immunization-reason","",,,,"Immunization.reasonCode",0,*,"","ele-1:すべてのFHIR要素には、@valueまたは子供が必要です / All FHIR elements must have a @value or children {hasValue() or (children().count() > id.count())}
","Event.reasonCode","[actionNegationInd=false].reasonCode"
"Immunization.reasonReference","Immunization.reasonReference","","","",0,*,"","","","Reference {[]} {[CanonicalType[http://hl7.org/fhir/StructureDefinition/Condition], CanonicalType[http://hl7.org/fhir/StructureDefinition/Observation], CanonicalType[http://hl7.org/fhir/StructureDefinition/DiagnosticReport]]}
","予防接種を実施した理由","予防接種が実施された理由を表すCondition，ObservationあるいはDiagnosticReportリソースを参照する。","","","","","","","","","",,,,,"",,,,"Immunization.reasonReference",0,*,"","ele-1:すべてのFHIR要素には、@valueまたは子供が必要です / All FHIR elements must have a @value or children {hasValue() or (children().count() > id.count())}
","Event.reasonReference","N/A"
"Immunization.isSubpotent","Immunization.isSubpotent","","","",0,1,"","Y","Y","boolean {[]} {[]}
","効力量","量が通常の効力より弱いと考えられているかどうかを示す。デフォルトでは示されている量と同等の効力をもつと考えられている。","通常、投与後の線量であるための用量の認識は遡及的です（管理後の製造業者のリコールの通知）。ただし、部分的な投与の場合（患者は予期せず動き、いくつかの投与量のみが実際に投与されます）、サブポテンシーはすぐに認識される場合がありますが、イベントを記録することは依然として重要です。 / Typically, the recognition of the dose being sub-potent is retrospective, after the administration (ex. notification of a manufacturer recall after administration). However, in the case of a partial administration (the patient moves unexpectedly and only some of the dose is actually administered), subpotency may be recognized immediately, but it is still important to record the event.","","","デフォルトでは、用量は強力であると見なされる必要があります。 / By default, a dose should be considered to be potent.","","","","","",,,,,"",,,,"Immunization.isSubpotent",0,1,"","ele-1:すべてのFHIR要素には、@valueまたは子供が必要です / All FHIR elements must have a @value or children {hasValue() or (children().count() > id.count())}
","RXA-20 = PA (partial administration)","N/A"
"Immunization.subpotentReason","Immunization.subpotentReason","","","",0,*,"","","","CodeableConcept {[]} {[]}
","効力が減弱する理由","効力が減弱すると考えられている理由。","","","","","","","","","",,"example","用量がサブポテントと見なされる理由。 / The reason why a dose is considered to be subpotent.","http://hl7.org/fhir/ValueSet/immunization-subpotent-reason","",,,,"Immunization.subpotentReason",0,*,"","ele-1:すべてのFHIR要素には、@valueまたは子供が必要です / All FHIR elements must have a @value or children {hasValue() or (children().count() > id.count())}
","N/A"
"Immunization.education","Immunization.education","","","",0,*,"","","","BackboneElement {[]} {[]}
","患者に提示された教材","ワクチンを接種するときに患者（あるいは保護者）に提示された教材。","","","","","","","","","",,,,,"",,,,"Immunization.education",0,*,"","ele-1:すべてのFHIR要素には、@valueまたは子供が必要です / All FHIR elements must have a @value or children {hasValue() or (children().count() > id.count())}
imm-1:DocumentTypeまたは参照の1つが存在するものとします / One of documentType or reference SHALL be present {documentType.exists() or reference.exists()}","N/A"
"Immunization.education.id","Immunization.education.id","","","",0,1,"","","","string {[]} {[]}
","要素間参照のための一意のID / Unique id for inter-element referencing","リソース内の要素の一意のID（内部参照用）。これは、スペースを含まない文字列値である場合があります。 / Unique id for the element within a resource (for internal references). This may be any string value that does not contain spaces.","","","","","","","","","",,,,,"",,,,"Element.id",0,1,"","","n/a"
"Immunization.education.extension","Immunization.education.extension","","extensions
user content","",0,*,"","","","Extension {[]} {[]}
","実装で定義された追加のコンテンツ / Additional content defined by implementations","要素の基本的な定義の一部ではない追加情報を表すために使用できます。拡張機能を安全で管理しやすくするために、拡張機能の定義と使用に適用される厳格なガバナンスセットがあります。実装者は拡張機能を定義できますが、拡張機能の定義の一部として満たされる一連の要件があります。 / May be used to represent additional information that is not part of the basic definition of the element. To make the use of extensions safe and manageable, there is a strict set of governance  applied to the definition and use of extensions. Though any implementer can define an extension, there is a set of requirements that SHALL be met as part of the definition of the extension.","拡張機能を使用または定義する機関や管轄権に関係なく、アプリケーション、プロジェクト、または標準による拡張機能の使用に関連するスティグマはありません。拡張機能の使用は、FHIR仕様がすべての人にコアレベルのシンプルさを保持できるようにするものです。 / There can be no stigma associated with the use of extensions by any application, project, or standard - regardless of the institution or jurisdiction that uses or defines the extensions.  The use of extensions is what allows the FHIR specification to retain a core level of simplicity for everyone.","","","","","","","","",,,,,"",,,,"Element.extension",0,*,"","ele-1:すべてのFHIR要素には、@valueまたは子供が必要です / All FHIR elements must have a @value or children {hasValue() or (children().count() > id.count())}
ext-1:両方ではなく、拡張または値[x]が必要です / Must have either extensions or value[x], not both {extension.exists() != value.exists()}","n/a"
"Immunization.education.modifierExtension","Immunization.education.modifierExtension","","extensions
user contentmodifiers","",0,*,"","Y","Y","Extension {[]} {[]}
","認識されていなくても無視できない拡張機能 / Extensions that cannot be ignored even if unrecognized","要素の基本的な定義の一部ではなく、それが含まれている要素の理解、および/または含まれる要素の子孫の理解を変更するために使用される場合があります。通常、修飾子要素は否定または資格を提供します。拡張機能を安全で管理しやすくするために、拡張機能の定義と使用に適用される厳格なガバナンスセットがあります。実装者は拡張機能を定義できますが、拡張機能の定義の一部として満たされる一連の要件があります。アプリケーションの処理リソースは、修飾子拡張機能をチェックする必要があります。

モディファイア拡張は、リソースまたはdomainResource上の要素の意味を変更してはなりません（修飾軸自体の意味を変更することはできません）。 / May be used to represent additional information that is not part of the basic definition of the element and that modifies the understanding of the element in which it is contained and/or the understanding of the containing element's descendants. Usually modifier elements provide negation or qualification. To make the use of extensions safe and manageable, there is a strict set of governance applied to the definition and use of extensions. Though any implementer can define an extension, there is a set of requirements that SHALL be met as part of the definition of the extension. Applications processing a resource are required to check for modifier extensions.

Modifier extensions SHALL NOT change the meaning of any elements on Resource or DomainResource (including cannot change the meaning of modifierExtension itself).","拡張機能を使用または定義する機関や管轄権に関係なく、アプリケーション、プロジェクト、または標準による拡張機能の使用に関連するスティグマはありません。拡張機能の使用は、FHIR仕様がすべての人にコアレベルのシンプルさを保持できるようにするものです。 / There can be no stigma associated with the use of extensions by any application, project, or standard - regardless of the institution or jurisdiction that uses or defines the extensions.  The use of extensions is what allows the FHIR specification to retain a core level of simplicity for everyone.","修飾子拡張機能により、安全に無視できる大部分の拡張機能と明確に区別できるように、安全に無視できない拡張機能が可能になります。これにより、実装者が拡張の存在を禁止する必要性を排除することにより、相互運用性が促進されます。詳細については、[修飾子拡張の定義]（拡張性.html＃modifierextension）を参照してください。 / Modifier extensions allow for extensions that *cannot* be safely ignored to be clearly distinguished from the vast majority of extensions which can be safely ignored.  This promotes interoperability by eliminating the need for implementers to prohibit the presence of extensions. For further information, see the [definition of modifier extensions](http://hl7.org/fhir/R4/extensibility.html#modifierExtension).","","","","","","","",,,,,"",,,,"BackboneElement.modifierExtension",0,*,"","ele-1:すべてのFHIR要素には、@valueまたは子供が必要です / All FHIR elements must have a @value or children {hasValue() or (children().count() > id.count())}
ext-1:両方ではなく、拡張または値[x]が必要です / Must have either extensions or value[x], not both {extension.exists() != value.exists()}","N/A"
"Immunization.education.documentType","Immunization.education.documentType","","","",0,1,"","","","string {[]} {[]}
","教育資料文書識別子 / Educational material document identifier","患者に提示された材料の識別子。 / Identifier of the material presented to the patient.","","","","","","","","","",,,,,"",,,,"Immunization.education.documentType",0,1,"","ele-1:すべてのFHIR要素には、@valueまたは子供が必要です / All FHIR elements must have a @value or children {hasValue() or (children().count() > id.count())}
","OBX-5 : OBX-3 = 69764-9","N/A"
"Immunization.education.reference","Immunization.education.reference","","","",0,1,"","","","uri {[]} {[]}
","教育資料の参照ポインター / Educational material reference pointer","情報がオンラインであった場合、患者に与えられた教育資料を参照してください。 / Reference pointer to the educational material given to the patient if the information was on line.","","","","","","","","","",,,,,"",,,,"Immunization.education.reference",0,1,"","ele-1:すべてのFHIR要素には、@valueまたは子供が必要です / All FHIR elements must have a @value or children {hasValue() or (children().count() > id.count())}
","N/A"
"Immunization.education.publicationDate","Immunization.education.publicationDate","","","",0,1,"","","","dateTime {[]} {[]}
","教育資料の出版日 / Educational material publication date","日付教育資料が公開されました。 / Date the educational material was published.","","","","","","","","","",,,,,"",,,,"Immunization.education.publicationDate",0,1,"","ele-1:すべてのFHIR要素には、@valueまたは子供が必要です / All FHIR elements must have a @value or children {hasValue() or (children().count() > id.count())}
","OBX-5 : OBX-3 = 29768-9","N/A"
"Immunization.education.presentationDate","Immunization.education.presentationDate","","","",0,1,"","","","dateTime {[]} {[]}
","教育資料の提示日 / Educational material presentation date","日付患者に教育資料が与えられました。 / Date the educational material was given to the patient.","","","","","","","","","",,,,,"",,,,"Immunization.education.presentationDate",0,1,"","ele-1:すべてのFHIR要素には、@valueまたは子供が必要です / All FHIR elements must have a @value or children {hasValue() or (children().count() > id.count())}
","OBX-5 : OBX-3 = 29769-7","N/A"
"Immunization.programEligibility","Immunization.programEligibility","","","",0,*,"","","","CodeableConcept {[]} {[]}
","ワクチン接種計画での患者適格性","ワクチン接種計画での患者適格性を示す","","","","","","","","","",,"example","患者の予防接種プログラムの適格性。 / The patient's eligibility for a vaccation program.","http://hl7.org/fhir/ValueSet/immunization-program-eligibility","",,,,"Immunization.programEligibility",0,*,"","ele-1:すべてのFHIR要素には、@valueまたは子供が必要です / All FHIR elements must have a @value or children {hasValue() or (children().count() > id.count())}
","OBX-5 : OBX-3 = 64994-7","N/A"
"Immunization.fundingSource","Immunization.fundingSource","","","",0,1,"","","","CodeableConcept {[]} {[]}
","ワクチン接種計画のの資金源","ワクチンが実際に接種されるときの資金源を示す。これは患者適格性（たとえば，公的に購入されたワクチンには適格性があるが，在庫の問題で私的資金で購入されたワクチンを投与するような場合）とは異なることがある。","","","","","","","","","",,"example","投与されたワクチンの購入に使用される資金源。 / The source of funding used to purchase the vaccine administered.","http://hl7.org/fhir/ValueSet/immunization-funding-source","",,,,"Immunization.fundingSource",0,1,"","ele-1:すべてのFHIR要素には、@valueまたは子供が必要です / All FHIR elements must have a @value or children {hasValue() or (children().count() > id.count())}
","N/A"
"Immunization.reaction","Immunization.reaction","","","",0,*,"","","","BackboneElement {[]} {[]}
","予防接種後に起こった反応についての詳細な記録","予防接種に関連する時期に発生した副反応を示す分類されたデータ。","反応はアレルギーまたは不耐性の兆候である可能性があり、これが事実であると判断された場合、ほとんどのシステムは過去の免疫要素に対して照会しないため、新しいアレルギー耐性リソースインスタンスとして記録する必要があります。 / A reaction may be an indication of an allergy or intolerance and, if this is determined to be the case, it should be recorded as a new AllergyIntolerance resource instance as most systems will not query against past Immunization.reaction elements.","","","","","","","","",,,,,"",,,,"Immunization.reaction",0,*,"","ele-1:すべてのFHIR要素には、@valueまたは子供が必要です / All FHIR elements must have a @value or children {hasValue() or (children().count() > id.count())}
","OBX-3","Observation[classCode=obs].code"
"Immunization.reaction.id","Immunization.reaction.id","","","",0,1,"","","","string {[]} {[]}
","要素間参照のための一意のID / Unique id for inter-element referencing","リソース内の要素の一意のID（内部参照用）。これは、スペースを含まない文字列値である場合があります。 / Unique id for the element within a resource (for internal references). This may be any string value that does not contain spaces.","","","","","","","","","",,,,,"",,,,"Element.id",0,1,"","","n/a"
"Immunization.reaction.extension","Immunization.reaction.extension","","extensions
user content","",0,*,"","","","Extension {[]} {[]}
","実装で定義された追加のコンテンツ / Additional content defined by implementations","要素の基本的な定義の一部ではない追加情報を表すために使用できます。拡張機能を安全で管理しやすくするために、拡張機能の定義と使用に適用される厳格なガバナンスセットがあります。実装者は拡張機能を定義できますが、拡張機能の定義の一部として満たされる一連の要件があります。 / May be used to represent additional information that is not part of the basic definition of the element. To make the use of extensions safe and manageable, there is a strict set of governance  applied to the definition and use of extensions. Though any implementer can define an extension, there is a set of requirements that SHALL be met as part of the definition of the extension.","拡張機能を使用または定義する機関や管轄権に関係なく、アプリケーション、プロジェクト、または標準による拡張機能の使用に関連するスティグマはありません。拡張機能の使用は、FHIR仕様がすべての人にコアレベルのシンプルさを保持できるようにするものです。 / There can be no stigma associated with the use of extensions by any application, project, or standard - regardless of the institution or jurisdiction that uses or defines the extensions.  The use of extensions is what allows the FHIR specification to retain a core level of simplicity for everyone.","","","","","","","","",,,,,"",,,,"Element.extension",0,*,"","ele-1:すべてのFHIR要素には、@valueまたは子供が必要です / All FHIR elements must have a @value or children {hasValue() or (children().count() > id.count())}
ext-1:両方ではなく、拡張または値[x]が必要です / Must have either extensions or value[x], not both {extension.exists() != value.exists()}","n/a"
"Immunization.reaction.modifierExtension","Immunization.reaction.modifierExtension","","extensions
user contentmodifiers","",0,*,"","Y","Y","Extension {[]} {[]}
","認識されていなくても無視できない拡張機能 / Extensions that cannot be ignored even if unrecognized","要素の基本的な定義の一部ではなく、それが含まれている要素の理解、および/または含まれる要素の子孫の理解を変更するために使用される場合があります。通常、修飾子要素は否定または資格を提供します。拡張機能を安全で管理しやすくするために、拡張機能の定義と使用に適用される厳格なガバナンスセットがあります。実装者は拡張機能を定義できますが、拡張機能の定義の一部として満たされる一連の要件があります。アプリケーションの処理リソースは、修飾子拡張機能をチェックする必要があります。

モディファイア拡張は、リソースまたはdomainResource上の要素の意味を変更してはなりません（修飾軸自体の意味を変更することはできません）。 / May be used to represent additional information that is not part of the basic definition of the element and that modifies the understanding of the element in which it is contained and/or the understanding of the containing element's descendants. Usually modifier elements provide negation or qualification. To make the use of extensions safe and manageable, there is a strict set of governance applied to the definition and use of extensions. Though any implementer can define an extension, there is a set of requirements that SHALL be met as part of the definition of the extension. Applications processing a resource are required to check for modifier extensions.

Modifier extensions SHALL NOT change the meaning of any elements on Resource or DomainResource (including cannot change the meaning of modifierExtension itself).","拡張機能を使用または定義する機関や管轄権に関係なく、アプリケーション、プロジェクト、または標準による拡張機能の使用に関連するスティグマはありません。拡張機能の使用は、FHIR仕様がすべての人にコアレベルのシンプルさを保持できるようにするものです。 / There can be no stigma associated with the use of extensions by any application, project, or standard - regardless of the institution or jurisdiction that uses or defines the extensions.  The use of extensions is what allows the FHIR specification to retain a core level of simplicity for everyone.","修飾子拡張機能により、安全に無視できる大部分の拡張機能と明確に区別できるように、安全に無視できない拡張機能が可能になります。これにより、実装者が拡張の存在を禁止する必要性を排除することにより、相互運用性が促進されます。詳細については、[修飾子拡張の定義]（拡張性.html＃modifierextension）を参照してください。 / Modifier extensions allow for extensions that *cannot* be safely ignored to be clearly distinguished from the vast majority of extensions which can be safely ignored.  This promotes interoperability by eliminating the need for implementers to prohibit the presence of extensions. For further information, see the [definition of modifier extensions](http://hl7.org/fhir/R4/extensibility.html#modifierExtension).","","","","","","","",,,,,"",,,,"BackboneElement.modifierExtension",0,*,"","ele-1:すべてのFHIR要素には、@valueまたは子供が必要です / All FHIR elements must have a @value or children {hasValue() or (children().count() > id.count())}
ext-1:両方ではなく、拡張または値[x]が必要です / Must have either extensions or value[x], not both {extension.exists() != value.exists()}","N/A"
"Immunization.reaction.date","Immunization.reaction.date","","","",0,1,"","","","dateTime {[]} {[]}
","反応が始まったとき / When reaction started","予防接種に対する反応日。 / Date of reaction to the immunization.","","","","","","","","","",,,,,"",,,,"Immunization.reaction.date",0,1,"","ele-1:すべてのFHIR要素には、@valueまたは子供が必要です / All FHIR elements must have a @value or children {hasValue() or (children().count() > id.count())}
","OBX-14 (ideally this would be reported in an IAM segment, but IAM is not part of the HL7 v2 VXU message - most likely would appear in OBX segments if at all)",".effectiveTime"
"Immunization.reaction.detail","Immunization.reaction.detail","","","",0,1,"","","","Reference {[]} {[CanonicalType[http://hl7.org/fhir/StructureDefinition/Observation]]}
","反応に関する追加情報 / Additional information on reaction","反応の詳細。 / Details of the reaction.","","","","","","","","","",,,,,"",,,,"Immunization.reaction.detail",0,1,"","ele-1:すべてのFHIR要素には、@valueまたは子供が必要です / All FHIR elements must have a @value or children {hasValue() or (children().count() > id.count())}
","OBX-5",".value"
"Immunization.reaction.reported","Immunization.reaction.reported","","","",0,1,"","","","boolean {[]} {[]}
","自己申告による反応を示します / Indicates self-reported reaction","自己報告インジケーター。 / Self-reported indicator.","","","","","","","","","",,,,,"",,,,"Immunization.reaction.reported",0,1,"","ele-1:すべてのFHIR要素には、@valueまたは子供が必要です / All FHIR elements must have a @value or children {hasValue() or (children().count() > id.count())}
","(HL7 v2 doesn't seem to provide for this)",".participation[typeCode=INF].role[classCode=PAT] (this syntax for self-reported=true)"
"Immunization.protocolApplied","Immunization.protocolApplied","","","",0,*,"","","","BackboneElement {[]} {[]}
","提供者が実施したプロトコール","ワクチンを接種した提供者が実施したプロトコール（推奨される手順の集合）。","","","","","","","","","",,,,,"",,,,"Immunization.protocolApplied",0,*,"","ele-1:すべてのFHIR要素には、@valueまたは子供が必要です / All FHIR elements must have a @value or children {hasValue() or (children().count() > id.count())}
","N/A"
"Immunization.protocolApplied.id","Immunization.protocolApplied.id","","","",0,1,"","","","string {[]} {[]}
","要素間参照のための一意のID / Unique id for inter-element referencing","リソース内の要素の一意のID（内部参照用）。これは、スペースを含まない文字列値である場合があります。 / Unique id for the element within a resource (for internal references). This may be any string value that does not contain spaces.","","","","","","","","","",,,,,"",,,,"Element.id",0,1,"","","n/a"
"Immunization.protocolApplied.extension","Immunization.protocolApplied.extension","","extensions
user content","",0,*,"","","","Extension {[]} {[]}
","実装で定義された追加のコンテンツ / Additional content defined by implementations","要素の基本的な定義の一部ではない追加情報を表すために使用できます。拡張機能を安全で管理しやすくするために、拡張機能の定義と使用に適用される厳格なガバナンスセットがあります。実装者は拡張機能を定義できますが、拡張機能の定義の一部として満たされる一連の要件があります。 / May be used to represent additional information that is not part of the basic definition of the element. To make the use of extensions safe and manageable, there is a strict set of governance  applied to the definition and use of extensions. Though any implementer can define an extension, there is a set of requirements that SHALL be met as part of the definition of the extension.","拡張機能を使用または定義する機関や管轄権に関係なく、アプリケーション、プロジェクト、または標準による拡張機能の使用に関連するスティグマはありません。拡張機能の使用は、FHIR仕様がすべての人にコアレベルのシンプルさを保持できるようにするものです。 / There can be no stigma associated with the use of extensions by any application, project, or standard - regardless of the institution or jurisdiction that uses or defines the extensions.  The use of extensions is what allows the FHIR specification to retain a core level of simplicity for everyone.","","","","","","","","",,,,,"",,,,"Element.extension",0,*,"","ele-1:すべてのFHIR要素には、@valueまたは子供が必要です / All FHIR elements must have a @value or children {hasValue() or (children().count() > id.count())}
ext-1:両方ではなく、拡張または値[x]が必要です / Must have either extensions or value[x], not both {extension.exists() != value.exists()}","n/a"
"Immunization.protocolApplied.modifierExtension","Immunization.protocolApplied.modifierExtension","","extensions
user contentmodifiers","",0,*,"","Y","Y","Extension {[]} {[]}
","認識されていなくても無視できない拡張機能 / Extensions that cannot be ignored even if unrecognized","要素の基本的な定義の一部ではなく、それが含まれている要素の理解、および/または含まれる要素の子孫の理解を変更するために使用される場合があります。通常、修飾子要素は否定または資格を提供します。拡張機能を安全で管理しやすくするために、拡張機能の定義と使用に適用される厳格なガバナンスセットがあります。実装者は拡張機能を定義できますが、拡張機能の定義の一部として満たされる一連の要件があります。アプリケーションの処理リソースは、修飾子拡張機能をチェックする必要があります。

モディファイア拡張は、リソースまたはdomainResource上の要素の意味を変更してはなりません（修飾軸自体の意味を変更することはできません）。 / May be used to represent additional information that is not part of the basic definition of the element and that modifies the understanding of the element in which it is contained and/or the understanding of the containing element's descendants. Usually modifier elements provide negation or qualification. To make the use of extensions safe and manageable, there is a strict set of governance applied to the definition and use of extensions. Though any implementer can define an extension, there is a set of requirements that SHALL be met as part of the definition of the extension. Applications processing a resource are required to check for modifier extensions.

Modifier extensions SHALL NOT change the meaning of any elements on Resource or DomainResource (including cannot change the meaning of modifierExtension itself).","拡張機能を使用または定義する機関や管轄権に関係なく、アプリケーション、プロジェクト、または標準による拡張機能の使用に関連するスティグマはありません。拡張機能の使用は、FHIR仕様がすべての人にコアレベルのシンプルさを保持できるようにするものです。 / There can be no stigma associated with the use of extensions by any application, project, or standard - regardless of the institution or jurisdiction that uses or defines the extensions.  The use of extensions is what allows the FHIR specification to retain a core level of simplicity for everyone.","修飾子拡張機能により、安全に無視できる大部分の拡張機能と明確に区別できるように、安全に無視できない拡張機能が可能になります。これにより、実装者が拡張の存在を禁止する必要性を排除することにより、相互運用性が促進されます。詳細については、[修飾子拡張の定義]（拡張性.html＃modifierextension）を参照してください。 / Modifier extensions allow for extensions that *cannot* be safely ignored to be clearly distinguished from the vast majority of extensions which can be safely ignored.  This promotes interoperability by eliminating the need for implementers to prohibit the presence of extensions. For further information, see the [definition of modifier extensions](http://hl7.org/fhir/R4/extensibility.html#modifierExtension).","","","","","","","",,,,,"",,,,"BackboneElement.modifierExtension",0,*,"","ele-1:すべてのFHIR要素には、@valueまたは子供が必要です / All FHIR elements must have a @value or children {hasValue() or (children().count() > id.count())}
ext-1:両方ではなく、拡張または値[x]が必要です / Must have either extensions or value[x], not both {extension.exists() != value.exists()}","N/A"
"Immunization.protocolApplied.series","Immunization.protocolApplied.series","","","",0,1,"","","","string {[]} {[]}
","ワクチンシリーズの名前 / Name of vaccine series","権威の文脈の中で、病気に対する免疫が推定される免疫を達成するための1つの可能な道。 / One possible path to achieve presumed immunity against a disease - within the context of an authority.","","","","","","","","","",,,,,"",,,,"Immunization.protocolApplied.series",0,1,"","ele-1:すべてのFHIR要素には、@valueまたは子供が必要です / All FHIR elements must have a @value or children {hasValue() or (children().count() > id.count())}
","N/A"
"Immunization.protocolApplied.authority","Immunization.protocolApplied.authority","","","",0,1,"","","","Reference {[]} {[CanonicalType[http://hl7.org/fhir/StructureDefinition/Organization]]}
","推奨事項を公開する責任者は誰ですか / Who is responsible for publishing the recommendations","追跡されているプロトコル（ACIPなど）を公開した当局を示します。 / Indicates the authority who published the protocol (e.g. ACIP) that is being followed.","","","","","","","","","",,,,,"",,,,"Immunization.protocolApplied.authority",0,1,"","ele-1:すべてのFHIR要素には、@valueまたは子供が必要です / All FHIR elements must have a @value or children {hasValue() or (children().count() > id.count())}
","N/A"
"Immunization.protocolApplied.targetDisease","Immunization.protocolApplied.targetDisease","","","",0,*,"","","","CodeableConcept {[]} {[]}
","ワクチン予防可能な病気が標的にされています / Vaccine preventatable disease being targetted","ワクチン予防可能な疾患用量が投与されています。 / The vaccine preventable disease the dose is being administered against.","","","","","","","","","",,"example","ワクチン予防可能な疾患用量が投与されています。 / The vaccine preventable disease the dose is being administered for.","http://hl7.org/fhir/ValueSet/immunization-target-disease","",,,,"Immunization.protocolApplied.targetDisease",0,*,"","ele-1:すべてのFHIR要素には、@valueまたは子供が必要です / All FHIR elements must have a @value or children {hasValue() or (children().count() > id.count())}
","N/A"
"Immunization.protocolApplied.doseNumber[x]","Immunization.protocolApplied.doseNumber[x]","","","",1,1,"","","","positiveInt {[]} {[]}
string {[]} {[]}","シリーズ内の用量数 / Dose number within series","シリーズの名目上の位置。 / Nominal position in a series.","わかっている場合、整数の使用が好ましい。文字列は、整数が利用できない場合にのみ使用する必要があります（繰り返しブースター用量を文書化する場合など）。 / The use of an integer is preferred if known. A string should only be used in cases where an integer is not available (such as when documenting a recurring booster dose).","","","","","","","","",,,,,"",,,,"Immunization.protocolApplied.doseNumber[x]",1,1,"","ele-1:すべてのFHIR要素には、@valueまたは子供が必要です / All FHIR elements must have a @value or children {hasValue() or (children().count() > id.count())}
","N/A"
"Immunization.protocolApplied.seriesDoses[x]","Immunization.protocolApplied.seriesDoses[x]","","","",0,1,"","","","positiveInt {[]} {[]}
string {[]} {[]}","免疫のために推奨される用量数 / Recommended number of doses for immunity","免疫を達成するために推奨される用量の数。 / The recommended number of doses to achieve immunity.","わかっている場合、整数の使用が好ましい。文字列は、整数が利用できない場合にのみ使用する必要があります（繰り返しブースター用量を文書化する場合など）。 / The use of an integer is preferred if known. A string should only be used in cases where an integer is not available (such as when documenting a recurring booster dose).","","","","","","","","",,,,,"",,,,"Immunization.protocolApplied.seriesDoses[x]",0,1,"","ele-1:すべてのFHIR要素には、@valueまたは子供が必要です / All FHIR elements must have a @value or children {hasValue() or (children().count() > id.count())}
","N/A"
