"Id","Path","Slice Name","Alias(s)","Label","Min","Max","Must Support?","Is Modifier?","Is Summary?","Type(s)","Short","Definition","Comments","Requirements","Default Value","Meaning When Missing","Fixed Value","Pattern","Example","Minimum Value","Maximum Value","Maximum Length","Binding Strength","Binding Description","Binding Value Set","Code","Slicing Discriminator","Slicing Description","Slicing Ordered","Slicing Rules","Base Path","Base Min","Base Max","Condition(s)","Constraint(s)","Mapping: HL7 v2 Mapping","Mapping: RIM Mapping"
"Timing","Timing","","","",0,*,"","","","null {[]} {[]}
","投与日時","投与日時","複数回発生する可能性のあるイベントの発生について説明します。タイミングスケジュールは、イベントが発生することが予想または要求される時期を指定するために使用され、過去または進行中のイベントの概要を表すためにも使用できます。簡単にするために、タイミングコンポーネントの定義は「将来の」イベントとして表現されますが、そのようなコンポーネントは歴史的または進行中のイベントを説明するためにも使用できます。

タイミングスケジュールは、イベントが発生したときのイベントおよび/または基準のリストであり、構造化された形式またはコードとして表現できます。イベントと繰り返し仕様の両方が提供される場合、イベントのリストは、繰り返し構造の情報の解釈として理解されるべきです。 / Describes the occurrence of an event that may occur multiple times. Timing schedules are used for specifying when events are expected or requested to occur, and may also be used to represent the summary of a past or ongoing event.  For simplicity, the definitions of Timing components are expressed as 'future' events, but such components can also be used to describe historic or ongoing events.

A Timing schedule can be a list of events and/or criteria for when the event happens, which can be expressed in a structured form and/or as a code. When both event and a repeating specification are provided, the list of events should be understood as an interpretation of the information in the repeat structure.","","","","","","","","",,,,,"",,,,"Timing",0,*,"","ele-1:すべてのFHIR要素には、@valueまたは子供が必要です / All FHIR elements must have a @value or children {hasValue() or (children().count() > id.count())}
","N/A","n/a","QSET<TS> (GTS)"
"Timing.id","Timing.id","","","",0,1,"","","","string {[]} {[]}
","要素間参照のための一意のID / Unique id for inter-element referencing","リソース内の要素の一意のID（内部参照用）。これは、スペースを含まない文字列値である場合があります。 / Unique id for the element within a resource (for internal references). This may be any string value that does not contain spaces.","","","","","","","","","",,,,,"",,,,"Element.id",0,1,"","","n/a"
"Timing.extension","Timing.extension","","extensions
user content","",0,*,"","","","Extension {[]} {[]}
","実装で定義された追加のコンテンツ / Additional content defined by implementations","要素の基本的な定義の一部ではない追加情報を表すために使用できます。拡張機能を安全で管理しやすくするために、拡張機能の定義と使用に適用される厳格なガバナンスセットがあります。実装者は拡張機能を定義できますが、拡張機能の定義の一部として満たされる一連の要件があります。 / May be used to represent additional information that is not part of the basic definition of the element. To make the use of extensions safe and manageable, there is a strict set of governance  applied to the definition and use of extensions. Though any implementer can define an extension, there is a set of requirements that SHALL be met as part of the definition of the extension.","拡張機能を使用または定義する機関や管轄権に関係なく、アプリケーション、プロジェクト、または標準による拡張機能の使用に関連するスティグマはありません。拡張機能の使用は、FHIR仕様がすべての人にコアレベルのシンプルさを保持できるようにするものです。 / There can be no stigma associated with the use of extensions by any application, project, or standard - regardless of the institution or jurisdiction that uses or defines the extensions.  The use of extensions is what allows the FHIR specification to retain a core level of simplicity for everyone.","","","","","","","","",,,,,"","value:url}
","Extensions are always sliced by (at least) url",,"open","Element.extension",0,*,"","ele-1:すべてのFHIR要素には、@valueまたは子供が必要です / All FHIR elements must have a @value or children {hasValue() or (children().count() > id.count())}
ext-1:両方ではなく、拡張または値[x]が必要です / Must have either extensions or value[x], not both {extension.exists() != value.exists()}","n/a"
"Timing.modifierExtension","Timing.modifierExtension","","extensions
user contentmodifiers","",0,*,"","Y","Y","Extension {[]} {[]}
","認識されていなくても無視できない拡張機能 / Extensions that cannot be ignored even if unrecognized","要素の基本的な定義の一部ではなく、それが含まれている要素の理解、および/または含まれる要素の子孫の理解を変更するために使用される場合があります。通常、修飾子要素は否定または資格を提供します。拡張機能を安全で管理しやすくするために、拡張機能の定義と使用に適用される厳格なガバナンスセットがあります。実装者は拡張機能を定義できますが、拡張機能の定義の一部として満たされる一連の要件があります。アプリケーションの処理リソースは、修飾子拡張機能をチェックする必要があります。

モディファイア拡張は、リソースまたはdomainResource上の要素の意味を変更してはなりません（修飾軸自体の意味を変更することはできません）。 / May be used to represent additional information that is not part of the basic definition of the element and that modifies the understanding of the element in which it is contained and/or the understanding of the containing element's descendants. Usually modifier elements provide negation or qualification. To make the use of extensions safe and manageable, there is a strict set of governance applied to the definition and use of extensions. Though any implementer can define an extension, there is a set of requirements that SHALL be met as part of the definition of the extension. Applications processing a resource are required to check for modifier extensions.

Modifier extensions SHALL NOT change the meaning of any elements on Resource or DomainResource (including cannot change the meaning of modifierExtension itself).","拡張機能を使用または定義する機関や管轄権に関係なく、アプリケーション、プロジェクト、または標準による拡張機能の使用に関連するスティグマはありません。拡張機能の使用は、FHIR仕様がすべての人にコアレベルのシンプルさを保持できるようにするものです。 / There can be no stigma associated with the use of extensions by any application, project, or standard - regardless of the institution or jurisdiction that uses or defines the extensions.  The use of extensions is what allows the FHIR specification to retain a core level of simplicity for everyone.","修飾子拡張機能により、安全に無視できる大部分の拡張機能と明確に区別できるように、安全に無視できない拡張機能が可能になります。これにより、実装者が拡張の存在を禁止する必要性を排除することにより、相互運用性が促進されます。詳細については、[修飾子拡張の定義]（拡張性.html＃modifierextension）を参照してください。 / Modifier extensions allow for extensions that *cannot* be safely ignored to be clearly distinguished from the vast majority of extensions which can be safely ignored.  This promotes interoperability by eliminating the need for implementers to prohibit the presence of extensions. For further information, see the [definition of modifier extensions](http://hl7.org/fhir/R4/extensibility.html#modifierExtension).","","","","","","","",,,,,"",,,,"BackboneElement.modifierExtension",0,*,"","ele-1:すべてのFHIR要素には、@valueまたは子供が必要です / All FHIR elements must have a @value or children {hasValue() or (children().count() > id.count())}
ext-1:両方ではなく、拡張または値[x]が必要です / Must have either extensions or value[x], not both {extension.exists() != value.exists()}","N/A"
"Timing.event","Timing.event","","","",0,*,"","","Y","dateTime {[]} {[]}
","服用もしくは注射を行なうタイミングを示す時刻","服用タイミングを具体的な日時で指定する場合に使用する","","たとえば、投薬投与の記録では、一般的な仕様を取得し、それを正確な仕様に変える必要があります。 / In a Medication Administration Record, for instance, you need to take a general specification, and turn it into a precise specification.","","","","","","","",,,,,"",,,,"Timing.event",0,*,"","ele-1:すべてのFHIR要素には、@valueまたは子供が必要です / All FHIR elements must have a @value or children {hasValue() or (children().count() > id.count())}
","QLIST<TS>"
"Timing.repeat","Timing.repeat","","","",0,1,"","","Y","Element {[]} {[]}
","イベントが発生する時刻","イベントがスケジュールされたルールについての記述。","","スケジュールされたタイミングの多くは規則的な繰り返しで決定されている。","","","","","","","",,,,,"",,,,"Timing.repeat",0,1,"","ele-1:すべてのFHIR要素には、@valueまたは子供が必要です / All FHIR elements must have a @value or children {hasValue() or (children().count() > id.count())}
tim-1:期間がある場合は、期間単位が必要です / if there's a duration, there needs to be duration units {duration.empty() or durationUnit.exists()}tim-2:期間がある場合、期間単位が必要です / if there's a period, there needs to be period units {period.empty() or periodUnit.exists()}tim-4:期間は非陰性価値です / duration SHALL be a non-negative value {duration.exists() implies duration >= 0}tim-5:期間は非陰性の価値です / period SHALL be a non-negative value {period.exists() implies period >= 0}tim-6:期間がある場合、期間がなければなりません / If there's a periodMax, there must be a period {periodMax.empty() or period.exists()}tim-7:Hurtermaxがある場合、期間がなければなりません / If there's a durationMax, there must be a duration {durationMax.empty() or duration.exists()}tim-8:countmaxがある場合、カウントが必要です / If there's a countMax, there must be a count {countMax.empty() or count.exists()}tim-9:オフセットがある場合、c、cm、cd、cvではなく（c、cvではない）存在する必要があります。 / If there's an offset, there must be a when (and not C, CM, CD, CV) {offset.empty() or (when.exists() and ((when in ('C' | 'CM' | 'CD' | 'CV')).not()))}tim-10:時間がある場合、いつ、またはその逆もありません / If there's a timeOfDay, there cannot be a when, or vice versa {timeOfDay.empty() or when.empty()}","Implies PIVL or EIVL"
"Timing.repeat.id","Timing.repeat.id","","","",0,1,"","","","string {[]} {[]}
","要素間参照のための一意のID / Unique id for inter-element referencing","リソース内の要素の一意のID（内部参照用）。これは、スペースを含まない文字列値である場合があります。 / Unique id for the element within a resource (for internal references). This may be any string value that does not contain spaces.","","","","","","","","","",,,,,"",,,,"Element.id",0,1,"","","n/a"
"Timing.repeat.extension","Timing.repeat.extension","","extensions
user content","",0,*,"","","","Extension {[]} {[]}
","実装で定義された追加のコンテンツ / Additional content defined by implementations","要素の基本的な定義の一部ではない追加情報を表すために使用できます。拡張機能を安全で管理しやすくするために、拡張機能の定義と使用に適用される厳格なガバナンスセットがあります。実装者は拡張機能を定義できますが、拡張機能の定義の一部として満たされる一連の要件があります。 / May be used to represent additional information that is not part of the basic definition of the element. To make the use of extensions safe and manageable, there is a strict set of governance  applied to the definition and use of extensions. Though any implementer can define an extension, there is a set of requirements that SHALL be met as part of the definition of the extension.","拡張機能を使用または定義する機関や管轄権に関係なく、アプリケーション、プロジェクト、または標準による拡張機能の使用に関連するスティグマはありません。拡張機能の使用は、FHIR仕様がすべての人にコアレベルのシンプルさを保持できるようにするものです。 / There can be no stigma associated with the use of extensions by any application, project, or standard - regardless of the institution or jurisdiction that uses or defines the extensions.  The use of extensions is what allows the FHIR specification to retain a core level of simplicity for everyone.","","","","","","","","",,,,,"","value:url}
","Extensions are always sliced by (at least) url",,"open","Element.extension",0,*,"","ele-1:すべてのFHIR要素には、@valueまたは子供が必要です / All FHIR elements must have a @value or children {hasValue() or (children().count() > id.count())}
ext-1:両方ではなく、拡張または値[x]が必要です / Must have either extensions or value[x], not both {extension.exists() != value.exists()}","n/a"
"Timing.repeat.bounds[x]","Timing.repeat.bounds[x]","","","",0,1,"","","Y","Duration {[]} {[]}
Range {[]} {[]}Period {[]} {[]}","服用・注射開始日から服用・注射終了日までの全日数","服用・注射開始日から服用・注射終了日までの全日数。実投与日数ではないことに注意する。","","","","","","","","","",,,,,"",,,,"Timing.repeat.bounds[x]",0,1,"","ele-1:すべてのFHIR要素には、@valueまたは子供が必要です / All FHIR elements must have a @value or children {hasValue() or (children().count() > id.count())}
","IVL(TS) used in a QSI"
"Timing.repeat.count","Timing.repeat.count","","","",0,1,"","","Y","positiveInt {[]} {[]}
","繰り返し服用もしくは注射回数","Timing仕様の全てにおいて、特定の期間に繰り返されるように指定された総回数。もし、countMaxが設定されていれば、このエレメントは許容される最低限度の回数を示す。","回数に上限、下限の範囲がある場合は、このcountで示される回数が起きるまでは、エレメントは範囲の中にあると解釈されるべきである。","繰り返しは、終了時間または合計発生によって制限される場合があります。 / Repetitions may be limited by end time or total occurrences.","","","","","","","",,,,,"",,,,"Timing.repeat.count",0,1,"","ele-1:すべてのFHIR要素には、@valueまたは子供が必要です / All FHIR elements must have a @value or children {hasValue() or (children().count() > id.count())}
","PIVL.count"
"Timing.repeat.countMax","Timing.repeat.countMax","","","",0,1,"","","Y","positiveInt {[]} {[]}
","繰り返しの最大回数","このエレメントが設定されている場合は、回数に範囲があることを示している。したがって、[count]から[countmax]までの回数で繰り返される。","32bit整数。もし、値がこれを超える場合はdecimalで記録される。","","","","","","","","",,,,,"",,,,"Timing.repeat.countMax",0,1,"","ele-1:すべてのFHIR要素には、@valueまたは子供が必要です / All FHIR elements must have a @value or children {hasValue() or (children().count() > id.count())}
","PIVL.count"
"Timing.repeat.duration","Timing.repeat.duration","","","",0,1,"","","Y","decimal {[]} {[]}
","継続時間","投与されるタイミングが発生している時間。もし、durationMaxが設定されていれば、このエレメントは許容される継続時間の下限を示す。","継続時間はイベントの定義の一部（たとえば、静脈注射(IV)では特定の量と速度が明示される)として示されることがある。その他、Timing仕様の一部（たとえば、運動）として示されることもある。","アクティビティによっては即時的なものではなく、その期間において維持される必要がある。","","","","","","","",,,,,"",,,,"Timing.repeat.duration",0,1,"","ele-1:すべてのFHIR要素には、@valueまたは子供が必要です / All FHIR elements must have a @value or children {hasValue() or (children().count() > id.count())}
","PIVL.phase"
"Timing.repeat.durationMax","Timing.repeat.durationMax","","","",0,1,"","","Y","decimal {[]} {[]}
","継続時間(最大値)","もし、このエレメントに値が設定されていれば、durationには範囲があることを示している。したがって、[duration]から[durationMax]までの継続時間の範囲で投与される。","継続時間はイベントの定義の一部（たとえば、静脈注射(IV)では特定の量と速度が明示される)として示されることがある。その他、Timing仕様の一部（たとえば、運動）として示されることもある。","アクティビティによっては即時的なものではなく、その期間において維持される必要がある。","","","","","","","",,,,,"",,,,"Timing.repeat.durationMax",0,1,"","ele-1:すべてのFHIR要素には、@valueまたは子供が必要です / All FHIR elements must have a @value or children {hasValue() or (children().count() > id.count())}
","PIVL.phase"
"Timing.repeat.durationUnit","Timing.repeat.durationUnit","","","",0,1,"","","Y","code {[]} {[]}
","s |min |h |d |wk |mo |A-時間単位（ucum） / s | min | h | d | wk | mo | a - unit of time (UCUM)","UCUM単位で表される継続時間についての単位。","FHIRの文字列は1MB以上の大きさとなってなはらない(SHALL NOT)。","","","","","","","","",,"required","時間単位（UCUMからの単位）。 / A unit of time (units from UCUM).","http://hl7.org/fhir/ValueSet/units-of-time|4.0.1","",,,,"Timing.repeat.durationUnit",0,1,"","ele-1:すべてのFHIR要素には、@valueまたは子供が必要です / All FHIR elements must have a @value or children {hasValue() or (children().count() > id.count())}
","PIVL.phase.unit"
"Timing.repeat.frequency","Timing.repeat.frequency","","","",0,1,"","","Y","positiveInt {[]} {[]}
","期間内にイベントが発生する回数、頻度","特定の期間に繰り返して発生した行為の回数。もし、frequencyMaxが設定されていれば、このエレメントはfrequencyとして認められた下限を示す。","32ビットの数値。もし、値がそれを上回るようであればdecimalを使用する。","","","頻度が記載されていない場合、イベントは期間ごとに1回発生するという仮定ですが、システムは常にこれについて具体的でなければなりません / If no frequency is stated, the assumption is that the event occurs once per period, but systems SHOULD always be specific about this","","","","","",,,,,"",,,,"Timing.repeat.frequency",0,1,"","ele-1:すべてのFHIR要素には、@valueまたは子供が必要です / All FHIR elements must have a @value or children {hasValue() or (children().count() > id.count())}
","PIVL.phase"
"Timing.repeat.frequencyMax","Timing.repeat.frequencyMax","","","",0,1,"","","Y","positiveInt {[]} {[]}
","期間内にイベントが発生する最大回数、最大頻度","このエレメントに値が設定されていれば、frequencyには範囲が指定されている。つまり、期間あるいは期間の範囲内に[frequency]から[frequencyMax]回繰り返されることを示している。","32ビットの数値。もし、値がそれを上回るようであればdecimalを使用する。","","","","","","","","",,,,,"",,,,"Timing.repeat.frequencyMax",0,1,"","ele-1:すべてのFHIR要素には、@valueまたは子供が必要です / All FHIR elements must have a @value or children {hasValue() or (children().count() > id.count())}
","PIVL.phase"
"Timing.repeat.period","Timing.repeat.period","","","",0,1,"","","Y","decimal {[]} {[]}
","イベントが発生する頻度に対応する期間","繰り返し投与が行われる期間を示す。たとえば、「1日3回」であれば、3は繰り返しの頻度(frequency)であり、「1日」が期間(period)である。もし、periodMaxに値が設定されていれば、このエレメントは期間として認められた範囲の下限を示す。","IEEEの浮動小数点型を使わずに、小数点も含むdecimal型のようなものを利用すること（たとえばJavaのBigInteger)。","","","","","","","","",,,,,"",,,,"Timing.repeat.period",0,1,"","ele-1:すべてのFHIR要素には、@valueまたは子供が必要です / All FHIR elements must have a @value or children {hasValue() or (children().count() > id.count())}
","PIVL.phase"
"Timing.repeat.periodMax","Timing.repeat.periodMax","","","",0,1,"","","Y","decimal {[]} {[]}
","期間の上限（3-4時間）","もし、この値が設定されていれば、期間は[period]から[periodMax]までであることを示し、「3-5日に1回投与」のような表現が認められる。","IEEEの浮動小数点型を使わずに、小数点の制度も示すdecimal型のようなものを利用すること（たとえばJavaのBigInteger)。","","","","","","","","",,,,,"",,,,"Timing.repeat.periodMax",0,1,"","ele-1:すべてのFHIR要素には、@valueまたは子供が必要です / All FHIR elements must have a @value or children {hasValue() or (children().count() > id.count())}
","PIVL.phase"
"Timing.repeat.periodUnit","Timing.repeat.periodUnit","","","",0,1,"","","Y","code {[]} {[]}
","s |min |h |d |wk |mo |A-時間単位（ucum） / s | min | h | d | wk | mo | a - unit of time (UCUM)","期間を表すUCUM単位。","FHIRの文字列は1MB以上の大きさとなってなはらない(SHALL NOT)。","","","","","","","","",,"required","時間単位（UCUMからの単位）。 / A unit of time (units from UCUM).","http://hl7.org/fhir/ValueSet/units-of-time|4.0.1","",,,,"Timing.repeat.periodUnit",0,1,"","ele-1:すべてのFHIR要素には、@valueまたは子供が必要です / All FHIR elements must have a @value or children {hasValue() or (children().count() > id.count())}
","PIVL.phase.unit"
"Timing.repeat.dayOfWeek","Timing.repeat.dayOfWeek","","","",0,*,"","","Y","code {[]} {[]}
","月|火|水|木|金|土|太陽 / mon | tue | wed | thu | fri | sat | sun","期間として1週間以上が指定されていれば、指定された曜日のみで投与が行われる。","曜日が指定されていなければ、他に指定された日には毎日投与されると想定される。frequencyとperiodエレメントはdayOfWeekと同じように使うことはできない。","","","","","","","","",,"required","","http://hl7.org/fhir/ValueSet/days-of-week|4.0.1","",,,,"Timing.repeat.dayOfWeek",0,*,"","ele-1:すべてのFHIR要素には、@valueまたは子供が必要です / All FHIR elements must have a @value or children {hasValue() or (children().count() > id.count())}
","n/a"
"Timing.repeat.timeOfDay","Timing.repeat.timeOfDay","","","",0,*,"","","Y","time {[]} {[]}
","一日の間で投与される時刻","一日の間で指定された投与される時刻。","もし、このtimeOfDayに値が指定されていれば、毎日（daysOfWeekでフィルタされた曜日の）指定された時刻に投与されると推定される。whenやfrequency, periodエレメントはtimeOfDayとは同様に使うことはできない。","","","","","","","","",,,,,"",,,,"Timing.repeat.timeOfDay",0,*,"","ele-1:すべてのFHIR要素には、@valueまたは子供が必要です / All FHIR elements must have a @value or children {hasValue() or (children().count() > id.count())}
","n/a"
"Timing.repeat.when","Timing.repeat.when","","","",0,*,"","","Y","code {[]} {[]}
","投薬期間についてのコード","一日の間のおおよその時間帯で投与すべきタイミングを示す。日常のイベントに関連付けられていることもある。","一つ以上のイベントが記載されている場合、そのイベントは特定のイベントの組み合わせと結びついている。","タイミングはしばしば起床や食事、睡眠などのできごとによってしばしば決定されている。","","","","","","","",,"required","スケジュールに関連する現実世界のイベント。 / Real world event relating to the schedule.","http://hl7.org/fhir/ValueSet/event-timing|4.0.1","",,,,"Timing.repeat.when",0,*,"","ele-1:すべてのFHIR要素には、@valueまたは子供が必要です / All FHIR elements must have a @value or children {hasValue() or (children().count() > id.count())}
","EIVL.event"
"Timing.repeat.offset","Timing.repeat.offset","","","",0,1,"","","Y","unsignedInt {[]} {[]}
","イベントからの時間(分、前後）","イベントからの時間(分)。もし、分で示される時間がイベントのコードが前か後かを示していない場合、offsetはイベントの後であることが想定される。","32ビットの数値。もし、値がそれを上回るようであればdecimalを使用する。","","","","","","","","",,,,,"",,,,"Timing.repeat.offset",0,1,"","ele-1:すべてのFHIR要素には、@valueまたは子供が必要です / All FHIR elements must have a @value or children {hasValue() or (children().count() > id.count())}
","EIVL.offset"
"Timing.code","Timing.code","","","",0,1,"","","Y","CodeableConcept {[]} {[]}
","入札|TID |QID |AM |PM |QD |qod |+ / BID | TID | QID | AM | PM | QD | QOD | +","スケジュール上のタイミングを表すコード（あるいはcode.text内のテキスト）。BID(1日2回)のようなコードはどこにでもあるが、多くの医療機関は付加的なコードを定義している。もし、コードが示されていれば、構造化されたタイミングで完全に示されたデータであると解釈され、コードまたはTimingを解釈するためのデータであると解釈される。しかし、例外的に.repeat.bounds（コードは含まれない)はコードを上書きして適用される。","BIDなどは「施設特有の時間」として定義される。たとえば、施設がBIDを「つねに朝7時と夕方6時」であると指定することがある。この指定が不適切であれば、BIDというコードは使うべきではない。その代わり、HL7が定義したBIDのコードではなく、その施設特有のコードで明示的に示すべきであり、構造化された表現を使うべきである（この場合、2回のイベントの時刻を指定する必要がある）。","","","","","","","","",,"preferred","既知 /定義されたタイミングパターンのコード。 / Code for a known / defined timing pattern.","http://hl7.org/fhir/ValueSet/timing-abbreviation","",,,,"Timing.code",0,1,"","ele-1:すべてのFHIR要素には、@valueまたは子供が必要です / All FHIR elements must have a @value or children {hasValue() or (children().count() > id.count())}
","QSC.code"
