{
  "resourceType": "CodeSystem",
  "id": "jp-procedure-reason-cs",
  "url": "http://jpfhir.jp/fhir/core/CodeSystem/JP_Undefined_CS",
  "version": "1.1.0a",
  "name": "JP_ProcedureReason_CS",
  "title": "JP Core Procedure Reason CodeSystem",
  "status": "active",
  "experimental": false,
  "date": "2022-09-26",
  "publisher": "FHIR Japanese implementation research working group in Japan Association of Medical Informatics (JAMI)",
  "contact": [
    {
      "name": "FHIR Japanese implementation research working group in Japan Association of Medical Informatics (JAMI)",
      "telecom": [
        {
          "system": "url",
          "value": "http://jpfhir.jp"
        },
        {
          "system": "email",
          "value": "office@hlfhir.jp"
        }
      ]
    }
  ],
  "description": "処置が実施された理由を示すコードシステム（未使用）",
  "jurisdiction": [
    {
      "coding": [
        {
          "system": "urn:iso:std:iso:3166",
          "code": "JP"
        }
      ]
    }
  ],
  "copyright": "Copyright FHIR Japanese implementation research working group in Japan Association of Medical Informatics (JAMI) 一般社団法人日本医療情報学会NeXEHRS課題研究会FHIR日本実装検討WG",
  "caseSensitive": true,
  "content": "complete"
}