{
  "resourceType": "SearchParameter",
  "id": "jp-coverage-insuredpersonsymbol-sp",
  "text": {
    "status": "generated",
    "div": "<div xmlns=\"http://www.w3.org/1999/xhtml\"><p><b>Generated Narrative: SearchParameter</b><a name=\"jp-coverage-insuredpersonsymbol-sp\"> </a></p><div style=\"display: inline-block; background-color: #d9e0e7; padding: 6px; margin: 4px; border: 1px solid #8da1b4; border-radius: 5px; line-height: 60%\"><p style=\"margin-bottom: 0px\">Resource SearchParameter \"jp-coverage-insuredpersonsymbol-sp\" </p></div><p><b>url</b>: <code>http://jpfhir.jp/fhir/core/SearchParameter/JP_Coverage_InsuredPersonSymbol_SP</code></p><p><b>version</b>: 1.1.0a</p><p><b>name</b>: JP_Coverage_InsuredPersonSymbol_SP</p><p><b>status</b>: active</p><p><b>date</b>: 2022-09-26</p><p><b>publisher</b>: FHIR Japanese implementation research working group in Japan Association of Medical Informatics (JAMI)</p><p><b>contact</b>: FHIR Japanese implementation research working group in Japan Association of Medical Informatics (JAMI): <a href=\"http://jpfhir.jp\">http://jpfhir.jp</a>,<a href=\"mailto:office@hlfhir.jp\">office@hlfhir.jp</a></p><p><b>description</b>: CoverageリソースのInsuredPersonSymbol(健康保険における被保険者証記号)に関する検索を定義する。</p><p><b>jurisdiction</b>: JP <span style=\"background: LightGoldenRodYellow; margin: 4px; border: 1px solid khaki\"> (<a href=\"http://terminology.hl7.org/4.0.0/CodeSystem-ISO3166Part1.html\">ISO 3166-1 Codes for the representation of names of countries and their subdivisions — Part 1: Country code</a>#JP)</span></p><p><b>code</b>: jp-insured-personsymbol</p><p><b>base</b>: Coverage</p><p><b>type</b>: string</p><p><b>expression</b>: Coverage.extension.where(url='http://jpfhir.jp/fhir/core/Extension/StructureDefinition/JP_Coverage_InsuredPersonSymbol').value.as(string)</p><p><b>xpathUsage</b>: normal</p><p><b>multipleOr</b>: true</p><p><b>multipleAnd</b>: true</p></div>"
  },
  "url": "http://jpfhir.jp/fhir/core/SearchParameter/JP_Coverage_InsuredPersonSymbol_SP",
  "version": "1.1.0a",
  "name": "JP_Coverage_InsuredPersonSymbol_SP",
  "status": "active",
  "date": "2022-09-26",
  "publisher": "FHIR Japanese implementation research working group in Japan Association of Medical Informatics (JAMI)",
  "contact": [
    {
      "name": "FHIR Japanese implementation research working group in Japan Association of Medical Informatics (JAMI)",
      "telecom": [
        {
          "system": "url",
          "value": "http://jpfhir.jp"
        },
        {
          "system": "email",
          "value": "office@hlfhir.jp"
        }
      ]
    }
  ],
  "description": "CoverageリソースのInsuredPersonSymbol(健康保険における被保険者証記号)に関する検索を定義する。",
  "jurisdiction": [
    {
      "coding": [
        {
          "system": "urn:iso:std:iso:3166",
          "code": "JP"
        }
      ]
    }
  ],
  "code": "jp-insured-personsymbol",
  "base": [
    "Coverage"
  ],
  "type": "string",
  "expression": "Coverage.extension.where(url='http://jpfhir.jp/fhir/core/Extension/StructureDefinition/JP_Coverage_InsuredPersonSymbol').value.as(string)",
  "xpathUsage": "normal",
  "multipleOr": true,
  "_multipleOr": {
    "extension": [
      {
        "url": "http://hl7.org/fhir/StructureDefinition/capabilitystatement-expectation",
        "valueCode": "MAY"
      }
    ]
  },
  "multipleAnd": true,
  "_multipleAnd": {
    "extension": [
      {
        "url": "http://hl7.org/fhir/StructureDefinition/capabilitystatement-expectation",
        "valueCode": "MAY"
      }
    ]
  }
}