{
  "resourceType": "ValueSet",
  "id": "jp-department-ssmix-vs",
  "text": {
    "status": "generated",
    "div": "<div xmlns=\"http://www.w3.org/1999/xhtml\"><ul><li>Include all codes defined in <code>urn:oid:1.2.392.200250.2.2.2</code></li></ul></div>"
  },
  "url": "http://jpfhir.jp/fhir/core/ValueSet/JP_Department_SsMix_VS",
  "version": "1.1.0a",
  "name": "JP_Department_SsMix_VS",
  "title": "JP Core Department SS-MIX ValueSet",
  "status": "active",
  "experimental": false,
  "date": "2022-09-26",
  "publisher": "FHIR Japanese implementation research working group in Japan Association of Medical Informatics (JAMI)",
  "contact": [
    {
      "name": "FHIR Japanese implementation research working group in Japan Association of Medical Informatics (JAMI)",
      "telecom": [
        {
          "system": "url",
          "value": "http://jpfhir.jp"
        },
        {
          "system": "email",
          "value": "office@hlfhir.jp"
        }
      ]
    }
  ],
  "description": "SS-MIX統一診療科コードの値セット",
  "jurisdiction": [
    {
      "coding": [
        {
          "system": "urn:iso:std:iso:3166",
          "code": "JP"
        }
      ]
    }
  ],
  "copyright": "Copyright Japan Association of Medical Informatics (JAMI)  一般社団法人日本医療情報学会",
  "compose": {
    "include": [
      {
        "system": "urn:oid:1.2.392.200250.2.2.2"
      }
    ]
  }
}