{
  "resourceType": "CodeSystem",
  "id": "jp-procedure-codes-stem7-cs",
  "text": {
    "status": "generated",
    "div": "<div xmlns=\"http://www.w3.org/1999/xhtml\"><p>This code system http://jpfhir.jp/fhir/Common/CodeSystem/JP_ProcedureCodesSTEM7_CS defines the following codes:</p><table class=\"codes\"><tr><td style=\"white-space:nowrap\"><b>Code</b></td><td><b>Display</b></td></tr><tr><td style=\"white-space:nowrap\">K0001A113000<a name=\"jp-procedure-codes-stem7-cs-K0001A113000\"> </a></td><td>創傷処理 筋肉、臓器に達するもの（長径５センチメートル未満）</td></tr><tr><td style=\"white-space:nowrap\">K0001T611700<a name=\"jp-procedure-codes-stem7-cs-K0001T611700\"> </a></td><td>創傷処理 筋肉、臓器に達するもの（長径５センチメートル未満）</td></tr><tr><td style=\"white-space:nowrap\">K0002A113000<a name=\"jp-procedure-codes-stem7-cs-K0002A113000\"> </a></td><td>創傷処理 筋肉、臓器に達するもの（長径５センチメートル以上10センチメートル未満）</td></tr><tr><td style=\"white-space:nowrap\">K0003イA113000<a name=\"jp-procedure-codes-stem7-cs-K0003.12452A113000\"> </a></td><td>創傷処理 筋肉、臓器に達するもの（長径10センチメートル以上）  頭頸部のもの（長径20センチメートル以上のものに限る。）</td></tr><tr><td style=\"white-space:nowrap\">K0003ロA113000<a name=\"jp-procedure-codes-stem7-cs-K0003.12525A113000\"> </a></td><td>創傷処理 筋肉、臓器に達するもの（長径10センチメートル以上）  その他のもの</td></tr></table></div>"
  },
  "url": "http://jpfhir.jp/fhir/Common/CodeSystem/JP_ProcedureCodesSTEM7_CS",
  "version": "1.1.0a",
  "name": "JP_ProcedureCodesSTEM7_CS",
  "title": "JP Core Procedure Codes STEM7",
  "status": "draft",
  "date": "2022-08-10T23:24:12+00:00",
  "publisher": "FHIR Japanese implementation research working group in Japan Association of Medical Informatics (JAMI)",
  "contact": [
    {
      "name": "FHIR Japanese implementation research working group in Japan Association of Medical Informatics (JAMI)",
      "telecom": [
        {
          "system": "url",
          "value": "http://jpfhir.jp"
        },
        {
          "system": "email",
          "value": "office@hlfhir.jp"
        }
      ]
    }
  ],
  "description": "処置のコード:外保連手術基幹コード(STEM7)",
  "jurisdiction": [
    {
      "coding": [
        {
          "system": "urn:iso:std:iso:3166",
          "code": "JP"
        }
      ]
    }
  ],
  "copyright": "FHIR Japanese implementation research working group in Japan Association of Medical Informatics (JAMI)",
  "caseSensitive": true,
  "content": "complete",
  "count": 5,
  "concept": [
    {
      "code": "K0001A113000",
      "display": "創傷処理 筋肉、臓器に達するもの（長径５センチメートル未満）"
    },
    {
      "code": "K0001T611700",
      "display": "創傷処理 筋肉、臓器に達するもの（長径５センチメートル未満）"
    },
    {
      "code": "K0002A113000",
      "display": "創傷処理 筋肉、臓器に達するもの（長径５センチメートル以上10センチメートル未満）"
    },
    {
      "code": "K0003イA113000",
      "display": "創傷処理 筋肉、臓器に達するもの（長径10センチメートル以上）  頭頸部のもの（長径20センチメートル以上のものに限る。）"
    },
    {
      "code": "K0003ロA113000",
      "display": "創傷処理 筋肉、臓器に達するもの（長径10センチメートル以上）  その他のもの"
    }
  ]
}