{"resourceType":"CodeSystem","id":"jp-medication-method-jami-basic-usage-cs","text":{"status":"generated","div":"<div xmlns=\"http://www.w3.org/1999/xhtml\"><p>This code system urn:oid:1.2.392.200250.2.2.20.30 defines the following codes:</p><table class=\"codes\"><tr><td style=\"white-space:nowrap\"><b>Code</b></td><td><b>Display</b></td></tr><tr><td style=\"white-space:nowrap\">1<a name=\"jp-medication-method-jami-basic-usage-cs-1\"> </a></td><td>内服</td></tr><tr><td style=\"white-space:nowrap\">2<a name=\"jp-medication-method-jami-basic-usage-cs-2\"> </a></td><td>外用</td></tr><tr><td style=\"white-space:nowrap\">3<a name=\"jp-medication-method-jami-basic-usage-cs-3\"> </a></td><td>注射</td></tr><tr><td style=\"white-space:nowrap\">4<a name=\"jp-medication-method-jami-basic-usage-cs-4\"> </a></td><td>注入</td></tr></table></div>"},"url":"urn:oid:1.2.392.200250.2.2.20.30","version":"1.1.0a","name":"JP_MedicationMethodJAMIBasicUsage_CS","title":"JP Core Medication JAMI Basic Usage Type CodeSystem","status":"draft","date":"2022-09-01T08:35:42+00:00","publisher":"FHIR Japanese implementation research working group in Japan Association of Medical Informatics (JAMI)","contact":[{"name":"FHIR Japanese implementation research working group in Japan Association of Medical Informatics (JAMI)","telecom":[{"system":"url","value":"http://jpfhir.jp"},{"system":"email","value":"office@hlfhir.jp"}]}],"description":"JAMI標準用法規格表１基本用法区分のコードシステム","jurisdiction":[{"coding":[{"system":"urn:iso:std:iso:3166","code":"JP"}]}],"copyright":"FHIR Japanese implementation research working group in Japan Association of Medical Informatics (JAMI)","caseSensitive":true,"valueSet":"http://jpfhir.jp/fhir/Common/ValueSet/JP_MedicationMethodJAMIBasicUsage_VS","content":"complete","count":4,"concept":[{"code":"1","display":"内服"},{"code":"2","display":"外用"},{"code":"3","display":"注射"},{"code":"4","display":"注入"}]}