{"resourceType":"ValueSet","id":"jp-observation-socialhistory-code-vs","text":{"status":"generated","div":"<div xmlns=\"http://www.w3.org/1999/xhtml\"><ul><li>Include all codes defined in <a href=\"CodeSystem-jp-observation-socialhistory-code-cs.html\"><code>http://jpfhir.jp/fhir/Common/CodeSystem/JP_ObservationSocialHistoryCode_CS</code></a></li></ul></div>"},"url":"http://jpfhir.jp/fhir/Common/ValueSet/JP_ObservationSocialHistoryCode_VS","version":"1.1.0a","name":"JP_ObservationSocialHistoryCode_VS","title":"JP Core Observation SocialHistory Code ValueSet","status":"draft","date":"2022-09-01T08:35:42+00:00","publisher":"FHIR Japanese implementation research working group in Japan Association of Medical Informatics (JAMI)","contact":[{"name":"FHIR Japanese implementation research working group in Japan Association of Medical Informatics (JAMI)","telecom":[{"system":"url","value":"http://jpfhir.jp"},{"system":"email","value":"office@hlfhir.jp"}]}],"description":"Observation（生活背景）で使用する項目の値セット","jurisdiction":[{"coding":[{"system":"urn:iso:std:iso:3166","code":"JP"}]}],"copyright":"FHIR Japanese implementation research working group in Japan Association of Medical Informatics (JAMI)","compose":{"include":[{"system":"http://jpfhir.jp/fhir/Common/CodeSystem/JP_ObservationSocialHistoryCode_CS"}]}}