{"resourceType":"ValueSet","id":"jp-prefecturenumber-vs","text":{"status":"generated","div":"<div xmlns=\"http://www.w3.org/1999/xhtml\"><ul><li>Include all codes defined in <a href=\"CodeSystem-jp-prefecturenumber-cs.html\"><code>http://jpfhir.jp/fhir/Common/CodeSystem/JP_PrefectureNumber_CS</code></a></li></ul></div>"},"url":"http://jpfhir.jp/fhir/Common/ValueSet/JP_PrefectureNumber_VS","version":"1.1.0a","name":"JP_PrefectureNumber_VS","title":"JP Core PrefectureNumber ValueSet","status":"active","date":"2022-09-01T08:35:42+00:00","publisher":"FHIR Japanese implementation research working group in Japan Association of Medical Informatics (JAMI)","contact":[{"name":"FHIR Japanese implementation research working group in Japan Association of Medical Informatics (JAMI)","telecom":[{"system":"url","value":"http://jpfhir.jp"},{"system":"email","value":"office@hlfhir.jp"}]}],"description":"都道県番号値セット","jurisdiction":[{"coding":[{"system":"urn:iso:std:iso:3166","code":"JP"}]}],"copyright":"FHIR Japanese implementation research working group in Japan Association of Medical Informatics (JAMI)","compose":{"include":[{"system":"http://jpfhir.jp/fhir/Common/CodeSystem/JP_PrefectureNumber_CS"}]}}