{
  "resourceType": "CodeSystem",
  "id": "jp-medicallicencecertificate-cs",
  "text": {
    "status": "generated",
    "div": "<div xmlns=\"http://www.w3.org/1999/xhtml\"><p>This code system http://jpfhir.jp/fhir/Common/CodeSystem/JP_MedicalLicenceCertificate_CS defines the following codes:</p><table class=\"codes\"><tr><td style=\"white-space:nowrap\"><b>Code</b></td><td><b>Display</b></td><td><b>Definition</b></td></tr><tr><td style=\"white-space:nowrap\">narcotics-practitioner<a name=\"jp-medicallicencecertificate-cs-narcotics-practitioner\"> </a></td><td>麻薬施用者番号</td><td>各都道府県にて管理される麻薬施用に関する免許番号</td></tr><tr><td style=\"white-space:nowrap\">medical-registration<a name=\"jp-medicallicencecertificate-cs-medical-registration\"> </a></td><td>医籍登録番号</td><td>厚労省が発行する医師免許に割り振られる登録番号</td></tr></table></div>"
  },
  "url": "http://jpfhir.jp/fhir/Common/CodeSystem/JP_MedicalLicenceCertificate_CS",
  "version": "1.1.0a",
  "name": "JP_MedicalLicenceCertificate_CS",
  "title": "JP Core MedicalLicenceCertificate CodeSystem",
  "status": "draft",
  "date": "2022-08-05T08:47:13+00:00",
  "publisher": "FHIR Japanese implementation research working group in Japan Association of Medical Informatics (JAMI)",
  "contact": [
    {
      "name": "FHIR Japanese implementation research working group in Japan Association of Medical Informatics (JAMI)",
      "telecom": [
        {
          "system": "url",
          "value": "http://jpfhir.jp"
        },
        {
          "system": "email",
          "value": "office@hlfhir.jp"
        }
      ]
    }
  ],
  "description": "医療関連免許証明に関するコードシステム。（現在作成中、今後医療系免許に関する情報追加する予定です。）",
  "jurisdiction": [
    {
      "coding": [
        {
          "system": "urn:iso:std:iso:3166",
          "code": "JP"
        }
      ]
    }
  ],
  "copyright": "FHIR Japanese implementation research working group in Japan Association of Medical Informatics (JAMI)",
  "caseSensitive": true,
  "content": "complete",
  "count": 2,
  "concept": [
    {
      "code": "narcotics-practitioner",
      "display": "麻薬施用者番号",
      "definition": "各都道府県にて管理される麻薬施用に関する免許番号"
    },
    {
      "code": "medical-registration",
      "display": "医籍登録番号",
      "definition": "厚労省が発行する医師免許に割り振られる登録番号"
    }
  ]
}