{
  "resourceType": "CodeSystem",
  "id": "jp-medication-usage-jami-additional-cs",
  "text": {
    "status": "generated",
    "div": "<div xmlns=\"http://www.w3.org/1999/xhtml\"><p>This code system <code>http://jpfhir.jp/fhir/Common/CodeSystem/JP_MedicationUsageJAMIAdditional_CS</code> defines many codes, of which the following are a subset:</p><table class=\"codes\"><tr><td style=\"white-space:nowrap\"><b>Code</b></td><td><b>Display</b></td></tr><tr><td style=\"white-space:nowrap\">I1100000<a name=\"jp-medication-usage-jami-additional-cs-I1100000\"> </a></td><td>１日おき</td></tr><tr><td style=\"white-space:nowrap\">W0100100<a name=\"jp-medication-usage-jami-additional-cs-W0100100\"> </a></td><td>月曜日、木曜日</td></tr><tr><td style=\"white-space:nowrap\">D0AK0000<a name=\"jp-medication-usage-jami-additional-cs-D0AK0000\"> </a></td><td>毎月10日、20日</td></tr><tr><td style=\"white-space:nowrap\">DCAKU000<a name=\"jp-medication-usage-jami-additional-cs-DCAKU000\"> </a></td><td>12月10日、12月20日、12月30日</td></tr><tr><td style=\"white-space:nowrap\">D1FU0000<a name=\"jp-medication-usage-jami-additional-cs-D1FU0000\"> </a></td><td>1月15日、1月30日</td></tr><tr><td style=\"white-space:nowrap\">D0148BFI<a name=\"jp-medication-usage-jami-additional-cs-D0148BFI\"> </a></td><td>毎月1日、4日、8日、11日、15日、18日</td></tr><tr><td style=\"white-space:nowrap\">D0MPT000<a name=\"jp-medication-usage-jami-additional-cs-D0MPT000\"> </a></td><td>毎月22日、25日、29日</td></tr><tr><td style=\"white-space:nowrap\">CW100000<a name=\"jp-medication-usage-jami-additional-cs-CW100000\"> </a></td><td>週１回</td></tr></table></div>"
  },
  "url": "http://jpfhir.jp/fhir/Common/CodeSystem/JP_MedicationUsageJAMIAdditional_CS",
  "identifier": [
    {
      "system": "urn:ietf:rfc:3986",
      "value": "urn:oid:1.2.392.200250.2.2.20.22"
    }
  ],
  "version": "1.1.0a",
  "name": "JP_MedicationUsageJAMIAdditional_CS",
  "title": "JP Core Medication JAMI Additional Usage CodeSystem",
  "status": "draft",
  "date": "2022-09-16T01:28:39+00:00",
  "publisher": "FHIR Japanese implementation research working group in Japan Association of Medical Informatics (JAMI)",
  "contact": [
    {
      "name": "FHIR Japanese implementation research working group in Japan Association of Medical Informatics (JAMI)",
      "telecom": [
        {
          "system": "url",
          "value": "http://jpfhir.jp"
        },
        {
          "system": "email",
          "value": "office@hlfhir.jp"
        }
      ]
    }
  ],
  "description": "JAMI標準用法規格補足用法コードのコードシステム",
  "jurisdiction": [
    {
      "coding": [
        {
          "system": "urn:iso:std:iso:3166",
          "code": "JP"
        }
      ]
    }
  ],
  "copyright": "FHIR Japanese implementation research working group in Japan Association of Medical Informatics (JAMI)",
  "caseSensitive": true,
  "content": "fragment",
  "concept": [
    {
      "code": "I1100000",
      "display": "１日おき"
    },
    {
      "code": "W0100100",
      "display": "月曜日、木曜日"
    },
    {
      "code": "D0AK0000",
      "display": "毎月10日、20日"
    },
    {
      "code": "DCAKU000",
      "display": "12月10日、12月20日、12月30日"
    },
    {
      "code": "D1FU0000",
      "display": "1月15日、1月30日"
    },
    {
      "code": "D0148BFI",
      "display": "毎月1日、4日、8日、11日、15日、18日"
    },
    {
      "code": "D0MPT000",
      "display": "毎月22日、25日、29日"
    },
    {
      "code": "CW100000",
      "display": "週１回"
    }
  ]
}