{
  "resourceType": "CodeSystem",
  "id": "jp-medication-ingredientstrength-strengthtype-cs",
  "text": {
    "status": "generated",
    "div": "<div xmlns=\"http://www.w3.org/1999/xhtml\"><p>This code system http://jpfhir.jp/fhir/Common/CodeSystem/JP_MedicationIngredientStrengthStrengthType_CS defines the following codes:</p><table class=\"codes\"><tr><td style=\"white-space:nowrap\"><b>Code</b></td><td><b>Display</b></td></tr><tr><td style=\"white-space:nowrap\">1<a name=\"jp-medication-ingredientstrength-strengthtype-cs-1\"> </a></td><td>製剤量</td></tr><tr><td style=\"white-space:nowrap\">2<a name=\"jp-medication-ingredientstrength-strengthtype-cs-2\"> </a></td><td>原薬量</td></tr></table></div>"
  },
  "url": "http://jpfhir.jp/fhir/Common/CodeSystem/JP_MedicationIngredientStrengthStrengthType_CS",
  "version": "1.1.0a",
  "name": "JP_MedicationIngredientStrengthStrengthType_CS",
  "title": "JP Core Medication IngredientStrength StrengthType",
  "status": "draft",
  "date": "2022-08-08T11:46:36+00:00",
  "publisher": "FHIR Japanese implementation research working group in Japan Association of Medical Informatics (JAMI)",
  "contact": [
    {
      "name": "FHIR Japanese implementation research working group in Japan Association of Medical Informatics (JAMI)",
      "telecom": [
        {
          "system": "url",
          "value": "http://jpfhir.jp"
        },
        {
          "system": "email",
          "value": "office@hlfhir.jp"
        }
      ]
    }
  ],
  "description": "力価区分",
  "jurisdiction": [
    {
      "coding": [
        {
          "system": "urn:iso:std:iso:3166",
          "code": "JP"
        }
      ]
    }
  ],
  "copyright": "FHIR Japanese implementation research working group in Japan Association of Medical Informatics (JAMI)",
  "caseSensitive": true,
  "content": "complete",
  "count": 2,
  "concept": [
    {
      "code": "1",
      "display": "製剤量"
    },
    {
      "code": "2",
      "display": "原薬量"
    }
  ]
}