<?xml version="1.0" encoding="UTF-8"?>

<Observation xmlns="http://hl7.org/fhir">
  <id value="jp-observation-socialhistory-example-1"/>
  <meta>
    <profile value="http://jpfhir.jp/fhir/core/StructureDefinition/JP_Observation_SocialHistory"/>
  </meta>
  <text>
    <status value="generated"/><div xmlns="http://www.w3.org/1999/xhtml"><p><b>Generated Narrative: Observation</b></p><div style="display: inline-block; background-color: #d9e0e7; padding: 6px; margin: 4px; border: 1px solid #8da1b4; border-radius: 5px; line-height: 60%"><p style="margin-bottom: 0px">Resource Observation "jp-observation-socialhistory-example-1" </p><p style="margin-bottom: 0px">Profile: <a href="StructureDefinition-jp-observation-socialhistory.html">JP Core Observation SocialHistory Profile</a></p></div><p><b>status</b>: final</p><p><b>category</b>: Social History <span style="background: LightGoldenRodYellow; margin: 4px; border: 1px solid khaki"> (<a href="http://terminology.hl7.org/3.1.0/CodeSystem-observation-category.html">Observation Category Codes</a>#social-history)</span></p><p><b>code</b>: ブリンクマン指数 <span style="background: LightGoldenRodYellow; margin: 4px; border: 1px solid khaki"> (localcode#abc-local-456; <a href="CodeSystem-jp-observation-socialhistory-code-cs.html">JP Core Observation SocialHistory Code CodeSystem</a>#MD0012920 "喫煙指数")</span></p><p><b>subject</b>: <a href="Patient-jp-patient-example-1.html">Patient/jp-patient-example-1</a> " 山田"</p><p><b>effective</b>: 2021-10-19 10:00:00+0900</p><p><b>performer</b>: <a href="Practitioner-jp-practitioner-example-female-2.html">Practitioner/jp-practitioner-example-female-2</a> " 福岡"</p><p><b>value</b>: 400</p><blockquote><p><b>component</b></p><p><b>code</b>: 通算喫煙年数 <span style="background: LightGoldenRodYellow; margin: 4px; border: 1px solid khaki"> (<a href="CodeSystem-jp-observation-socialhistory-code-cs.html">JP Core Observation SocialHistory Code CodeSystem</a>#MD0012910)</span></p><p><b>value</b>: 20 年</p></blockquote><blockquote><p><b>component</b></p><p><b>code</b>: １日の喫煙本数 <span style="background: LightGoldenRodYellow; margin: 4px; border: 1px solid khaki"> (<a href="CodeSystem-jp-observation-socialhistory-code-cs.html">JP Core Observation SocialHistory Code CodeSystem</a>#MD0012900)</span></p><p><b>value</b>: 20 本</p></blockquote></div>
  </text>
  <status value="final"/>
  <category>
    <coding>
      <system value="http://terminology.hl7.org/CodeSystem/observation-category"/>
      <code value="social-history"/>
    </coding>
  </category>
  <code>
    <coding>
      <system value="http://abc-hospital.local/fhir/Observation/localcode"/>
      <code value="abc-local-456"/>
      <display value="ブリンクマン指数"/>
    </coding>
    <coding>
      <system value="http://jpfhir.jp/fhir/Common/CodeSystem/JP_ObservationSocialHistoryCode_CS"/>
      <code value="MD0012920"/>
      <display value="喫煙指数"/>
    </coding>
  </code>
  <subject>
    <reference value="Patient/jp-patient-example-1"/>
  </subject>
  <effectiveDateTime value="2021-10-19T10:00:00+09:00"/>
  <performer>
    <reference value="Practitioner/jp-practitioner-example-female-2"/>
  </performer>
  <valueQuantity>
    <value value="400"/>
  </valueQuantity>
  <component>
    <code>
      <coding>
        <system value="http://jpfhir.jp/fhir/Common/CodeSystem/JP_ObservationSocialHistoryCode_CS"/>
        <code value="MD0012910"/>
        <display value="通算喫煙年数"/>
      </coding>
      <text value="通算喫煙年数"/>
    </code>
    <valueQuantity>
      <value value="20"/>
      <unit value="年"/>
    </valueQuantity>
  </component>
  <component>
    <code>
      <coding>
        <system value="http://jpfhir.jp/fhir/Common/CodeSystem/JP_ObservationSocialHistoryCode_CS"/>
        <code value="MD0012900"/>
        <display value="１日の喫煙本数"/>
      </coding>
      <text value="１日の喫煙本数"/>
    </code>
    <valueQuantity>
      <value value="20"/>
      <unit value="本"/>
    </valueQuantity>
  </component>
</Observation>