{
  "resourceType": "ValueSet",
  "id": "jp-medication-route-hl70162-vs",
  "text": {
    "status": "generated",
    "div": "<div xmlns=\"http://www.w3.org/1999/xhtml\"><ul><li>Include all codes defined in <a href=\"CodeSystem-jp-medication-route-hl70162-cs.html\"><code>http://jpfhir.jp/fhir/Common/CodeSystem/route-codes</code></a></li></ul></div>"
  },
  "url": "http://jpfhir.jp/fhir/Common/CodeSystem/JP_MedicationRouteHL70162_VS",
  "version": "1.1.0a",
  "name": "JP_MedicationRouteHL70162_VS",
  "title": "JP Core Medication HL70162-based Route ValueSet",
  "status": "draft",
  "date": "2022-09-17T07:20:02+00:00",
  "publisher": "FHIR Japanese implementation research working group in Japan Association of Medical Informatics (JAMI)",
  "contact": [
    {
      "name": "FHIR Japanese implementation research working group in Japan Association of Medical Informatics (JAMI)",
      "telecom": [
        {
          "system": "url",
          "value": "http://jpfhir.jp"
        },
        {
          "system": "email",
          "value": "office@hlfhir.jp"
        }
      ]
    }
  ],
  "description": "HL7表0162をベースにした投与経路の値セット",
  "jurisdiction": [
    {
      "coding": [
        {
          "system": "urn:iso:std:iso:3166",
          "code": "JP"
        }
      ]
    }
  ],
  "copyright": "FHIR Japanese implementation research working group in Japan Association of Medical Informatics (JAMI)",
  "compose": {
    "include": [
      {
        "system": "http://jpfhir.jp/fhir/Common/CodeSystem/route-codes"
      }
    ]
  }
}