{
  "resourceType": "ValueSet",
  "id": "jp-medication-usage-jami-vs",
  "text": {
    "status": "generated",
    "div": "<div xmlns=\"http://www.w3.org/1999/xhtml\"><ul><li>Include all codes defined in <a href=\"CodeSystem-jp-medication-usage-jami-cs.html\"><code>urn:oid:1.2.392.200250.2.2.20.20</code></a></li></ul></div>"
  },
  "url": "http://jpfhir.jp/fhir/Common/ValueSet/JP_MedicationUsageJAMI_VS",
  "version": "1.1.0a",
  "name": "JP_MedicationUsageJAMI_VS",
  "title": "JP Core Medication JAMI Usage Code",
  "status": "draft",
  "date": "2022-08-09T13:29:57+00:00",
  "publisher": "FHIR Japanese implementation research working group in Japan Association of Medical Informatics (JAMI)",
  "contact": [
    {
      "name": "FHIR Japanese implementation research working group in Japan Association of Medical Informatics (JAMI)",
      "telecom": [
        {
          "system": "url",
          "value": "http://jpfhir.jp"
        },
        {
          "system": "email",
          "value": "office@hlfhir.jp"
        }
      ]
    }
  ],
  "description": "JAMI標準用法コードの値セット",
  "jurisdiction": [
    {
      "coding": [
        {
          "system": "urn:iso:std:iso:3166",
          "code": "JP"
        }
      ]
    }
  ],
  "copyright": "FHIR Japanese implementation research working group in Japan Association of Medical Informatics (JAMI)",
  "compose": {
    "include": [
      {
        "system": "urn:oid:1.2.392.200250.2.2.20.20"
      }
    ]
  }
}