<?xml version="1.0" encoding="UTF-8"?>

<CodeSystem xmlns="http://hl7.org/fhir">
  <id value="jp-medication-usage-jami-additional-cs"/>
  <text>
    <status value="generated"/><div xmlns="http://www.w3.org/1999/xhtml"><p>This code system <code>http://jpfhir.jp/fhir/Common/CodeSystem/JP_MedicationUsageJAMIAdditional_CS</code> defines many codes, of which the following are a subset:</p><table class="codes"><tr><td style="white-space:nowrap"><b>Code</b></td><td><b>Display</b></td></tr><tr><td style="white-space:nowrap">I1100000<a name="jp-medication-usage-jami-additional-cs-I1100000"> </a></td><td>１日おき</td></tr><tr><td style="white-space:nowrap">W0100100<a name="jp-medication-usage-jami-additional-cs-W0100100"> </a></td><td>月曜日、木曜日</td></tr><tr><td style="white-space:nowrap">D0AK0000<a name="jp-medication-usage-jami-additional-cs-D0AK0000"> </a></td><td>毎月10日、20日</td></tr><tr><td style="white-space:nowrap">DCAKU000<a name="jp-medication-usage-jami-additional-cs-DCAKU000"> </a></td><td>12月10日、12月20日、12月30日</td></tr><tr><td style="white-space:nowrap">D1FU0000<a name="jp-medication-usage-jami-additional-cs-D1FU0000"> </a></td><td>1月15日、1月30日</td></tr><tr><td style="white-space:nowrap">D0148BFI<a name="jp-medication-usage-jami-additional-cs-D0148BFI"> </a></td><td>毎月1日、4日、8日、11日、15日、18日</td></tr><tr><td style="white-space:nowrap">D0MPT000<a name="jp-medication-usage-jami-additional-cs-D0MPT000"> </a></td><td>毎月22日、25日、29日</td></tr><tr><td style="white-space:nowrap">CW100000<a name="jp-medication-usage-jami-additional-cs-CW100000"> </a></td><td>週１回</td></tr></table></div>
  </text>
  <url value="http://jpfhir.jp/fhir/Common/CodeSystem/JP_MedicationUsageJAMIAdditional_CS"/>
  <identifier>
    <system value="urn:ietf:rfc:3986"/>
    <value value="urn:oid:1.2.392.200250.2.2.20.22"/>
  </identifier>
  <version value="1.1.0a"/>
  <name value="JP_MedicationUsageJAMIAdditional_CS"/>
  <title value="JP Core Medication JAMI Additional Usage CodeSystem"/>
  <status value="draft"/>
  <date value="2022-09-13T13:55:04+00:00"/>
  <publisher value="FHIR Japanese implementation research working group in Japan Association of Medical Informatics (JAMI)"/>
  <contact>
    <name value="FHIR Japanese implementation research working group in Japan Association of Medical Informatics (JAMI)"/>
    <telecom>
      <system value="url"/>
      <value value="http://jpfhir.jp"/>
    </telecom>
    <telecom>
      <system value="email"/>
      <value value="office@hlfhir.jp"/>
    </telecom>
  </contact>
  <description value="JAMI標準用法規格補足用法コードのコードシステム"/>
  <jurisdiction>
    <coding>
      <system value="urn:iso:std:iso:3166"/>
      <code value="JP"/>
    </coding>
  </jurisdiction>
  <copyright value="FHIR Japanese implementation research working group in Japan Association of Medical Informatics (JAMI)"/>
  <caseSensitive value="true"/>
  <content value="fragment"/>
  <concept>
    <code value="I1100000"/>
    <display value="１日おき"/>
  </concept>
  <concept>
    <code value="W0100100"/>
    <display value="月曜日、木曜日"/>
  </concept>
  <concept>
    <code value="D0AK0000"/>
    <display value="毎月10日、20日"/>
  </concept>
  <concept>
    <code value="DCAKU000"/>
    <display value="12月10日、12月20日、12月30日"/>
  </concept>
  <concept>
    <code value="D1FU0000"/>
    <display value="1月15日、1月30日"/>
  </concept>
  <concept>
    <code value="D0148BFI"/>
    <display value="毎月1日、4日、8日、11日、15日、18日"/>
  </concept>
  <concept>
    <code value="D0MPT000"/>
    <display value="毎月22日、25日、29日"/>
  </concept>
  <concept>
    <code value="CW100000"/>
    <display value="週１回"/>
  </concept>
</CodeSystem>