<?xml version="1.0" encoding="UTF-8"?>

<CodeSystem xmlns="http://hl7.org/fhir">
  <id value="jp-medication-example-dosagecomment-cs"/>
  <text>
    <status value="generated"/><div xmlns="http://www.w3.org/1999/xhtml"><p>This code system <code>http://jpfhir.jp/fhir/Examples/CodeSystem/JP_MedicationAdministrationDosageComment_CS</code> defines some example codes:</p><table class="codes"><tr><td style="white-space:nowrap"><b>Code</b></td><td><b>Display</b></td></tr><tr><td style="white-space:nowrap">01<a name="jp-medication-example-dosagecomment-cs-01"> </a></td><td>鎮静目的に</td></tr><tr><td style="white-space:nowrap">02<a name="jp-medication-example-dosagecomment-cs-02"> </a></td><td>ゆっくりと</td></tr><tr><td style="white-space:nowrap">03<a name="jp-medication-example-dosagecomment-cs-03"> </a></td><td>フイルターを通さない</td></tr><tr><td style="white-space:nowrap">04<a name="jp-medication-example-dosagecomment-cs-04"> </a></td><td>前後で生食プッシュ</td></tr><tr><td style="white-space:nowrap">05<a name="jp-medication-example-dosagecomment-cs-05"> </a></td><td>２時間以上かけて</td></tr></table></div>
  </text>
  <url value="http://jpfhir.jp/fhir/Examples/CodeSystem/JP_MedicationAdministrationDosageComment_CS"/>
  <version value="1.1.0a"/>
  <name value="JP_MedicationExampleDosageComment_CS"/>
  <title value="JP Medication Example DosageComment"/>
  <status value="draft"/>
  <date value="2022-09-17T13:53:57+00:00"/>
  <publisher value="FHIR Japanese implementation research working group in Japan Association of Medical Informatics (JAMI)"/>
  <contact>
    <name value="FHIR Japanese implementation research working group in Japan Association of Medical Informatics (JAMI)"/>
    <telecom>
      <system value="url"/>
      <value value="http://jpfhir.jp"/>
    </telecom>
    <telecom>
      <system value="email"/>
      <value value="office@hlfhir.jp"/>
    </telecom>
  </contact>
  <description value="注射用法コメントのコードシステム例"/>
  <jurisdiction>
    <coding>
      <system value="urn:iso:std:iso:3166"/>
      <code value="JP"/>
    </coding>
  </jurisdiction>
  <copyright value="FHIR Japanese implementation research working group in Japan Association of Medical Informatics (JAMI)"/>
  <caseSensitive value="true"/>
  <content value="example"/>
  <concept>
    <code value="01"/>
    <display value="鎮静目的に"/>
  </concept>
  <concept>
    <code value="02"/>
    <display value="ゆっくりと"/>
  </concept>
  <concept>
    <code value="03"/>
    <display value="フイルターを通さない"/>
  </concept>
  <concept>
    <code value="04"/>
    <display value="前後で生食プッシュ"/>
  </concept>
  <concept>
    <code value="05"/>
    <display value="２時間以上かけて"/>
  </concept>
</CodeSystem>