<?xml version="1.0" encoding="UTF-8"?>

<CodeSystem xmlns="http://hl7.org/fhir">
  <id value="jp-medicationcode-hot9-cs"/>
  <text>
    <status value="generated"/><div xmlns="http://www.w3.org/1999/xhtml"><p>This code system <code>http://jpfhir.jp/fhir/Common/CodeSystem/JP_MedicationCodeHOT9_CS</code> defines many codes, of which the following are a subset:</p><table class="codes"><tr><td style="white-space:nowrap"><b>Code</b></td><td><b>Display</b></td></tr><tr><td style="white-space:nowrap">100558502<a name="jp-medicationcode-hot9-cs-100558502"> </a></td><td>ホリゾン注射液１０ｍｇ</td></tr><tr><td style="white-space:nowrap">103835401<a name="jp-medicationcode-hot9-cs-103835401"> </a></td><td>ムコダイン錠２５０ｍｇ</td></tr><tr><td style="white-space:nowrap">107750602<a name="jp-medicationcode-hot9-cs-107750602"> </a></td><td>ソリタ－Ｔ３号輸液５００ｍＬ</td></tr><tr><td style="white-space:nowrap">108010001<a name="jp-medicationcode-hot9-cs-108010001"> </a></td><td>アドナ注（静脈用）５０ｍｇ／１０ｍＬ</td></tr><tr><td style="white-space:nowrap">110626901<a name="jp-medicationcode-hot9-cs-110626901"> </a></td><td>パンスポリンＴ錠１００ １００ｍｇ</td></tr><tr><td style="white-space:nowrap">182110901<a name="jp-medicationcode-hot9-cs-182110901"> </a></td><td>コミナティ筋注</td></tr></table></div>
  </text>
  <url value="http://jpfhir.jp/fhir/Common/CodeSystem/JP_MedicationCodeHOT9_CS"/>
  <identifier>
    <system value="urn:ietf:rfc:3986"/>
    <value value="urn:oid:1.2.392.200119.4.403.1"/>
  </identifier>
  <identifier>
    <system value="urn:ietf:rfc:3986"/>
    <value value="urn:oid:1.2.392.100495.20.2.74"/>
  </identifier>
  <version value="1.1.0a"/>
  <name value="JP_MedicationCodeHOT9_CS"/>
  <title value="JP Core MedicationCode HOT9 CodeSystem"/>
  <status value="draft"/>
  <date value="2022-09-16T10:20:04+00:00"/>
  <publisher value="FHIR Japanese implementation research working group in Japan Association of Medical Informatics (JAMI)"/>
  <contact>
    <name value="FHIR Japanese implementation research working group in Japan Association of Medical Informatics (JAMI)"/>
    <telecom>
      <system value="url"/>
      <value value="http://jpfhir.jp"/>
    </telecom>
    <telecom>
      <system value="email"/>
      <value value="office@hlfhir.jp"/>
    </telecom>
  </contact>
  <description value="医薬品HOT9コードのコードシステム"/>
  <jurisdiction>
    <coding>
      <system value="urn:iso:std:iso:3166"/>
      <code value="JP"/>
    </coding>
  </jurisdiction>
  <copyright value="FHIR Japanese implementation research working group in Japan Association of Medical Informatics (JAMI)"/>
  <caseSensitive value="true"/>
  <content value="fragment"/>
  <concept>
    <code value="100558502"/>
    <display value="ホリゾン注射液１０ｍｇ"/>
  </concept>
  <concept>
    <code value="103835401"/>
    <display value="ムコダイン錠２５０ｍｇ"/>
  </concept>
  <concept>
    <code value="107750602"/>
    <display value="ソリタ－Ｔ３号輸液５００ｍＬ"/>
  </concept>
  <concept>
    <code value="108010001"/>
    <display value="アドナ注（静脈用）５０ｍｇ／１０ｍＬ"/>
  </concept>
  <concept>
    <code value="110626901"/>
    <display value="パンスポリンＴ錠１００ １００ｍｇ"/>
  </concept>
  <concept>
    <code value="182110901"/>
    <display value="コミナティ筋注"/>
  </concept>
</CodeSystem>