<?xml version="1.0" encoding="UTF-8"?>

<CodeSystem xmlns="http://hl7.org/fhir">
  <id value="jp-medication-category-jhsi0001-cs"/>
  <text>
    <status value="generated"/><div xmlns="http://www.w3.org/1999/xhtml"><p>This code system http://jpfhir.jp/fhir/Common/CodeSystem/JHSI0001 defines the following codes:</p><table class="codes"><tr><td style="white-space:nowrap"><b>Code</b></td><td><b>Display</b></td></tr><tr><td style="white-space:nowrap">FTP<a name="jp-medication-category-jhsi0001-cs-FTP"> </a></td><td>定時処方</td></tr><tr><td style="white-space:nowrap">EMP<a name="jp-medication-category-jhsi0001-cs-EMP"> </a></td><td>至急処方</td></tr><tr><td style="white-space:nowrap">PFP<a name="jp-medication-category-jhsi0001-cs-PFP"> </a></td><td>事後処方</td></tr><tr><td style="white-space:nowrap">OTP<a name="jp-medication-category-jhsi0001-cs-OTP"> </a></td><td>頓用処方</td></tr></table></div>
  </text>
  <url value="http://jpfhir.jp/fhir/Common/CodeSystem/JHSI0001"/>
  <version value="1.1.0a"/>
  <name value="JP_MedicationCategoryJHSI0001_CS"/>
  <title value="JP Core Medication JHSI0001 Category CodeSystem"/>
  <status value="draft"/>
  <date value="2022-08-26T11:46:15+00:00"/>
  <publisher value="FHIR Japanese implementation research working group in Japan Association of Medical Informatics (JAMI)"/>
  <contact>
    <name value="FHIR Japanese implementation research working group in Japan Association of Medical Informatics (JAMI)"/>
    <telecom>
      <system value="url"/>
      <value value="http://jpfhir.jp"/>
    </telecom>
    <telecom>
      <system value="email"/>
      <value value="office@hlfhir.jp"/>
    </telecom>
  </contact>
  <description value="JAHIS注射データ交換規約Ver.2.1C JHSI表0001処方区分コードのコードシステム"/>
  <jurisdiction>
    <coding>
      <system value="urn:iso:std:iso:3166"/>
      <code value="JP"/>
    </coding>
  </jurisdiction>
  <copyright value="FHIR Japanese implementation research working group in Japan Association of Medical Informatics (JAMI)"/>
  <caseSensitive value="true"/>
  <valueSet value="http://jpfhir.jp/fhir/Common/ValueSet/JP_MedicationCategoryJHSI0001_VS"/>
  <content value="complete"/>
  <count value="4"/>
  <concept>
    <code value="FTP"/>
    <display value="定時処方"/>
  </concept>
  <concept>
    <code value="EMP"/>
    <display value="至急処方"/>
  </concept>
  <concept>
    <code value="PFP"/>
    <display value="事後処方"/>
  </concept>
  <concept>
    <code value="OTP"/>
    <display value="頓用処方"/>
  </concept>
</CodeSystem>