<?xml version="1.0" encoding="UTF-8"?>

<CodeSystem xmlns="http://hl7.org/fhir">
  <id value="jp-department-ssmix-cs"/>
  <text>
    <status value="generated"/><div xmlns="http://www.w3.org/1999/xhtml"><p>This code system http://jpfhir.jp/fhir/Common/CodeSystem/JP_Department_SsMix_CS defines the following codes:</p><table class="codes"><tr><td><b>Lvl</b></td><td style="white-space:nowrap"><b>Code</b></td><td><b>Display</b></td></tr><tr><td>1</td><td style="white-space:nowrap">2Digits<a name="jp-department-ssmix-cs-2Digits"> </a></td><td>２桁診療科</td></tr><tr><td>2</td><td style="white-space:nowrap">  01<a name="jp-department-ssmix-cs-01"> </a></td><td>内科</td></tr><tr><td>2</td><td style="white-space:nowrap">  02<a name="jp-department-ssmix-cs-02"> </a></td><td>精神科</td></tr><tr><td>2</td><td style="white-space:nowrap">  03<a name="jp-department-ssmix-cs-03"> </a></td><td>神経科</td></tr><tr><td>2</td><td style="white-space:nowrap">  04<a name="jp-department-ssmix-cs-04"> </a></td><td>神経内科</td></tr><tr><td>2</td><td style="white-space:nowrap">  05<a name="jp-department-ssmix-cs-05"> </a></td><td>呼吸器科</td></tr><tr><td>2</td><td style="white-space:nowrap">  06<a name="jp-department-ssmix-cs-06"> </a></td><td>消化器科</td></tr><tr><td>2</td><td style="white-space:nowrap">  07<a name="jp-department-ssmix-cs-07"> </a></td><td>胃腸科</td></tr><tr><td>2</td><td style="white-space:nowrap">  08<a name="jp-department-ssmix-cs-08"> </a></td><td>循環器科</td></tr><tr><td>2</td><td style="white-space:nowrap">  09<a name="jp-department-ssmix-cs-09"> </a></td><td>小児科</td></tr><tr><td>2</td><td style="white-space:nowrap">  10<a name="jp-department-ssmix-cs-10"> </a></td><td>外科</td></tr><tr><td>2</td><td style="white-space:nowrap">  11<a name="jp-department-ssmix-cs-11"> </a></td><td>整形外科</td></tr><tr><td>2</td><td style="white-space:nowrap">  12<a name="jp-department-ssmix-cs-12"> </a></td><td>形成外科</td></tr><tr><td>2</td><td style="white-space:nowrap">  13<a name="jp-department-ssmix-cs-13"> </a></td><td>美容外科</td></tr><tr><td>2</td><td style="white-space:nowrap">  14<a name="jp-department-ssmix-cs-14"> </a></td><td>脳神経外科</td></tr><tr><td>2</td><td style="white-space:nowrap">  15<a name="jp-department-ssmix-cs-15"> </a></td><td>呼吸器外科</td></tr><tr><td>2</td><td style="white-space:nowrap">  16<a name="jp-department-ssmix-cs-16"> </a></td><td>心臓血管外科</td></tr><tr><td>2</td><td style="white-space:nowrap">  17<a name="jp-department-ssmix-cs-17"> </a></td><td>小児外科</td></tr><tr><td>2</td><td style="white-space:nowrap">  18<a name="jp-department-ssmix-cs-18"> </a></td><td>皮膚泌尿器科</td></tr><tr><td>2</td><td style="white-space:nowrap">  19<a name="jp-department-ssmix-cs-19"> </a></td><td>皮膚科</td></tr><tr><td>2</td><td style="white-space:nowrap">  20<a name="jp-department-ssmix-cs-20"> </a></td><td>泌尿器科</td></tr><tr><td>2</td><td style="white-space:nowrap">  21<a name="jp-department-ssmix-cs-21"> </a></td><td>性病科</td></tr><tr><td>2</td><td style="white-space:nowrap">  22<a name="jp-department-ssmix-cs-22"> </a></td><td>肛門科</td></tr><tr><td>2</td><td style="white-space:nowrap">  23<a name="jp-department-ssmix-cs-23"> </a></td><td>産婦人科</td></tr><tr><td>2</td><td style="white-space:nowrap">  24<a name="jp-department-ssmix-cs-24"> </a></td><td>産科</td></tr><tr><td>2</td><td style="white-space:nowrap">  25<a name="jp-department-ssmix-cs-25"> </a></td><td>婦人科</td></tr><tr><td>2</td><td style="white-space:nowrap">  26<a name="jp-department-ssmix-cs-26"> </a></td><td>眼科</td></tr><tr><td>2</td><td style="white-space:nowrap">  27<a name="jp-department-ssmix-cs-27"> </a></td><td>耳鼻咽喉科</td></tr><tr><td>2</td><td style="white-space:nowrap">  28<a name="jp-department-ssmix-cs-28"> </a></td><td>気管食道科</td></tr><tr><td>2</td><td style="white-space:nowrap">  30<a name="jp-department-ssmix-cs-30"> </a></td><td>放射線科</td></tr><tr><td>2</td><td style="white-space:nowrap">  31<a name="jp-department-ssmix-cs-31"> </a></td><td>麻酔科</td></tr><tr><td>2</td><td style="white-space:nowrap">  33<a name="jp-department-ssmix-cs-33"> </a></td><td>心療内科</td></tr><tr><td>2</td><td style="white-space:nowrap">  34<a name="jp-department-ssmix-cs-34"> </a></td><td>アレルギー科</td></tr><tr><td>2</td><td style="white-space:nowrap">  35<a name="jp-department-ssmix-cs-35"> </a></td><td>リウマチ科</td></tr><tr><td>2</td><td style="white-space:nowrap">  36<a name="jp-department-ssmix-cs-36"> </a></td><td>リハビリテーション科</td></tr><tr><td>2</td><td style="white-space:nowrap">  37<a name="jp-department-ssmix-cs-37"> </a></td><td>病理診断科</td></tr><tr><td>2</td><td style="white-space:nowrap">  38<a name="jp-department-ssmix-cs-38"> </a></td><td>臨床検査科</td></tr><tr><td>2</td><td style="white-space:nowrap">  39<a name="jp-department-ssmix-cs-39"> </a></td><td>救急科</td></tr><tr><td>2</td><td style="white-space:nowrap">  40<a name="jp-department-ssmix-cs-40"> </a></td><td>遺伝科</td></tr><tr><td>2</td><td style="white-space:nowrap">  41<a name="jp-department-ssmix-cs-41"> </a></td><td>血液内科</td></tr><tr><td>2</td><td style="white-space:nowrap">  42<a name="jp-department-ssmix-cs-42"> </a></td><td>血液腫瘍内科</td></tr><tr><td>2</td><td style="white-space:nowrap">  43<a name="jp-department-ssmix-cs-43"> </a></td><td>血液透析科</td></tr><tr><td>2</td><td style="white-space:nowrap">  44<a name="jp-department-ssmix-cs-44"> </a></td><td>健診科</td></tr><tr><td>2</td><td style="white-space:nowrap">  45<a name="jp-department-ssmix-cs-45"> </a></td><td>呼吸器内科</td></tr><tr><td>2</td><td style="white-space:nowrap">  46<a name="jp-department-ssmix-cs-46"> </a></td><td>在宅診療科</td></tr><tr><td>2</td><td style="white-space:nowrap">  47<a name="jp-department-ssmix-cs-47"> </a></td><td>腫瘍診療科</td></tr><tr><td>2</td><td style="white-space:nowrap">  48<a name="jp-department-ssmix-cs-48"> </a></td><td>腎臓内科</td></tr><tr><td>2</td><td style="white-space:nowrap">  49<a name="jp-department-ssmix-cs-49"> </a></td><td>睡眠診療部</td></tr><tr><td>2</td><td style="white-space:nowrap">  50<a name="jp-department-ssmix-cs-50"> </a></td><td>精神神経科</td></tr><tr><td>2</td><td style="white-space:nowrap">  51<a name="jp-department-ssmix-cs-51"> </a></td><td>総合診療科</td></tr><tr><td>2</td><td style="white-space:nowrap">  52<a name="jp-department-ssmix-cs-52"> </a></td><td>内視鏡診療部</td></tr><tr><td>2</td><td style="white-space:nowrap">  53<a name="jp-department-ssmix-cs-53"> </a></td><td>内分泌・代謝科</td></tr><tr><td>2</td><td style="white-space:nowrap">  54<a name="jp-department-ssmix-cs-54"> </a></td><td>膠原病科</td></tr><tr><td>2</td><td style="white-space:nowrap">  70<a name="jp-department-ssmix-cs-70"> </a></td><td>消化器内科</td></tr><tr><td>2</td><td style="white-space:nowrap">  71<a name="jp-department-ssmix-cs-71"> </a></td><td>内分泌内科</td></tr><tr><td>2</td><td style="white-space:nowrap">  72<a name="jp-department-ssmix-cs-72"> </a></td><td>代謝内科</td></tr><tr><td>2</td><td style="white-space:nowrap">  73<a name="jp-department-ssmix-cs-73"> </a></td><td>糖尿病内科</td></tr><tr><td>2</td><td style="white-space:nowrap">  74<a name="jp-department-ssmix-cs-74"> </a></td><td>腎臓・内分泌内科</td></tr><tr><td>2</td><td style="white-space:nowrap">  75<a name="jp-department-ssmix-cs-75"> </a></td><td>感染症科</td></tr><tr><td>2</td><td style="white-space:nowrap">  76<a name="jp-department-ssmix-cs-76"> </a></td><td>漢方科</td></tr><tr><td>2</td><td style="white-space:nowrap">  77<a name="jp-department-ssmix-cs-77"> </a></td><td>老年科</td></tr><tr><td>2</td><td style="white-space:nowrap">  78<a name="jp-department-ssmix-cs-78"> </a></td><td>血管外科</td></tr><tr><td>2</td><td style="white-space:nowrap">  79<a name="jp-department-ssmix-cs-79"> </a></td><td>血管内治療科</td></tr><tr><td>2</td><td style="white-space:nowrap">  7A<a name="jp-department-ssmix-cs-7A"> </a></td><td>消化器外科</td></tr><tr><td>2</td><td style="white-space:nowrap">  7B<a name="jp-department-ssmix-cs-7B"> </a></td><td>上部消化管外科</td></tr><tr><td>2</td><td style="white-space:nowrap">  7C<a name="jp-department-ssmix-cs-7C"> </a></td><td>下部消化管外科</td></tr><tr><td>2</td><td style="white-space:nowrap">  80<a name="jp-department-ssmix-cs-80"> </a></td><td>肝胆膵外科</td></tr><tr><td>2</td><td style="white-space:nowrap">  81<a name="jp-department-ssmix-cs-81"> </a></td><td>移植外科</td></tr><tr><td>2</td><td style="white-space:nowrap">  82<a name="jp-department-ssmix-cs-82"> </a></td><td>乳腺外科</td></tr><tr><td>2</td><td style="white-space:nowrap">  83<a name="jp-department-ssmix-cs-83"> </a></td><td>緩和ケア科</td></tr><tr><td>2</td><td style="white-space:nowrap">  84<a name="jp-department-ssmix-cs-84"> </a></td><td>集中治療部</td></tr><tr><td>2</td><td style="white-space:nowrap">  85<a name="jp-department-ssmix-cs-85"> </a></td><td>遺伝子診療部</td></tr><tr><td>2</td><td style="white-space:nowrap">  86<a name="jp-department-ssmix-cs-86"> </a></td><td>顎口腔診療科</td></tr><tr><td>2</td><td style="white-space:nowrap">  87<a name="jp-department-ssmix-cs-87"> </a></td><td>輸血診療部</td></tr><tr><td>2</td><td style="white-space:nowrap">  88<a name="jp-department-ssmix-cs-88"> </a></td><td>予防医学診療部</td></tr><tr><td>2</td><td style="white-space:nowrap">  89<a name="jp-department-ssmix-cs-89"> </a></td><td>予防接種科</td></tr><tr><td>2</td><td style="white-space:nowrap">  8A<a name="jp-department-ssmix-cs-8A"> </a></td><td>先端医療開発診療</td></tr><tr><td>2</td><td style="white-space:nowrap">  8B<a name="jp-department-ssmix-cs-8B"> </a></td><td>分子診療・細胞治療</td></tr><tr><td>2</td><td style="white-space:nowrap">  8C<a name="jp-department-ssmix-cs-8C"> </a></td><td>特殊外来</td></tr><tr><td>2</td><td style="white-space:nowrap">  8D<a name="jp-department-ssmix-cs-8D"> </a></td><td>手術部</td></tr><tr><td>2</td><td style="white-space:nowrap">  8E<a name="jp-department-ssmix-cs-8E"> </a></td><td>薬剤部</td></tr><tr><td>2</td><td style="white-space:nowrap">  8G<a name="jp-department-ssmix-cs-8G"> </a></td><td>栄養指導科</td></tr><tr><td>2</td><td style="white-space:nowrap">  8H<a name="jp-department-ssmix-cs-8H"> </a></td><td>看護部</td></tr><tr><td>2</td><td style="white-space:nowrap">  8J<a name="jp-department-ssmix-cs-8J"> </a></td><td>地域医療連携部</td></tr><tr><td>2</td><td style="white-space:nowrap">  8K<a name="jp-department-ssmix-cs-8K"> </a></td><td>治験センター</td></tr><tr><td>2</td><td style="white-space:nowrap">  90<a name="jp-department-ssmix-cs-90"> </a></td><td>歯科</td></tr><tr><td>2</td><td style="white-space:nowrap">  98<a name="jp-department-ssmix-cs-98"> </a></td><td>医事・事務</td></tr><tr><td>2</td><td style="white-space:nowrap">  9Z<a name="jp-department-ssmix-cs-9Z"> </a></td><td>その他</td></tr><tr><td>1</td><td style="white-space:nowrap">3Digits<a name="jp-department-ssmix-cs-3Digits"> </a></td><td>３桁診療科</td></tr><tr><td>2</td><td style="white-space:nowrap">  011<a name="jp-department-ssmix-cs-011"> </a></td><td>第１内科</td></tr><tr><td>2</td><td style="white-space:nowrap">  012<a name="jp-department-ssmix-cs-012"> </a></td><td>第２内科</td></tr><tr><td>2</td><td style="white-space:nowrap">  013<a name="jp-department-ssmix-cs-013"> </a></td><td>第３内科</td></tr><tr><td>2</td><td style="white-space:nowrap">  014<a name="jp-department-ssmix-cs-014"> </a></td><td>第４内科</td></tr><tr><td>2</td><td style="white-space:nowrap">  018<a name="jp-department-ssmix-cs-018"> </a></td><td>一般内科</td></tr><tr><td>2</td><td style="white-space:nowrap">  01A<a name="jp-department-ssmix-cs-01A"> </a></td><td>被爆放射線医療内科</td></tr><tr><td>2</td><td style="white-space:nowrap">  021<a name="jp-department-ssmix-cs-021"> </a></td><td>精神科・心の診療科</td></tr><tr><td>2</td><td style="white-space:nowrap">  022<a name="jp-department-ssmix-cs-022"> </a></td><td>精神科デイケア</td></tr><tr><td>2</td><td style="white-space:nowrap">  04A<a name="jp-department-ssmix-cs-04A"> </a></td><td>てんかん科</td></tr><tr><td>2</td><td style="white-space:nowrap">  04B<a name="jp-department-ssmix-cs-04B"> </a></td><td>もの忘れ科</td></tr><tr><td>2</td><td style="white-space:nowrap">  04C<a name="jp-department-ssmix-cs-04C"> </a></td><td>高次脳機能障害科</td></tr><tr><td>2</td><td style="white-space:nowrap">  04D<a name="jp-department-ssmix-cs-04D"> </a></td><td>頭痛外来</td></tr><tr><td>2</td><td style="white-space:nowrap">  04E<a name="jp-department-ssmix-cs-04E"> </a></td><td>脳卒中外来</td></tr><tr><td>2</td><td style="white-space:nowrap">  051<a name="jp-department-ssmix-cs-051"> </a></td><td>呼吸器・アレルギー科</td></tr><tr><td>2</td><td style="white-space:nowrap">  052<a name="jp-department-ssmix-cs-052"> </a></td><td>呼吸器・感染症内科</td></tr><tr><td>2</td><td style="white-space:nowrap">  05A<a name="jp-department-ssmix-cs-05A"> </a></td><td>せき外来</td></tr><tr><td>2</td><td style="white-space:nowrap">  05B<a name="jp-department-ssmix-cs-05B"> </a></td><td>禁煙外来</td></tr><tr><td>2</td><td style="white-space:nowrap">  061<a name="jp-department-ssmix-cs-061"> </a></td><td>肝臓内科</td></tr><tr><td>2</td><td style="white-space:nowrap">  062<a name="jp-department-ssmix-cs-062"> </a></td><td>肝胆膵科</td></tr><tr><td>2</td><td style="white-space:nowrap">  063<a name="jp-department-ssmix-cs-063"> </a></td><td>膵臓内科</td></tr><tr><td>2</td><td style="white-space:nowrap">  064<a name="jp-department-ssmix-cs-064"> </a></td><td>胆道・膵臓内科</td></tr><tr><td>2</td><td style="white-space:nowrap">  06A<a name="jp-department-ssmix-cs-06A"> </a></td><td>肝臓病科</td></tr><tr><td>2</td><td style="white-space:nowrap">  06B<a name="jp-department-ssmix-cs-06B"> </a></td><td>脂肪肝外来</td></tr><tr><td>2</td><td style="white-space:nowrap">  07A<a name="jp-department-ssmix-cs-07A"> </a></td><td>炎症性腸疾患外来</td></tr><tr><td>2</td><td style="white-space:nowrap">  07B<a name="jp-department-ssmix-cs-07B"> </a></td><td>ピロリ菌外来</td></tr><tr><td>2</td><td style="white-space:nowrap">  081<a name="jp-department-ssmix-cs-081"> </a></td><td>循環器内科</td></tr><tr><td>2</td><td style="white-space:nowrap">  082<a name="jp-department-ssmix-cs-082"> </a></td><td>冠動脈疾患治療部</td></tr><tr><td>2</td><td style="white-space:nowrap">  083<a name="jp-department-ssmix-cs-083"> </a></td><td>リンパ科</td></tr><tr><td>2</td><td style="white-space:nowrap">  091<a name="jp-department-ssmix-cs-091"> </a></td><td>小児科周産母子</td></tr><tr><td>2</td><td style="white-space:nowrap">  092<a name="jp-department-ssmix-cs-092"> </a></td><td>新生児科</td></tr><tr><td>2</td><td style="white-space:nowrap">  093<a name="jp-department-ssmix-cs-093"> </a></td><td>小児循環器科</td></tr><tr><td>2</td><td style="white-space:nowrap">  094<a name="jp-department-ssmix-cs-094"> </a></td><td>小児神経科</td></tr><tr><td>2</td><td style="white-space:nowrap">  095<a name="jp-department-ssmix-cs-095"> </a></td><td>未熟児センター</td></tr><tr><td>2</td><td style="white-space:nowrap">  096<a name="jp-department-ssmix-cs-096"> </a></td><td>ＮＩＣＵ</td></tr><tr><td>2</td><td style="white-space:nowrap">  097<a name="jp-department-ssmix-cs-097"> </a></td><td>ＧＣＵ</td></tr><tr><td>2</td><td style="white-space:nowrap">  09A<a name="jp-department-ssmix-cs-09A"> </a></td><td>成長発達外来</td></tr><tr><td>2</td><td style="white-space:nowrap">  101<a name="jp-department-ssmix-cs-101"> </a></td><td>第１外科</td></tr><tr><td>2</td><td style="white-space:nowrap">  102<a name="jp-department-ssmix-cs-102"> </a></td><td>第２外科</td></tr><tr><td>2</td><td style="white-space:nowrap">  103<a name="jp-department-ssmix-cs-103"> </a></td><td>第３外科</td></tr><tr><td>2</td><td style="white-space:nowrap">  105<a name="jp-department-ssmix-cs-105"> </a></td><td>一般外科</td></tr><tr><td>2</td><td style="white-space:nowrap">  106<a name="jp-department-ssmix-cs-106"> </a></td><td>総合外科</td></tr><tr><td>2</td><td style="white-space:nowrap">  107<a name="jp-department-ssmix-cs-107"> </a></td><td>病態外科</td></tr><tr><td>2</td><td style="white-space:nowrap">  10A<a name="jp-department-ssmix-cs-10A"> </a></td><td>被爆放射線医療外科</td></tr><tr><td>2</td><td style="white-space:nowrap">  111<a name="jp-department-ssmix-cs-111"> </a></td><td>整形外科・脊椎外科</td></tr><tr><td>2</td><td style="white-space:nowrap">  112<a name="jp-department-ssmix-cs-112"> </a></td><td>脊椎外科</td></tr><tr><td>2</td><td style="white-space:nowrap">  113<a name="jp-department-ssmix-cs-113"> </a></td><td>ロコモティブ外来</td></tr><tr><td>2</td><td style="white-space:nowrap">  114<a name="jp-department-ssmix-cs-114"> </a></td><td>人工関節センター</td></tr><tr><td>2</td><td style="white-space:nowrap">  115<a name="jp-department-ssmix-cs-115"> </a></td><td>装具外来</td></tr><tr><td>2</td><td style="white-space:nowrap">  116<a name="jp-department-ssmix-cs-116"> </a></td><td>アスリート診療</td></tr><tr><td>2</td><td style="white-space:nowrap">  117<a name="jp-department-ssmix-cs-117"> </a></td><td>スポーツ医学</td></tr><tr><td>2</td><td style="white-space:nowrap">  119<a name="jp-department-ssmix-cs-119"> </a></td><td>関節外科</td></tr><tr><td>2</td><td style="white-space:nowrap">  11A<a name="jp-department-ssmix-cs-11A"> </a></td><td>手外科</td></tr><tr><td>2</td><td style="white-space:nowrap">  121<a name="jp-department-ssmix-cs-121"> </a></td><td>形成外科・美容外科</td></tr><tr><td>2</td><td style="white-space:nowrap">  122<a name="jp-department-ssmix-cs-122"> </a></td><td>再建外科</td></tr><tr><td>2</td><td style="white-space:nowrap">  141<a name="jp-department-ssmix-cs-141"> </a></td><td>脳腫瘍科</td></tr><tr><td>2</td><td style="white-space:nowrap">  162<a name="jp-department-ssmix-cs-162"> </a></td><td>心臓外科</td></tr><tr><td>2</td><td style="white-space:nowrap">  163<a name="jp-department-ssmix-cs-163"> </a></td><td>胸部外科</td></tr><tr><td>2</td><td style="white-space:nowrap">  164<a name="jp-department-ssmix-cs-164"> </a></td><td>循環器外科</td></tr><tr><td>2</td><td style="white-space:nowrap">  165<a name="jp-department-ssmix-cs-165"> </a></td><td>心臓・人工臓器外科</td></tr><tr><td>2</td><td style="white-space:nowrap">  171<a name="jp-department-ssmix-cs-171"> </a></td><td>小児外科（周産母子）</td></tr><tr><td>2</td><td style="white-space:nowrap">  191<a name="jp-department-ssmix-cs-191"> </a></td><td>皮膚科・レーザ科</td></tr><tr><td>2</td><td style="white-space:nowrap">  192<a name="jp-department-ssmix-cs-192"> </a></td><td>紫外線外来</td></tr><tr><td>2</td><td style="white-space:nowrap">  201<a name="jp-department-ssmix-cs-201"> </a></td><td>泌尿器科・男性科</td></tr><tr><td>2</td><td style="white-space:nowrap">  202<a name="jp-department-ssmix-cs-202"> </a></td><td>コンチネンス外来</td></tr><tr><td>2</td><td style="white-space:nowrap">  221<a name="jp-department-ssmix-cs-221"> </a></td><td>ストマケア外来</td></tr><tr><td>2</td><td style="white-space:nowrap">  230<a name="jp-department-ssmix-cs-230"> </a></td><td>産科婦人科</td></tr><tr><td>2</td><td style="white-space:nowrap">  231<a name="jp-department-ssmix-cs-231"> </a></td><td>女性外科</td></tr><tr><td>2</td><td style="white-space:nowrap">  241<a name="jp-department-ssmix-cs-241"> </a></td><td>助産師外来</td></tr><tr><td>2</td><td style="white-space:nowrap">  251<a name="jp-department-ssmix-cs-251"> </a></td><td>不妊内分泌科</td></tr><tr><td>2</td><td style="white-space:nowrap">  252<a name="jp-department-ssmix-cs-252"> </a></td><td>周産科</td></tr><tr><td>2</td><td style="white-space:nowrap">  253<a name="jp-department-ssmix-cs-253"> </a></td><td>周産期母性科</td></tr><tr><td>2</td><td style="white-space:nowrap">  254<a name="jp-department-ssmix-cs-254"> </a></td><td>婦人周産期科</td></tr><tr><td>2</td><td style="white-space:nowrap">  255<a name="jp-department-ssmix-cs-255"> </a></td><td>腹腔鏡外来</td></tr><tr><td>2</td><td style="white-space:nowrap">  25A<a name="jp-department-ssmix-cs-25A"> </a></td><td>女性科</td></tr><tr><td>2</td><td style="white-space:nowrap">  25B<a name="jp-department-ssmix-cs-25B"> </a></td><td>女性外来</td></tr><tr><td>2</td><td style="white-space:nowrap">  25C<a name="jp-department-ssmix-cs-25C"> </a></td><td>女性診療科・産科</td></tr><tr><td>2</td><td style="white-space:nowrap">  261<a name="jp-department-ssmix-cs-261"> </a></td><td>眼科・視覚矯正科</td></tr><tr><td>2</td><td style="white-space:nowrap">  262<a name="jp-department-ssmix-cs-262"> </a></td><td>白内障外来</td></tr><tr><td>2</td><td style="white-space:nowrap">  263<a name="jp-department-ssmix-cs-263"> </a></td><td>コンタクトレンズ外来</td></tr><tr><td>2</td><td style="white-space:nowrap">  264<a name="jp-department-ssmix-cs-264"> </a></td><td>ドライアイ外来</td></tr><tr><td>2</td><td style="white-space:nowrap">  265<a name="jp-department-ssmix-cs-265"> </a></td><td>ぶどう膜炎外来</td></tr><tr><td>2</td><td style="white-space:nowrap">  266<a name="jp-department-ssmix-cs-266"> </a></td><td>角膜・眼アレルギー外来</td></tr><tr><td>2</td><td style="white-space:nowrap">  267<a name="jp-department-ssmix-cs-267"> </a></td><td>網膜疾患外来</td></tr><tr><td>2</td><td style="white-space:nowrap">  26A<a name="jp-department-ssmix-cs-26A"> </a></td><td>角膜移植部</td></tr><tr><td>2</td><td style="white-space:nowrap">  271<a name="jp-department-ssmix-cs-271"> </a></td><td>耳鼻咽喉科・神経耳科</td></tr><tr><td>2</td><td style="white-space:nowrap">  272<a name="jp-department-ssmix-cs-272"> </a></td><td>耳鼻咽喉・頭頸部外科</td></tr><tr><td>2</td><td style="white-space:nowrap">  273<a name="jp-department-ssmix-cs-273"> </a></td><td>困難気道外来</td></tr><tr><td>2</td><td style="white-space:nowrap">  274<a name="jp-department-ssmix-cs-274"> </a></td><td>頭頸部科</td></tr><tr><td>2</td><td style="white-space:nowrap">  301<a name="jp-department-ssmix-cs-301"> </a></td><td>放射線部</td></tr><tr><td>2</td><td style="white-space:nowrap">  302<a name="jp-department-ssmix-cs-302"> </a></td><td>放射線診断科</td></tr><tr><td>2</td><td style="white-space:nowrap">  303<a name="jp-department-ssmix-cs-303"> </a></td><td>放射線画像診断・ＩＶＲ科</td></tr><tr><td>2</td><td style="white-space:nowrap">  304<a name="jp-department-ssmix-cs-304"> </a></td><td>核医学科</td></tr><tr><td>2</td><td style="white-space:nowrap">  30B<a name="jp-department-ssmix-cs-30B"> </a></td><td>放射線治療科</td></tr><tr><td>2</td><td style="white-space:nowrap">  30C<a name="jp-department-ssmix-cs-30C"> </a></td><td>Ｘ線科</td></tr><tr><td>2</td><td style="white-space:nowrap">  311<a name="jp-department-ssmix-cs-311"> </a></td><td>麻酔・疼痛・緩和医療科</td></tr><tr><td>2</td><td style="white-space:nowrap">  312<a name="jp-department-ssmix-cs-312"> </a></td><td>麻酔科蘇生科</td></tr><tr><td>2</td><td style="white-space:nowrap">  313<a name="jp-department-ssmix-cs-313"> </a></td><td>麻酔・疼痛科</td></tr><tr><td>2</td><td style="white-space:nowrap">  31A<a name="jp-department-ssmix-cs-31A"> </a></td><td>ペインクリニック科</td></tr><tr><td>2</td><td style="white-space:nowrap">  331<a name="jp-department-ssmix-cs-331"> </a></td><td>心身医学科</td></tr><tr><td>2</td><td style="white-space:nowrap">  332<a name="jp-department-ssmix-cs-332"> </a></td><td>心の内科</td></tr><tr><td>2</td><td style="white-space:nowrap">  333<a name="jp-department-ssmix-cs-333"> </a></td><td>こどものこころ診療</td></tr><tr><td>2</td><td style="white-space:nowrap">  334<a name="jp-department-ssmix-cs-334"> </a></td><td>小児精神科</td></tr><tr><td>2</td><td style="white-space:nowrap">  34A<a name="jp-department-ssmix-cs-34A"> </a></td><td>環境医学外来（アレルギー科）</td></tr><tr><td>2</td><td style="white-space:nowrap">  34B<a name="jp-department-ssmix-cs-34B"> </a></td><td>アレルギー内科</td></tr><tr><td>2</td><td style="white-space:nowrap">  34C<a name="jp-department-ssmix-cs-34C"> </a></td><td>アレルギー・免疫内科</td></tr><tr><td>2</td><td style="white-space:nowrap">  34D<a name="jp-department-ssmix-cs-34D"> </a></td><td>アレルギー・リウマチ内科</td></tr><tr><td>2</td><td style="white-space:nowrap">  35A<a name="jp-department-ssmix-cs-35A"> </a></td><td>リウマチ内科</td></tr><tr><td>2</td><td style="white-space:nowrap">  35B<a name="jp-department-ssmix-cs-35B"> </a></td><td>内分泌・リウマチ科</td></tr><tr><td>2</td><td style="white-space:nowrap">  361<a name="jp-department-ssmix-cs-361"> </a></td><td>言語療法科</td></tr><tr><td>2</td><td style="white-space:nowrap">  362<a name="jp-department-ssmix-cs-362"> </a></td><td>股体不自由リハビリテーション科</td></tr><tr><td>2</td><td style="white-space:nowrap">  363<a name="jp-department-ssmix-cs-363"> </a></td><td>内部障害リハビリテーション科</td></tr><tr><td>2</td><td style="white-space:nowrap">  364<a name="jp-department-ssmix-cs-364"> </a></td><td>理学療法科</td></tr><tr><td>2</td><td style="white-space:nowrap">  365<a name="jp-department-ssmix-cs-365"> </a></td><td>物理療法内科</td></tr><tr><td>2</td><td style="white-space:nowrap">  391<a name="jp-department-ssmix-cs-391"> </a></td><td>救命救急センター</td></tr><tr><td>2</td><td style="white-space:nowrap">  392<a name="jp-department-ssmix-cs-392"> </a></td><td>内科系救急科</td></tr><tr><td>2</td><td style="white-space:nowrap">  393<a name="jp-department-ssmix-cs-393"> </a></td><td>救急外科</td></tr><tr><td>2</td><td style="white-space:nowrap">  394<a name="jp-department-ssmix-cs-394"> </a></td><td>外科系救急科</td></tr><tr><td>2</td><td style="white-space:nowrap">  398<a name="jp-department-ssmix-cs-398"> </a></td><td>初期診療・救急科</td></tr><tr><td>2</td><td style="white-space:nowrap">  41C<a name="jp-department-ssmix-cs-41C"> </a></td><td>血液免疫科</td></tr><tr><td>2</td><td style="white-space:nowrap">  41D<a name="jp-department-ssmix-cs-41D"> </a></td><td>血液科</td></tr><tr><td>2</td><td style="white-space:nowrap">  421<a name="jp-department-ssmix-cs-421"> </a></td><td>無菌治療部</td></tr><tr><td>2</td><td style="white-space:nowrap">  431<a name="jp-department-ssmix-cs-431"> </a></td><td>血液浄化療法部</td></tr><tr><td>2</td><td style="white-space:nowrap">  432<a name="jp-department-ssmix-cs-432"> </a></td><td>透析治療部</td></tr><tr><td>2</td><td style="white-space:nowrap">  471<a name="jp-department-ssmix-cs-471"> </a></td><td>腫瘍内科</td></tr><tr><td>2</td><td style="white-space:nowrap">  472<a name="jp-department-ssmix-cs-472"> </a></td><td>化学療法部</td></tr><tr><td>2</td><td style="white-space:nowrap">  473<a name="jp-department-ssmix-cs-473"> </a></td><td>小児腫瘍科</td></tr><tr><td>2</td><td style="white-space:nowrap">  474<a name="jp-department-ssmix-cs-474"> </a></td><td>精神腫瘍外来</td></tr><tr><td>2</td><td style="white-space:nowrap">  475<a name="jp-department-ssmix-cs-475"> </a></td><td>免疫療法外来</td></tr><tr><td>2</td><td style="white-space:nowrap">  476<a name="jp-department-ssmix-cs-476"> </a></td><td>脳腫瘍診療部</td></tr><tr><td>2</td><td style="white-space:nowrap">  48D<a name="jp-department-ssmix-cs-48D"> </a></td><td>腎不全科</td></tr><tr><td>2</td><td style="white-space:nowrap">  48E<a name="jp-department-ssmix-cs-48E"> </a></td><td>腎移植科</td></tr><tr><td>2</td><td style="white-space:nowrap">  491<a name="jp-department-ssmix-cs-491"> </a></td><td>睡眠時無呼吸症候群外来</td></tr><tr><td>2</td><td style="white-space:nowrap">  51A<a name="jp-department-ssmix-cs-51A"> </a></td><td>予診科</td></tr><tr><td>2</td><td style="white-space:nowrap">  51B<a name="jp-department-ssmix-cs-51B"> </a></td><td>初診科</td></tr><tr><td>2</td><td style="white-space:nowrap">  51G<a name="jp-department-ssmix-cs-51G"> </a></td><td>総合内科</td></tr><tr><td>2</td><td style="white-space:nowrap">  521<a name="jp-department-ssmix-cs-521"> </a></td><td>光学医療診療部</td></tr><tr><td>2</td><td style="white-space:nowrap">  53A<a name="jp-department-ssmix-cs-53A"> </a></td><td>内分泌・代謝内科</td></tr><tr><td>2</td><td style="white-space:nowrap">  54A<a name="jp-department-ssmix-cs-54A"> </a></td><td>膠原病内科</td></tr><tr><td>2</td><td style="white-space:nowrap">  54B<a name="jp-department-ssmix-cs-54B"> </a></td><td>膠原病・アレルギ—内科</td></tr><tr><td>2</td><td style="white-space:nowrap">  54C<a name="jp-department-ssmix-cs-54C"> </a></td><td>膠原病・アレルギ—・リウマチ内科</td></tr><tr><td>2</td><td style="white-space:nowrap">  54D<a name="jp-department-ssmix-cs-54D"> </a></td><td>免疫・膠原病・感染症科</td></tr><tr><td>2</td><td style="white-space:nowrap">  54E<a name="jp-department-ssmix-cs-54E"> </a></td><td>膠原病・リウマチ内科</td></tr><tr><td>2</td><td style="white-space:nowrap">  54F<a name="jp-department-ssmix-cs-54F"> </a></td><td>膠原病・感染症内科</td></tr><tr><td>2</td><td style="white-space:nowrap">  54G<a name="jp-department-ssmix-cs-54G"> </a></td><td>免疫・膠原病内科</td></tr><tr><td>2</td><td style="white-space:nowrap">  70A<a name="jp-department-ssmix-cs-70A"> </a></td><td>消化管内科</td></tr><tr><td>2</td><td style="white-space:nowrap">  72A<a name="jp-department-ssmix-cs-72A"> </a></td><td>骨粗鬆症外来</td></tr><tr><td>2</td><td style="white-space:nowrap">  731<a name="jp-department-ssmix-cs-731"> </a></td><td>糖尿病科</td></tr><tr><td>2</td><td style="white-space:nowrap">  73B<a name="jp-department-ssmix-cs-73B"> </a></td><td>糖尿病・代謝内科</td></tr><tr><td>2</td><td style="white-space:nowrap">  73C<a name="jp-department-ssmix-cs-73C"> </a></td><td>糖尿病・内分泌内科</td></tr><tr><td>2</td><td style="white-space:nowrap">  73D<a name="jp-department-ssmix-cs-73D"> </a></td><td>糖尿病・代謝・内分泌内科</td></tr><tr><td>2</td><td style="white-space:nowrap">  73F<a name="jp-department-ssmix-cs-73F"> </a></td><td>肝臓・糖尿病・内分泌内科</td></tr><tr><td>2</td><td style="white-space:nowrap">  73G<a name="jp-department-ssmix-cs-73G"> </a></td><td>糖尿病・栄養内科</td></tr><tr><td>2</td><td style="white-space:nowrap">  74A<a name="jp-department-ssmix-cs-74A"> </a></td><td>腎・高血圧・脳血管科</td></tr><tr><td>2</td><td style="white-space:nowrap">  74B<a name="jp-department-ssmix-cs-74B"> </a></td><td>腎・高血圧・内分泌科</td></tr><tr><td>2</td><td style="white-space:nowrap">  74C<a name="jp-department-ssmix-cs-74C"> </a></td><td>腎臓・内分泌代謝内科</td></tr><tr><td>2</td><td style="white-space:nowrap">  751<a name="jp-department-ssmix-cs-751"> </a></td><td>感染症内科</td></tr><tr><td>2</td><td style="white-space:nowrap">  752<a name="jp-department-ssmix-cs-752"> </a></td><td>総合感染症科</td></tr><tr><td>2</td><td style="white-space:nowrap">  753<a name="jp-department-ssmix-cs-753"> </a></td><td>感染症管理治療部</td></tr><tr><td>2</td><td style="white-space:nowrap">  754<a name="jp-department-ssmix-cs-754"> </a></td><td>感染制御部</td></tr><tr><td>2</td><td style="white-space:nowrap">  761<a name="jp-department-ssmix-cs-761"> </a></td><td>漢方内科</td></tr><tr><td>2</td><td style="white-space:nowrap">  762<a name="jp-department-ssmix-cs-762"> </a></td><td>和漢診療科</td></tr><tr><td>2</td><td style="white-space:nowrap">  771<a name="jp-department-ssmix-cs-771"> </a></td><td>老年病内科</td></tr><tr><td>2</td><td style="white-space:nowrap">  772<a name="jp-department-ssmix-cs-772"> </a></td><td>老人科</td></tr><tr><td>2</td><td style="white-space:nowrap">  79A<a name="jp-department-ssmix-cs-79A"> </a></td><td>脳血管内治療科</td></tr><tr><td>2</td><td style="white-space:nowrap">  7A1<a name="jp-department-ssmix-cs-7A1"> </a></td><td>消化管外科</td></tr><tr><td>2</td><td style="white-space:nowrap">  7B1<a name="jp-department-ssmix-cs-7B1"> </a></td><td>食道外科</td></tr><tr><td>2</td><td style="white-space:nowrap">  7B2<a name="jp-department-ssmix-cs-7B2"> </a></td><td>食道・胃腸外科</td></tr><tr><td>2</td><td style="white-space:nowrap">  7B3<a name="jp-department-ssmix-cs-7B3"> </a></td><td>胃・食道外科</td></tr><tr><td>2</td><td style="white-space:nowrap">  7B4<a name="jp-department-ssmix-cs-7B4"> </a></td><td>胃腸外科</td></tr><tr><td>2</td><td style="white-space:nowrap">  7B5<a name="jp-department-ssmix-cs-7B5"> </a></td><td>胃外科</td></tr><tr><td>2</td><td style="white-space:nowrap">  7C1<a name="jp-department-ssmix-cs-7C1"> </a></td><td>大腸外科</td></tr><tr><td>2</td><td style="white-space:nowrap">  7C2<a name="jp-department-ssmix-cs-7C2"> </a></td><td>大腸・肛門外科</td></tr><tr><td>2</td><td style="white-space:nowrap">  801<a name="jp-department-ssmix-cs-801"> </a></td><td>肝胆外科</td></tr><tr><td>2</td><td style="white-space:nowrap">  802<a name="jp-department-ssmix-cs-802"> </a></td><td>肝胆膵・移植外科</td></tr><tr><td>2</td><td style="white-space:nowrap">  811<a name="jp-department-ssmix-cs-811"> </a></td><td>移植・再建・内視鏡外科</td></tr><tr><td>2</td><td style="white-space:nowrap">  812<a name="jp-department-ssmix-cs-812"> </a></td><td>人工臓器移植外科</td></tr><tr><td>2</td><td style="white-space:nowrap">  813<a name="jp-department-ssmix-cs-813"> </a></td><td>移植診療部</td></tr><tr><td>2</td><td style="white-space:nowrap">  814<a name="jp-department-ssmix-cs-814"> </a></td><td>骨バンク</td></tr><tr><td>2</td><td style="white-space:nowrap">  821<a name="jp-department-ssmix-cs-821"> </a></td><td>乳腺内分泌外科</td></tr><tr><td>2</td><td style="white-space:nowrap">  822<a name="jp-department-ssmix-cs-822"> </a></td><td>乳腺・甲状腺外科</td></tr><tr><td>2</td><td style="white-space:nowrap">  823<a name="jp-department-ssmix-cs-823"> </a></td><td>乳腺・内分泌外科</td></tr><tr><td>2</td><td style="white-space:nowrap">  824<a name="jp-department-ssmix-cs-824"> </a></td><td>ブレストセンター</td></tr><tr><td>2</td><td style="white-space:nowrap">  831<a name="jp-department-ssmix-cs-831"> </a></td><td>緩和ケア相談</td></tr><tr><td>2</td><td style="white-space:nowrap">  832<a name="jp-department-ssmix-cs-832"> </a></td><td>緩和医療</td></tr><tr><td>2</td><td style="white-space:nowrap">  833<a name="jp-department-ssmix-cs-833"> </a></td><td>地域包括緩和ケア</td></tr><tr><td>2</td><td style="white-space:nowrap">  851<a name="jp-department-ssmix-cs-851"> </a></td><td>ゲノム診療部</td></tr><tr><td>2</td><td style="white-space:nowrap">  861<a name="jp-department-ssmix-cs-861"> </a></td><td>顎口腔外科</td></tr><tr><td>2</td><td style="white-space:nowrap">  862<a name="jp-department-ssmix-cs-862"> </a></td><td>顎顔面再建科</td></tr><tr><td>2</td><td style="white-space:nowrap">  863<a name="jp-department-ssmix-cs-863"> </a></td><td>顎機能科</td></tr><tr><td>2</td><td style="white-space:nowrap">  864<a name="jp-department-ssmix-cs-864"> </a></td><td>顎検査科</td></tr><tr><td>2</td><td style="white-space:nowrap">  865<a name="jp-department-ssmix-cs-865"> </a></td><td>顎歯科</td></tr><tr><td>2</td><td style="white-space:nowrap">  866<a name="jp-department-ssmix-cs-866"> </a></td><td>顔面口腔外科</td></tr><tr><td>2</td><td style="white-space:nowrap">  867<a name="jp-department-ssmix-cs-867"> </a></td><td>顔面外科</td></tr><tr><td>2</td><td style="white-space:nowrap">  86A<a name="jp-department-ssmix-cs-86A"> </a></td><td>口腔診療科</td></tr><tr><td>2</td><td style="white-space:nowrap">  86D<a name="jp-department-ssmix-cs-86D"> </a></td><td>口腔総合診療科</td></tr><tr><td>2</td><td style="white-space:nowrap">  86E<a name="jp-department-ssmix-cs-86E"> </a></td><td>口腔画像診断科</td></tr><tr><td>2</td><td style="white-space:nowrap">  86F<a name="jp-department-ssmix-cs-86F"> </a></td><td>口腔機能回復科</td></tr><tr><td>2</td><td style="white-space:nowrap">  86G<a name="jp-department-ssmix-cs-86G"> </a></td><td>口腔診断科</td></tr><tr><td>2</td><td style="white-space:nowrap">  86H<a name="jp-department-ssmix-cs-86H"> </a></td><td>口腔言語科</td></tr><tr><td>2</td><td style="white-space:nowrap">  882<a name="jp-department-ssmix-cs-882"> </a></td><td>保健診療部</td></tr><tr><td>2</td><td style="white-space:nowrap">  883<a name="jp-department-ssmix-cs-883"> </a></td><td>メディカルフィットネス</td></tr><tr><td>2</td><td style="white-space:nowrap">  8D2<a name="jp-department-ssmix-cs-8D2"> </a></td><td>デイ・サージェリー</td></tr><tr><td>2</td><td style="white-space:nowrap">  8E1<a name="jp-department-ssmix-cs-8E1"> </a></td><td>薬剤情報部</td></tr><tr><td>2</td><td style="white-space:nowrap">  8E2<a name="jp-department-ssmix-cs-8E2"> </a></td><td>臨床薬理内科</td></tr><tr><td>2</td><td style="white-space:nowrap">  901<a name="jp-department-ssmix-cs-901"> </a></td><td>歯科顎口腔外科</td></tr><tr><td>2</td><td style="white-space:nowrap">  902<a name="jp-department-ssmix-cs-902"> </a></td><td>歯科口腔外科</td></tr><tr><td>2</td><td style="white-space:nowrap">  903<a name="jp-department-ssmix-cs-903"> </a></td><td>矯正歯科</td></tr><tr><td>2</td><td style="white-space:nowrap">  904<a name="jp-department-ssmix-cs-904"> </a></td><td>歯周科</td></tr><tr><td>2</td><td style="white-space:nowrap">  905<a name="jp-department-ssmix-cs-905"> </a></td><td>歯内治療科</td></tr><tr><td>2</td><td style="white-space:nowrap">  906<a name="jp-department-ssmix-cs-906"> </a></td><td>小児歯科</td></tr><tr><td>2</td><td style="white-space:nowrap">  907<a name="jp-department-ssmix-cs-907"> </a></td><td>障害歯科</td></tr><tr><td>2</td><td style="white-space:nowrap">  908<a name="jp-department-ssmix-cs-908"> </a></td><td>クラウン補綴科</td></tr><tr><td>2</td><td style="white-space:nowrap">  909<a name="jp-department-ssmix-cs-909"> </a></td><td>特殊歯科</td></tr><tr><td>2</td><td style="white-space:nowrap">  90A<a name="jp-department-ssmix-cs-90A"> </a></td><td>虫歯科</td></tr><tr><td>2</td><td style="white-space:nowrap">  90B<a name="jp-department-ssmix-cs-90B"> </a></td><td>医学支援歯科</td></tr><tr><td>2</td><td style="white-space:nowrap">  90C<a name="jp-department-ssmix-cs-90C"> </a></td><td>全身管理歯科</td></tr><tr><td>2</td><td style="white-space:nowrap">  90D<a name="jp-department-ssmix-cs-90D"> </a></td><td>総合歯科</td></tr><tr><td>2</td><td style="white-space:nowrap">  90E<a name="jp-department-ssmix-cs-90E"> </a></td><td>保存修復歯科</td></tr><tr><td>2</td><td style="white-space:nowrap">  90F<a name="jp-department-ssmix-cs-90F"> </a></td><td>予防歯科</td></tr><tr><td>2</td><td style="white-space:nowrap">  90G<a name="jp-department-ssmix-cs-90G"> </a></td><td>咬合修復科</td></tr><tr><td>2</td><td style="white-space:nowrap">  90H<a name="jp-department-ssmix-cs-90H"> </a></td><td>審美歯科</td></tr><tr><td>2</td><td style="white-space:nowrap">  90J<a name="jp-department-ssmix-cs-90J"> </a></td><td>義歯科</td></tr><tr><td>2</td><td style="white-space:nowrap">  90K<a name="jp-department-ssmix-cs-90K"> </a></td><td>義歯補綴科</td></tr><tr><td>2</td><td style="white-space:nowrap">  90L<a name="jp-department-ssmix-cs-90L"> </a></td><td>インプラント歯科</td></tr><tr><td>2</td><td style="white-space:nowrap">  90M<a name="jp-department-ssmix-cs-90M"> </a></td><td>高齢歯科</td></tr><tr><td>2</td><td style="white-space:nowrap">  90N<a name="jp-department-ssmix-cs-90N"> </a></td><td>小児咬合障害科</td></tr><tr><td>2</td><td style="white-space:nowrap">  90P<a name="jp-department-ssmix-cs-90P"> </a></td><td>歯科麻酔科</td></tr><tr><td>2</td><td style="white-space:nowrap">  90R<a name="jp-department-ssmix-cs-90R"> </a></td><td>歯科X線科</td></tr><tr><td>2</td><td style="white-space:nowrap">  90S<a name="jp-department-ssmix-cs-90S"> </a></td><td>健康歯科</td></tr><tr><td>2</td><td style="white-space:nowrap">  90T<a name="jp-department-ssmix-cs-90T"> </a></td><td>歯科予診</td></tr><tr><td>2</td><td style="white-space:nowrap">  981<a name="jp-department-ssmix-cs-981"> </a></td><td>病歴部</td></tr><tr><td>2</td><td style="white-space:nowrap">  982<a name="jp-department-ssmix-cs-982"> </a></td><td>事務</td></tr><tr><td>2</td><td style="white-space:nowrap">  983<a name="jp-department-ssmix-cs-983"> </a></td><td>医療社会福祉部</td></tr></table></div>
  </text>
  <url value="http://jpfhir.jp/fhir/Common/CodeSystem/JP_Department_SsMix_CS"/>
  <identifier>
    <system value="urn:ietf:rfc:3986"/>
    <value value="urn:oid:1.2.392.100495.20.2.51"/>
  </identifier>
  <version value="1.1.0a"/>
  <name value="JP_Department_SsMix_CS"/>
  <title value="JP Core Department SS-MIX CodeSystem"/>
  <status value="draft"/>
  <date value="2022-09-05T05:18:44+00:00"/>
  <publisher value="FHIR Japanese implementation research working group in Japan Association of Medical Informatics (JAMI)"/>
  <contact>
    <name value="FHIR Japanese implementation research working group in Japan Association of Medical Informatics (JAMI)"/>
    <telecom>
      <system value="url"/>
      <value value="http://jpfhir.jp"/>
    </telecom>
    <telecom>
      <system value="email"/>
      <value value="office@hlfhir.jp"/>
    </telecom>
  </contact>
  <description value="SS-MIX統一診療科コード"/>
  <jurisdiction>
    <coding>
      <system value="urn:iso:std:iso:3166"/>
      <code value="JP"/>
    </coding>
  </jurisdiction>
  <copyright value="FHIR Japanese implementation research working group in Japan Association of Medical Informatics (JAMI)"/>
  <caseSensitive value="true"/>
  <content value="complete"/>
  <count value="322"/>
  <concept>
    <code value="2Digits"/>
    <display value="２桁診療科"/>
    <concept>
      <code value="01"/>
      <display value="内科"/>
    </concept>
    <concept>
      <code value="02"/>
      <display value="精神科"/>
    </concept>
    <concept>
      <code value="03"/>
      <display value="神経科"/>
    </concept>
    <concept>
      <code value="04"/>
      <display value="神経内科"/>
    </concept>
    <concept>
      <code value="05"/>
      <display value="呼吸器科"/>
    </concept>
    <concept>
      <code value="06"/>
      <display value="消化器科"/>
    </concept>
    <concept>
      <code value="07"/>
      <display value="胃腸科"/>
    </concept>
    <concept>
      <code value="08"/>
      <display value="循環器科"/>
    </concept>
    <concept>
      <code value="09"/>
      <display value="小児科"/>
    </concept>
    <concept>
      <code value="10"/>
      <display value="外科"/>
    </concept>
    <concept>
      <code value="11"/>
      <display value="整形外科"/>
    </concept>
    <concept>
      <code value="12"/>
      <display value="形成外科"/>
    </concept>
    <concept>
      <code value="13"/>
      <display value="美容外科"/>
    </concept>
    <concept>
      <code value="14"/>
      <display value="脳神経外科"/>
    </concept>
    <concept>
      <code value="15"/>
      <display value="呼吸器外科"/>
    </concept>
    <concept>
      <code value="16"/>
      <display value="心臓血管外科"/>
    </concept>
    <concept>
      <code value="17"/>
      <display value="小児外科"/>
    </concept>
    <concept>
      <code value="18"/>
      <display value="皮膚泌尿器科"/>
    </concept>
    <concept>
      <code value="19"/>
      <display value="皮膚科"/>
    </concept>
    <concept>
      <code value="20"/>
      <display value="泌尿器科"/>
    </concept>
    <concept>
      <code value="21"/>
      <display value="性病科"/>
    </concept>
    <concept>
      <code value="22"/>
      <display value="肛門科"/>
    </concept>
    <concept>
      <code value="23"/>
      <display value="産婦人科"/>
    </concept>
    <concept>
      <code value="24"/>
      <display value="産科"/>
    </concept>
    <concept>
      <code value="25"/>
      <display value="婦人科"/>
    </concept>
    <concept>
      <code value="26"/>
      <display value="眼科"/>
    </concept>
    <concept>
      <code value="27"/>
      <display value="耳鼻咽喉科"/>
    </concept>
    <concept>
      <code value="28"/>
      <display value="気管食道科"/>
    </concept>
    <concept>
      <code value="30"/>
      <display value="放射線科"/>
    </concept>
    <concept>
      <code value="31"/>
      <display value="麻酔科"/>
    </concept>
    <concept>
      <code value="33"/>
      <display value="心療内科"/>
    </concept>
    <concept>
      <code value="34"/>
      <display value="アレルギー科"/>
    </concept>
    <concept>
      <code value="35"/>
      <display value="リウマチ科"/>
    </concept>
    <concept>
      <code value="36"/>
      <display value="リハビリテーション科"/>
    </concept>
    <concept>
      <code value="37"/>
      <display value="病理診断科"/>
    </concept>
    <concept>
      <code value="38"/>
      <display value="臨床検査科"/>
    </concept>
    <concept>
      <code value="39"/>
      <display value="救急科"/>
    </concept>
    <concept>
      <code value="40"/>
      <display value="遺伝科"/>
    </concept>
    <concept>
      <code value="41"/>
      <display value="血液内科"/>
    </concept>
    <concept>
      <code value="42"/>
      <display value="血液腫瘍内科"/>
    </concept>
    <concept>
      <code value="43"/>
      <display value="血液透析科"/>
    </concept>
    <concept>
      <code value="44"/>
      <display value="健診科"/>
    </concept>
    <concept>
      <code value="45"/>
      <display value="呼吸器内科"/>
    </concept>
    <concept>
      <code value="46"/>
      <display value="在宅診療科"/>
    </concept>
    <concept>
      <code value="47"/>
      <display value="腫瘍診療科"/>
    </concept>
    <concept>
      <code value="48"/>
      <display value="腎臓内科"/>
    </concept>
    <concept>
      <code value="49"/>
      <display value="睡眠診療部"/>
    </concept>
    <concept>
      <code value="50"/>
      <display value="精神神経科"/>
    </concept>
    <concept>
      <code value="51"/>
      <display value="総合診療科"/>
    </concept>
    <concept>
      <code value="52"/>
      <display value="内視鏡診療部"/>
    </concept>
    <concept>
      <code value="53"/>
      <display value="内分泌・代謝科"/>
    </concept>
    <concept>
      <code value="54"/>
      <display value="膠原病科"/>
    </concept>
    <concept>
      <code value="70"/>
      <display value="消化器内科"/>
    </concept>
    <concept>
      <code value="71"/>
      <display value="内分泌内科"/>
    </concept>
    <concept>
      <code value="72"/>
      <display value="代謝内科"/>
    </concept>
    <concept>
      <code value="73"/>
      <display value="糖尿病内科"/>
    </concept>
    <concept>
      <code value="74"/>
      <display value="腎臓・内分泌内科"/>
    </concept>
    <concept>
      <code value="75"/>
      <display value="感染症科"/>
    </concept>
    <concept>
      <code value="76"/>
      <display value="漢方科"/>
    </concept>
    <concept>
      <code value="77"/>
      <display value="老年科"/>
    </concept>
    <concept>
      <code value="78"/>
      <display value="血管外科"/>
    </concept>
    <concept>
      <code value="79"/>
      <display value="血管内治療科"/>
    </concept>
    <concept>
      <code value="7A"/>
      <display value="消化器外科"/>
    </concept>
    <concept>
      <code value="7B"/>
      <display value="上部消化管外科"/>
    </concept>
    <concept>
      <code value="7C"/>
      <display value="下部消化管外科"/>
    </concept>
    <concept>
      <code value="80"/>
      <display value="肝胆膵外科"/>
    </concept>
    <concept>
      <code value="81"/>
      <display value="移植外科"/>
    </concept>
    <concept>
      <code value="82"/>
      <display value="乳腺外科"/>
    </concept>
    <concept>
      <code value="83"/>
      <display value="緩和ケア科"/>
    </concept>
    <concept>
      <code value="84"/>
      <display value="集中治療部"/>
    </concept>
    <concept>
      <code value="85"/>
      <display value="遺伝子診療部"/>
    </concept>
    <concept>
      <code value="86"/>
      <display value="顎口腔診療科"/>
    </concept>
    <concept>
      <code value="87"/>
      <display value="輸血診療部"/>
    </concept>
    <concept>
      <code value="88"/>
      <display value="予防医学診療部"/>
    </concept>
    <concept>
      <code value="89"/>
      <display value="予防接種科"/>
    </concept>
    <concept>
      <code value="8A"/>
      <display value="先端医療開発診療"/>
    </concept>
    <concept>
      <code value="8B"/>
      <display value="分子診療・細胞治療"/>
    </concept>
    <concept>
      <code value="8C"/>
      <display value="特殊外来"/>
    </concept>
    <concept>
      <code value="8D"/>
      <display value="手術部"/>
    </concept>
    <concept>
      <code value="8E"/>
      <display value="薬剤部"/>
    </concept>
    <concept>
      <code value="8G"/>
      <display value="栄養指導科"/>
    </concept>
    <concept>
      <code value="8H"/>
      <display value="看護部"/>
    </concept>
    <concept>
      <code value="8J"/>
      <display value="地域医療連携部"/>
    </concept>
    <concept>
      <code value="8K"/>
      <display value="治験センター"/>
    </concept>
    <concept>
      <code value="90"/>
      <display value="歯科"/>
    </concept>
    <concept>
      <code value="98"/>
      <display value="医事・事務"/>
    </concept>
    <concept>
      <code value="9Z"/>
      <display value="その他"/>
    </concept>
  </concept>
  <concept>
    <code value="3Digits"/>
    <display value="３桁診療科"/>
    <concept>
      <code value="011"/>
      <display value="第１内科"/>
    </concept>
    <concept>
      <code value="012"/>
      <display value="第２内科"/>
    </concept>
    <concept>
      <code value="013"/>
      <display value="第３内科"/>
    </concept>
    <concept>
      <code value="014"/>
      <display value="第４内科"/>
    </concept>
    <concept>
      <code value="018"/>
      <display value="一般内科"/>
    </concept>
    <concept>
      <code value="01A"/>
      <display value="被爆放射線医療内科"/>
    </concept>
    <concept>
      <code value="021"/>
      <display value="精神科・心の診療科"/>
    </concept>
    <concept>
      <code value="022"/>
      <display value="精神科デイケア"/>
    </concept>
    <concept>
      <code value="04A"/>
      <display value="てんかん科"/>
    </concept>
    <concept>
      <code value="04B"/>
      <display value="もの忘れ科"/>
    </concept>
    <concept>
      <code value="04C"/>
      <display value="高次脳機能障害科"/>
    </concept>
    <concept>
      <code value="04D"/>
      <display value="頭痛外来"/>
    </concept>
    <concept>
      <code value="04E"/>
      <display value="脳卒中外来"/>
    </concept>
    <concept>
      <code value="051"/>
      <display value="呼吸器・アレルギー科"/>
    </concept>
    <concept>
      <code value="052"/>
      <display value="呼吸器・感染症内科"/>
    </concept>
    <concept>
      <code value="05A"/>
      <display value="せき外来"/>
    </concept>
    <concept>
      <code value="05B"/>
      <display value="禁煙外来"/>
    </concept>
    <concept>
      <code value="061"/>
      <display value="肝臓内科"/>
    </concept>
    <concept>
      <code value="062"/>
      <display value="肝胆膵科"/>
    </concept>
    <concept>
      <code value="063"/>
      <display value="膵臓内科"/>
    </concept>
    <concept>
      <code value="064"/>
      <display value="胆道・膵臓内科"/>
    </concept>
    <concept>
      <code value="06A"/>
      <display value="肝臓病科"/>
    </concept>
    <concept>
      <code value="06B"/>
      <display value="脂肪肝外来"/>
    </concept>
    <concept>
      <code value="07A"/>
      <display value="炎症性腸疾患外来"/>
    </concept>
    <concept>
      <code value="07B"/>
      <display value="ピロリ菌外来"/>
    </concept>
    <concept>
      <code value="081"/>
      <display value="循環器内科"/>
    </concept>
    <concept>
      <code value="082"/>
      <display value="冠動脈疾患治療部"/>
    </concept>
    <concept>
      <code value="083"/>
      <display value="リンパ科"/>
    </concept>
    <concept>
      <code value="091"/>
      <display value="小児科周産母子"/>
    </concept>
    <concept>
      <code value="092"/>
      <display value="新生児科"/>
    </concept>
    <concept>
      <code value="093"/>
      <display value="小児循環器科"/>
    </concept>
    <concept>
      <code value="094"/>
      <display value="小児神経科"/>
    </concept>
    <concept>
      <code value="095"/>
      <display value="未熟児センター"/>
    </concept>
    <concept>
      <code value="096"/>
      <display value="ＮＩＣＵ"/>
    </concept>
    <concept>
      <code value="097"/>
      <display value="ＧＣＵ"/>
    </concept>
    <concept>
      <code value="09A"/>
      <display value="成長発達外来"/>
    </concept>
    <concept>
      <code value="101"/>
      <display value="第１外科"/>
    </concept>
    <concept>
      <code value="102"/>
      <display value="第２外科"/>
    </concept>
    <concept>
      <code value="103"/>
      <display value="第３外科"/>
    </concept>
    <concept>
      <code value="105"/>
      <display value="一般外科"/>
    </concept>
    <concept>
      <code value="106"/>
      <display value="総合外科"/>
    </concept>
    <concept>
      <code value="107"/>
      <display value="病態外科"/>
    </concept>
    <concept>
      <code value="10A"/>
      <display value="被爆放射線医療外科"/>
    </concept>
    <concept>
      <code value="111"/>
      <display value="整形外科・脊椎外科"/>
    </concept>
    <concept>
      <code value="112"/>
      <display value="脊椎外科"/>
    </concept>
    <concept>
      <code value="113"/>
      <display value="ロコモティブ外来"/>
    </concept>
    <concept>
      <code value="114"/>
      <display value="人工関節センター"/>
    </concept>
    <concept>
      <code value="115"/>
      <display value="装具外来"/>
    </concept>
    <concept>
      <code value="116"/>
      <display value="アスリート診療"/>
    </concept>
    <concept>
      <code value="117"/>
      <display value="スポーツ医学"/>
    </concept>
    <concept>
      <code value="119"/>
      <display value="関節外科"/>
    </concept>
    <concept>
      <code value="11A"/>
      <display value="手外科"/>
    </concept>
    <concept>
      <code value="121"/>
      <display value="形成外科・美容外科"/>
    </concept>
    <concept>
      <code value="122"/>
      <display value="再建外科"/>
    </concept>
    <concept>
      <code value="141"/>
      <display value="脳腫瘍科"/>
    </concept>
    <concept>
      <code value="162"/>
      <display value="心臓外科"/>
    </concept>
    <concept>
      <code value="163"/>
      <display value="胸部外科"/>
    </concept>
    <concept>
      <code value="164"/>
      <display value="循環器外科"/>
    </concept>
    <concept>
      <code value="165"/>
      <display value="心臓・人工臓器外科"/>
    </concept>
    <concept>
      <code value="171"/>
      <display value="小児外科（周産母子）"/>
    </concept>
    <concept>
      <code value="191"/>
      <display value="皮膚科・レーザ科"/>
    </concept>
    <concept>
      <code value="192"/>
      <display value="紫外線外来"/>
    </concept>
    <concept>
      <code value="201"/>
      <display value="泌尿器科・男性科"/>
    </concept>
    <concept>
      <code value="202"/>
      <display value="コンチネンス外来"/>
    </concept>
    <concept>
      <code value="221"/>
      <display value="ストマケア外来"/>
    </concept>
    <concept>
      <code value="230"/>
      <display value="産科婦人科"/>
    </concept>
    <concept>
      <code value="231"/>
      <display value="女性外科"/>
    </concept>
    <concept>
      <code value="241"/>
      <display value="助産師外来"/>
    </concept>
    <concept>
      <code value="251"/>
      <display value="不妊内分泌科"/>
    </concept>
    <concept>
      <code value="252"/>
      <display value="周産科"/>
    </concept>
    <concept>
      <code value="253"/>
      <display value="周産期母性科"/>
    </concept>
    <concept>
      <code value="254"/>
      <display value="婦人周産期科"/>
    </concept>
    <concept>
      <code value="255"/>
      <display value="腹腔鏡外来"/>
    </concept>
    <concept>
      <code value="25A"/>
      <display value="女性科"/>
    </concept>
    <concept>
      <code value="25B"/>
      <display value="女性外来"/>
    </concept>
    <concept>
      <code value="25C"/>
      <display value="女性診療科・産科"/>
    </concept>
    <concept>
      <code value="261"/>
      <display value="眼科・視覚矯正科"/>
    </concept>
    <concept>
      <code value="262"/>
      <display value="白内障外来"/>
    </concept>
    <concept>
      <code value="263"/>
      <display value="コンタクトレンズ外来"/>
    </concept>
    <concept>
      <code value="264"/>
      <display value="ドライアイ外来"/>
    </concept>
    <concept>
      <code value="265"/>
      <display value="ぶどう膜炎外来"/>
    </concept>
    <concept>
      <code value="266"/>
      <display value="角膜・眼アレルギー外来"/>
    </concept>
    <concept>
      <code value="267"/>
      <display value="網膜疾患外来"/>
    </concept>
    <concept>
      <code value="26A"/>
      <display value="角膜移植部"/>
    </concept>
    <concept>
      <code value="271"/>
      <display value="耳鼻咽喉科・神経耳科"/>
    </concept>
    <concept>
      <code value="272"/>
      <display value="耳鼻咽喉・頭頸部外科"/>
    </concept>
    <concept>
      <code value="273"/>
      <display value="困難気道外来"/>
    </concept>
    <concept>
      <code value="274"/>
      <display value="頭頸部科"/>
    </concept>
    <concept>
      <code value="301"/>
      <display value="放射線部"/>
    </concept>
    <concept>
      <code value="302"/>
      <display value="放射線診断科"/>
    </concept>
    <concept>
      <code value="303"/>
      <display value="放射線画像診断・ＩＶＲ科"/>
    </concept>
    <concept>
      <code value="304"/>
      <display value="核医学科"/>
    </concept>
    <concept>
      <code value="30B"/>
      <display value="放射線治療科"/>
    </concept>
    <concept>
      <code value="30C"/>
      <display value="Ｘ線科"/>
    </concept>
    <concept>
      <code value="311"/>
      <display value="麻酔・疼痛・緩和医療科"/>
    </concept>
    <concept>
      <code value="312"/>
      <display value="麻酔科蘇生科"/>
    </concept>
    <concept>
      <code value="313"/>
      <display value="麻酔・疼痛科"/>
    </concept>
    <concept>
      <code value="31A"/>
      <display value="ペインクリニック科"/>
    </concept>
    <concept>
      <code value="331"/>
      <display value="心身医学科"/>
    </concept>
    <concept>
      <code value="332"/>
      <display value="心の内科"/>
    </concept>
    <concept>
      <code value="333"/>
      <display value="こどものこころ診療"/>
    </concept>
    <concept>
      <code value="334"/>
      <display value="小児精神科"/>
    </concept>
    <concept>
      <code value="34A"/>
      <display value="環境医学外来（アレルギー科）"/>
    </concept>
    <concept>
      <code value="34B"/>
      <display value="アレルギー内科"/>
    </concept>
    <concept>
      <code value="34C"/>
      <display value="アレルギー・免疫内科"/>
    </concept>
    <concept>
      <code value="34D"/>
      <display value="アレルギー・リウマチ内科"/>
    </concept>
    <concept>
      <code value="35A"/>
      <display value="リウマチ内科"/>
    </concept>
    <concept>
      <code value="35B"/>
      <display value="内分泌・リウマチ科"/>
    </concept>
    <concept>
      <code value="361"/>
      <display value="言語療法科"/>
    </concept>
    <concept>
      <code value="362"/>
      <display value="股体不自由リハビリテーション科"/>
    </concept>
    <concept>
      <code value="363"/>
      <display value="内部障害リハビリテーション科"/>
    </concept>
    <concept>
      <code value="364"/>
      <display value="理学療法科"/>
    </concept>
    <concept>
      <code value="365"/>
      <display value="物理療法内科"/>
    </concept>
    <concept>
      <code value="391"/>
      <display value="救命救急センター"/>
    </concept>
    <concept>
      <code value="392"/>
      <display value="内科系救急科"/>
    </concept>
    <concept>
      <code value="393"/>
      <display value="救急外科"/>
    </concept>
    <concept>
      <code value="394"/>
      <display value="外科系救急科"/>
    </concept>
    <concept>
      <code value="398"/>
      <display value="初期診療・救急科"/>
    </concept>
    <concept>
      <code value="41C"/>
      <display value="血液免疫科"/>
    </concept>
    <concept>
      <code value="41D"/>
      <display value="血液科"/>
    </concept>
    <concept>
      <code value="421"/>
      <display value="無菌治療部"/>
    </concept>
    <concept>
      <code value="431"/>
      <display value="血液浄化療法部"/>
    </concept>
    <concept>
      <code value="432"/>
      <display value="透析治療部"/>
    </concept>
    <concept>
      <code value="471"/>
      <display value="腫瘍内科"/>
    </concept>
    <concept>
      <code value="472"/>
      <display value="化学療法部"/>
    </concept>
    <concept>
      <code value="473"/>
      <display value="小児腫瘍科"/>
    </concept>
    <concept>
      <code value="474"/>
      <display value="精神腫瘍外来"/>
    </concept>
    <concept>
      <code value="475"/>
      <display value="免疫療法外来"/>
    </concept>
    <concept>
      <code value="476"/>
      <display value="脳腫瘍診療部"/>
    </concept>
    <concept>
      <code value="48D"/>
      <display value="腎不全科"/>
    </concept>
    <concept>
      <code value="48E"/>
      <display value="腎移植科"/>
    </concept>
    <concept>
      <code value="491"/>
      <display value="睡眠時無呼吸症候群外来"/>
    </concept>
    <concept>
      <code value="51A"/>
      <display value="予診科"/>
    </concept>
    <concept>
      <code value="51B"/>
      <display value="初診科"/>
    </concept>
    <concept>
      <code value="51G"/>
      <display value="総合内科"/>
    </concept>
    <concept>
      <code value="521"/>
      <display value="光学医療診療部"/>
    </concept>
    <concept>
      <code value="53A"/>
      <display value="内分泌・代謝内科"/>
    </concept>
    <concept>
      <code value="54A"/>
      <display value="膠原病内科"/>
    </concept>
    <concept>
      <code value="54B"/>
      <display value="膠原病・アレルギ—内科"/>
    </concept>
    <concept>
      <code value="54C"/>
      <display value="膠原病・アレルギ—・リウマチ内科"/>
    </concept>
    <concept>
      <code value="54D"/>
      <display value="免疫・膠原病・感染症科"/>
    </concept>
    <concept>
      <code value="54E"/>
      <display value="膠原病・リウマチ内科"/>
    </concept>
    <concept>
      <code value="54F"/>
      <display value="膠原病・感染症内科"/>
    </concept>
    <concept>
      <code value="54G"/>
      <display value="免疫・膠原病内科"/>
    </concept>
    <concept>
      <code value="70A"/>
      <display value="消化管内科"/>
    </concept>
    <concept>
      <code value="72A"/>
      <display value="骨粗鬆症外来"/>
    </concept>
    <concept>
      <code value="731"/>
      <display value="糖尿病科"/>
    </concept>
    <concept>
      <code value="73B"/>
      <display value="糖尿病・代謝内科"/>
    </concept>
    <concept>
      <code value="73C"/>
      <display value="糖尿病・内分泌内科"/>
    </concept>
    <concept>
      <code value="73D"/>
      <display value="糖尿病・代謝・内分泌内科"/>
    </concept>
    <concept>
      <code value="73F"/>
      <display value="肝臓・糖尿病・内分泌内科"/>
    </concept>
    <concept>
      <code value="73G"/>
      <display value="糖尿病・栄養内科"/>
    </concept>
    <concept>
      <code value="74A"/>
      <display value="腎・高血圧・脳血管科"/>
    </concept>
    <concept>
      <code value="74B"/>
      <display value="腎・高血圧・内分泌科"/>
    </concept>
    <concept>
      <code value="74C"/>
      <display value="腎臓・内分泌代謝内科"/>
    </concept>
    <concept>
      <code value="751"/>
      <display value="感染症内科"/>
    </concept>
    <concept>
      <code value="752"/>
      <display value="総合感染症科"/>
    </concept>
    <concept>
      <code value="753"/>
      <display value="感染症管理治療部"/>
    </concept>
    <concept>
      <code value="754"/>
      <display value="感染制御部"/>
    </concept>
    <concept>
      <code value="761"/>
      <display value="漢方内科"/>
    </concept>
    <concept>
      <code value="762"/>
      <display value="和漢診療科"/>
    </concept>
    <concept>
      <code value="771"/>
      <display value="老年病内科"/>
    </concept>
    <concept>
      <code value="772"/>
      <display value="老人科"/>
    </concept>
    <concept>
      <code value="79A"/>
      <display value="脳血管内治療科"/>
    </concept>
    <concept>
      <code value="7A1"/>
      <display value="消化管外科"/>
    </concept>
    <concept>
      <code value="7B1"/>
      <display value="食道外科"/>
    </concept>
    <concept>
      <code value="7B2"/>
      <display value="食道・胃腸外科"/>
    </concept>
    <concept>
      <code value="7B3"/>
      <display value="胃・食道外科"/>
    </concept>
    <concept>
      <code value="7B4"/>
      <display value="胃腸外科"/>
    </concept>
    <concept>
      <code value="7B5"/>
      <display value="胃外科"/>
    </concept>
    <concept>
      <code value="7C1"/>
      <display value="大腸外科"/>
    </concept>
    <concept>
      <code value="7C2"/>
      <display value="大腸・肛門外科"/>
    </concept>
    <concept>
      <code value="801"/>
      <display value="肝胆外科"/>
    </concept>
    <concept>
      <code value="802"/>
      <display value="肝胆膵・移植外科"/>
    </concept>
    <concept>
      <code value="811"/>
      <display value="移植・再建・内視鏡外科"/>
    </concept>
    <concept>
      <code value="812"/>
      <display value="人工臓器移植外科"/>
    </concept>
    <concept>
      <code value="813"/>
      <display value="移植診療部"/>
    </concept>
    <concept>
      <code value="814"/>
      <display value="骨バンク"/>
    </concept>
    <concept>
      <code value="821"/>
      <display value="乳腺内分泌外科"/>
    </concept>
    <concept>
      <code value="822"/>
      <display value="乳腺・甲状腺外科"/>
    </concept>
    <concept>
      <code value="823"/>
      <display value="乳腺・内分泌外科"/>
    </concept>
    <concept>
      <code value="824"/>
      <display value="ブレストセンター"/>
    </concept>
    <concept>
      <code value="831"/>
      <display value="緩和ケア相談"/>
    </concept>
    <concept>
      <code value="832"/>
      <display value="緩和医療"/>
    </concept>
    <concept>
      <code value="833"/>
      <display value="地域包括緩和ケア"/>
    </concept>
    <concept>
      <code value="851"/>
      <display value="ゲノム診療部"/>
    </concept>
    <concept>
      <code value="861"/>
      <display value="顎口腔外科"/>
    </concept>
    <concept>
      <code value="862"/>
      <display value="顎顔面再建科"/>
    </concept>
    <concept>
      <code value="863"/>
      <display value="顎機能科"/>
    </concept>
    <concept>
      <code value="864"/>
      <display value="顎検査科"/>
    </concept>
    <concept>
      <code value="865"/>
      <display value="顎歯科"/>
    </concept>
    <concept>
      <code value="866"/>
      <display value="顔面口腔外科"/>
    </concept>
    <concept>
      <code value="867"/>
      <display value="顔面外科"/>
    </concept>
    <concept>
      <code value="86A"/>
      <display value="口腔診療科"/>
    </concept>
    <concept>
      <code value="86D"/>
      <display value="口腔総合診療科"/>
    </concept>
    <concept>
      <code value="86E"/>
      <display value="口腔画像診断科"/>
    </concept>
    <concept>
      <code value="86F"/>
      <display value="口腔機能回復科"/>
    </concept>
    <concept>
      <code value="86G"/>
      <display value="口腔診断科"/>
    </concept>
    <concept>
      <code value="86H"/>
      <display value="口腔言語科"/>
    </concept>
    <concept>
      <code value="882"/>
      <display value="保健診療部"/>
    </concept>
    <concept>
      <code value="883"/>
      <display value="メディカルフィットネス"/>
    </concept>
    <concept>
      <code value="8D2"/>
      <display value="デイ・サージェリー"/>
    </concept>
    <concept>
      <code value="8E1"/>
      <display value="薬剤情報部"/>
    </concept>
    <concept>
      <code value="8E2"/>
      <display value="臨床薬理内科"/>
    </concept>
    <concept>
      <code value="901"/>
      <display value="歯科顎口腔外科"/>
    </concept>
    <concept>
      <code value="902"/>
      <display value="歯科口腔外科"/>
    </concept>
    <concept>
      <code value="903"/>
      <display value="矯正歯科"/>
    </concept>
    <concept>
      <code value="904"/>
      <display value="歯周科"/>
    </concept>
    <concept>
      <code value="905"/>
      <display value="歯内治療科"/>
    </concept>
    <concept>
      <code value="906"/>
      <display value="小児歯科"/>
    </concept>
    <concept>
      <code value="907"/>
      <display value="障害歯科"/>
    </concept>
    <concept>
      <code value="908"/>
      <display value="クラウン補綴科"/>
    </concept>
    <concept>
      <code value="909"/>
      <display value="特殊歯科"/>
    </concept>
    <concept>
      <code value="90A"/>
      <display value="虫歯科"/>
    </concept>
    <concept>
      <code value="90B"/>
      <display value="医学支援歯科"/>
    </concept>
    <concept>
      <code value="90C"/>
      <display value="全身管理歯科"/>
    </concept>
    <concept>
      <code value="90D"/>
      <display value="総合歯科"/>
    </concept>
    <concept>
      <code value="90E"/>
      <display value="保存修復歯科"/>
    </concept>
    <concept>
      <code value="90F"/>
      <display value="予防歯科"/>
    </concept>
    <concept>
      <code value="90G"/>
      <display value="咬合修復科"/>
    </concept>
    <concept>
      <code value="90H"/>
      <display value="審美歯科"/>
    </concept>
    <concept>
      <code value="90J"/>
      <display value="義歯科"/>
    </concept>
    <concept>
      <code value="90K"/>
      <display value="義歯補綴科"/>
    </concept>
    <concept>
      <code value="90L"/>
      <display value="インプラント歯科"/>
    </concept>
    <concept>
      <code value="90M"/>
      <display value="高齢歯科"/>
    </concept>
    <concept>
      <code value="90N"/>
      <display value="小児咬合障害科"/>
    </concept>
    <concept>
      <code value="90P"/>
      <display value="歯科麻酔科"/>
    </concept>
    <concept>
      <code value="90R"/>
      <display value="歯科X線科"/>
    </concept>
    <concept>
      <code value="90S"/>
      <display value="健康歯科"/>
    </concept>
    <concept>
      <code value="90T"/>
      <display value="歯科予診"/>
    </concept>
    <concept>
      <code value="981"/>
      <display value="病歴部"/>
    </concept>
    <concept>
      <code value="982"/>
      <display value="事務"/>
    </concept>
    <concept>
      <code value="983"/>
      <display value="医療社会福祉部"/>
    </concept>
  </concept>
</CodeSystem>