<?xml version="1.0" encoding="UTF-8"?>

<CodeSystem xmlns="http://hl7.org/fhir">
  <id value="jp-observation-physicalexam-bodysite-cs"/>
  <text>
    <status value="generated"/><div xmlns="http://www.w3.org/1999/xhtml"><p>This code system <code>http://jpfhir.jp/fhir/Common/CodeSystem/JP_ObservationPhysicalExamBodySite_CS</code> defines some example codes:</p><table class="codes"><tr><td style="white-space:nowrap"><b>Code</b></td><td><b>Display</b></td></tr><tr><td style="white-space:nowrap">example<a name="jp-observation-physicalexam-bodysite-cs-example"> </a></td><td>下腹部</td></tr></table></div>
  </text>
  <url value="http://jpfhir.jp/fhir/Common/CodeSystem/JP_ObservationPhysicalExamBodySite_CS"/>
  <version value="1.1.0a"/>
  <name value="JP_ObservationPhysicalExamBodySite_CS"/>
  <title value="JP Core Observation PhysicalExam BodySite CodeSystem"/>
  <status value="draft"/>
  <date value="2022-09-12T22:07:03+00:00"/>
  <publisher value="FHIR Japanese implementation research working group in Japan Association of Medical Informatics (JAMI)"/>
  <contact>
    <name value="FHIR Japanese implementation research working group in Japan Association of Medical Informatics (JAMI)"/>
    <telecom>
      <system value="url"/>
      <value value="http://jpfhir.jp"/>
    </telecom>
    <telecom>
      <system value="email"/>
      <value value="office@hlfhir.jp"/>
    </telecom>
  </contact>
  <description value="Observation（身体所見）で使用する身体部位のコード。J_ANAT（作成中）の使用を想定"/>
  <jurisdiction>
    <coding>
      <system value="urn:iso:std:iso:3166"/>
      <code value="JP"/>
    </coding>
  </jurisdiction>
  <copyright value="FHIR Japanese implementation research working group in Japan Association of Medical Informatics (JAMI)"/>
  <caseSensitive value="true"/>
  <valueSet value="http://jpfhir.jp/fhir/Common/ValueSet/JP_ObservationPhysicalExamBodySite_VS"/>
  <content value="example"/>
  <concept>
    <code value="example"/>
    <display value="下腹部"/>
  </concept>
</CodeSystem>