<?xml version="1.0" encoding="UTF-8"?>

<CodeSystem xmlns="http://hl7.org/fhir">
  <id value="jp-medication-method-jhsi0003-cs"/>
  <text>
    <status value="generated"/><div xmlns="http://www.w3.org/1999/xhtml"><p>This code system <code>http://jpfhir.jp/fhir/Common/CodeSystem/JHSI0003</code> defines the following codes:</p><table class="codes"><tr><td style="white-space:nowrap"><b>Code</b></td><td><b>Display</b></td></tr><tr><td style="white-space:nowrap">01<a name="jp-medication-method-jhsi0003-cs-01"> </a></td><td>精密持続点滴</td></tr></table></div>
  </text>
  <url value="http://jpfhir.jp/fhir/Common/CodeSystem/JHSI0003"/>
  <version value="1.1.0a"/>
  <name value="JP_MedicationMethodJHSI0003_CS"/>
  <title value="JP Core Medication JHSI0003 Method CodeSystem"/>
  <status value="draft"/>
  <date value="2022-09-19T06:50:03+00:00"/>
  <publisher value="FHIR Japanese implementation research working group in Japan Association of Medical Informatics (JAMI)"/>
  <contact>
    <name value="FHIR Japanese implementation research working group in Japan Association of Medical Informatics (JAMI)"/>
    <telecom>
      <system value="url"/>
      <value value="http://jpfhir.jp"/>
    </telecom>
    <telecom>
      <system value="email"/>
      <value value="office@hlfhir.jp"/>
    </telecom>
  </contact>
  <description value="JAHIS注射データ交換規約Ver.2.1C JHSI表0003精密持続点滴コードのコードシステム"/>
  <jurisdiction>
    <coding>
      <system value="urn:iso:std:iso:3166"/>
      <code value="JP"/>
    </coding>
  </jurisdiction>
  <copyright value="FHIR Japanese implementation research working group in Japan Association of Medical Informatics (JAMI)"/>
  <caseSensitive value="true"/>
  <valueSet value="http://jpfhir.jp/fhir/Common/ValueSet/JP_MedicationMethodJHSI0003_VS"/>
  <content value="complete"/>
  <count value="1"/>
  <concept>
    <code value="01"/>
    <display value="精密持続点滴"/>
  </concept>
</CodeSystem>