<?xml version="1.0" encoding="UTF-8"?>

<CodeSystem xmlns="http://hl7.org/fhir">
  <id value="jp-medication-route-hl70162-cs"/>
  <text>
    <status value="generated"/><div xmlns="http://www.w3.org/1999/xhtml"><p>This code system <code>http://jpfhir.jp/fhir/Common/CodeSystem/route-codes</code> defines the following codes:</p><table class="codes"><tr><td style="white-space:nowrap"><b>Code</b></td><td><b>Display</b></td></tr><tr><td style="white-space:nowrap">AP<a name="jp-medication-route-hl70162-cs-AP"> </a></td><td>外用</td></tr><tr><td style="white-space:nowrap">B<a name="jp-medication-route-hl70162-cs-B"> </a></td><td>頬</td></tr><tr><td style="white-space:nowrap">DT<a name="jp-medication-route-hl70162-cs-DT"> </a></td><td>歯</td></tr><tr><td style="white-space:nowrap">EP<a name="jp-medication-route-hl70162-cs-EP"> </a></td><td>硬膜外</td></tr><tr><td style="white-space:nowrap">ET<a name="jp-medication-route-hl70162-cs-ET"> </a></td><td>気管内チューブ</td></tr><tr><td style="white-space:nowrap">GTT<a name="jp-medication-route-hl70162-cs-GTT"> </a></td><td>消化器官</td></tr><tr><td style="white-space:nowrap">GU<a name="jp-medication-route-hl70162-cs-GU"> </a></td><td>GU洗浄</td></tr><tr><td style="white-space:nowrap">IMR<a name="jp-medication-route-hl70162-cs-IMR"> </a></td><td>浸透</td></tr><tr><td style="white-space:nowrap">IA<a name="jp-medication-route-hl70162-cs-IA"> </a></td><td>動脈内</td></tr><tr><td style="white-space:nowrap">IB<a name="jp-medication-route-hl70162-cs-IB"> </a></td><td>滑液包内</td></tr><tr><td style="white-space:nowrap">IC<a name="jp-medication-route-hl70162-cs-IC"> </a></td><td>心臓内</td></tr><tr><td style="white-space:nowrap">ICV<a name="jp-medication-route-hl70162-cs-ICV"> </a></td><td>子宮</td></tr><tr><td style="white-space:nowrap">ID<a name="jp-medication-route-hl70162-cs-ID"> </a></td><td>皮膚内</td></tr><tr><td style="white-space:nowrap">IH<a name="jp-medication-route-hl70162-cs-IH"> </a></td><td>吸入</td></tr><tr><td style="white-space:nowrap">IHA<a name="jp-medication-route-hl70162-cs-IHA"> </a></td><td>肝内動脈</td></tr><tr><td style="white-space:nowrap">IM<a name="jp-medication-route-hl70162-cs-IM"> </a></td><td>筋肉内</td></tr><tr><td style="white-space:nowrap">IN<a name="jp-medication-route-hl70162-cs-IN"> </a></td><td>鼻腔内</td></tr><tr><td style="white-space:nowrap">IO<a name="jp-medication-route-hl70162-cs-IO"> </a></td><td>眼内</td></tr><tr><td style="white-space:nowrap">IP<a name="jp-medication-route-hl70162-cs-IP"> </a></td><td>腹腔内</td></tr><tr><td style="white-space:nowrap">IS<a name="jp-medication-route-hl70162-cs-IS"> </a></td><td>滑液包内</td></tr><tr><td style="white-space:nowrap">IT<a name="jp-medication-route-hl70162-cs-IT"> </a></td><td>鞘内</td></tr><tr><td style="white-space:nowrap">IU<a name="jp-medication-route-hl70162-cs-IU"> </a></td><td>子宮内</td></tr><tr><td style="white-space:nowrap">IV<a name="jp-medication-route-hl70162-cs-IV"> </a></td><td>静脈内</td></tr><tr><td style="white-space:nowrap">MTH<a name="jp-medication-route-hl70162-cs-MTH"> </a></td><td>口／喉</td></tr><tr><td style="white-space:nowrap">MM<a name="jp-medication-route-hl70162-cs-MM"> </a></td><td>粘膜</td></tr><tr><td style="white-space:nowrap">NS<a name="jp-medication-route-hl70162-cs-NS"> </a></td><td>鼻側</td></tr><tr><td style="white-space:nowrap">NG<a name="jp-medication-route-hl70162-cs-NG"> </a></td><td>経口径内腔</td></tr><tr><td style="white-space:nowrap">NP<a name="jp-medication-route-hl70162-cs-NP"> </a></td><td>鼻のプロング</td></tr><tr><td style="white-space:nowrap">NT<a name="jp-medication-route-hl70162-cs-NT"> </a></td><td>鼻気管内チューブ</td></tr><tr><td style="white-space:nowrap">OP<a name="jp-medication-route-hl70162-cs-OP"> </a></td><td>眼</td></tr><tr><td style="white-space:nowrap">OT<a name="jp-medication-route-hl70162-cs-OT"> </a></td><td>耳</td></tr><tr><td style="white-space:nowrap">OTH<a name="jp-medication-route-hl70162-cs-OTH"> </a></td><td>その他／さまざま</td></tr><tr><td style="white-space:nowrap">PF<a name="jp-medication-route-hl70162-cs-PF"> </a></td><td>灌流</td></tr><tr><td style="white-space:nowrap">PO<a name="jp-medication-route-hl70162-cs-PO"> </a></td><td>口</td></tr><tr><td style="white-space:nowrap">PR<a name="jp-medication-route-hl70162-cs-PR"> </a></td><td>直腸</td></tr><tr><td style="white-space:nowrap">RM<a name="jp-medication-route-hl70162-cs-RM"> </a></td><td>リブリーザーマスク</td></tr><tr><td style="white-space:nowrap">SD<a name="jp-medication-route-hl70162-cs-SD"> </a></td><td>湿性包帯</td></tr><tr><td style="white-space:nowrap">SC<a name="jp-medication-route-hl70162-cs-SC"> </a></td><td>皮下</td></tr><tr><td style="white-space:nowrap">SL<a name="jp-medication-route-hl70162-cs-SL"> </a></td><td>舌下</td></tr><tr><td style="white-space:nowrap">TP<a name="jp-medication-route-hl70162-cs-TP"> </a></td><td>局所</td></tr><tr><td style="white-space:nowrap">TRA<a name="jp-medication-route-hl70162-cs-TRA"> </a></td><td>気管切開</td></tr><tr><td style="white-space:nowrap">TD<a name="jp-medication-route-hl70162-cs-TD"> </a></td><td>経皮性</td></tr><tr><td style="white-space:nowrap">TL<a name="jp-medication-route-hl70162-cs-TL"> </a></td><td>経舌</td></tr><tr><td style="white-space:nowrap">UR<a name="jp-medication-route-hl70162-cs-UR"> </a></td><td>尿道</td></tr><tr><td style="white-space:nowrap">VG<a name="jp-medication-route-hl70162-cs-VG"> </a></td><td>膣</td></tr><tr><td style="white-space:nowrap">VM<a name="jp-medication-route-hl70162-cs-VM"> </a></td><td>換気マスク</td></tr><tr><td style="white-space:nowrap">WND<a name="jp-medication-route-hl70162-cs-WND"> </a></td><td>創傷</td></tr></table></div>
  </text>
  <url value="http://jpfhir.jp/fhir/Common/CodeSystem/route-codes"/>
  <identifier>
    <system value="urn:ietf:rfc:3986"/>
    <value value="urn:oid:1.2.392.100495.20.2.34"/>
  </identifier>
  <identifier>
    <system value="urn:ietf:rfc:3986"/>
    <value value="urn:oid:2.16.840.1.113883.3.1937.777.10.5.162"/>
  </identifier>
  <version value="1.1.0a"/>
  <name value="JP_MedicationRouteHL70162_CS"/>
  <title value="JP Core Medication HL70162-based Route CodeSystem"/>
  <status value="draft"/>
  <date value="2022-09-16T10:34:10+00:00"/>
  <publisher value="FHIR Japanese implementation research working group in Japan Association of Medical Informatics (JAMI)"/>
  <contact>
    <name value="FHIR Japanese implementation research working group in Japan Association of Medical Informatics (JAMI)"/>
    <telecom>
      <system value="url"/>
      <value value="http://jpfhir.jp"/>
    </telecom>
    <telecom>
      <system value="email"/>
      <value value="office@hlfhir.jp"/>
    </telecom>
  </contact>
  <description value="HL7表0162をベースにした投与経路のコードシステム"/>
  <jurisdiction>
    <coding>
      <system value="urn:iso:std:iso:3166"/>
      <code value="JP"/>
    </coding>
  </jurisdiction>
  <copyright value="FHIR Japanese implementation research working group in Japan Association of Medical Informatics (JAMI)"/>
  <caseSensitive value="true"/>
  <valueSet value="http://jpfhir.jp/fhir/Common/CodeSystem/JP_MedicationRouteHL70162_VS"/>
  <content value="complete"/>
  <count value="47"/>
  <concept>
    <code value="AP"/>
    <display value="外用"/>
  </concept>
  <concept>
    <code value="B"/>
    <display value="頬"/>
  </concept>
  <concept>
    <code value="DT"/>
    <display value="歯"/>
  </concept>
  <concept>
    <code value="EP"/>
    <display value="硬膜外"/>
  </concept>
  <concept>
    <code value="ET"/>
    <display value="気管内チューブ"/>
  </concept>
  <concept>
    <code value="GTT"/>
    <display value="消化器官"/>
  </concept>
  <concept>
    <code value="GU"/>
    <display value="GU洗浄"/>
  </concept>
  <concept>
    <code value="IMR"/>
    <display value="浸透"/>
  </concept>
  <concept>
    <code value="IA"/>
    <display value="動脈内"/>
  </concept>
  <concept>
    <code value="IB"/>
    <display value="滑液包内"/>
  </concept>
  <concept>
    <code value="IC"/>
    <display value="心臓内"/>
  </concept>
  <concept>
    <code value="ICV"/>
    <display value="子宮"/>
  </concept>
  <concept>
    <code value="ID"/>
    <display value="皮膚内"/>
  </concept>
  <concept>
    <code value="IH"/>
    <display value="吸入"/>
  </concept>
  <concept>
    <code value="IHA"/>
    <display value="肝内動脈"/>
  </concept>
  <concept>
    <code value="IM"/>
    <display value="筋肉内"/>
  </concept>
  <concept>
    <code value="IN"/>
    <display value="鼻腔内"/>
  </concept>
  <concept>
    <code value="IO"/>
    <display value="眼内"/>
  </concept>
  <concept>
    <code value="IP"/>
    <display value="腹腔内"/>
  </concept>
  <concept>
    <code value="IS"/>
    <display value="滑液包内"/>
  </concept>
  <concept>
    <code value="IT"/>
    <display value="鞘内"/>
  </concept>
  <concept>
    <code value="IU"/>
    <display value="子宮内"/>
  </concept>
  <concept>
    <code value="IV"/>
    <display value="静脈内"/>
  </concept>
  <concept>
    <code value="MTH"/>
    <display value="口／喉"/>
  </concept>
  <concept>
    <code value="MM"/>
    <display value="粘膜"/>
  </concept>
  <concept>
    <code value="NS"/>
    <display value="鼻側"/>
  </concept>
  <concept>
    <code value="NG"/>
    <display value="経口径内腔"/>
  </concept>
  <concept>
    <code value="NP"/>
    <display value="鼻のプロング"/>
  </concept>
  <concept>
    <code value="NT"/>
    <display value="鼻気管内チューブ"/>
  </concept>
  <concept>
    <code value="OP"/>
    <display value="眼"/>
  </concept>
  <concept>
    <code value="OT"/>
    <display value="耳"/>
  </concept>
  <concept>
    <code value="OTH"/>
    <display value="その他／さまざま"/>
  </concept>
  <concept>
    <code value="PF"/>
    <display value="灌流"/>
  </concept>
  <concept>
    <code value="PO"/>
    <display value="口"/>
  </concept>
  <concept>
    <code value="PR"/>
    <display value="直腸"/>
  </concept>
  <concept>
    <code value="RM"/>
    <display value="リブリーザーマスク"/>
  </concept>
  <concept>
    <code value="SD"/>
    <display value="湿性包帯"/>
  </concept>
  <concept>
    <code value="SC"/>
    <display value="皮下"/>
  </concept>
  <concept>
    <code value="SL"/>
    <display value="舌下"/>
  </concept>
  <concept>
    <code value="TP"/>
    <display value="局所"/>
  </concept>
  <concept>
    <code value="TRA"/>
    <display value="気管切開"/>
  </concept>
  <concept>
    <code value="TD"/>
    <display value="経皮性"/>
  </concept>
  <concept>
    <code value="TL"/>
    <display value="経舌"/>
  </concept>
  <concept>
    <code value="UR"/>
    <display value="尿道"/>
  </concept>
  <concept>
    <code value="VG"/>
    <display value="膣"/>
  </concept>
  <concept>
    <code value="VM"/>
    <display value="換気マスク"/>
  </concept>
  <concept>
    <code value="WND"/>
    <display value="創傷"/>
  </concept>
</CodeSystem>