<?xml version="1.0" encoding="UTF-8"?>

<CodeSystem xmlns="http://hl7.org/fhir">
  <id value="jp-medication-method-jami-basic-usage-cs"/>
  <text>
    <status value="generated"/><div xmlns="http://www.w3.org/1999/xhtml"><p>This code system urn:oid:1.2.392.200250.2.2.20.30 defines the following codes:</p><table class="codes"><tr><td style="white-space:nowrap"><b>Code</b></td><td><b>Display</b></td></tr><tr><td style="white-space:nowrap">1<a name="jp-medication-method-jami-basic-usage-cs-1"> </a></td><td>内服</td></tr><tr><td style="white-space:nowrap">2<a name="jp-medication-method-jami-basic-usage-cs-2"> </a></td><td>外用</td></tr><tr><td style="white-space:nowrap">3<a name="jp-medication-method-jami-basic-usage-cs-3"> </a></td><td>注射</td></tr><tr><td style="white-space:nowrap">4<a name="jp-medication-method-jami-basic-usage-cs-4"> </a></td><td>注入</td></tr></table></div>
  </text>
  <url value="urn:oid:1.2.392.200250.2.2.20.30"/>
  <version value="1.1.0a"/>
  <name value="JP_MedicationMethodJAMIBasicUsage_CS"/>
  <title value="JP Core Medication JAMI Basic Usage Type CodeSystem"/>
  <status value="draft"/>
  <date value="2022-08-29T04:09:01+00:00"/>
  <publisher value="FHIR Japanese implementation research working group in Japan Association of Medical Informatics (JAMI)"/>
  <contact>
    <name value="FHIR Japanese implementation research working group in Japan Association of Medical Informatics (JAMI)"/>
    <telecom>
      <system value="url"/>
      <value value="http://jpfhir.jp"/>
    </telecom>
    <telecom>
      <system value="email"/>
      <value value="office@hlfhir.jp"/>
    </telecom>
  </contact>
  <description value="JAMI標準用法規格表１基本用法区分のコードシステム"/>
  <jurisdiction>
    <coding>
      <system value="urn:iso:std:iso:3166"/>
      <code value="JP"/>
    </coding>
  </jurisdiction>
  <copyright value="FHIR Japanese implementation research working group in Japan Association of Medical Informatics (JAMI)"/>
  <caseSensitive value="true"/>
  <valueSet value="http://jpfhir.jp/fhir/Common/ValueSet/JP_MedicationMethodJAMIBasicUsage_VS"/>
  <content value="complete"/>
  <count value="4"/>
  <concept>
    <code value="1"/>
    <display value="内服"/>
  </concept>
  <concept>
    <code value="2"/>
    <display value="外用"/>
  </concept>
  <concept>
    <code value="3"/>
    <display value="注射"/>
  </concept>
  <concept>
    <code value="4"/>
    <display value="注入"/>
  </concept>
</CodeSystem>