<?xml version="1.0" encoding="UTF-8"?>

<CodeSystem xmlns="http://hl7.org/fhir">
  <id value="jp-medicallicensecertificate-cs"/>
  <text>
    <status value="generated"/><div xmlns="http://www.w3.org/1999/xhtml"><p>This code system <code>http://jpfhir.jp/fhir/Common/CodeSystem/JP_MedicalLicenseCertificate_CS</code> defines the following codes:</p><table class="codes"><tr><td style="white-space:nowrap"><b>Code</b></td><td><b>Display</b></td><td><b>Definition</b></td></tr><tr><td style="white-space:nowrap">narcotics-practitioner<a name="jp-medicallicensecertificate-cs-narcotics-practitioner"> </a></td><td>麻薬施用者番号</td><td>各都道府県にて管理される麻薬施用に関する免許番号</td></tr><tr><td style="white-space:nowrap">medical-registration<a name="jp-medicallicensecertificate-cs-medical-registration"> </a></td><td>医籍登録番号</td><td>厚労省が発行する医師免許に割り振られる登録番号</td></tr></table></div>
  </text>
  <url value="http://jpfhir.jp/fhir/Common/CodeSystem/JP_MedicalLicenseCertificate_CS"/>
  <version value="1.1.0a"/>
  <name value="JP_MedicalLicenseCertificate_CS"/>
  <title value="JP Core MedicalLicenseCertificate CodeSystem"/>
  <status value="draft"/>
  <date value="2022-09-18T06:24:36+00:00"/>
  <publisher value="FHIR Japanese implementation research working group in Japan Association of Medical Informatics (JAMI)"/>
  <contact>
    <name value="FHIR Japanese implementation research working group in Japan Association of Medical Informatics (JAMI)"/>
    <telecom>
      <system value="url"/>
      <value value="http://jpfhir.jp"/>
    </telecom>
    <telecom>
      <system value="email"/>
      <value value="office@hlfhir.jp"/>
    </telecom>
  </contact>
  <description value="医療関連免許証明に関するコードシステム。（現在作成中、今後医療系免許に関する情報追加する予定です。）"/>
  <jurisdiction>
    <coding>
      <system value="urn:iso:std:iso:3166"/>
      <code value="JP"/>
    </coding>
  </jurisdiction>
  <copyright value="FHIR Japanese implementation research working group in Japan Association of Medical Informatics (JAMI)"/>
  <caseSensitive value="true"/>
  <valueSet value="http://jpfhir.jp/fhir/Common/ValueSet/JP_MedicalLicenseCertificate_VS"/>
  <content value="complete"/>
  <count value="2"/>
  <concept>
    <code value="narcotics-practitioner"/>
    <display value="麻薬施用者番号"/>
    <definition value="各都道府県にて管理される麻薬施用に関する免許番号"/>
  </concept>
  <concept>
    <code value="medical-registration"/>
    <display value="医籍登録番号"/>
    <definition value="厚労省が発行する医師免許に割り振られる登録番号"/>
  </concept>
</CodeSystem>