<?xml version="1.0" encoding="UTF-8"?>

<CodeSystem xmlns="http://hl7.org/fhir">
  <id value="jp-medication-example-line-cs"/>
  <text>
    <status value="generated"/><div xmlns="http://www.w3.org/1999/xhtml"><p>This code system <code>http://jpfhir.jp/fhir/Examples/CodeSystem/JP_MedicationRequestDosageInstructionLine_CS</code> defines the following codes:</p><table class="codes"><tr><td style="white-space:nowrap"><b>Code</b></td><td><b>Display</b></td></tr><tr><td style="white-space:nowrap">01<a name="jp-medication-example-line-cs-01"> </a></td><td>末梢ルート</td></tr><tr><td style="white-space:nowrap">02<a name="jp-medication-example-line-cs-02"> </a></td><td>CVルート白</td></tr><tr><td style="white-space:nowrap">03<a name="jp-medication-example-line-cs-03"> </a></td><td>ダブルルーメン白</td></tr><tr><td style="white-space:nowrap">04<a name="jp-medication-example-line-cs-04"> </a></td><td>ダブルルーメン青</td></tr><tr><td style="white-space:nowrap">05<a name="jp-medication-example-line-cs-05"> </a></td><td>トリプルルーメン白</td></tr><tr><td style="white-space:nowrap">06<a name="jp-medication-example-line-cs-06"> </a></td><td>トリプルルーメン青</td></tr><tr><td style="white-space:nowrap">07<a name="jp-medication-example-line-cs-07"> </a></td><td>トリプルルーメン緑</td></tr><tr><td style="white-space:nowrap">08<a name="jp-medication-example-line-cs-08"> </a></td><td>スワンガンツー白</td></tr><tr><td style="white-space:nowrap">09<a name="jp-medication-example-line-cs-09"> </a></td><td>スワンガンツー青</td></tr><tr><td style="white-space:nowrap">10<a name="jp-medication-example-line-cs-10"> </a></td><td>スワンガンツー黄</td></tr><tr><td style="white-space:nowrap">11<a name="jp-medication-example-line-cs-11"> </a></td><td>ダブルルーメンカテ（HD)青</td></tr><tr><td style="white-space:nowrap">12<a name="jp-medication-example-line-cs-12"> </a></td><td>ダブルルーメンカテ（HD)赤</td></tr><tr><td style="white-space:nowrap">13<a name="jp-medication-example-line-cs-13"> </a></td><td>透析回路</td></tr><tr><td style="white-space:nowrap">14<a name="jp-medication-example-line-cs-14"> </a></td><td>硬膜外</td></tr><tr><td style="white-space:nowrap">15<a name="jp-medication-example-line-cs-15"> </a></td><td>動脈ライン</td></tr><tr><td style="white-space:nowrap">16<a name="jp-medication-example-line-cs-16"> </a></td><td>埋込型ｶﾃｰﾃﾙﾙｰﾄ</td></tr><tr><td style="white-space:nowrap">17<a name="jp-medication-example-line-cs-17"> </a></td><td>その他</td></tr></table></div>
  </text>
  <url value="http://jpfhir.jp/fhir/Examples/CodeSystem/JP_MedicationRequestDosageInstructionLine_CS"/>
  <version value="1.1.0a"/>
  <name value="JP_MedicationExampleLine_CS"/>
  <title value="JP Core Medication Example Line CodeSystem"/>
  <status value="draft"/>
  <date value="2022-09-16T09:34:57+00:00"/>
  <publisher value="FHIR Japanese implementation research working group in Japan Association of Medical Informatics (JAMI)"/>
  <contact>
    <name value="FHIR Japanese implementation research working group in Japan Association of Medical Informatics (JAMI)"/>
    <telecom>
      <system value="url"/>
      <value value="http://jpfhir.jp"/>
    </telecom>
    <telecom>
      <system value="email"/>
      <value value="office@hlfhir.jp"/>
    </telecom>
  </contact>
  <description value="投与ラインのコードシステム例"/>
  <jurisdiction>
    <coding>
      <system value="urn:iso:std:iso:3166"/>
      <code value="JP"/>
    </coding>
  </jurisdiction>
  <copyright value="FHIR Japanese implementation research working group in Japan Association of Medical Informatics (JAMI)"/>
  <caseSensitive value="true"/>
  <valueSet value="http://jpfhir.jp/fhir/Examples/ValueSet/JP_MedicationRequestDosageInstructionLine_VS"/>
  <content value="complete"/>
  <count value="17"/>
  <concept>
    <code value="01"/>
    <display value="末梢ルート"/>
  </concept>
  <concept>
    <code value="02"/>
    <display value="CVルート白"/>
  </concept>
  <concept>
    <code value="03"/>
    <display value="ダブルルーメン白"/>
  </concept>
  <concept>
    <code value="04"/>
    <display value="ダブルルーメン青"/>
  </concept>
  <concept>
    <code value="05"/>
    <display value="トリプルルーメン白"/>
  </concept>
  <concept>
    <code value="06"/>
    <display value="トリプルルーメン青"/>
  </concept>
  <concept>
    <code value="07"/>
    <display value="トリプルルーメン緑"/>
  </concept>
  <concept>
    <code value="08"/>
    <display value="スワンガンツー白"/>
  </concept>
  <concept>
    <code value="09"/>
    <display value="スワンガンツー青"/>
  </concept>
  <concept>
    <code value="10"/>
    <display value="スワンガンツー黄"/>
  </concept>
  <concept>
    <code value="11"/>
    <display value="ダブルルーメンカテ（HD)青"/>
  </concept>
  <concept>
    <code value="12"/>
    <display value="ダブルルーメンカテ（HD)赤"/>
  </concept>
  <concept>
    <code value="13"/>
    <display value="透析回路"/>
  </concept>
  <concept>
    <code value="14"/>
    <display value="硬膜外"/>
  </concept>
  <concept>
    <code value="15"/>
    <display value="動脈ライン"/>
  </concept>
  <concept>
    <code value="16"/>
    <display value="埋込型ｶﾃｰﾃﾙﾙｰﾄ"/>
  </concept>
  <concept>
    <code value="17"/>
    <display value="その他"/>
  </concept>
</CodeSystem>