<?xml version="1.0" encoding="UTF-8"?>

<CodeSystem xmlns="http://hl7.org/fhir">
  <id value="jp-medication-as-needed-condition-merit9-cs"/>
  <text>
    <status value="generated"/><div xmlns="http://www.w3.org/1999/xhtml"><p>This code system http://jpfhir.jp/fhir/Common/CodeSystem/merit9-asNeededCondition defines the following codes:</p><table class="codes"><tr><td style="white-space:nowrap"><b>Code</b></td><td><b>Display</b></td></tr><tr><td style="white-space:nowrap">PRNLTs<a name="jp-medication-as-needed-condition-merit9-cs-PRNLTs"> </a></td><td>検査時</td></tr><tr><td style="white-space:nowrap">PRNheadache<a name="jp-medication-as-needed-condition-merit9-cs-PRNheadache"> </a></td><td>頭痛時</td></tr><tr><td style="white-space:nowrap">PRNpain<a name="jp-medication-as-needed-condition-merit9-cs-PRNpain"> </a></td><td>疼痛時</td></tr><tr><td style="white-space:nowrap">PRNteeth pain<a name="jp-medication-as-needed-condition-merit9-cs-PRNteethpain"> </a></td><td>歯痛時</td></tr><tr><td style="white-space:nowrap">PRNfever<a name="jp-medication-as-needed-condition-merit9-cs-PRNfever"> </a></td><td>発熱時</td></tr><tr><td style="white-space:nowrap">PRNfebrile<a name="jp-medication-as-needed-condition-merit9-cs-PRNfebrile"> </a></td><td>発熱時</td></tr><tr><td style="white-space:nowrap">PRNchest pain<a name="jp-medication-as-needed-condition-merit9-cs-PRNchestpain"> </a></td><td>胸痛時</td></tr><tr><td style="white-space:nowrap">PRNabdominal pain<a name="jp-medication-as-needed-condition-merit9-cs-PRNabdominalpain"> </a></td><td>腹痛時</td></tr><tr><td style="white-space:nowrap">PRNinsomnia<a name="jp-medication-as-needed-condition-merit9-cs-PRNinsomnia"> </a></td><td>不眠時</td></tr><tr><td style="white-space:nowrap">PRNanxiety<a name="jp-medication-as-needed-condition-merit9-cs-PRNanxiety"> </a></td><td>不安時</td></tr><tr><td style="white-space:nowrap">PRNnervous<a name="jp-medication-as-needed-condition-merit9-cs-PRNnervous"> </a></td><td>いらいら時</td></tr><tr><td style="white-space:nowrap">PRNdizziness<a name="jp-medication-as-needed-condition-merit9-cs-PRNdizziness"> </a></td><td>めまい時</td></tr><tr><td style="white-space:nowrap">PRNvertigo<a name="jp-medication-as-needed-condition-merit9-cs-PRNvertigo"> </a></td><td>めまい時</td></tr><tr><td style="white-space:nowrap">PRNitching<a name="jp-medication-as-needed-condition-merit9-cs-PRNitching"> </a></td><td>かゆいとき</td></tr><tr><td style="white-space:nowrap">PRNattack<a name="jp-medication-as-needed-condition-merit9-cs-PRNattack"> </a></td><td>発作時</td></tr><tr><td style="white-space:nowrap">PRNcostipation<a name="jp-medication-as-needed-condition-merit9-cs-PRNcostipation"> </a></td><td>便秘時</td></tr><tr><td style="white-space:nowrap">PRNdiarrhea<a name="jp-medication-as-needed-condition-merit9-cs-PRNdiarrhea"> </a></td><td>下痢時</td></tr><tr><td style="white-space:nowrap">PRNvommiting<a name="jp-medication-as-needed-condition-merit9-cs-PRNvommiting"> </a></td><td>嘔吐時</td></tr><tr><td style="white-space:nowrap">PRNcough<a name="jp-medication-as-needed-condition-merit9-cs-PRNcough"> </a></td><td>咳き込み時</td></tr><tr><td style="white-space:nowrap">PRNhungry<a name="jp-medication-as-needed-condition-merit9-cs-PRNhungry"> </a></td><td>空腹時</td></tr><tr><td style="white-space:nowrap">PRNhigh BP<a name="jp-medication-as-needed-condition-merit9-cs-PRNhighBP"> </a></td><td>血圧上昇時</td></tr><tr><td style="white-space:nowrap">PRNauria<a name="jp-medication-as-needed-condition-merit9-cs-PRNauria"> </a></td><td>亡尿時</td></tr><tr><td style="white-space:nowrap">PRNpolyuria<a name="jp-medication-as-needed-condition-merit9-cs-PRNpolyuria"> </a></td><td>多尿時</td></tr></table></div>
  </text>
  <url value="http://jpfhir.jp/fhir/Common/CodeSystem/merit9-asNeededCondition"/>
  <version value="1.1.0a"/>
  <name value="JP_MedicationAsNeededConditionMERIT9_CS"/>
  <title value="JP Core Medication MERIT9 As Needed Condition CodeSystem"/>
  <status value="draft"/>
  <date value="2022-08-29T13:08:49+00:00"/>
  <publisher value="FHIR Japanese implementation research working group in Japan Association of Medical Informatics (JAMI)"/>
  <contact>
    <name value="FHIR Japanese implementation research working group in Japan Association of Medical Informatics (JAMI)"/>
    <telecom>
      <system value="url"/>
      <value value="http://jpfhir.jp"/>
    </telecom>
    <telecom>
      <system value="email"/>
      <value value="office@hlfhir.jp"/>
    </telecom>
  </contact>
  <description value="MERIT9頓用指示コードのコードシステム"/>
  <jurisdiction>
    <coding>
      <system value="urn:iso:std:iso:3166"/>
      <code value="JP"/>
    </coding>
  </jurisdiction>
  <copyright value="FHIR Japanese implementation research working group in Japan Association of Medical Informatics (JAMI)"/>
  <caseSensitive value="true"/>
  <valueSet value="http://jpfhir.jp/fhir/Common/ValueSet/JP_MedicationAsNeededConditionMERIT9_VS"/>
  <content value="complete"/>
  <count value="23"/>
  <concept>
    <code value="PRNLTs"/>
    <display value="検査時"/>
  </concept>
  <concept>
    <code value="PRNheadache"/>
    <display value="頭痛時"/>
  </concept>
  <concept>
    <code value="PRNpain"/>
    <display value="疼痛時"/>
  </concept>
  <concept>
    <code value="PRNteeth pain"/>
    <display value="歯痛時"/>
  </concept>
  <concept>
    <code value="PRNfever"/>
    <display value="発熱時"/>
  </concept>
  <concept>
    <code value="PRNfebrile"/>
    <display value="発熱時"/>
  </concept>
  <concept>
    <code value="PRNchest pain"/>
    <display value="胸痛時"/>
  </concept>
  <concept>
    <code value="PRNabdominal pain"/>
    <display value="腹痛時"/>
  </concept>
  <concept>
    <code value="PRNinsomnia"/>
    <display value="不眠時"/>
  </concept>
  <concept>
    <code value="PRNanxiety"/>
    <display value="不安時"/>
  </concept>
  <concept>
    <code value="PRNnervous"/>
    <display value="いらいら時"/>
  </concept>
  <concept>
    <code value="PRNdizziness"/>
    <display value="めまい時"/>
  </concept>
  <concept>
    <code value="PRNvertigo"/>
    <display value="めまい時"/>
  </concept>
  <concept>
    <code value="PRNitching"/>
    <display value="かゆいとき"/>
  </concept>
  <concept>
    <code value="PRNattack"/>
    <display value="発作時"/>
  </concept>
  <concept>
    <code value="PRNcostipation"/>
    <display value="便秘時"/>
  </concept>
  <concept>
    <code value="PRNdiarrhea"/>
    <display value="下痢時"/>
  </concept>
  <concept>
    <code value="PRNvommiting"/>
    <display value="嘔吐時"/>
  </concept>
  <concept>
    <code value="PRNcough"/>
    <display value="咳き込み時"/>
  </concept>
  <concept>
    <code value="PRNhungry"/>
    <display value="空腹時"/>
  </concept>
  <concept>
    <code value="PRNhigh BP"/>
    <display value="血圧上昇時"/>
  </concept>
  <concept>
    <code value="PRNauria"/>
    <display value="亡尿時"/>
  </concept>
  <concept>
    <code value="PRNpolyuria"/>
    <display value="多尿時"/>
  </concept>
</CodeSystem>