<?xml version="1.0" encoding="UTF-8"?>

<MedicationRequest xmlns="http://hl7.org/fhir">
  <id value="jp-medicationrequest-injection-example-1"/>
  <meta>
    <profile value="http://jpfhir.jp/fhir/core/StructureDefinition/JP_MedicationRequest_Injection"/>
  </meta>
  <text>
    <status value="extensions"/><div xmlns="http://www.w3.org/1999/xhtml"><p><b>Generated Narrative: MedicationRequest</b><a name="jp-medicationrequest-injection-example-1"> </a></p><div style="display: inline-block; background-color: #d9e0e7; padding: 6px; margin: 4px; border: 1px solid #8da1b4; border-radius: 5px; line-height: 60%"><p style="margin-bottom: 0px">Resource MedicationRequest "jp-medicationrequest-injection-example-1" </p><p style="margin-bottom: 0px">Profile: <a href="StructureDefinition-jp-medicationrequest-injection.html">JP Core MedicationRequest Injection Profile</a></p></div><p><b>identifier</b>: id: 1, id: 1234567890.1.1</p><p><b>status</b>: active</p><p><b>intent</b>: order</p><p><b>category</b>: Inpatient Order <span style="background: LightGoldenRodYellow; margin: 4px; border: 1px solid khaki"> (<a href="http://terminology.hl7.org/4.0.0/CodeSystem-v2-0482.html">orderType</a>#I)</span>, 入院処方 <span style="background: LightGoldenRodYellow; margin: 4px; border: 1px solid khaki"> (<a href="CodeSystem-jp-medication-category-merit9-cs.html">JP Core Medication MERIT9 Category CodeSystem</a>#IHP)</span>, 定時処方 <span style="background: LightGoldenRodYellow; margin: 4px; border: 1px solid khaki"> (<a href="CodeSystem-jp-medication-category-jhsi0001-cs.html">JP Core Medication JHSI0001 Category CodeSystem</a>#FTP)</span></p><p><b>medication</b>: <a name="jp-medicationrequest-injection-medication-example-1"> </a></p><blockquote><p></p><p><a name="jp-medicationrequest-injection-medication-example-1"> </a></p><p><b>status</b>: active</p><h3>Ingredients</h3><table class="grid"><tr><td>-</td><td><b>Extension</b></td><td><b>Item[x]</b></td><td><b>Strength</b></td></tr><tr><td>*</td><td></td><td>ホリゾン注射液１０ｍｇ <span style="background: LightGoldenRodYellow; margin: 4px; border: 1px solid khaki"> (unknown#100558502)</span></td><td>1 アンプル<span style="background: LightGoldenRodYellow"> (Details: urn:oid:1.2.392.100495.20.2.101 code AMP = 'AMP')</span>/1 回<span style="background: LightGoldenRodYellow"> (Details: urn:oid:1.2.392.100495.20.2.101 code TIME = 'TIME')</span></td></tr></table></blockquote><p><b>subject</b>: <a href="Patient-jp-patient-example-1.html">Patient/jp-patient-example-1</a> " 山田"</p><p><b>authoredOn</b>: 2016-07-01 09:28:17+0900</p><p><b>requester</b>: <a href="Practitioner-jp-practitioner-example-female-1.html">Practitioner/jp-practitioner-example-female-1</a> " 東京"</p><p><b>insurance</b>: <a href="Coverage-jp-coverage-example-1.html">Coverage/jp-coverage-example-1</a></p><blockquote><p><b>dosageInstruction</b></p><p><b>JP Core Medication Dosage Device Extension</b>: <a name="jp-medicationrequest-injection-device-example-1"> </a></p><blockquote><p></p><p><a name="jp-medicationrequest-injection-device-example-1"> </a></p><p><b>type</b>: シリンジ <span style="background: LightGoldenRodYellow; margin: 4px; border: 1px solid khaki"> (local-device-type#01)</span></p></blockquote><p><b>text</b>: 静脈注射 静脈内 左腕 １日おき</p><p><b>additionalInstruction</b>: １日おき <span style="background: LightGoldenRodYellow; margin: 4px; border: 1px solid khaki"> (unknown#I1100000)</span></p><p><b>timing</b>: Starting 2016-07-01 10:00:00+0900, Do Once</p><p><b>site</b>:  <span style="background: LightGoldenRodYellow; margin: 4px; border: 1px solid khaki"> ()</span></p><p><b>route</b>: 静脈内 <span style="background: LightGoldenRodYellow; margin: 4px; border: 1px solid khaki"> (<a href="CodeSystem-jp-medication-route-hl70162-cs.html">JP Core Medication HL70162-based Route CodeSystem</a>#IV)</span></p><p><b>method</b>: 静脈注射 <span style="background: LightGoldenRodYellow; margin: 4px; border: 1px solid khaki"> (unknown#30)</span></p></blockquote></div>
  </text>
  <contained>
    <Medication>
      <id value="jp-medicationrequest-injection-medication-example-1"/>
      <meta>
        <profile value="http://jpfhir.jp/fhir/core/StructureDefinition/JP_Medication"/>
      </meta>
      <status value="active"/>
      <ingredient>
        <extension url="http://jpfhir.jp/fhir/core/Extension/StructureDefinition/JP_Medication_Ingredient_DrugNo">
          <valueInteger value="1"/>
        </extension>
        <itemCodeableConcept>
          <coding>
            <system value="urn:oid:1.2.392.200119.4.403.1"/>
            <code value="100558502"/>
            <display value="ホリゾン注射液１０ｍｇ"/>
          </coding>
        </itemCodeableConcept>
        <strength>
          <extension url="http://jpfhir.jp/fhir/core/Extension/StructureDefinition/JP_Medication_IngredientStrength_StrengthType">
            <valueCodeableConcept>
              <coding>
                <system value="urn:oid:1.2.392.100495.20.2.22"/>
                <code value="1"/>
                <display value="製剤量"/>
              </coding>
            </valueCodeableConcept>
          </extension>
          <numerator>
            <value value="1"/>
            <unit value="アンプル"/>
            <system value="urn:oid:1.2.392.100495.20.2.101"/>
            <code value="AMP"/>
          </numerator>
          <denominator>
            <value value="1"/>
            <unit value="回"/>
            <system value="urn:oid:1.2.392.100495.20.2.101"/>
            <code value="TIME"/>
          </denominator>
        </strength>
      </ingredient>
    </Medication>
  </contained>
  <contained>
    <BodyStructure>
      <id value="jp-medicationrequest-injection-bodystructure-example-1"/>
      <location>
        <coding>
          <system value="http://terminology.hl7.org/CodeSystem/v2-0550"/>
          <code value="ARM"/>
          <display value="Arm"/>
        </coding>
      </location>
      <locationQualifier>
        <coding>
          <system value="http://terminology.hl7.org/CodeSystem/v2-0495"/>
          <code value="L"/>
          <display value="Left"/>
        </coding>
      </locationQualifier>
      <patient>
        <reference value="Patient/jp-patient-example-1"/>
      </patient>
    </BodyStructure>
  </contained>
  <contained>
    <Device>
      <id value="jp-medicationrequest-injection-device-example-1"/>
      <type>
        <coding>
          <system value="http://abc-hospital.local/fhir/devide/local-device-type"/>
          <code value="01"/>
          <display value="シリンジ"/>
        </coding>
      </type>
    </Device>
  </contained>
  <identifier>
    <system value="urn:oid:1.2.392.100495.20.3.81"/>
    <value value="1"/>
  </identifier>
  <identifier>
    <system value="http://jpfhir.jp/fhir/Common/IdSystem/resourceInstance-identifier"/>
    <value value="1234567890.1.1"/>
  </identifier>
  <status value="active"/>
  <intent value="order"/>
  <category>
    <coding>
      <system value="http://terminology.hl7.org/CodeSystem/v2-0482"/>
      <code value="I"/>
      <display value="Inpatient Order"/>
    </coding>
  </category>
  <category>
    <coding>
      <system value="http://jpfhir.jp/fhir/Common/CodeSystem/JP_MedicationCategoryMERIT9_CS"/>
      <code value="IHP"/>
      <display value="入院処方"/>
    </coding>
  </category>
  <category>
    <coding>
      <system value="http://jpfhir.jp/fhir/Common/CodeSystem/JHSI0001"/>
      <code value="FTP"/>
      <display value="定時処方"/>
    </coding>
  </category>
  <medicationReference>
    <reference value="#jp-medicationrequest-injection-medication-example-1"/>
  </medicationReference>
  <subject>
    <reference value="Patient/jp-patient-example-1"/>
  </subject>
  <authoredOn value="2016-07-01T09:28:17+09:00"/>
  <requester>
    <reference value="Practitioner/jp-practitioner-example-female-1"/>
  </requester>
  <insurance>
    <reference value="Coverage/jp-coverage-example-1"/>
  </insurance>
  <dosageInstruction>
    <extension url="http://jpfhir.jp/fhir/core/Extension/StructureDefinition/JP_MedicationDosage_Device">
      <valueReference>
        <reference value="#jp-medicationrequest-injection-device-example-1"/>
      </valueReference>
    </extension>
    <text value="静脈注射 静脈内 左腕 １日おき"/>
    <additionalInstruction>
      <coding>
        <system value="urn:oid:1.2.392.200250.2.2.20.22"/>
        <code value="I1100000"/>
        <display value="１日おき"/>
      </coding>
    </additionalInstruction>
    <timing>
      <repeat>
        <boundsPeriod>
          <start value="2016-07-01T10:00:00+09:00"/>
        </boundsPeriod>
      </repeat>
    </timing>
    <site>
      <extension url="http://hl7.org/fhir/StructureDefinition/bodySite">
        <valueReference>
          <reference value="#jp-medicationrequest-injection-bodystructure-example-1"/>
        </valueReference>
      </extension>
    </site>
    <route>
      <coding>
        <system value="http://jpfhir.jp/fhir/Common/CodeSystem/route-codes"/>
        <code value="IV"/>
        <display value="静脈内"/>
      </coding>
    </route>
    <method>
      <coding>
        <system value="urn:oid:1.2.392.200250.2.2.20.40"/>
        <code value="30"/>
        <display value="静脈注射"/>
      </coding>
    </method>
    <doseAndRate>
      <type>
        <coding>
          <system value="urn:oid:1.2.392.100495.20.2.22"/>
          <code value="1"/>
        </coding>
      </type>
      <doseQuantity>
        <value value="2"/>
        <unit value="mL"/>
        <system value="http://unitsofmeasure.org"/>
        <code value="ML"/>
      </doseQuantity>
    </doseAndRate>
  </dosageInstruction>
</MedicationRequest>