<?xml version="1.0" encoding="UTF-8"?>

<NamingSystem xmlns="http://hl7.org/fhir">
  <id value="jp-medicationbodysitejamiexternal-namingsystem"/>
  <text>
    <status value="generated"/><div xmlns="http://www.w3.org/1999/xhtml"><h3>Summary</h3><table class="grid"><tr><td>Defining URL</td><td>http://jpfhir.jp/fhir/core/NamingSystem/jp-medicationbodysitejamiexternal-namingsystem</td></tr><tr><td>Version</td><td>1.1.0a</td></tr><tr><td>Name</td><td>JP_MedicationBodySiteJAMIExternal_NamingSystem</td></tr><tr><td>Status</td><td>active</td></tr><tr><td>Definition</td><td><div><p>JP Core Medication BodySite JAMI External NamingSystem</p>
</div></td></tr><tr><td>Publisher</td><td>FHIR Japanese implementation research working group in Japan Association of Medical Informatics (JAMI)</td></tr></table><h3>Identifiers</h3><table class="grid"><tr><td><b>Type</b></td><td><b>Value</b></td><td><b>Preferred</b></td></tr><tr><td>OID</td><td>1.2.392.200250.2.2.20.32</td><td/></tr><tr><td>URI</td><td>urn:oid:1.2.392.200250.2.2.20.32</td><td/></tr><tr><td>URI</td><td>http://jpfhir.jp/fhir/core/CodeSystem/JP_MedicationBodySiteJAMIExternal_CS</td><td>true</td></tr></table></div>
  </text>
  <name value="JP_MedicationBodySiteJAMIExternal_NamingSystem"/>
  <status value="active"/>
  <kind value="codesystem"/>
  <date value="2022-09-26"/>
  <publisher value="FHIR Japanese implementation research working group in Japan Association of Medical Informatics (JAMI)"/>
  <contact>
    <name value="FHIR Japanese implementation research working group in Japan Association of Medical Informatics (JAMI)"/>
    <telecom>
      <system value="url"/>
      <value value="http://jpfhir.jp"/>
    </telecom>
    <telecom>
      <system value="email"/>
      <value value="office@hlfhir.jp"/>
    </telecom>
  </contact>
  <description value="JP Core Medication BodySite JAMI External NamingSystem"/>
  <jurisdiction>
    <coding>
      <system value="urn:iso:std:iso:3166"/>
      <code value="JP"/>
    </coding>
  </jurisdiction>
  <uniqueId>
    <type value="oid"/>
    <value value="1.2.392.200250.2.2.20.32"/>
  </uniqueId>
  <uniqueId>
    <type value="uri"/>
    <value value="urn:oid:1.2.392.200250.2.2.20.32"/>
  </uniqueId>
  <uniqueId>
    <type value="uri"/>
    <value value="http://jpfhir.jp/fhir/core/CodeSystem/JP_MedicationBodySiteJAMIExternal_CS"/>
    <preferred value="true"/>
  </uniqueId>
</NamingSystem>