<?xml version="1.0" encoding="UTF-8"?>

<ValueSet xmlns="http://hl7.org/fhir">
  <id value="jp-medication-method-jami-basic-usage-vs"/>
  <text>
    <status value="generated"/><div xmlns="http://www.w3.org/1999/xhtml"><ul><li>Include all codes defined in <a href="CodeSystem-jp-medication-method-jami-basic-usage-cs.html"><code>urn:oid:1.2.392.200250.2.2.20.30</code></a></li></ul></div>
  </text>
  <url value="http://jpfhir.jp/fhir/Common/ValueSet/JP_MedicationMethodJAMIBasicUsage_VS"/>
  <version value="1.1.0a"/>
  <name value="JP_MedicationMethodJAMIBasicUsage_VS"/>
  <title value="JP Core Medication JAMI Basic Usage Type Code"/>
  <status value="draft"/>
  <date value="2022-08-09T15:26:10+00:00"/>
  <publisher value="FHIR Japanese implementation research working group in Japan Association of Medical Informatics (JAMI)"/>
  <contact>
    <name value="FHIR Japanese implementation research working group in Japan Association of Medical Informatics (JAMI)"/>
    <telecom>
      <system value="url"/>
      <value value="http://jpfhir.jp"/>
    </telecom>
    <telecom>
      <system value="email"/>
      <value value="office@hlfhir.jp"/>
    </telecom>
  </contact>
  <description value="JAMI標準用法規格表１基本用法区分の値セット"/>
  <jurisdiction>
    <coding>
      <system value="urn:iso:std:iso:3166"/>
      <code value="JP"/>
    </coding>
  </jurisdiction>
  <copyright value="FHIR Japanese implementation research working group in Japan Association of Medical Informatics (JAMI)"/>
  <compose>
    <include>
      <system value="urn:oid:1.2.392.200250.2.2.20.30"/>
    </include>
  </compose>
</ValueSet>