<?xml version="1.0" encoding="UTF-8"?>

<ValueSet xmlns="http://hl7.org/fhir">
  <id value="jp-condition-disease-outcome-hl70241-vs"/>
  <text>
    <status value="generated"/><div xmlns="http://www.w3.org/1999/xhtml"><p class="res-header-id"><b>Generated Narrative: ValueSet jp-condition-disease-outcome-hl70241-vs</b></p><a name="jp-condition-disease-outcome-hl70241-vs"> </a><a name="hcjp-condition-disease-outcome-hl70241-vs"> </a><a name="jp-condition-disease-outcome-hl70241-vs-ja"> </a><ul><li>Include all codes defined in <a href="CodeSystem-jp-condition-disease-outcome-hl70241-cs.html"><code>http://jpfhir.jp/fhir/core/CodeSystem/HL70241</code></a></li></ul></div>
  </text>
  <url value="http://jpfhir.jp/fhir/core/ValueSet/JP_ConditionDiseaseOutcomeHL70241_VS"/>
  <version value="1.2.0-dev"/>
  <name value="JP_ConditionDiseaseOutcomeHL70241_VS"/>
  <title value="JP Core Condition Disease Outcome HL70241 ValueSet"/>
  <status value="active"/>
  <experimental value="false"/>
  <date value="2023-08-05"/>
  <publisher value="FHIR Japanese implementation research working group in Japan Association of Medical Informatics (JAMI)"/>
  <contact>
    <name value="FHIR Japanese implementation research working group in Japan Association of Medical Informatics (JAMI)"/>
    <telecom>
      <system value="url"/>
      <value value="http://jpfhir.jp"/>
    </telecom>
    <telecom>
      <system value="email"/>
      <value value="office@hlfhir.jp"/>
    </telecom>
  </contact>
  <description value="HL7表0241の病名転帰区分を示す値セット"/>
  <jurisdiction>
    <coding>
      <system value="urn:iso:std:iso:3166"/>
      <code value="JP"/>
      <display value="Japan"/>
    </coding>
  </jurisdiction>
  <copyright value="copyright HL7 Japan (出典：HL7-0241)"/>
  <compose>
    <include>
      <system value="http://jpfhir.jp/fhir/core/CodeSystem/HL70241"/>
    </include>
  </compose>
</ValueSet>