<?xml version="1.0" encoding="UTF-8"?>

<ValueSet xmlns="http://hl7.org/fhir">
  <id value="jp-diagnosticreportradiologycode-vs"/>
  <text>
    <status value="generated"/><div xmlns="http://www.w3.org/1999/xhtml"><ul><li>Include these codes as defined in <a href="http://loinc.org"><code>http://loinc.org</code></a><table class="none"><tr><td style="white-space:nowrap"><b>Code</b></td><td><b>Display</b></td></tr><tr><td><a href="http://details.loinc.org/LOINC/18748-4.html">18748-4</a></td><td>Diagnostic imaging study</td></tr></table></li></ul></div>
  </text>
  <url value="http://jpfhir.jp/fhir/Common/ValueSet/JP_DiagnosticReportRadiologyCode_VS"/>
  <version value="1.1.0a"/>
  <name value="JP_DiagnosticReportRadiologyCode_VS"/>
  <title value="JP Core DiagnosticReport Radiology Code ValueSet"/>
  <status value="draft"/>
  <date value="2022-09-02T11:26:25+00:00"/>
  <publisher value="FHIR Japanese implementation research working group in Japan Association of Medical Informatics (JAMI)"/>
  <contact>
    <name value="FHIR Japanese implementation research working group in Japan Association of Medical Informatics (JAMI)"/>
    <telecom>
      <system value="url"/>
      <value value="http://jpfhir.jp"/>
    </telecom>
    <telecom>
      <system value="email"/>
      <value value="office@hlfhir.jp"/>
    </telecom>
  </contact>
  <description value="放射線診断レポートコードに対する値セット"/>
  <jurisdiction>
    <coding>
      <system value="urn:iso:std:iso:3166"/>
      <code value="JP"/>
    </coding>
  </jurisdiction>
  <copyright value="FHIR Japanese implementation research working group in Japan Association of Medical Informatics (JAMI)"/>
  <compose>
    <include>
      <system value="http://loinc.org"/>
      <concept>
        <code value="18748-4"/>
        <display value="Diagnostic imaging study"/>
      </concept>
    </include>
  </compose>
</ValueSet>