<?xml version="1.0" encoding="UTF-8"?>

<ValueSet xmlns="http://hl7.org/fhir">
  <id value="jp-medication-category-vs"/>
  <text>
    <status value="generated"/><div xmlns="http://www.w3.org/1999/xhtml"><p>This value set includes codes based on the following rules:</p><ul><li>Include all codes defined in <code>http://jpfhir.jp/fhir/core/CodeSystem/JP_MedicationCategoryMERIT9_CS</code></li><li>Include all codes defined in <code>http://jpfhir.jp/fhir/core/CodeSystem/JHSP0007</code></li><li>Include all codes defined in <a href="http://terminology.hl7.org/5.0.0/CodeSystem-v2-0482.html"><code>http://terminology.hl7.org/CodeSystem/v2-0482</code></a></li></ul></div>
  </text>
  <url value="http://jpfhir.jp/fhir/core/ValueSet/JP_MedicationCategory_VS"/>
  <version value="1.1.2"/>
  <name value="JP_MedicationCategory_VS"/>
  <title value="JP Core Medication Oral/External Category ValueSet"/>
  <status value="active"/>
  <experimental value="false"/>
  <date value="2023-06-26"/>
  <publisher value="FHIR Japanese implementation research working group in Japan Association of Medical Informatics (JAMI)"/>
  <contact>
    <name value="FHIR Japanese implementation research working group in Japan Association of Medical Informatics (JAMI)"/>
    <telecom>
      <system value="url"/>
      <value value="http://jpfhir.jp"/>
    </telecom>
    <telecom>
      <system value="email"/>
      <value value="office@hlfhir.jp"/>
    </telecom>
  </contact>
  <description value="内服・外用の処方区分コードの値セット"/>
  <jurisdiction>
    <coding>
      <system value="urn:iso:std:iso:3166"/>
      <code value="JP"/>
    </coding>
  </jurisdiction>
  <copyright value="Copyright Japanese  Association of Healthcare Information Systems Industry(JAHIS)  一般社団法人保健医療福祉情報システム工業会 &amp; Japan Association of Medical Informatics (JAMI)  一般社団法人日本医療情報学会 &amp; HL7"/>
  <compose>
    <include>
      <system value="http://jpfhir.jp/fhir/core/CodeSystem/JP_MedicationCategoryMERIT9_CS"/>
    </include>
    <include>
      <system value="http://jpfhir.jp/fhir/core/CodeSystem/JHSP0007"/>
    </include>
    <include>
      <system value="http://terminology.hl7.org/CodeSystem/v2-0482"/>
    </include>
  </compose>
</ValueSet>