<?xml version="1.0" encoding="UTF-8"?>

<ValueSet xmlns="http://hl7.org/fhir">
  <id value="jp-department-ssmix-vs"/>
  <text>
    <status value="generated"/><div xmlns="http://www.w3.org/1999/xhtml"><p>This value set includes codes based on the following rules:</p><ul><li>Import all the codes that are contained in <a href="ValueSet-jp-department-ssmix2digits-vs.html">http://jpfhir.jp/fhir/Common/ValueSet/JP_Department_SsMix2Digits_VS</a></li><li>Import all the codes that are contained in <a href="ValueSet-jp-department-ssmix3digits-vs.html">http://jpfhir.jp/fhir/Common/ValueSet/JP_Department_SsMix3Digits_VS</a></li></ul></div>
  </text>
  <url value="http://jpfhir.jp/fhir/Common/ValueSet/JP_Department_SsMix_VS"/>
  <version value="1.1.0a"/>
  <name value="JP_Department_SsMix_VS"/>
  <title value="JP Core Department SS-MIX ValueSet"/>
  <status value="draft"/>
  <date value="2022-09-15T06:46:51+00:00"/>
  <publisher value="FHIR Japanese implementation research working group in Japan Association of Medical Informatics (JAMI)"/>
  <contact>
    <name value="FHIR Japanese implementation research working group in Japan Association of Medical Informatics (JAMI)"/>
    <telecom>
      <system value="url"/>
      <value value="http://jpfhir.jp"/>
    </telecom>
    <telecom>
      <system value="email"/>
      <value value="office@hlfhir.jp"/>
    </telecom>
  </contact>
  <description value="SS-MIX統一診療科コードの値セット"/>
  <jurisdiction>
    <coding>
      <system value="urn:iso:std:iso:3166"/>
      <code value="JP"/>
    </coding>
  </jurisdiction>
  <copyright value="FHIR Japanese implementation research working group in Japan Association of Medical Informatics (JAMI)"/>
  <compose>
    <include>
      <valueSet value="http://jpfhir.jp/fhir/Common/ValueSet/JP_Department_SsMix2Digits_VS"/>
    </include>
    <include>
      <valueSet value="http://jpfhir.jp/fhir/Common/ValueSet/JP_Department_SsMix3Digits_VS"/>
    </include>
  </compose>
</ValueSet>