<?xml version="1.0" encoding="UTF-8"?>

<ValueSet xmlns="http://hl7.org/fhir">
  <id value="jp-medication-instruction-for-dispense-jhsp0002-vs"/>
  <text>
    <status value="generated"/><div xmlns="http://www.w3.org/1999/xhtml"><ul><li>Include all codes defined in <a href="CodeSystem-jp-medication-instruction-for-dispense-jhsp0002-cs.html"><code>http://jpfhir.jp/fhir/Common/CodeSystem/JHSP0002</code></a></li></ul></div>
  </text>
  <url value="http://jpfhir.jp/fhir/Examples/ValueSet/JP_MedicationInstructionForDispenseJHSP0002_VS"/>
  <version value="1.1.0a"/>
  <name value="JP_MedicationInstructionForDispenseJHSP0002_VS"/>
  <title value="JP Core Medication JHSP0002 Instruction For Dispense ValueSet"/>
  <status value="draft"/>
  <date value="2022-09-09T22:38:47+00:00"/>
  <publisher value="FHIR Japanese implementation research working group in Japan Association of Medical Informatics (JAMI)"/>
  <contact>
    <name value="FHIR Japanese implementation research working group in Japan Association of Medical Informatics (JAMI)"/>
    <telecom>
      <system value="url"/>
      <value value="http://jpfhir.jp"/>
    </telecom>
    <telecom>
      <system value="email"/>
      <value value="office@hlfhir.jp"/>
    </telecom>
  </contact>
  <description value="JAHIS処方データ交換規約Ver.3.0C JHSP表0002調剤特別指示の値セット"/>
  <jurisdiction>
    <coding>
      <system value="urn:iso:std:iso:3166"/>
      <code value="JP"/>
    </coding>
  </jurisdiction>
  <copyright value="FHIR Japanese implementation research working group in Japan Association of Medical Informatics (JAMI)"/>
  <compose>
    <include>
      <system value="http://jpfhir.jp/fhir/Common/CodeSystem/JHSP0002"/>
    </include>
  </compose>
</ValueSet>