{"resourceType":"ValueSet","id":"jp-allergyintolerance-codes-vs","text":{"status":"generated","div":"<div xmlns=\"http://www.w3.org/1999/xhtml\"><p>This value set includes codes based on the following rules:</p><ul><li>Include all codes defined in <a href=\"CodeSystem-jp-jfagy-food-allergen-codes-cs.html\"><code>http://jpfhir.jp/fhir/Common/CodeSystem/JP_JfagyFoodAllergenCodes_CS</code></a></li><li>Include all codes defined in <a href=\"CodeSystem-jp-jfagy-non-food-non-medication-allergen-codes-cs.html\"><code>http://jpfhir.jp/fhir/Common/CodeSystem/JP_JfagyNonFoodNonMedicationAllergenCodes_CS</code></a></li><li>Include all codes defined in <a href=\"CodeSystem-jp-jfagy-medication-allergen-codes-cs.html\"><code>http://jpfhir.jp/fhir/Common/CodeSystem/JP_JfagyMedicationAllergenCodes_CS</code></a></li></ul></div>"},"url":"http://jpfhir.jp/fhir/Common/ValueSet/JP_AllergyIntoleranceCodes_VS","version":"1.1.0a","name":"JP_AllergyIntoleranceCodes_VS","title":"JP Core AllergyIntolerance Codes","status":"draft","date":"2022-08-05T03:34:35+00:00","publisher":"FHIR Japanese implementation research working group in Japan Association of Medical Informatics (JAMI)","contact":[{"name":"FHIR Japanese implementation research working group in Japan Association of Medical Informatics (JAMI)","telecom":[{"system":"url","value":"http://jpfhir.jp"},{"system":"email","value":"office@hlfhir.jp"}]}],"description":"アレルギー・不耐症に関連するアレルゲンコード","jurisdiction":[{"coding":[{"system":"urn:iso:std:iso:3166","code":"JP"}]}],"copyright":"FHIR Japanese implementation research working group in Japan Association of Medical Informatics (JAMI)","compose":{"include":[{"system":"http://jpfhir.jp/fhir/Common/CodeSystem/JP_JfagyFoodAllergenCodes_CS"},{"system":"http://jpfhir.jp/fhir/Common/CodeSystem/JP_JfagyNonFoodNonMedicationAllergenCodes_CS"},{"system":"http://jpfhir.jp/fhir/Common/CodeSystem/JP_JfagyMedicationAllergenCodes_CS"}]}}