<?xml version="1.0" encoding="UTF-8"?>

<ValueSet xmlns="http://hl7.org/fhir">
  <id value="jp-documentcodes-endoscopy-vs"/>
  <text>
    <status value="generated"/><div xmlns="http://www.w3.org/1999/xhtml"><p class="res-header-id"><b>Generated Narrative: ValueSet jp-documentcodes-endoscopy-vs</b></p><a name="jp-documentcodes-endoscopy-vs"> </a><a name="hcjp-documentcodes-endoscopy-vs"> </a><a name="jp-documentcodes-endoscopy-vs-ja"> </a><ul><li>Include these codes as defined in <a href="CodeSystem-jp-documentcodes-cs.html"><code>http://jpfhir.jp/fhir/core/CodeSystem/JP_DocumentCodes_CS</code></a><table class="none"><tr><td style="white-space:nowrap"><b>Code</b></td><td><b>Display</b></td></tr><tr><td><a href="CodeSystem-jp-documentcodes-cs.html#jp-documentcodes-cs-18751-8">18751-8</a></td><td>上部消化管内視鏡報告書</td></tr><tr><td><a href="CodeSystem-jp-documentcodes-cs.html#jp-documentcodes-cs-18746-8">18746-8</a></td><td>下部消化管内視鏡報告書</td></tr><tr><td><a href="CodeSystem-jp-documentcodes-cs.html#jp-documentcodes-cs-28018-0">28018-0</a></td><td>小腸内視鏡報告書</td></tr><tr><td><a href="CodeSystem-jp-documentcodes-cs.html#jp-documentcodes-cs-28016-4">28016-4</a></td><td>ERCP 報告書</td></tr><tr><td><a href="CodeSystem-jp-documentcodes-cs.html#jp-documentcodes-cs-18744-3">18744-3</a></td><td>気管支鏡検査報告書</td></tr><tr><td><a href="CodeSystem-jp-documentcodes-cs.html#jp-documentcodes-cs-19805-1">19805-1</a></td><td>内視鏡検査報告書</td></tr></table></li></ul></div>
  </text>
  <url value="http://jpfhir.jp/fhir/core/ValueSet/JP_DocumentCodes_Endoscopy_VS"/>
  <version value="1.2.0-dev"/>
  <name value="JP_DocumentCodes_Endoscopy_VS"/>
  <title value="JP Core Document Codes Endoscopy ValueSet"/>
  <status value="active"/>
  <experimental value="false"/>
  <date value="2023-10-31"/>
  <publisher value="FHIR Japanese implementation research working group in Japan Association of Medical Informatics (JAMI)"/>
  <contact>
    <name value="FHIR Japanese implementation research working group in Japan Association of Medical Informatics (JAMI)"/>
    <telecom>
      <system value="url"/>
      <value value="http://jpfhir.jp"/>
    </telecom>
    <telecom>
      <system value="email"/>
      <value value="office@hlfhir.jp"/>
    </telecom>
  </contact>
  <description value="Document Codes Endoscopy 値セット"/>
  <jurisdiction>
    <coding>
      <system value="urn:iso:std:iso:3166"/>
      <code value="JP"/>
      <display value="Japan"/>
    </coding>
  </jurisdiction>
  <copyright value="Copyright JED-Project 一般社団法人 日本消化器内視鏡学会"/>
  <compose>
    <include>
      <system value="http://jpfhir.jp/fhir/core/CodeSystem/JP_DocumentCodes_CS"/>
      <concept>
        <code value="18751-8"/>
        <display value="上部消化管内視鏡報告書"/>
      </concept>
      <concept>
        <code value="18746-8"/>
        <display value="下部消化管内視鏡報告書"/>
      </concept>
      <concept>
        <code value="28018-0"/>
        <display value="小腸内視鏡報告書"/>
      </concept>
      <concept>
        <code value="28016-4"/>
        <display value="ERCP 報告書"/>
      </concept>
      <concept>
        <code value="18744-3"/>
        <display value="気管支鏡検査報告書"/>
      </concept>
      <concept>
        <code value="19805-1"/>
        <display value="内視鏡検査報告書"/>
      </concept>
    </include>
  </compose>
</ValueSet>