<?xml version="1.0" encoding="UTF-8"?><CapabilityStatement xmlns="http://hl7.org/fhir"><id value="jp-client-capabilitystatement"/><text><status value="extensions"/><div xmlns="http://www.w3.org/1999/xhtml"><h2 id="title">JP Core Client CapabilityStatement</h2><ul><li>Implementation Guide Version: 1.1.2 </li><li>FHIR Version: 4.0.1 </li><li>Supported Formats: <code>json</code>, <code>xml</code></li><li>Supported Patch Formats: </li><li>Published on: 2023-10-31 </li><li>Published by: FHIR Japanese implementation research working group in Japan Association of Medical Informatics (JAMI) </li></ul><blockquote class="impl-note"><p><strong>Note to Implementers: FHIR Capabilities</strong></p><p>Any FHIR capability may be 'allowed' by the system unless explicitly marked as 'SHALL NOT'. A few items are marked as MAY in the Implementation Guide to highlight their potential relevance to the use case.</p></blockquote><p>This CapabilityStatement instantiates the CapabilityStatement<a href="CapabilityStatement-jp-client-capabilitystatement.html">JP Core Client CapabilityStatement</a></p><h2 id="rest">FHIR RESTful Capabilities</h2><div class="panel panel-default"><div class="panel-heading"><h3 id="mode1" class="panel-title">Mode: <code>client</code></h3></div><div class="panel-body"><div class="lead"><em>Summary of System-wide Interactions</em></div><ul><li>Supports the <code>transaction</code>interaction.</li><li>Supports the <code>batch</code>interaction.</li><li>Supports the <code>search-system</code>interaction.</li><li>Supports the <code>history-system</code>interaction.</li></ul></div></div><h3 id="resourcesCap1">Capabilities by Resource/Profile</h3><h4 id="resourcesSummary1">Summary</h4><p>The summary table lists the resources that are part of this configuration, and for each resource it lists:</p><ul><li>The relevant profiles (if any)</li><li>The interactions supported by each resource (<b><span class="bg-info">R</span></b>ead, <b><span class="bg-info">S</span></b>earch, <b><span class="bg-info">U</span></b>pdate, and <b><span class="bg-info">C</span></b>reate, are always shown, while <b><span class="bg-info">VR</span></b>ead, <b><span class="bg-info">P</span></b>atch, <b><span class="bg-info">D</span></b>elete, <b><span class="bg-info">H</span></b>istory on <b><span class="bg-info">I</span></b>nstance, or <b><span class="bg-info">H</span></b>istory on <b><span class="bg-info">T</span></b>ype are only present if at least one of the resources has support for them.</li><li><span>The required, recommended, and some optional search parameters (if any). </span></li><li>The linked resources enabled for <code>_include</code></li><li>The other resources enabled for <code>_revinclude</code></li><li>The operations on the resource (if any)</li></ul><div class="table-responsive"><table class="table table-condensed table-hover"><thead><tr><th><b>Resource Type</b></th><th><b>Profile</b></th><th class="text-center"><b title="GET a resource (read interaction)">R</b></th><th class="text-center"><b title="GET past versions of resources (vread interaction)">V-R</b></th><th class="text-center"><b title="GET all set of resources of the type (search interaction)">S</b></th><th class="text-center"><b title="PUT a new resource version (update interaction)">U</b></th><th class="text-center"><b title="PATCH a new resource version (patch interaction)">P</b></th><th class="text-center"><b title="POST a new resource (create interaction)">C</b></th><th class="text-center"><b title="DELETE a resource (delete interaction)">D</b></th><th class="text-center"><b title="GET changes to a resource (history interaction on instance)">H-I</b></th><th class="text-center"><b title="GET changes for all resources of the type (history interaction on type)">H-T</b></th><th><b title="Required and recommended search parameters">Searches</b></th><th><code><b>_include</b></code></th><th><code><b>_revinclude</b></code></th><th><b>Operations</b></th></tr></thead><tbody><tr><td><a href="#Patient1-1">Patient</a></td><td>Supported Profiles<br/>  <a href="StructureDefinition-jp-patient.html">JP Core Patient Profile</a></td><td>y</td><td class="text-center">y</td><td class="text-center">y</td><td class="text-center">y</td><td class="text-center">y</td><td class="text-center">y</td><td class="text-center">y</td><td class="text-center">y</td><td class="text-center">y</td><td>identifier, name, family, given, birthdate, gender, phone, address-postalcode</td><td/><td><code>Provenance:target</code></td><td/></tr><tr><td><a href="#Coverage1-2">Coverage</a></td><td>Supported Profiles<br/>  <a href="StructureDefinition-jp-coverage.html">JP Core Coverage Profile</a></td><td>y</td><td class="text-center">y</td><td class="text-center">y</td><td class="text-center">y</td><td class="text-center">y</td><td class="text-center">y</td><td class="text-center">y</td><td class="text-center">y</td><td class="text-center">y</td><td>beneficiary, class-type, class-value, dependent, identifier, patient, payor, policy-holder, status, subscriber, type</td><td/><td><code>Provenance:target</code></td><td/></tr><tr><td><a href="#Encounter1-3">Encounter</a></td><td>Supported Profiles<br/>  <a href="StructureDefinition-jp-encounter.html">JP Core Encounter Profile</a></td><td>y</td><td class="text-center">y</td><td class="text-center">y</td><td class="text-center">y</td><td class="text-center">y</td><td class="text-center">y</td><td class="text-center">y</td><td class="text-center">y</td><td class="text-center">y</td><td>patient, identifier, class, date, status, type</td><td/><td><code>Provenance:target</code></td><td/></tr><tr><td><a href="#Location1-4">Location</a></td><td>Supported Profiles<br/>  <a href="StructureDefinition-jp-location.html">JP Core Location Profile</a></td><td>y</td><td class="text-center">y</td><td class="text-center">y</td><td class="text-center">y</td><td class="text-center">y</td><td class="text-center">y</td><td class="text-center">y</td><td class="text-center">y</td><td class="text-center">y</td><td>identifier, name, address, address-city, address-state, address-postalcode</td><td/><td><code>Provenance:target</code></td><td/></tr><tr><td><a href="#Organization1-5">Organization</a></td><td>Supported Profiles<br/>  <a href="StructureDefinition-jp-organization.html">JP Core Organization Profile</a></td><td>y</td><td class="text-center">y</td><td class="text-center">y</td><td class="text-center">y</td><td class="text-center">y</td><td class="text-center">y</td><td class="text-center">y</td><td class="text-center">y</td><td class="text-center">y</td><td>identifier, name, address</td><td/><td><code>Provenance:target</code></td><td/></tr><tr><td><a href="#Practitioner1-6">Practitioner</a></td><td>Supported Profiles<br/>  <a href="StructureDefinition-jp-practitioner.html">JP Core Practitioner Profile</a></td><td>y</td><td class="text-center">y</td><td class="text-center">y</td><td class="text-center">y</td><td class="text-center">y</td><td class="text-center">y</td><td class="text-center">y</td><td class="text-center">y</td><td class="text-center">y</td><td>identifier, name</td><td/><td><code>Provenance:target</code></td><td/></tr><tr><td><a href="#PractitionerRole1-7">PractitionerRole</a></td><td>Supported Profiles<br/>  <a href="StructureDefinition-jp-practitionerrole.html">JP Core PractitionerRole Profile</a></td><td>y</td><td class="text-center">y</td><td class="text-center">y</td><td class="text-center">y</td><td class="text-center">y</td><td class="text-center">y</td><td class="text-center">y</td><td class="text-center">y</td><td class="text-center">y</td><td>identifier, specialty, practitioner</td><td/><td><code>Provenance:target</code></td><td/></tr><tr><td><a href="#Medication1-8">Medication</a></td><td>Supported Profiles<br/>  <a href="StructureDefinition-jp-medication.html">JP Core Medication Profile</a></td><td>y</td><td class="text-center">y</td><td class="text-center">y</td><td class="text-center">y</td><td class="text-center">y</td><td class="text-center">y</td><td class="text-center">y</td><td class="text-center">y</td><td class="text-center">y</td><td>identifier</td><td/><td><code>Provenance:target</code></td><td/></tr><tr><td><a href="#MedicationRequest1-9">MedicationRequest</a></td><td>Supported Profiles<br/>  <a href="StructureDefinition-jp-medicationrequest.html">JP Core MedicationRequest Profile</a><br/>  <a href="StructureDefinition-jp-medicationrequest-injection.html">JP Core MedicationRequest Injection Profile</a></td><td>y</td><td class="text-center">y</td><td class="text-center">y</td><td class="text-center">y</td><td class="text-center">y</td><td class="text-center">y</td><td class="text-center">y</td><td class="text-center">y</td><td class="text-center">y</td><td>identifier, patient, authoredon, date, category, code, requester, jp-medication-start</td><td/><td><code>Provenance:target</code></td><td/></tr><tr><td><a href="#MedicationDispense1-10">MedicationDispense</a></td><td>Supported Profiles<br/>  <a href="StructureDefinition-jp-medicationdispense.html">JP Core MedicationDispense Profile</a><br/>  <a href="StructureDefinition-jp-medicationdispense-injection.html">JP Core MedicationDispense Injection Profile</a></td><td>y</td><td class="text-center">y</td><td class="text-center">y</td><td class="text-center">y</td><td class="text-center">y</td><td class="text-center">y</td><td class="text-center">y</td><td class="text-center">y</td><td class="text-center">y</td><td>identifier, patient, whenhandedover, whenprepared, code, performer, context</td><td/><td><code>Provenance:target</code></td><td/></tr><tr><td><a href="#MedicationAdministration1-11">MedicationAdministration</a></td><td>Supported Profiles<br/>  <a href="StructureDefinition-jp-medicationadministration.html">JP Core MedicationAdministration Profile</a><br/>  <a href="StructureDefinition-jp-medicationadministration-injection.html">JP Core MedicationAdministration Injection Profile</a></td><td>y</td><td class="text-center">y</td><td class="text-center">y</td><td class="text-center">y</td><td class="text-center">y</td><td class="text-center">y</td><td class="text-center">y</td><td class="text-center">y</td><td class="text-center">y</td><td>identifier, patient, effective-time, code, performer, request</td><td/><td><code>Provenance:target</code></td><td/></tr><tr><td><a href="#Immunization1-12">Immunization</a></td><td>Supported Profiles<br/>  <a href="StructureDefinition-jp-immunization.html">JP Core Immunization Profile</a></td><td>y</td><td class="text-center">y</td><td class="text-center">y</td><td class="text-center">y</td><td class="text-center">y</td><td class="text-center">y</td><td class="text-center">y</td><td class="text-center">y</td><td class="text-center">y</td><td>identifier, patient, date</td><td/><td><code>Provenance:target</code></td><td/></tr><tr><td><a href="#Observation1-13">Observation</a></td><td>Supported Profiles<br/>  <a href="StructureDefinition-jp-observation-common.html">JP Core Observation Common Profile</a><br/>  <a href="StructureDefinition-jp-observation-labresult.html">JP Core Observation LabResult Profile</a><br/>  <a href="StructureDefinition-jp-observation-microbiology.html">JP Core Observation Microbiology Profile</a><br/>  <a href="StructureDefinition-jp-observation-vitalsigns.html">JP Core Observation VitalSigns Profile</a><br/>  <a href="StructureDefinition-jp-observation-bodymeasurement.html">JP Core Observation BodyMeasurement Profile</a><br/>  <a href="StructureDefinition-jp-observation-physicalexam.html">JP Core Observation PhysicalExam Profile</a><br/>  <a href="StructureDefinition-jp-observation-socialhistory.html">JP Core Observation SocialHistory Profile</a></td><td>y</td><td class="text-center">y</td><td class="text-center">y</td><td class="text-center">y</td><td class="text-center">y</td><td class="text-center">y</td><td class="text-center">y</td><td class="text-center">y</td><td class="text-center">y</td><td>identifier, patient, category, code, date, encounter, value-quantity, value-concept, value-string, based-on</td><td/><td><code>Provenance:target</code></td><td/></tr><tr><td><a href="#ImagingStudy1-14">ImagingStudy</a></td><td>Supported Profiles<br/>  <a href="StructureDefinition-jp-imagingstudy-radiology.html">JP Core ImagingStudy Radiology Profile</a><br/>  <a href="StructureDefinition-jp-imagingstudy-endoscopy.html">JP Core ImagingStudy Endoscopy Profile</a></td><td>y</td><td class="text-center">y</td><td class="text-center">y</td><td class="text-center">y</td><td class="text-center">y</td><td class="text-center">y</td><td class="text-center">y</td><td class="text-center">y</td><td class="text-center">y</td><td>identifier, patient, modality, bodysite, started, encounter</td><td/><td><code>Provenance:target</code></td><td/></tr><tr><td><a href="#DiagnosticReport1-15">DiagnosticReport</a></td><td>Supported Profiles<br/>  <a href="StructureDefinition-jp-diagnosticreport-common.html">JP Core DiagnosticReport Common Profile</a><br/>  <a href="StructureDefinition-jp-diagnosticreport-labresult.html">JP Core DiagnosticReport LabResult Profile</a><br/>  <a href="StructureDefinition-jp-diagnosticreport-microbiology.html">JP Core DiagnosticReport Microbiology Profile</a><br/>  <a href="StructureDefinition-jp-diagnosticreport-radiology.html">JP Core DiagnosticReport Radiology Profile</a><br/>  <a href="StructureDefinition-jp-diagnosticreport-endoscopy.html">JP Core DiagnosticReport Endoscopy Profile</a></td><td>y</td><td class="text-center">y</td><td class="text-center">y</td><td class="text-center">y</td><td class="text-center">y</td><td class="text-center">y</td><td class="text-center">y</td><td class="text-center">y</td><td class="text-center">y</td><td>based-on, category, code, conclusion, date, encounter, identifier, issued, media, patient, performer, result, results-interpreter, specimen, status</td><td/><td><code>Provenance:target</code></td><td/></tr><tr><td><a href="#AllergyIntolerance1-16">AllergyIntolerance</a></td><td>Supported Profiles<br/>  <a href="StructureDefinition-jp-allergyintolerance.html">JP Core AllergyIntolerance Profile</a></td><td>y</td><td class="text-center">y</td><td class="text-center">y</td><td class="text-center">y</td><td class="text-center">y</td><td class="text-center">y</td><td class="text-center">y</td><td class="text-center">y</td><td class="text-center">y</td><td>identifier, patient, clinical-status, date, category, verification-status, criticality, type</td><td/><td><code>Provenance:target</code></td><td/></tr><tr><td><a href="#Condition1-17">Condition</a></td><td>Supported Profiles<br/>  <a href="StructureDefinition-jp-condition.html">JP Core Condition Profile</a></td><td>y</td><td class="text-center">y</td><td class="text-center">y</td><td class="text-center">y</td><td class="text-center">y</td><td class="text-center">y</td><td class="text-center">y</td><td class="text-center">y</td><td class="text-center">y</td><td>identifier, patient, clinical-status, onset-date, category, verification-status</td><td/><td><code>Provenance:target</code></td><td/></tr><tr><td><a href="#Procedure1-18">Procedure</a></td><td>Supported Profiles<br/>  <a href="StructureDefinition-jp-procedure.html">JP Core Procedure Profile</a></td><td>y</td><td class="text-center">y</td><td class="text-center">y</td><td class="text-center">y</td><td class="text-center">y</td><td class="text-center">y</td><td class="text-center">y</td><td class="text-center">y</td><td class="text-center">y</td><td>identifier, patient, date</td><td/><td><code>Provenance:target</code></td><td/></tr><tr><td><a href="#FamilyMemberHistory1-19">FamilyMemberHistory</a></td><td>Supported Profiles<br/>  <a href="StructureDefinition-jp-familymemberhistory.html">JP Core FamilyMemberHistory Profile</a></td><td>y</td><td class="text-center">y</td><td class="text-center">y</td><td class="text-center">y</td><td class="text-center">y</td><td class="text-center">y</td><td class="text-center">y</td><td class="text-center">y</td><td class="text-center">y</td><td>identifier, patient, status, relationship</td><td/><td><code>Provenance:target</code></td><td/></tr></tbody></table></div><hr/><div class="panel panel-default"><div class="panel-heading"><h4 id="Patient1-1" class="panel-title"><span style="float: right;">Resource Conformance: supported </span>Patient</h4></div><div class="panel-body"><div class="container"><div class="row"><div class="col-lg-4"><span class="lead">Core FHIR Resource</span><br/><a href="http://hl7.org/fhir/R4/patient.html">Patient</a></div><div class="col-lg-4"><span class="lead">Reference Policy</span><br/><code>resolves</code></div><div class="col-lg-4"><span class="lead">Interaction summary</span><br/><ul><li>Supports <code>create</code>, <code>search-type</code>, <code>read</code>, <code>vread</code>, <code>update</code>, <code>patch</code>, <code>delete</code>, <code>history-instance</code>, <code>history-type</code>.</li></ul></div></div><p/><div class="row"><div class="col-6"><span class="lead">Supported Profiles</span><p><a href="StructureDefinition-jp-patient.html">http://jpfhir.jp/fhir/core/StructureDefinition/JP_Patient</a></p></div></div><p/><div class="row"><div class="col-lg-7"><span class="lead">Search Parameters</span><table class="table table-condensed table-hover"><thead><tr><th>Conformance</th><th>Parameter</th><th>Type</th><th>Documentation</th></tr></thead><tbody><tr><td><b>SHALL</b></td><td><a href="http://hl7.org/fhir/R4/patient.html#search">identifier</a></td><td><code>token</code></td><td><div/></td></tr><tr><td><b>SHALL</b></td><td><a href="http://hl7.org/fhir/R4/patient.html#search">name</a></td><td><code>string</code></td><td><div/></td></tr><tr><td><b>SHALL</b></td><td><a href="http://hl7.org/fhir/R4/patient.html#search">family</a></td><td><code>string</code></td><td><div/></td></tr><tr><td><b>SHALL</b></td><td><a href="http://hl7.org/fhir/R4/patient.html#search">given</a></td><td><code>string</code></td><td><div/></td></tr><tr><td><b>SHALL</b></td><td><a href="http://hl7.org/fhir/R4/patient.html#search">birthdate</a></td><td><code>date</code></td><td><div/></td></tr><tr><td><b>SHALL</b></td><td><a href="http://hl7.org/fhir/R4/patient.html#search">gender</a></td><td><code>token</code></td><td><div/></td></tr><tr><td><b>SHALL</b></td><td><a href="http://hl7.org/fhir/R4/patient.html#search">phone</a></td><td><code>token</code></td><td><div/></td></tr><tr><td><b>SHALL</b></td><td><a href="http://hl7.org/fhir/R4/patient.html#search">address-postalcode</a></td><td><code>string</code></td><td><div/></td></tr></tbody></table></div><div class="col-lg-5"> </div></div></div></div></div><div class="panel panel-default"><div class="panel-heading"><h4 id="Coverage1-2" class="panel-title"><span style="float: right;">Resource Conformance: supported </span>Coverage</h4></div><div class="panel-body"><div class="container"><div class="row"><div class="col-lg-4"><span class="lead">Core FHIR Resource</span><br/><a href="http://hl7.org/fhir/R4/coverage.html">Coverage</a></div><div class="col-lg-4"><span class="lead">Reference Policy</span><br/><code>resolves</code></div><div class="col-lg-4"><span class="lead">Interaction summary</span><br/><ul><li>Supports <code>create</code>, <code>search-type</code>, <code>read</code>, <code>vread</code>, <code>update</code>, <code>patch</code>, <code>delete</code>, <code>history-instance</code>, <code>history-type</code>.</li></ul></div></div><p/><div class="row"><div class="col-6"><span class="lead">Supported Profiles</span><p><a href="StructureDefinition-jp-coverage.html">http://jpfhir.jp/fhir/core/StructureDefinition/JP_Coverage</a></p></div></div><p/><div class="row"><div class="col-lg-7"><span class="lead">Search Parameters</span><table class="table table-condensed table-hover"><thead><tr><th>Conformance</th><th>Parameter</th><th>Type</th><th>Documentation</th></tr></thead><tbody><tr><td><b>SHALL</b></td><td><a href="http://hl7.org/fhir/R4/coverage.html#search">beneficiary</a></td><td><code>reference</code></td><td><div/></td></tr><tr><td><b>SHALL</b></td><td><a href="http://hl7.org/fhir/R4/coverage.html#search">class-type</a></td><td><code>token</code></td><td><div/></td></tr><tr><td><b>SHALL</b></td><td><a href="http://hl7.org/fhir/R4/coverage.html#search">class-value</a></td><td><code>string</code></td><td><div/></td></tr><tr><td><b>SHALL</b></td><td><a href="http://hl7.org/fhir/R4/coverage.html#search">dependent</a></td><td><code>string</code></td><td><div/></td></tr><tr><td><b>SHALL</b></td><td><a href="http://hl7.org/fhir/R4/coverage.html#search">identifier</a></td><td><code>token</code></td><td><div/></td></tr><tr><td><b>SHALL</b></td><td><a href="http://hl7.org/fhir/R4/coverage.html#search">patient</a></td><td><code>reference</code></td><td><div/></td></tr><tr><td><b>SHALL</b></td><td><a href="http://hl7.org/fhir/R4/coverage.html#search">payor</a></td><td><code>reference</code></td><td><div/></td></tr><tr><td><b>SHALL</b></td><td><a href="http://hl7.org/fhir/R4/coverage.html#search">policy-holder</a></td><td><code>reference</code></td><td><div/></td></tr><tr><td><b>SHALL</b></td><td><a href="http://hl7.org/fhir/R4/coverage.html#search">status</a></td><td><code>token</code></td><td><div/></td></tr><tr><td><b>SHALL</b></td><td><a href="http://hl7.org/fhir/R4/coverage.html#search">subscriber</a></td><td><code>reference</code></td><td><div/></td></tr><tr><td><b>SHALL</b></td><td><a href="http://hl7.org/fhir/R4/coverage.html#search">type</a></td><td><code>token</code></td><td><div/></td></tr></tbody></table></div><div class="col-lg-5"> </div></div></div></div></div><div class="panel panel-default"><div class="panel-heading"><h4 id="Encounter1-3" class="panel-title"><span style="float: right;">Resource Conformance: supported </span>Encounter</h4></div><div class="panel-body"><div class="container"><div class="row"><div class="col-lg-4"><span class="lead">Core FHIR Resource</span><br/><a href="http://hl7.org/fhir/R4/encounter.html">Encounter</a></div><div class="col-lg-4"><span class="lead">Reference Policy</span><br/><code>resolves</code></div><div class="col-lg-4"><span class="lead">Interaction summary</span><br/><ul><li>Supports <code>create</code>, <code>search-type</code>, <code>read</code>, <code>vread</code>, <code>update</code>, <code>patch</code>, <code>delete</code>, <code>history-instance</code>, <code>history-type</code>.</li></ul></div></div><p/><div class="row"><div class="col-6"><span class="lead">Supported Profiles</span><p><a href="StructureDefinition-jp-encounter.html">http://jpfhir.jp/fhir/core/StructureDefinition/JP_Encounter</a></p></div></div><p/><div class="row"><div class="col-lg-7"><span class="lead">Search Parameters</span><table class="table table-condensed table-hover"><thead><tr><th>Conformance</th><th>Parameter</th><th>Type</th><th>Documentation</th></tr></thead><tbody><tr><td><b>SHALL</b></td><td><a href="http://hl7.org/fhir/R4/encounter.html#search">patient</a></td><td><code>reference</code></td><td><div/></td></tr><tr><td><b>SHALL</b></td><td><a href="http://hl7.org/fhir/R4/encounter.html#search">identifier</a></td><td><code>token</code></td><td><div/></td></tr><tr><td><b>SHALL</b></td><td><a href="http://hl7.org/fhir/R4/encounter.html#search">class</a></td><td><code>token</code></td><td><div/></td></tr><tr><td><b>SHALL</b></td><td><a href="http://hl7.org/fhir/R4/encounter.html#search">date</a></td><td><code>date</code></td><td><div/></td></tr><tr><td><b>SHALL</b></td><td><a href="http://hl7.org/fhir/R4/encounter.html#search">status</a></td><td><code>token</code></td><td><div/></td></tr><tr><td><b>SHALL</b></td><td><a href="http://hl7.org/fhir/R4/encounter.html#search">type</a></td><td><code>token</code></td><td><div/></td></tr></tbody></table></div><div class="col-lg-5"> </div></div></div></div></div><div class="panel panel-default"><div class="panel-heading"><h4 id="Location1-4" class="panel-title"><span style="float: right;">Resource Conformance: supported </span>Location</h4></div><div class="panel-body"><div class="container"><div class="row"><div class="col-lg-4"><span class="lead">Core FHIR Resource</span><br/><a href="http://hl7.org/fhir/R4/location.html">Location</a></div><div class="col-lg-4"><span class="lead">Reference Policy</span><br/><code>resolves</code></div><div class="col-lg-4"><span class="lead">Interaction summary</span><br/><ul><li>Supports <code>create</code>, <code>search-type</code>, <code>read</code>, <code>vread</code>, <code>update</code>, <code>patch</code>, <code>delete</code>, <code>history-instance</code>, <code>history-type</code>.</li></ul></div></div><p/><div class="row"><div class="col-6"><span class="lead">Supported Profiles</span><p><a href="StructureDefinition-jp-location.html">http://jpfhir.jp/fhir/core/StructureDefinition/JP_Location</a></p></div></div><p/><div class="row"><div class="col-lg-7"><span class="lead">Search Parameters</span><table class="table table-condensed table-hover"><thead><tr><th>Conformance</th><th>Parameter</th><th>Type</th><th>Documentation</th></tr></thead><tbody><tr><td><b>SHALL</b></td><td><a href="http://hl7.org/fhir/R4/location.html#search">identifier</a></td><td><code>token</code></td><td><div/></td></tr><tr><td><b>SHALL</b></td><td><a href="http://hl7.org/fhir/R4/location.html#search">name</a></td><td><code>string</code></td><td><div/></td></tr><tr><td><b>SHALL</b></td><td><a href="http://hl7.org/fhir/R4/location.html#search">address</a></td><td><code>string</code></td><td><div/></td></tr><tr><td><b>SHALL</b></td><td><a href="http://hl7.org/fhir/R4/location.html#search">address-city</a></td><td><code>string</code></td><td><div/></td></tr><tr><td><b>SHALL</b></td><td><a href="http://hl7.org/fhir/R4/location.html#search">address-state</a></td><td><code>string</code></td><td><div/></td></tr><tr><td><b>SHALL</b></td><td><a href="http://hl7.org/fhir/R4/location.html#search">address-postalcode</a></td><td><code>string</code></td><td><div/></td></tr></tbody></table></div><div class="col-lg-5"> </div></div></div></div></div><div class="panel panel-default"><div class="panel-heading"><h4 id="Organization1-5" class="panel-title"><span style="float: right;">Resource Conformance: supported </span>Organization</h4></div><div class="panel-body"><div class="container"><div class="row"><div class="col-lg-4"><span class="lead">Core FHIR Resource</span><br/><a href="http://hl7.org/fhir/R4/organization.html">Organization</a></div><div class="col-lg-4"><span class="lead">Reference Policy</span><br/><code>resolves</code></div><div class="col-lg-4"><span class="lead">Interaction summary</span><br/><ul><li>Supports <code>create</code>, <code>search-type</code>, <code>read</code>, <code>vread</code>, <code>update</code>, <code>patch</code>, <code>delete</code>, <code>history-instance</code>, <code>history-type</code>.</li></ul></div></div><p/><div class="row"><div class="col-6"><span class="lead">Supported Profiles</span><p><a href="StructureDefinition-jp-organization.html">http://jpfhir.jp/fhir/core/StructureDefinition/JP_Organization</a></p></div></div><p/><div class="row"><div class="col-lg-7"><span class="lead">Search Parameters</span><table class="table table-condensed table-hover"><thead><tr><th>Conformance</th><th>Parameter</th><th>Type</th><th>Documentation</th></tr></thead><tbody><tr><td><b>SHALL</b></td><td><a href="http://hl7.org/fhir/R4/organization.html#search">identifier</a></td><td><code>token</code></td><td><div/></td></tr><tr><td><b>SHALL</b></td><td><a href="http://hl7.org/fhir/R4/organization.html#search">name</a></td><td><code>string</code></td><td><div/></td></tr><tr><td><b>SHALL</b></td><td><a href="http://hl7.org/fhir/R4/organization.html#search">address</a></td><td><code>string</code></td><td><div/></td></tr></tbody></table></div><div class="col-lg-5"> </div></div></div></div></div><div class="panel panel-default"><div class="panel-heading"><h4 id="Practitioner1-6" class="panel-title"><span style="float: right;">Resource Conformance: supported </span>Practitioner</h4></div><div class="panel-body"><div class="container"><div class="row"><div class="col-lg-4"><span class="lead">Core FHIR Resource</span><br/><a href="http://hl7.org/fhir/R4/practitioner.html">Practitioner</a></div><div class="col-lg-4"><span class="lead">Reference Policy</span><br/><code>resolves</code></div><div class="col-lg-4"><span class="lead">Interaction summary</span><br/><ul><li>Supports <code>create</code>, <code>search-type</code>, <code>read</code>, <code>vread</code>, <code>update</code>, <code>patch</code>, <code>delete</code>, <code>history-instance</code>, <code>history-type</code>.</li></ul></div></div><p/><div class="row"><div class="col-6"><span class="lead">Supported Profiles</span><p><a href="StructureDefinition-jp-practitioner.html">http://jpfhir.jp/fhir/core/StructureDefinition/JP_Practitioner</a></p></div></div><p/><div class="row"><div class="col-lg-7"><span class="lead">Search Parameters</span><table class="table table-condensed table-hover"><thead><tr><th>Conformance</th><th>Parameter</th><th>Type</th><th>Documentation</th></tr></thead><tbody><tr><td><b>SHALL</b></td><td><a href="http://hl7.org/fhir/R4/practitioner.html#search">identifier</a></td><td><code>token</code></td><td><div/></td></tr><tr><td><b>SHALL</b></td><td><a href="http://hl7.org/fhir/R4/practitioner.html#search">name</a></td><td><code>string</code></td><td><div/></td></tr></tbody></table></div><div class="col-lg-5"> </div></div></div></div></div><div class="panel panel-default"><div class="panel-heading"><h4 id="PractitionerRole1-7" class="panel-title"><span style="float: right;">Resource Conformance: supported </span>PractitionerRole</h4></div><div class="panel-body"><div class="container"><div class="row"><div class="col-lg-4"><span class="lead">Core FHIR Resource</span><br/><a href="http://hl7.org/fhir/R4/practitionerrole.html">PractitionerRole</a></div><div class="col-lg-4"><span class="lead">Reference Policy</span><br/><code>resolves</code></div><div class="col-lg-4"><span class="lead">Interaction summary</span><br/><ul><li>Supports <code>create</code>, <code>search-type</code>, <code>read</code>, <code>vread</code>, <code>update</code>, <code>patch</code>, <code>delete</code>, <code>history-instance</code>, <code>history-type</code>.</li></ul></div></div><p/><div class="row"><div class="col-6"><span class="lead">Supported Profiles</span><p><a href="StructureDefinition-jp-practitionerrole.html">http://jpfhir.jp/fhir/core/StructureDefinition/JP_PractitionerRole</a></p></div></div><p/><div class="row"><div class="col-lg-7"><span class="lead">Search Parameters</span><table class="table table-condensed table-hover"><thead><tr><th>Conformance</th><th>Parameter</th><th>Type</th><th>Documentation</th></tr></thead><tbody><tr><td><b>SHALL</b></td><td><a href="http://hl7.org/fhir/R4/practitionerrole.html#search">identifier</a></td><td><code>token</code></td><td><div/></td></tr><tr><td><b>SHALL</b></td><td><a href="http://hl7.org/fhir/R4/practitionerrole.html#search">specialty</a></td><td><code>token</code></td><td><div/></td></tr><tr><td><b>SHALL</b></td><td><a href="http://hl7.org/fhir/R4/practitionerrole.html#search">practitioner</a></td><td><code>reference</code></td><td><div/></td></tr></tbody></table></div><div class="col-lg-5"> </div></div></div></div></div><div class="panel panel-default"><div class="panel-heading"><h4 id="Medication1-8" class="panel-title"><span style="float: right;">Resource Conformance: supported </span>Medication</h4></div><div class="panel-body"><div class="container"><div class="row"><div class="col-lg-4"><span class="lead">Core FHIR Resource</span><br/><a href="http://hl7.org/fhir/R4/medication.html">Medication</a></div><div class="col-lg-4"><span class="lead">Reference Policy</span><br/><code>resolves</code></div><div class="col-lg-4"><span class="lead">Interaction summary</span><br/><ul><li>Supports <code>create</code>, <code>search-type</code>, <code>read</code>, <code>vread</code>, <code>update</code>, <code>patch</code>, <code>delete</code>, <code>history-instance</code>, <code>history-type</code>.</li></ul></div></div><p/><div class="row"><div class="col-6"><span class="lead">Supported Profiles</span><p><a href="StructureDefinition-jp-medication.html">http://jpfhir.jp/fhir/core/StructureDefinition/JP_Medication</a></p></div></div><p/><div class="row"><div class="col-lg-7"><span class="lead">Search Parameters</span><table class="table table-condensed table-hover"><thead><tr><th>Conformance</th><th>Parameter</th><th>Type</th><th>Documentation</th></tr></thead><tbody><tr><td><b>SHALL</b></td><td><a href="http://hl7.org/fhir/R4/medication.html#search">identifier</a></td><td><code>token</code></td><td><div/></td></tr></tbody></table></div><div class="col-lg-5"> </div></div></div></div></div><div class="panel panel-default"><div class="panel-heading"><h4 id="MedicationRequest1-9" class="panel-title"><span style="float: right;">Resource Conformance: supported </span>MedicationRequest</h4></div><div class="panel-body"><div class="container"><div class="row"><div class="col-lg-4"><span class="lead">Core FHIR Resource</span><br/><a href="http://hl7.org/fhir/R4/medicationrequest.html">MedicationRequest</a></div><div class="col-lg-4"><span class="lead">Reference Policy</span><br/><code>resolves</code></div><div class="col-lg-4"><span class="lead">Interaction summary</span><br/><ul><li>Supports <code>create</code>, <code>search-type</code>, <code>read</code>, <code>vread</code>, <code>update</code>, <code>patch</code>, <code>delete</code>, <code>history-instance</code>, <code>history-type</code>.</li></ul></div></div><p/><div class="row"><div class="col-6"><span class="lead">Supported Profiles</span><p><a href="StructureDefinition-jp-medicationrequest.html">http://jpfhir.jp/fhir/core/StructureDefinition/JP_MedicationRequest</a><br/><a href="StructureDefinition-jp-medicationrequest-injection.html">http://jpfhir.jp/fhir/core/StructureDefinition/JP_MedicationRequest_Injection</a></p></div></div><p/><div class="row"><div class="col-lg-7"><span class="lead">Search Parameters</span><table class="table table-condensed table-hover"><thead><tr><th>Conformance</th><th>Parameter</th><th>Type</th><th>Documentation</th></tr></thead><tbody><tr><td><b>SHALL</b></td><td><a href="http://hl7.org/fhir/R4/medicationrequest.html#search">identifier</a></td><td><code>token</code></td><td><div/></td></tr><tr><td><b>SHALL</b></td><td><a href="http://hl7.org/fhir/R4/medicationrequest.html#search">patient</a></td><td><code>reference</code></td><td><div/></td></tr><tr><td><b>SHALL</b></td><td><a href="http://hl7.org/fhir/R4/medicationrequest.html#search">authoredon</a></td><td><code>date</code></td><td><div/></td></tr><tr><td><b>SHALL</b></td><td><a href="http://hl7.org/fhir/R4/medicationrequest.html#search">date</a></td><td><code>date</code></td><td><div/></td></tr><tr><td><b>SHALL</b></td><td><a href="http://hl7.org/fhir/R4/medicationrequest.html#search">category</a></td><td><code>token</code></td><td><div/></td></tr><tr><td><b>SHALL</b></td><td><a href="http://hl7.org/fhir/R4/medicationrequest.html#search">code</a></td><td><code>token</code></td><td><div/></td></tr><tr><td><b>SHALL</b></td><td><a href="http://hl7.org/fhir/R4/medicationrequest.html#search">requester</a></td><td><code>reference</code></td><td><div/></td></tr><tr><td><b>SHALL</b></td><td><a href="SearchParameter-jp-medicationrequest-start-sp.html">jp-medication-start</a></td><td><code>date</code></td><td><div/></td></tr></tbody></table></div><div class="col-lg-5"> </div></div></div></div></div><div class="panel panel-default"><div class="panel-heading"><h4 id="MedicationDispense1-10" class="panel-title"><span style="float: right;">Resource Conformance: supported </span>MedicationDispense</h4></div><div class="panel-body"><div class="container"><div class="row"><div class="col-lg-4"><span class="lead">Core FHIR Resource</span><br/><a href="http://hl7.org/fhir/R4/medicationdispense.html">MedicationDispense</a></div><div class="col-lg-4"><span class="lead">Reference Policy</span><br/><code>resolves</code></div><div class="col-lg-4"><span class="lead">Interaction summary</span><br/><ul><li>Supports <code>create</code>, <code>search-type</code>, <code>read</code>, <code>vread</code>, <code>update</code>, <code>patch</code>, <code>delete</code>, <code>history-instance</code>, <code>history-type</code>.</li></ul></div></div><p/><div class="row"><div class="col-6"><span class="lead">Supported Profiles</span><p><a href="StructureDefinition-jp-medicationdispense.html">http://jpfhir.jp/fhir/core/StructureDefinition/JP_MedicationDispense</a><br/><a href="StructureDefinition-jp-medicationdispense-injection.html">http://jpfhir.jp/fhir/core/StructureDefinition/JP_MedicationDispense_Injection</a></p></div></div><p/><div class="row"><div class="col-lg-7"><span class="lead">Search Parameters</span><table class="table table-condensed table-hover"><thead><tr><th>Conformance</th><th>Parameter</th><th>Type</th><th>Documentation</th></tr></thead><tbody><tr><td><b>SHALL</b></td><td><a href="http://hl7.org/fhir/R4/medicationdispense.html#search">identifier</a></td><td><code>token</code></td><td><div/></td></tr><tr><td><b>SHALL</b></td><td><a href="http://hl7.org/fhir/R4/medicationdispense.html#search">patient</a></td><td><code>reference</code></td><td><div/></td></tr><tr><td><b>SHALL</b></td><td><a href="http://hl7.org/fhir/R4/medicationdispense.html#search">whenhandedover</a></td><td><code>date</code></td><td><div/></td></tr><tr><td><b>SHALL</b></td><td><a href="http://hl7.org/fhir/R4/medicationdispense.html#search">whenprepared</a></td><td><code>date</code></td><td><div/></td></tr><tr><td><b>SHALL</b></td><td><a href="http://hl7.org/fhir/R4/medicationdispense.html#search">code</a></td><td><code>token</code></td><td><div/></td></tr><tr><td><b>SHALL</b></td><td><a href="http://hl7.org/fhir/R4/medicationdispense.html#search">performer</a></td><td><code>reference</code></td><td><div/></td></tr><tr><td><b>SHALL</b></td><td><a href="http://hl7.org/fhir/R4/medicationdispense.html#search">context</a></td><td><code>reference</code></td><td><div/></td></tr></tbody></table></div><div class="col-lg-5"> </div></div></div></div></div><div class="panel panel-default"><div class="panel-heading"><h4 id="MedicationAdministration1-11" class="panel-title"><span style="float: right;">Resource Conformance: supported </span>MedicationAdministration</h4></div><div class="panel-body"><div class="container"><div class="row"><div class="col-lg-4"><span class="lead">Core FHIR Resource</span><br/><a href="http://hl7.org/fhir/R4/medicationadministration.html">MedicationAdministration</a></div><div class="col-lg-4"><span class="lead">Reference Policy</span><br/><code>resolves</code></div><div class="col-lg-4"><span class="lead">Interaction summary</span><br/><ul><li>Supports <code>create</code>, <code>search-type</code>, <code>read</code>, <code>vread</code>, <code>update</code>, <code>patch</code>, <code>delete</code>, <code>history-instance</code>, <code>history-type</code>.</li></ul></div></div><p/><div class="row"><div class="col-6"><span class="lead">Supported Profiles</span><p><a href="StructureDefinition-jp-medicationadministration.html">http://jpfhir.jp/fhir/core/StructureDefinition/JP_MedicationAdministration</a><br/><a href="StructureDefinition-jp-medicationadministration-injection.html">http://jpfhir.jp/fhir/core/StructureDefinition/JP_MedicationAdministration_Injection</a></p></div></div><p/><div class="row"><div class="col-lg-7"><span class="lead">Search Parameters</span><table class="table table-condensed table-hover"><thead><tr><th>Conformance</th><th>Parameter</th><th>Type</th><th>Documentation</th></tr></thead><tbody><tr><td><b>SHALL</b></td><td><a href="http://hl7.org/fhir/R4/medicationadministration.html#search">identifier</a></td><td><code>token</code></td><td><div/></td></tr><tr><td><b>SHALL</b></td><td><a href="http://hl7.org/fhir/R4/medicationadministration.html#search">patient</a></td><td><code>reference</code></td><td><div/></td></tr><tr><td><b>SHALL</b></td><td><a href="http://hl7.org/fhir/R4/medicationadministration.html#search">effective-time</a></td><td><code>date</code></td><td><div/></td></tr><tr><td><b>SHALL</b></td><td><a href="http://hl7.org/fhir/R4/medicationadministration.html#search">code</a></td><td><code>token</code></td><td><div/></td></tr><tr><td><b>SHALL</b></td><td><a href="http://hl7.org/fhir/R4/medicationadministration.html#search">performer</a></td><td><code>reference</code></td><td><div/></td></tr><tr><td><b>SHALL</b></td><td><a href="http://hl7.org/fhir/R4/medicationadministration.html#search">request</a></td><td><code>reference</code></td><td><div/></td></tr></tbody></table></div><div class="col-lg-5"> </div></div></div></div></div><div class="panel panel-default"><div class="panel-heading"><h4 id="Immunization1-12" class="panel-title"><span style="float: right;">Resource Conformance: supported </span>Immunization</h4></div><div class="panel-body"><div class="container"><div class="row"><div class="col-lg-4"><span class="lead">Core FHIR Resource</span><br/><a href="http://hl7.org/fhir/R4/immunization.html">Immunization</a></div><div class="col-lg-4"><span class="lead">Reference Policy</span><br/><code>resolves</code></div><div class="col-lg-4"><span class="lead">Interaction summary</span><br/><ul><li>Supports <code>create</code>, <code>search-type</code>, <code>read</code>, <code>vread</code>, <code>update</code>, <code>patch</code>, <code>delete</code>, <code>history-instance</code>, <code>history-type</code>.</li></ul></div></div><p/><div class="row"><div class="col-6"><span class="lead">Supported Profiles</span><p><a href="StructureDefinition-jp-immunization.html">http://jpfhir.jp/fhir/core/StructureDefinition/JP_Immunization</a></p></div></div><p/><div class="row"><div class="col-lg-7"><span class="lead">Search Parameters</span><table class="table table-condensed table-hover"><thead><tr><th>Conformance</th><th>Parameter</th><th>Type</th><th>Documentation</th></tr></thead><tbody><tr><td><b>SHALL</b></td><td><a href="http://hl7.org/fhir/R4/immunization.html#search">identifier</a></td><td><code>token</code></td><td><div/></td></tr><tr><td><b>SHALL</b></td><td><a href="http://hl7.org/fhir/R4/immunization.html#search">patient</a></td><td><code>reference</code></td><td><div/></td></tr><tr><td><b>SHALL</b></td><td><a href="http://hl7.org/fhir/R4/immunization.html#search">date</a></td><td><code>date</code></td><td><div/></td></tr></tbody></table></div><div class="col-lg-5"> </div></div></div></div></div><div class="panel panel-default"><div class="panel-heading"><h4 id="Observation1-13" class="panel-title"><span style="float: right;">Resource Conformance: supported </span>Observation</h4></div><div class="panel-body"><div class="container"><div class="row"><div class="col-lg-4"><span class="lead">Core FHIR Resource</span><br/><a href="http://hl7.org/fhir/R4/observation.html">Observation</a></div><div class="col-lg-4"><span class="lead">Reference Policy</span><br/><code>resolves</code></div><div class="col-lg-4"><span class="lead">Interaction summary</span><br/><ul><li>Supports <code>create</code>, <code>search-type</code>, <code>read</code>, <code>vread</code>, <code>update</code>, <code>patch</code>, <code>delete</code>, <code>history-instance</code>, <code>history-type</code>.</li></ul></div></div><p/><div class="row"><div class="col-6"><span class="lead">Supported Profiles</span><p><a href="StructureDefinition-jp-observation-common.html">http://jpfhir.jp/fhir/core/StructureDefinition/JP_Observation_Common</a><br/><a href="StructureDefinition-jp-observation-labresult.html">http://jpfhir.jp/fhir/core/StructureDefinition/JP_Observation_LabResult</a><br/><a href="StructureDefinition-jp-observation-microbiology.html">http://jpfhir.jp/fhir/core/StructureDefinition/JP_Observation_Microbiology</a><br/><a href="StructureDefinition-jp-observation-vitalsigns.html">http://jpfhir.jp/fhir/core/StructureDefinition/JP_Observation_VitalSigns</a><br/><a href="StructureDefinition-jp-observation-bodymeasurement.html">http://jpfhir.jp/fhir/core/StructureDefinition/JP_Observation_BodyMeasurement</a><br/><a href="StructureDefinition-jp-observation-physicalexam.html">http://jpfhir.jp/fhir/core/StructureDefinition/JP_Observation_PhysicalExam</a><br/><a href="StructureDefinition-jp-observation-socialhistory.html">http://jpfhir.jp/fhir/core/StructureDefinition/JP_Observation_SocialHistory</a></p></div></div><p/><div class="row"><div class="col-lg-7"><span class="lead">Search Parameters</span><table class="table table-condensed table-hover"><thead><tr><th>Conformance</th><th>Parameter</th><th>Type</th><th>Documentation</th></tr></thead><tbody><tr><td><b>SHALL</b></td><td><a href="http://hl7.org/fhir/R4/observation.html#search">identifier</a></td><td><code>token</code></td><td><div/></td></tr><tr><td><b>SHALL</b></td><td><a href="http://hl7.org/fhir/R4/observation.html#search">patient</a></td><td><code>reference</code></td><td><div/></td></tr><tr><td><b>SHALL</b></td><td><a href="http://hl7.org/fhir/R4/observation.html#search">category</a></td><td><code>token</code></td><td><div/></td></tr><tr><td><b>SHALL</b></td><td><a href="http://hl7.org/fhir/R4/observation.html#search">code</a></td><td><code>token</code></td><td><div/></td></tr><tr><td><b>SHALL</b></td><td><a href="http://hl7.org/fhir/R4/observation.html#search">date</a></td><td><code>date</code></td><td><div/></td></tr><tr><td><b>SHALL</b></td><td><a href="http://hl7.org/fhir/R4/observation.html#search">encounter</a></td><td><code>reference</code></td><td><div/></td></tr><tr><td><b>SHALL</b></td><td><a href="http://hl7.org/fhir/R4/observation.html#search">value-quantity</a></td><td><code>quantity</code></td><td><div/></td></tr><tr><td><b>SHALL</b></td><td><a href="http://hl7.org/fhir/R4/observation.html#search">value-concept</a></td><td><code>token</code></td><td><div/></td></tr><tr><td><b>SHALL</b></td><td><a href="http://hl7.org/fhir/R4/observation.html#search">value-string</a></td><td><code>string</code></td><td><div/></td></tr><tr><td><b>SHALL</b></td><td><a href="http://hl7.org/fhir/R4/observation.html#search">based-on</a></td><td><code>reference</code></td><td><div/></td></tr></tbody></table></div><div class="col-lg-5"> </div></div></div></div></div><div class="panel panel-default"><div class="panel-heading"><h4 id="ImagingStudy1-14" class="panel-title"><span style="float: right;">Resource Conformance: supported </span>ImagingStudy</h4></div><div class="panel-body"><div class="container"><div class="row"><div class="col-lg-4"><span class="lead">Core FHIR Resource</span><br/><a href="http://hl7.org/fhir/R4/imagingstudy.html">ImagingStudy</a></div><div class="col-lg-4"><span class="lead">Reference Policy</span><br/><code>resolves</code></div><div class="col-lg-4"><span class="lead">Interaction summary</span><br/><ul><li>Supports <code>create</code>, <code>search-type</code>, <code>read</code>, <code>vread</code>, <code>update</code>, <code>patch</code>, <code>delete</code>, <code>history-instance</code>, <code>history-type</code>.</li></ul></div></div><p/><div class="row"><div class="col-6"><span class="lead">Supported Profiles</span><p><a href="StructureDefinition-jp-imagingstudy-radiology.html">http://jpfhir.jp/fhir/core/StructureDefinition/JP_ImagingStudy_Radiology</a><br/><a href="StructureDefinition-jp-imagingstudy-endoscopy.html">http://jpfhir.jp/fhir/core/StructureDefinition/JP_ImagingStudy_Endoscopy</a></p></div></div><p/><div class="row"><div class="col-lg-7"><span class="lead">Search Parameters</span><table class="table table-condensed table-hover"><thead><tr><th>Conformance</th><th>Parameter</th><th>Type</th><th>Documentation</th></tr></thead><tbody><tr><td><b>SHALL</b></td><td><a href="http://hl7.org/fhir/R4/imagingstudy.html#search">identifier</a></td><td><code>token</code></td><td><div/></td></tr><tr><td><b>SHALL</b></td><td><a href="http://hl7.org/fhir/R4/imagingstudy.html#search">patient</a></td><td><code>reference</code></td><td><div/></td></tr><tr><td><b>SHALL</b></td><td><a href="http://hl7.org/fhir/R4/imagingstudy.html#search">modality</a></td><td><code>token</code></td><td><div/></td></tr><tr><td><b>SHALL</b></td><td><a href="http://hl7.org/fhir/R4/imagingstudy.html#search">bodysite</a></td><td><code>token</code></td><td><div/></td></tr><tr><td><b>SHALL</b></td><td><a href="http://hl7.org/fhir/R4/imagingstudy.html#search">started</a></td><td><code>date</code></td><td><div/></td></tr><tr><td><b>SHALL</b></td><td><a href="http://hl7.org/fhir/R4/imagingstudy.html#search">encounter</a></td><td><code>reference</code></td><td><div/></td></tr></tbody></table></div><div class="col-lg-5"> </div></div></div></div></div><div class="panel panel-default"><div class="panel-heading"><h4 id="DiagnosticReport1-15" class="panel-title"><span style="float: right;">Resource Conformance: supported </span>DiagnosticReport</h4></div><div class="panel-body"><div class="container"><div class="row"><div class="col-lg-4"><span class="lead">Core FHIR Resource</span><br/><a href="http://hl7.org/fhir/R4/diagnosticreport.html">DiagnosticReport</a></div><div class="col-lg-4"><span class="lead">Reference Policy</span><br/><code>resolves</code></div><div class="col-lg-4"><span class="lead">Interaction summary</span><br/><ul><li>Supports <code>create</code>, <code>search-type</code>, <code>read</code>, <code>vread</code>, <code>update</code>, <code>patch</code>, <code>delete</code>, <code>history-instance</code>, <code>history-type</code>.</li></ul></div></div><p/><div class="row"><div class="col-6"><span class="lead">Supported Profiles</span><p><a href="StructureDefinition-jp-diagnosticreport-common.html">http://jpfhir.jp/fhir/core/StructureDefinition/JP_DiagnosticReport_Common</a><br/><a href="StructureDefinition-jp-diagnosticreport-labresult.html">http://jpfhir.jp/fhir/core/StructureDefinition/JP_DiagnosticReport_LabResult</a><br/><a href="StructureDefinition-jp-diagnosticreport-microbiology.html">http://jpfhir.jp/fhir/core/StructureDefinition/JP_DiagnosticReport_Microbiology</a><br/><a href="StructureDefinition-jp-diagnosticreport-radiology.html">http://jpfhir.jp/fhir/core/StructureDefinition/JP_DiagnosticReport_Radiology</a><br/><a href="StructureDefinition-jp-diagnosticreport-endoscopy.html">http://jpfhir.jp/fhir/core/StructureDefinition/JP_DiagnosticReport_Endoscopy</a></p></div></div><p/><div class="row"><div class="col-lg-7"><span class="lead">Search Parameters</span><table class="table table-condensed table-hover"><thead><tr><th>Conformance</th><th>Parameter</th><th>Type</th><th>Documentation</th></tr></thead><tbody><tr><td><b>SHALL</b></td><td><a href="http://hl7.org/fhir/R4/diagnosticreport.html#search">based-on</a></td><td><code>reference</code></td><td><div/></td></tr><tr><td><b>SHALL</b></td><td><a href="http://hl7.org/fhir/R4/diagnosticreport.html#search">category</a></td><td><code>token</code></td><td><div/></td></tr><tr><td><b>SHALL</b></td><td><a href="http://hl7.org/fhir/R4/diagnosticreport.html#search">code</a></td><td><code>token</code></td><td><div/></td></tr><tr><td><b>SHALL</b></td><td><a href="http://hl7.org/fhir/R4/diagnosticreport.html#search">conclusion</a></td><td><code>token</code></td><td><div/></td></tr><tr><td><b>SHALL</b></td><td><a href="http://hl7.org/fhir/R4/diagnosticreport.html#search">date</a></td><td><code>date</code></td><td><div/></td></tr><tr><td><b>SHALL</b></td><td><a href="http://hl7.org/fhir/R4/diagnosticreport.html#search">encounter</a></td><td><code>reference</code></td><td><div/></td></tr><tr><td><b>SHALL</b></td><td><a href="http://hl7.org/fhir/R4/diagnosticreport.html#search">identifier</a></td><td><code>token</code></td><td><div/></td></tr><tr><td><b>SHALL</b></td><td><a href="http://hl7.org/fhir/R4/diagnosticreport.html#search">issued</a></td><td><code>date</code></td><td><div/></td></tr><tr><td><b>SHALL</b></td><td><a href="http://hl7.org/fhir/R4/diagnosticreport.html#search">media</a></td><td><code>reference</code></td><td><div/></td></tr><tr><td><b>SHALL</b></td><td><a href="http://hl7.org/fhir/R4/diagnosticreport.html#search">patient</a></td><td><code>reference</code></td><td><div/></td></tr><tr><td><b>SHALL</b></td><td><a href="http://hl7.org/fhir/R4/diagnosticreport.html#search">performer</a></td><td><code>reference</code></td><td><div/></td></tr><tr><td><b>SHALL</b></td><td><a href="http://hl7.org/fhir/R4/diagnosticreport.html#search">result</a></td><td><code>reference</code></td><td><div/></td></tr><tr><td><b>SHALL</b></td><td><a href="http://hl7.org/fhir/R4/diagnosticreport.html#search">results-interpreter</a></td><td><code>reference</code></td><td><div/></td></tr><tr><td><b>SHALL</b></td><td><a href="http://hl7.org/fhir/R4/diagnosticreport.html#search">specimen</a></td><td><code>reference</code></td><td><div/></td></tr><tr><td><b>SHALL</b></td><td><a href="http://hl7.org/fhir/R4/diagnosticreport.html#search">status</a></td><td><code>token</code></td><td><div/></td></tr></tbody></table></div><div class="col-lg-5"> </div></div></div></div></div><div class="panel panel-default"><div class="panel-heading"><h4 id="AllergyIntolerance1-16" class="panel-title"><span style="float: right;">Resource Conformance: supported </span>AllergyIntolerance</h4></div><div class="panel-body"><div class="container"><div class="row"><div class="col-lg-4"><span class="lead">Core FHIR Resource</span><br/><a href="http://hl7.org/fhir/R4/allergyintolerance.html">AllergyIntolerance</a></div><div class="col-lg-4"><span class="lead">Reference Policy</span><br/><code>resolves</code></div><div class="col-lg-4"><span class="lead">Interaction summary</span><br/><ul><li>Supports <code>create</code>, <code>search-type</code>, <code>read</code>, <code>vread</code>, <code>update</code>, <code>patch</code>, <code>delete</code>, <code>history-instance</code>, <code>history-type</code>.</li></ul></div></div><p/><div class="row"><div class="col-6"><span class="lead">Supported Profiles</span><p><a href="StructureDefinition-jp-allergyintolerance.html">http://jpfhir.jp/fhir/core/StructureDefinition/JP_AllergyIntolerance</a></p></div></div><p/><div class="row"><div class="col-lg-7"><span class="lead">Search Parameters</span><table class="table table-condensed table-hover"><thead><tr><th>Conformance</th><th>Parameter</th><th>Type</th><th>Documentation</th></tr></thead><tbody><tr><td><b>SHALL</b></td><td><a href="http://hl7.org/fhir/R4/allergyintolerance.html#search">identifier</a></td><td><code>token</code></td><td><div/></td></tr><tr><td><b>SHALL</b></td><td><a href="http://hl7.org/fhir/R4/allergyintolerance.html#search">patient</a></td><td><code>reference</code></td><td><div/></td></tr><tr><td><b>SHALL</b></td><td><a href="http://hl7.org/fhir/R4/allergyintolerance.html#search">clinical-status</a></td><td><code>token</code></td><td><div/></td></tr><tr><td><b>SHALL</b></td><td><a href="http://hl7.org/fhir/R4/allergyintolerance.html#search">date</a></td><td><code>date</code></td><td><div/></td></tr><tr><td><b>SHALL</b></td><td><a href="http://hl7.org/fhir/R4/allergyintolerance.html#search">category</a></td><td><code>token</code></td><td><div/></td></tr><tr><td><b>SHALL</b></td><td><a href="http://hl7.org/fhir/R4/allergyintolerance.html#search">verification-status</a></td><td><code>token</code></td><td><div/></td></tr><tr><td><b>SHALL</b></td><td><a href="http://hl7.org/fhir/R4/allergyintolerance.html#search">criticality</a></td><td><code>token</code></td><td><div/></td></tr><tr><td><b>SHALL</b></td><td><a href="http://hl7.org/fhir/R4/allergyintolerance.html#search">type</a></td><td><code>token</code></td><td><div/></td></tr></tbody></table></div><div class="col-lg-5"> </div></div></div></div></div><div class="panel panel-default"><div class="panel-heading"><h4 id="Condition1-17" class="panel-title"><span style="float: right;">Resource Conformance: supported </span>Condition</h4></div><div class="panel-body"><div class="container"><div class="row"><div class="col-lg-4"><span class="lead">Core FHIR Resource</span><br/><a href="http://hl7.org/fhir/R4/condition.html">Condition</a></div><div class="col-lg-4"><span class="lead">Reference Policy</span><br/><code>resolves</code></div><div class="col-lg-4"><span class="lead">Interaction summary</span><br/><ul><li>Supports <code>create</code>, <code>search-type</code>, <code>read</code>, <code>vread</code>, <code>update</code>, <code>patch</code>, <code>delete</code>, <code>history-instance</code>, <code>history-type</code>.</li></ul></div></div><p/><div class="row"><div class="col-6"><span class="lead">Supported Profiles</span><p><a href="StructureDefinition-jp-condition.html">http://jpfhir.jp/fhir/core/StructureDefinition/JP_Condition</a></p></div></div><p/><div class="row"><div class="col-lg-7"><span class="lead">Search Parameters</span><table class="table table-condensed table-hover"><thead><tr><th>Conformance</th><th>Parameter</th><th>Type</th><th>Documentation</th></tr></thead><tbody><tr><td><b>SHALL</b></td><td><a href="http://hl7.org/fhir/R4/condition.html#search">identifier</a></td><td><code>token</code></td><td><div/></td></tr><tr><td><b>SHALL</b></td><td><a href="http://hl7.org/fhir/R4/condition.html#search">patient</a></td><td><code>reference</code></td><td><div/></td></tr><tr><td><b>SHALL</b></td><td><a href="http://hl7.org/fhir/R4/condition.html#search">clinical-status</a></td><td><code>token</code></td><td><div/></td></tr><tr><td><b>SHALL</b></td><td><a href="http://hl7.org/fhir/R4/condition.html#search">onset-date</a></td><td><code>date</code></td><td><div/></td></tr><tr><td><b>SHALL</b></td><td><a href="http://hl7.org/fhir/R4/condition.html#search">category</a></td><td><code>token</code></td><td><div/></td></tr><tr><td><b>SHALL</b></td><td><a href="http://hl7.org/fhir/R4/condition.html#search">verification-status</a></td><td><code>token</code></td><td><div/></td></tr></tbody></table></div><div class="col-lg-5"> </div></div></div></div></div><div class="panel panel-default"><div class="panel-heading"><h4 id="Procedure1-18" class="panel-title"><span style="float: right;">Resource Conformance: supported </span>Procedure</h4></div><div class="panel-body"><div class="container"><div class="row"><div class="col-lg-4"><span class="lead">Core FHIR Resource</span><br/><a href="http://hl7.org/fhir/R4/procedure.html">Procedure</a></div><div class="col-lg-4"><span class="lead">Reference Policy</span><br/><code>resolves</code></div><div class="col-lg-4"><span class="lead">Interaction summary</span><br/><ul><li>Supports <code>create</code>, <code>search-type</code>, <code>read</code>, <code>vread</code>, <code>update</code>, <code>patch</code>, <code>delete</code>, <code>history-instance</code>, <code>history-type</code>.</li></ul></div></div><p/><div class="row"><div class="col-6"><span class="lead">Supported Profiles</span><p><a href="StructureDefinition-jp-procedure.html">http://jpfhir.jp/fhir/core/StructureDefinition/JP_Procedure</a></p></div></div><p/><div class="row"><div class="col-lg-7"><span class="lead">Search Parameters</span><table class="table table-condensed table-hover"><thead><tr><th>Conformance</th><th>Parameter</th><th>Type</th><th>Documentation</th></tr></thead><tbody><tr><td><b>SHALL</b></td><td><a href="http://hl7.org/fhir/R4/procedure.html#search">identifier</a></td><td><code>token</code></td><td><div/></td></tr><tr><td><b>SHALL</b></td><td><a href="http://hl7.org/fhir/R4/procedure.html#search">patient</a></td><td><code>reference</code></td><td><div/></td></tr><tr><td><b>SHALL</b></td><td><a href="http://hl7.org/fhir/R4/procedure.html#search">date</a></td><td><code>date</code></td><td><div/></td></tr></tbody></table></div><div class="col-lg-5"> </div></div></div></div></div><div class="panel panel-default"><div class="panel-heading"><h4 id="FamilyMemberHistory1-19" class="panel-title"><span style="float: right;">Resource Conformance: supported </span>FamilyMemberHistory</h4></div><div class="panel-body"><div class="container"><div class="row"><div class="col-lg-4"><span class="lead">Core FHIR Resource</span><br/><a href="http://hl7.org/fhir/R4/familymemberhistory.html">FamilyMemberHistory</a></div><div class="col-lg-4"><span class="lead">Reference Policy</span><br/><code>resolves</code></div><div class="col-lg-4"><span class="lead">Interaction summary</span><br/><ul><li>Supports <code>create</code>, <code>search-type</code>, <code>read</code>, <code>vread</code>, <code>update</code>, <code>patch</code>, <code>delete</code>, <code>history-instance</code>, <code>history-type</code>.</li></ul></div></div><p/><div class="row"><div class="col-6"><span class="lead">Supported Profiles</span><p><a href="StructureDefinition-jp-familymemberhistory.html">http://jpfhir.jp/fhir/core/StructureDefinition/JP_FamilyMemberHistory</a></p></div></div><p/><div class="row"><div class="col-lg-7"><span class="lead">Search Parameters</span><table class="table table-condensed table-hover"><thead><tr><th>Conformance</th><th>Parameter</th><th>Type</th><th>Documentation</th></tr></thead><tbody><tr><td><b>SHALL</b></td><td><a href="http://hl7.org/fhir/R4/familymemberhistory.html#search">identifier</a></td><td><code>token</code></td><td><div/></td></tr><tr><td><b>SHALL</b></td><td><a href="http://hl7.org/fhir/R4/familymemberhistory.html#search">patient</a></td><td><code>reference</code></td><td><div/></td></tr><tr><td><b>SHALL</b></td><td><a href="http://hl7.org/fhir/R4/familymemberhistory.html#search">status</a></td><td><code>token</code></td><td><div/></td></tr><tr><td><b>SHALL</b></td><td><a href="http://hl7.org/fhir/R4/familymemberhistory.html#search">relationship</a></td><td><code>token</code></td><td><div/></td></tr></tbody></table></div><div class="col-lg-5"> </div></div></div></div></div></div></text><url value="http://jpfhir.jp/fhir/core/CapabilityStatement/JP_Client_CapabilityStatement"/><version value="1.1.2"/><name value="JP_Client_CapabilityStatement"/><title value="JP Core Client CapabilityStatement"/><status value="active"/><experimental value="false"/><date value="2023-10-31"/><publisher value="FHIR Japanese implementation research working group in Japan Association of Medical Informatics (JAMI)"/><contact><name value="FHIR Japanese implementation research working group in Japan Association of Medical Informatics (JAMI)"/><telecom><system value="url"/><value value="http://jpfhir.jp"/></telecom><telecom><system value="email"/><value value="office@hlfhir.jp"/></telecom></contact><description value="JP Core実装ガイドを利用したサイトを作成する際にクライアント側で規定するCapabilityStatementのOperationsおよびSearch Parametersのリスト例を提示する。JP Core ServerがサポートするFHIRプロファイルに限定しているため、FHIR Baseのプロファイルを利用する際などは必要な項目を追記すること。"/><jurisdiction><coding><system value="urn:iso:std:iso:3166"/><code value="JP"/></coding></jurisdiction><copyright value="Copyright FHIR Japanese implementation research working group in Japan Association of Medical Informatics (JAMI) 一般社団法人日本医療情報学会NeXEHRS課題研究会FHIR日本実装検討WG"/><kind value="requirements"/><instantiates value="http://jpfhir.jp/fhir/core/CapabilityStatement/JP_Client_CapabilityStatement"/><fhirVersion value="4.0.1"/><format value="json"/><format value="xml"/><rest><mode value="client"/><resource><type value="Patient"/><supportedProfile value="http://jpfhir.jp/fhir/core/StructureDefinition/JP_Patient"/><interaction><code value="create"/></interaction><interaction><code value="search-type"/></interaction><interaction><code value="read"/></interaction><interaction><code value="vread"/></interaction><interaction><code value="update"/></interaction><interaction><code value="patch"/></interaction><interaction><code value="delete"/></interaction><interaction><code value="history-instance"/></interaction><interaction><code value="history-type"/></interaction><referencePolicy value="resolves"/><searchRevInclude value="Provenance:target"/><searchParam><name value="identifier"/><definition value="http://hl7.org/fhir/SearchParameter/Patient-identifier"/><type value="token"/></searchParam><searchParam><name value="name"/><definition value="http://hl7.org/fhir/SearchParameter/Patient-name"/><type value="string"/></searchParam><searchParam><name value="family"/><definition value="http://hl7.org/fhir/SearchParameter/individual-family"/><type value="string"/></searchParam><searchParam><name value="given"/><definition value="http://hl7.org/fhir/SearchParameter/individual-given"/><type value="string"/></searchParam><searchParam><name value="birthdate"/><definition value="http://hl7.org/fhir/SearchParameter/individual-birthdate"/><type value="date"/></searchParam><searchParam><name value="gender"/><definition value="http://hl7.org/fhir/SearchParameter/individual-gender"/><type value="token"/></searchParam><searchParam><name value="phone"/><definition value="http://hl7.org/fhir/SearchParameter/individual-phone"/><type value="token"/></searchParam><searchParam><name value="address-postalcode"/><definition value="http://hl7.org/fhir/SearchParameter/individual-address-postalcode"/><type value="string"/></searchParam></resource><resource><type value="Coverage"/><supportedProfile value="http://jpfhir.jp/fhir/core/StructureDefinition/JP_Coverage"/><interaction><code value="create"/></interaction><interaction><code value="search-type"/></interaction><interaction><code value="read"/></interaction><interaction><code value="vread"/></interaction><interaction><code value="update"/></interaction><interaction><code value="patch"/></interaction><interaction><code value="delete"/></interaction><interaction><code value="history-instance"/></interaction><interaction><code value="history-type"/></interaction><referencePolicy value="resolves"/><searchRevInclude value="Provenance:target"/><searchParam><name value="beneficiary"/><definition value="http://hl7.org/fhir/SearchParameter/Coverage-beneficiary"/><type value="reference"/></searchParam><searchParam><name value="class-type"/><definition value="http://hl7.org/fhir/SearchParameter/Coverage-class-type"/><type value="token"/></searchParam><searchParam><name value="class-value"/><definition value="http://hl7.org/fhir/SearchParameter/Coverage-class-value"/><type value="string"/></searchParam><searchParam><name value="dependent"/><definition value="http://hl7.org/fhir/SearchParameter/Coverage-dependent"/><type value="string"/></searchParam><searchParam><name value="identifier"/><definition value="http://hl7.org/fhir/SearchParameter/Coverage-identifier"/><type value="token"/></searchParam><searchParam><name value="patient"/><definition value="http://hl7.org/fhir/SearchParameter/Coverage-patient"/><type value="reference"/></searchParam><searchParam><name value="payor"/><definition value="http://hl7.org/fhir/SearchParameter/Coverage-payor"/><type value="reference"/></searchParam><searchParam><name value="policy-holder"/><definition value="http://hl7.org/fhir/SearchParameter/Coverage-policy-holder"/><type value="reference"/></searchParam><searchParam><name value="status"/><definition value="http://hl7.org/fhir/SearchParameter/Coverage-status"/><type value="token"/></searchParam><searchParam><name value="subscriber"/><definition value="http://hl7.org/fhir/SearchParameter/Coverage-subscriber"/><type value="reference"/></searchParam><searchParam><name value="type"/><definition value="http://hl7.org/fhir/SearchParameter/Coverage-type"/><type value="token"/></searchParam></resource><resource><type value="Encounter"/><supportedProfile value="http://jpfhir.jp/fhir/core/StructureDefinition/JP_Encounter"/><interaction><code value="create"/></interaction><interaction><code value="search-type"/></interaction><interaction><code value="read"/></interaction><interaction><code value="vread"/></interaction><interaction><code value="update"/></interaction><interaction><code value="patch"/></interaction><interaction><code value="delete"/></interaction><interaction><code value="history-instance"/></interaction><interaction><code value="history-type"/></interaction><referencePolicy value="resolves"/><searchRevInclude value="Provenance:target"/><searchParam><name value="patient"/><definition value="http://hl7.org/fhir/SearchParameter/clinical-patient"/><type value="reference"/></searchParam><searchParam><name value="identifier"/><definition value="http://hl7.org/fhir/SearchParameter/clinical-identifier"/><type value="token"/></searchParam><searchParam><name value="class"/><definition value="http://hl7.org/fhir/SearchParameter/Encounter-class"/><type value="token"/></searchParam><searchParam><name value="date"/><definition value="http://hl7.org/fhir/SearchParameter/clinical-date"/><type value="date"/></searchParam><searchParam><name value="status"/><definition value="http://hl7.org/fhir/SearchParameter/Encounter-status"/><type value="token"/></searchParam><searchParam><name value="type"/><definition value="http://hl7.org/fhir/SearchParameter/clinical-type"/><type value="token"/></searchParam></resource><resource><type value="Location"/><supportedProfile value="http://jpfhir.jp/fhir/core/StructureDefinition/JP_Location"/><interaction><code value="create"/></interaction><interaction><code value="search-type"/></interaction><interaction><code value="read"/></interaction><interaction><code value="vread"/></interaction><interaction><code value="update"/></interaction><interaction><code value="patch"/></interaction><interaction><code value="delete"/></interaction><interaction><code value="history-instance"/></interaction><interaction><code value="history-type"/></interaction><referencePolicy value="resolves"/><searchRevInclude value="Provenance:target"/><searchParam><name value="identifier"/><definition value="http://hl7.org/fhir/SearchParameter/Location-identifier"/><type value="token"/></searchParam><searchParam><name value="name"/><definition value="http://hl7.org/fhir/SearchParameter/Location-name"/><type value="string"/></searchParam><searchParam><name value="address"/><definition value="http://hl7.org/fhir/SearchParameter/Location-address"/><type value="string"/></searchParam><searchParam><name value="address-city"/><definition value="http://hl7.org/fhir/SearchParameter/Location-address-city"/><type value="string"/></searchParam><searchParam><name value="address-state"/><definition value="http://hl7.org/fhir/SearchParameter/Location-address-state"/><type value="string"/></searchParam><searchParam><name value="address-postalcode"/><definition value="http://hl7.org/fhir/SearchParameter/Location-address-postalcode"/><type value="string"/></searchParam></resource><resource><type value="Organization"/><supportedProfile value="http://jpfhir.jp/fhir/core/StructureDefinition/JP_Organization"/><interaction><code value="create"/></interaction><interaction><code value="search-type"/></interaction><interaction><code value="read"/></interaction><interaction><code value="vread"/></interaction><interaction><code value="update"/></interaction><interaction><code value="patch"/></interaction><interaction><code value="delete"/></interaction><interaction><code value="history-instance"/></interaction><interaction><code value="history-type"/></interaction><referencePolicy value="resolves"/><searchRevInclude value="Provenance:target"/><searchParam><name value="identifier"/><definition value="http://hl7.org/fhir/SearchParameter/Organization-identifier"/><type value="token"/></searchParam><searchParam><name value="name"/><definition value="http://hl7.org/fhir/SearchParameter/Organization-name"/><type value="string"/></searchParam><searchParam><name value="address"/><definition value="http://hl7.org/fhir/SearchParameter/Organization-address"/><type value="string"/></searchParam></resource><resource><type value="Practitioner"/><supportedProfile value="http://jpfhir.jp/fhir/core/StructureDefinition/JP_Practitioner"/><interaction><code value="create"/></interaction><interaction><code value="search-type"/></interaction><interaction><code value="read"/></interaction><interaction><code value="vread"/></interaction><interaction><code value="update"/></interaction><interaction><code value="patch"/></interaction><interaction><code value="delete"/></interaction><interaction><code value="history-instance"/></interaction><interaction><code value="history-type"/></interaction><referencePolicy value="resolves"/><searchRevInclude value="Provenance:target"/><searchParam><name value="identifier"/><definition value="http://hl7.org/fhir/SearchParameter/Practitioner-identifier"/><type value="token"/></searchParam><searchParam><name value="name"/><definition value="http://hl7.org/fhir/SearchParameter/Practitioner-name"/><type value="string"/></searchParam></resource><resource><type value="PractitionerRole"/><supportedProfile value="http://jpfhir.jp/fhir/core/StructureDefinition/JP_PractitionerRole"/><interaction><code value="create"/></interaction><interaction><code value="search-type"/></interaction><interaction><code value="read"/></interaction><interaction><code value="vread"/></interaction><interaction><code value="update"/></interaction><interaction><code value="patch"/></interaction><interaction><code value="delete"/></interaction><interaction><code value="history-instance"/></interaction><interaction><code value="history-type"/></interaction><referencePolicy value="resolves"/><searchRevInclude value="Provenance:target"/><searchParam><name value="identifier"/><definition value="http://hl7.org/fhir/SearchParameter/PractitionerRole-identifier"/><type value="token"/></searchParam><searchParam><name value="specialty"/><definition value="http://hl7.org/fhir/SearchParameter/PractitionerRole-specialty"/><type value="token"/></searchParam><searchParam><name value="practitioner"/><definition value="http://hl7.org/fhir/SearchParameter/PractitionerRole-practitioner"/><type value="reference"/></searchParam></resource><resource><type value="Medication"/><supportedProfile value="http://jpfhir.jp/fhir/core/StructureDefinition/JP_Medication"/><interaction><code value="create"/></interaction><interaction><code value="search-type"/></interaction><interaction><code value="read"/></interaction><interaction><code value="vread"/></interaction><interaction><code value="update"/></interaction><interaction><code value="patch"/></interaction><interaction><code value="delete"/></interaction><interaction><code value="history-instance"/></interaction><interaction><code value="history-type"/></interaction><referencePolicy value="resolves"/><searchRevInclude value="Provenance:target"/><searchParam><name value="identifier"/><definition value="http://hl7.org/fhir/SearchParameter/Medication-identifier"/><type value="token"/></searchParam></resource><resource><type value="MedicationRequest"/><supportedProfile value="http://jpfhir.jp/fhir/core/StructureDefinition/JP_MedicationRequest"/><supportedProfile value="http://jpfhir.jp/fhir/core/StructureDefinition/JP_MedicationRequest_Injection"/><interaction><code value="create"/></interaction><interaction><code value="search-type"/></interaction><interaction><code value="read"/></interaction><interaction><code value="vread"/></interaction><interaction><code value="update"/></interaction><interaction><code value="patch"/></interaction><interaction><code value="delete"/></interaction><interaction><code value="history-instance"/></interaction><interaction><code value="history-type"/></interaction><referencePolicy value="resolves"/><searchRevInclude value="Provenance:target"/><searchParam><name value="identifier"/><definition value="http://hl7.org/fhir/SearchParameter/clinical-identifier"/><type value="token"/></searchParam><searchParam><name value="patient"/><definition value="http://hl7.org/fhir/SearchParameter/clinical-patient"/><type value="reference"/></searchParam><searchParam><name value="authoredon"/><definition value="http://hl7.org/fhir/SearchParameter/MedicationRequest-authoredon"/><type value="date"/></searchParam><searchParam><name value="date"/><definition value="http://hl7.org/fhir/SearchParameter/medications-date"/><type value="date"/></searchParam><searchParam><name value="category"/><definition value="http://hl7.org/fhir/SearchParameter/MedicationRequest-category"/><type value="token"/></searchParam><searchParam><name value="code"/><definition value="http://hl7.org/fhir/SearchParameter/clinical-code"/><type value="token"/></searchParam><searchParam><name value="requester"/><definition value="http://hl7.org/fhir/SearchParameter/MedicationRequest-requester"/><type value="reference"/></searchParam><searchParam><name value="jp-medication-start"/><definition value="http://jpfhir.jp/fhir/core/SearchParameter/JP_MedicationRequest_Start_SP"/><type value="date"/></searchParam></resource><resource><type value="MedicationDispense"/><supportedProfile value="http://jpfhir.jp/fhir/core/StructureDefinition/JP_MedicationDispense"/><supportedProfile value="http://jpfhir.jp/fhir/core/StructureDefinition/JP_MedicationDispense_Injection"/><interaction><code value="create"/></interaction><interaction><code value="search-type"/></interaction><interaction><code value="read"/></interaction><interaction><code value="vread"/></interaction><interaction><code value="update"/></interaction><interaction><code value="patch"/></interaction><interaction><code value="delete"/></interaction><interaction><code value="history-instance"/></interaction><interaction><code value="history-type"/></interaction><referencePolicy value="resolves"/><searchRevInclude value="Provenance:target"/><searchParam><name value="identifier"/><definition value="http://hl7.org/fhir/SearchParameter/clinical-identifier"/><type value="token"/></searchParam><searchParam><name value="patient"/><definition value="http://hl7.org/fhir/SearchParameter/clinical-patient"/><type value="reference"/></searchParam><searchParam><name value="whenhandedover"/><definition value="http://hl7.org/fhir/SearchParameter/MedicationDispense-whenhandedover"/><type value="date"/></searchParam><searchParam><name value="whenprepared"/><definition value="http://hl7.org/fhir/SearchParameter/MedicationDispense-whenprepared"/><type value="date"/></searchParam><searchParam><name value="code"/><definition value="http://hl7.org/fhir/SearchParameter/clinical-code"/><type value="token"/></searchParam><searchParam><name value="performer"/><definition value="http://hl7.org/fhir/SearchParameter/MedicationDispense-performer"/><type value="reference"/></searchParam><searchParam><name value="context"/><definition value="http://hl7.org/fhir/SearchParameter/MedicationDispense-context"/><type value="reference"/></searchParam></resource><resource><type value="MedicationAdministration"/><supportedProfile value="http://jpfhir.jp/fhir/core/StructureDefinition/JP_MedicationAdministration"/><supportedProfile value="http://jpfhir.jp/fhir/core/StructureDefinition/JP_MedicationAdministration_Injection"/><interaction><code value="create"/></interaction><interaction><code value="search-type"/></interaction><interaction><code value="read"/></interaction><interaction><code value="vread"/></interaction><interaction><code value="update"/></interaction><interaction><code value="patch"/></interaction><interaction><code value="delete"/></interaction><interaction><code value="history-instance"/></interaction><interaction><code value="history-type"/></interaction><referencePolicy value="resolves"/><searchRevInclude value="Provenance:target"/><searchParam><name value="identifier"/><definition value="http://hl7.org/fhir/SearchParameter/clinical-identifier"/><type value="token"/></searchParam><searchParam><name value="patient"/><definition value="http://hl7.org/fhir/SearchParameter/clinical-patient"/><type value="reference"/></searchParam><searchParam><name value="effective-time"/><definition value="http://hl7.org/fhir/SearchParameter/MedicationAdministration-effective-time"/><type value="date"/></searchParam><searchParam><name value="code"/><definition value="http://hl7.org/fhir/SearchParameter/clinical-code"/><type value="token"/></searchParam><searchParam><name value="performer"/><definition value="http://hl7.org/fhir/SearchParameter/MedicationAdministration-performer"/><type value="reference"/></searchParam><searchParam><name value="request"/><definition value="http://hl7.org/fhir/SearchParameter/MedicationAdministration-request"/><type value="reference"/></searchParam></resource><resource><type value="Immunization"/><supportedProfile value="http://jpfhir.jp/fhir/core/StructureDefinition/JP_Immunization"/><interaction><code value="create"/></interaction><interaction><code value="search-type"/></interaction><interaction><code value="read"/></interaction><interaction><code value="vread"/></interaction><interaction><code value="update"/></interaction><interaction><code value="patch"/></interaction><interaction><code value="delete"/></interaction><interaction><code value="history-instance"/></interaction><interaction><code value="history-type"/></interaction><referencePolicy value="resolves"/><searchRevInclude value="Provenance:target"/><searchParam><name value="identifier"/><definition value="http://hl7.org/fhir/SearchParameter/clinical-identifier"/><type value="token"/></searchParam><searchParam><name value="patient"/><definition value="http://hl7.org/fhir/SearchParameter/clinical-patient"/><type value="reference"/></searchParam><searchParam><name value="date"/><definition value="http://hl7.org/fhir/SearchParameter/clinical-date"/><type value="date"/></searchParam></resource><resource><type value="Observation"/><supportedProfile value="http://jpfhir.jp/fhir/core/StructureDefinition/JP_Observation_Common"/><supportedProfile value="http://jpfhir.jp/fhir/core/StructureDefinition/JP_Observation_LabResult"/><supportedProfile value="http://jpfhir.jp/fhir/core/StructureDefinition/JP_Observation_Microbiology"/><supportedProfile value="http://jpfhir.jp/fhir/core/StructureDefinition/JP_Observation_VitalSigns"/><supportedProfile value="http://jpfhir.jp/fhir/core/StructureDefinition/JP_Observation_BodyMeasurement"/><supportedProfile value="http://jpfhir.jp/fhir/core/StructureDefinition/JP_Observation_PhysicalExam"/><supportedProfile value="http://jpfhir.jp/fhir/core/StructureDefinition/JP_Observation_SocialHistory"/><interaction><code value="create"/></interaction><interaction><code value="search-type"/></interaction><interaction><code value="read"/></interaction><interaction><code value="vread"/></interaction><interaction><code value="update"/></interaction><interaction><code value="patch"/></interaction><interaction><code value="delete"/></interaction><interaction><code value="history-instance"/></interaction><interaction><code value="history-type"/></interaction><referencePolicy value="resolves"/><searchRevInclude value="Provenance:target"/><searchParam><name value="identifier"/><definition value="http://hl7.org/fhir/SearchParameter/clinical-identifier"/><type value="token"/></searchParam><searchParam><name value="patient"/><definition value="http://hl7.org/fhir/SearchParameter/clinical-patient"/><type value="reference"/></searchParam><searchParam><name value="category"/><definition value="http://hl7.org/fhir/SearchParameter/Observation-category"/><type value="token"/></searchParam><searchParam><name value="code"/><definition value="http://hl7.org/fhir/SearchParameter/clinical-code"/><type value="token"/></searchParam><searchParam><name value="date"/><definition value="http://hl7.org/fhir/SearchParameter/clinical-date"/><type value="date"/></searchParam><searchParam><name value="encounter"/><definition value="http://hl7.org/fhir/SearchParameter/clinical-encounter"/><type value="reference"/></searchParam><searchParam><name value="value-quantity"/><definition value="http://hl7.org/fhir/SearchParameter/Observation-value-quantity"/><type value="quantity"/></searchParam><searchParam><name value="value-concept"/><definition value="http://hl7.org/fhir/SearchParameter/Observation-value-concept"/><type value="token"/></searchParam><searchParam><name value="value-string"/><definition value="http://hl7.org/fhir/SearchParameter/Observation-value-string"/><type value="string"/></searchParam><searchParam><name value="based-on"/><definition value="http://hl7.org/fhir/SearchParameter/Observation-based-on"/><type value="reference"/></searchParam></resource><resource><type value="ImagingStudy"/><supportedProfile value="http://jpfhir.jp/fhir/core/StructureDefinition/JP_ImagingStudy_Radiology"/><supportedProfile value="http://jpfhir.jp/fhir/core/StructureDefinition/JP_ImagingStudy_Endoscopy"/><interaction><code value="create"/></interaction><interaction><code value="search-type"/></interaction><interaction><code value="read"/></interaction><interaction><code value="vread"/></interaction><interaction><code value="update"/></interaction><interaction><code value="patch"/></interaction><interaction><code value="delete"/></interaction><interaction><code value="history-instance"/></interaction><interaction><code value="history-type"/></interaction><referencePolicy value="resolves"/><searchRevInclude value="Provenance:target"/><searchParam><name value="identifier"/><definition value="http://hl7.org/fhir/SearchParameter/clinical-identifier"/><type value="token"/></searchParam><searchParam><name value="patient"/><definition value="http://hl7.org/fhir/SearchParameter/clinical-patient"/><type value="reference"/></searchParam><searchParam><name value="modality"/><definition value="http://hl7.org/fhir/SearchParameter/ImagingStudy-modality"/><type value="token"/></searchParam><searchParam><name value="bodysite"/><definition value="http://hl7.org/fhir/SearchParameter/ImagingStudy-bodysite"/><type value="token"/></searchParam><searchParam><name value="started"/><definition value="http://hl7.org/fhir/SearchParameter/ImagingStudy-started"/><type value="date"/></searchParam><searchParam><name value="encounter"/><definition value="http://hl7.org/fhir/SearchParameter/ImagingStudy-encounter"/><type value="reference"/></searchParam></resource><resource><type value="DiagnosticReport"/><supportedProfile value="http://jpfhir.jp/fhir/core/StructureDefinition/JP_DiagnosticReport_Common"/><supportedProfile value="http://jpfhir.jp/fhir/core/StructureDefinition/JP_DiagnosticReport_LabResult"/><supportedProfile value="http://jpfhir.jp/fhir/core/StructureDefinition/JP_DiagnosticReport_Microbiology"/><supportedProfile value="http://jpfhir.jp/fhir/core/StructureDefinition/JP_DiagnosticReport_Radiology"/><supportedProfile value="http://jpfhir.jp/fhir/core/StructureDefinition/JP_DiagnosticReport_Endoscopy"/><interaction><code value="create"/></interaction><interaction><code value="search-type"/></interaction><interaction><code value="read"/></interaction><interaction><code value="vread"/></interaction><interaction><code value="update"/></interaction><interaction><code value="patch"/></interaction><interaction><code value="delete"/></interaction><interaction><code value="history-instance"/></interaction><interaction><code value="history-type"/></interaction><referencePolicy value="resolves"/><searchRevInclude value="Provenance:target"/><searchParam><name value="based-on"/><definition value="http://hl7.org/fhir/SearchParameter/DiagnosticReport-based-on"/><type value="reference"/></searchParam><searchParam><name value="category"/><definition value="http://hl7.org/fhir/SearchParameter/DiagnosticReport-category"/><type value="token"/></searchParam><searchParam><name value="code"/><definition value="http://hl7.org/fhir/SearchParameter/clinical-code"/><type value="token"/></searchParam><searchParam><name value="conclusion"/><definition value="http://hl7.org/fhir/SearchParameter/DiagnosticReport-conclusion"/><type value="token"/></searchParam><searchParam><name value="date"/><definition value="http://hl7.org/fhir/SearchParameter/clinical-date"/><type value="date"/></searchParam><searchParam><name value="encounter"/><definition value="http://hl7.org/fhir/SearchParameter/clinical-encounter"/><type value="reference"/></searchParam><searchParam><name value="identifier"/><definition value="http://hl7.org/fhir/SearchParameter/clinical-identifier"/><type value="token"/></searchParam><searchParam><name value="issued"/><definition value="http://hl7.org/fhir/SearchParameter/DiagnosticReport-issued"/><type value="date"/></searchParam><searchParam><name value="media"/><definition value="http://hl7.org/fhir/SearchParameter/DiagnosticReport-media"/><type value="reference"/></searchParam><searchParam><name value="patient"/><definition value="http://hl7.org/fhir/SearchParameter/clinical-patient"/><type value="reference"/></searchParam><searchParam><name value="performer"/><definition value="http://hl7.org/fhir/SearchParameter/DiagnosticReport-performer"/><type value="reference"/></searchParam><searchParam><name value="result"/><definition value="http://hl7.org/fhir/SearchParameter/DiagnosticReport-result"/><type value="reference"/></searchParam><searchParam><name value="results-interpreter"/><definition value="http://hl7.org/fhir/SearchParameter/DiagnosticReport-results-interpreter"/><type value="reference"/></searchParam><searchParam><name value="specimen"/><definition value="http://hl7.org/fhir/SearchParameter/DiagnosticReport-specimen"/><type value="reference"/></searchParam><searchParam><name value="status"/><definition value="http://hl7.org/fhir/SearchParameter/DiagnosticReport-status"/><type value="token"/></searchParam></resource><resource><type value="AllergyIntolerance"/><supportedProfile value="http://jpfhir.jp/fhir/core/StructureDefinition/JP_AllergyIntolerance"/><interaction><code value="create"/></interaction><interaction><code value="search-type"/></interaction><interaction><code value="read"/></interaction><interaction><code value="vread"/></interaction><interaction><code value="update"/></interaction><interaction><code value="patch"/></interaction><interaction><code value="delete"/></interaction><interaction><code value="history-instance"/></interaction><interaction><code value="history-type"/></interaction><referencePolicy value="resolves"/><searchRevInclude value="Provenance:target"/><searchParam><name value="identifier"/><definition value="http://hl7.org/fhir/SearchParameter/clinical-identifier"/><type value="token"/></searchParam><searchParam><name value="patient"/><definition value="http://hl7.org/fhir/SearchParameter/clinical-patient"/><type value="reference"/></searchParam><searchParam><name value="clinical-status"/><definition value="http://hl7.org/fhir/SearchParameter/AllergyIntolerance-clinical-status"/><type value="token"/></searchParam><searchParam><name value="date"/><definition value="http://hl7.org/fhir/SearchParameter/clinical-date"/><type value="date"/></searchParam><searchParam><name value="category"/><definition value="http://hl7.org/fhir/SearchParameter/AllergyIntolerance-category"/><type value="token"/></searchParam><searchParam><name value="verification-status"/><definition value="http://hl7.org/fhir/SearchParameter/AllergyIntolerance-verification-status"/><type value="token"/></searchParam><searchParam><name value="criticality"/><definition value="http://hl7.org/fhir/SearchParameter/AllergyIntolerance-criticality"/><type value="token"/></searchParam><searchParam><name value="type"/><definition value="http://hl7.org/fhir/SearchParameter/clinical-type"/><type value="token"/></searchParam></resource><resource><type value="Condition"/><supportedProfile value="http://jpfhir.jp/fhir/core/StructureDefinition/JP_Condition"/><interaction><code value="create"/></interaction><interaction><code value="search-type"/></interaction><interaction><code value="read"/></interaction><interaction><code value="vread"/></interaction><interaction><code value="update"/></interaction><interaction><code value="patch"/></interaction><interaction><code value="delete"/></interaction><interaction><code value="history-instance"/></interaction><interaction><code value="history-type"/></interaction><referencePolicy value="resolves"/><searchRevInclude value="Provenance:target"/><searchParam><name value="identifier"/><definition value="http://hl7.org/fhir/SearchParameter/clinical-identifier"/><type value="token"/></searchParam><searchParam><name value="patient"/><definition value="http://hl7.org/fhir/SearchParameter/clinical-patient"/><type value="reference"/></searchParam><searchParam><name value="clinical-status"/><definition value="http://hl7.org/fhir/SearchParameter/Condition-clinical-status"/><type value="token"/></searchParam><searchParam><name value="onset-date"/><definition value="http://hl7.org/fhir/SearchParameter/Condition-onset-date"/><type value="date"/></searchParam><searchParam><name value="category"/><definition value="http://hl7.org/fhir/SearchParameter/Condition-category"/><type value="token"/></searchParam><searchParam><name value="verification-status"/><definition value="http://hl7.org/fhir/SearchParameter/Condition-verification-status"/><type value="token"/></searchParam></resource><resource><type value="Procedure"/><supportedProfile value="http://jpfhir.jp/fhir/core/StructureDefinition/JP_Procedure"/><interaction><code value="create"/></interaction><interaction><code value="search-type"/></interaction><interaction><code value="read"/></interaction><interaction><code value="vread"/></interaction><interaction><code value="update"/></interaction><interaction><code value="patch"/></interaction><interaction><code value="delete"/></interaction><interaction><code value="history-instance"/></interaction><interaction><code value="history-type"/></interaction><referencePolicy value="resolves"/><searchRevInclude value="Provenance:target"/><searchParam><name value="identifier"/><definition value="http://hl7.org/fhir/SearchParameter/clinical-identifier"/><type value="token"/></searchParam><searchParam><name value="patient"/><definition value="http://hl7.org/fhir/SearchParameter/clinical-patient"/><type value="reference"/></searchParam><searchParam><name value="date"/><definition value="http://hl7.org/fhir/SearchParameter/clinical-date"/><type value="date"/></searchParam></resource><resource><type value="FamilyMemberHistory"/><supportedProfile value="http://jpfhir.jp/fhir/core/StructureDefinition/JP_FamilyMemberHistory"/><interaction><code value="create"/></interaction><interaction><code value="search-type"/></interaction><interaction><code value="read"/></interaction><interaction><code value="vread"/></interaction><interaction><code value="update"/></interaction><interaction><code value="patch"/></interaction><interaction><code value="delete"/></interaction><interaction><code value="history-instance"/></interaction><interaction><code value="history-type"/></interaction><referencePolicy value="resolves"/><searchRevInclude value="Provenance:target"/><searchParam><name value="identifier"/><definition value="http://hl7.org/fhir/SearchParameter/clinical-identifier"/><type value="token"/></searchParam><searchParam><name value="patient"/><definition value="http://hl7.org/fhir/SearchParameter/clinical-patient"/><type value="reference"/></searchParam><searchParam><name value="status"/><definition value="http://hl7.org/fhir/SearchParameter/FamilyMemberHistory-status"/><type value="token"/></searchParam><searchParam><name value="relationship"/><definition value="http://hl7.org/fhir/SearchParameter/FamilyMemberHistory-relationship"/><type value="token"/></searchParam></resource><interaction><code value="transaction"/></interaction><interaction><code value="batch"/></interaction><interaction><code value="search-system"/></interaction><interaction><code value="history-system"/></interaction></rest></CapabilityStatement>