{
  "resourceType": "ValueSet",
  "id": "jp-medication-example-ratecomment-vs",
  "text": {
    "status": "generated",
    "div": "<div xmlns=\"http://www.w3.org/1999/xhtml\"><ul><li>Include all codes defined in <a href=\"CodeSystem-jp-medication-example-ratecomment-cs.html\"><code>http://jpfhir.jp/fhir/Examples/CodeSystem/JP_MedicationAdministrationDosageRateComment_CS</code></a></li></ul></div>"
  },
  "url": "http://jpfhir.jp/fhir/Examples/ValueSet/JP_MedicationAdministrationDosageRateComment_VS",
  "version": "1.1.0a",
  "name": "JP_MedicationExampleRateComment_VS",
  "title": "JP Medication Example RateComment",
  "status": "draft",
  "date": "2022-09-05T00:53:16+00:00",
  "publisher": "FHIR Japanese implementation research working group in Japan Association of Medical Informatics (JAMI)",
  "contact": [
    {
      "name": "FHIR Japanese implementation research working group in Japan Association of Medical Informatics (JAMI)",
      "telecom": [
        {
          "system": "url",
          "value": "http://jpfhir.jp"
        },
        {
          "system": "email",
          "value": "office@hlfhir.jp"
        }
      ]
    }
  ],
  "description": "注射投与速度コメントの値セット例",
  "jurisdiction": [
    {
      "coding": [
        {
          "system": "urn:iso:std:iso:3166",
          "code": "JP"
        }
      ]
    }
  ],
  "copyright": "FHIR Japanese implementation research working group in Japan Association of Medical Informatics (JAMI)",
  "compose": {
    "include": [
      {
        "system": "http://jpfhir.jp/fhir/Examples/CodeSystem/JP_MedicationAdministrationDosageRateComment_CS"
      }
    ]
  }
}