<?xml version="1.0" encoding="UTF-8"?><ValueSet xmlns="http://hl7.org/fhir"><id value="jp-department-ssmix2digits-vs"/><text><status value="generated"/><div xmlns="http://www.w3.org/1999/xhtml"><ul><li>Include codes from <a href="CodeSystem-jp-department-ssmix-cs.html"><code>http://jpfhir.jp/fhir/Common/CodeSystem/JP_Department_SsMix_CS</code></a> where concept  descends from  <a href="CodeSystem-jp-department-ssmix-cs.html#jp-department-ssmix-cs-2Digits">2Digits</a></li></ul></div></text><url value="http://jpfhir.jp/fhir/Common/ValueSet/JP_Department_SsMix2Digits_VS"/><version value="1.1.0a"/><name value="JP_Department_SsMix2Digits_VS"/><title value="JP Core Department SS-MIX 2Digits ValueSet"/><status value="draft"/><date value="2022-09-03T01:41:45+00:00"/><publisher value="FHIR Japanese implementation research working group in Japan Association of Medical Informatics (JAMI)"/><contact><name value="FHIR Japanese implementation research working group in Japan Association of Medical Informatics (JAMI)"/><telecom><system value="url"/><value value="http://jpfhir.jp"/></telecom><telecom><system value="email"/><value value="office@hlfhir.jp"/></telecom></contact><description value="SS-MIX統一診療科コード(２桁)の値セット"/><jurisdiction><coding><system value="urn:iso:std:iso:3166"/><code value="JP"/></coding></jurisdiction><copyright value="FHIR Japanese implementation research working group in Japan Association of Medical Informatics (JAMI)"/><compose><include><system value="http://jpfhir.jp/fhir/Common/CodeSystem/JP_Department_SsMix_CS"/><filter><property value="concept"/><op value="descendent-of"/><value value="2Digits"/></filter></include></compose></ValueSet>