<?xml version="1.0" encoding="UTF-8"?><ValueSet xmlns="http://hl7.org/fhir"><id value="jp-medication-category-injection-vs"/><text><status value="generated"/><div xmlns="http://www.w3.org/1999/xhtml"><p>This value set includes codes based on the following rules:</p><ul><li>Include all codes defined in <a href="CodeSystem-jp-medication-category-merit9-cs.html"><code>http://jpfhir.jp/fhir/Common/CodeSystem/JP_MedicationCategoryMERIT9_CS</code></a></li><li>Include all codes defined in <a href="CodeSystem-jp-medication-category-jhsi0001-cs.html"><code>http://jpfhir.jp/fhir/Common/CodeSystem/JHSI0001</code></a></li><li>Include all codes defined in <a href="http://terminology.hl7.org/3.1.0/CodeSystem-v2-0482.html"><code>http://terminology.hl7.org/CodeSystem/v2-0482</code></a></li></ul></div></text><url value="http://jpfhir.jp/fhir/Common/ValueSet/JP_MedicationCategoryInjeciton_VS"/><version value="1.1.0a"/><name value="JP_MedicationCategoryInjection_VS"/><title value="JP Core Medication Injection Category ValueSet"/><status value="draft"/><date value="2022-09-03T03:13:39+00:00"/><publisher value="FHIR Japanese implementation research working group in Japan Association of Medical Informatics (JAMI)"/><contact><name value="FHIR Japanese implementation research working group in Japan Association of Medical Informatics (JAMI)"/><telecom><system value="url"/><value value="http://jpfhir.jp"/></telecom><telecom><system value="email"/><value value="office@hlfhir.jp"/></telecom></contact><description value="注射・注入の処方区分コードの値セット"/><jurisdiction><coding><system value="urn:iso:std:iso:3166"/><code value="JP"/></coding></jurisdiction><copyright value="FHIR Japanese implementation research working group in Japan Association of Medical Informatics (JAMI)"/><compose><include><system value="http://jpfhir.jp/fhir/Common/CodeSystem/JP_MedicationCategoryMERIT9_CS"/></include><include><system value="http://jpfhir.jp/fhir/Common/CodeSystem/JHSI0001"/></include><include><system value="http://terminology.hl7.org/CodeSystem/v2-0482"/></include></compose></ValueSet>