{"resourceType":"CodeSystem","id":"jp-prefecturenumber-cs","text":{"status":"generated","div":"<div xmlns=\"http://www.w3.org/1999/xhtml\"><p>This code system http://jpfhir.jp/fhir/Common/CodeSystem/JP_PrefectureNumber_CS defines the following codes:</p><table class=\"codes\"><tr><td style=\"white-space:nowrap\"><b>Code</b></td><td><b>Display</b></td></tr><tr><td style=\"white-space:nowrap\">01<a name=\"jp-prefecturenumber-cs-01\"> </a></td><td>北海道</td></tr><tr><td style=\"white-space:nowrap\">02<a name=\"jp-prefecturenumber-cs-02\"> </a></td><td>青森県</td></tr><tr><td style=\"white-space:nowrap\">03<a name=\"jp-prefecturenumber-cs-03\"> </a></td><td>岩手県</td></tr><tr><td style=\"white-space:nowrap\">04<a name=\"jp-prefecturenumber-cs-04\"> </a></td><td>宮城県</td></tr><tr><td style=\"white-space:nowrap\">05<a name=\"jp-prefecturenumber-cs-05\"> </a></td><td>秋田県</td></tr><tr><td style=\"white-space:nowrap\">06<a name=\"jp-prefecturenumber-cs-06\"> </a></td><td>山形県</td></tr><tr><td style=\"white-space:nowrap\">07<a name=\"jp-prefecturenumber-cs-07\"> </a></td><td>福島県</td></tr><tr><td style=\"white-space:nowrap\">08<a name=\"jp-prefecturenumber-cs-08\"> </a></td><td>茨城県</td></tr><tr><td style=\"white-space:nowrap\">09<a name=\"jp-prefecturenumber-cs-09\"> </a></td><td>栃木県</td></tr><tr><td style=\"white-space:nowrap\">10<a name=\"jp-prefecturenumber-cs-10\"> </a></td><td>群馬県</td></tr><tr><td style=\"white-space:nowrap\">11<a name=\"jp-prefecturenumber-cs-11\"> </a></td><td>埼玉県</td></tr><tr><td style=\"white-space:nowrap\">12<a name=\"jp-prefecturenumber-cs-12\"> </a></td><td>千葉県</td></tr><tr><td style=\"white-space:nowrap\">13<a name=\"jp-prefecturenumber-cs-13\"> </a></td><td>東京都</td></tr><tr><td style=\"white-space:nowrap\">14<a name=\"jp-prefecturenumber-cs-14\"> </a></td><td>神奈川県</td></tr><tr><td style=\"white-space:nowrap\">15<a name=\"jp-prefecturenumber-cs-15\"> </a></td><td>新潟県</td></tr><tr><td style=\"white-space:nowrap\">16<a name=\"jp-prefecturenumber-cs-16\"> </a></td><td>富山県</td></tr><tr><td style=\"white-space:nowrap\">17<a name=\"jp-prefecturenumber-cs-17\"> </a></td><td>石川県</td></tr><tr><td style=\"white-space:nowrap\">18<a name=\"jp-prefecturenumber-cs-18\"> </a></td><td>福井県</td></tr><tr><td style=\"white-space:nowrap\">19<a name=\"jp-prefecturenumber-cs-19\"> </a></td><td>山梨県</td></tr><tr><td style=\"white-space:nowrap\">20<a name=\"jp-prefecturenumber-cs-20\"> </a></td><td>長野県</td></tr><tr><td style=\"white-space:nowrap\">21<a name=\"jp-prefecturenumber-cs-21\"> </a></td><td>岐阜県</td></tr><tr><td style=\"white-space:nowrap\">22<a name=\"jp-prefecturenumber-cs-22\"> </a></td><td>静岡県</td></tr><tr><td style=\"white-space:nowrap\">23<a name=\"jp-prefecturenumber-cs-23\"> </a></td><td>愛知県</td></tr><tr><td style=\"white-space:nowrap\">24<a name=\"jp-prefecturenumber-cs-24\"> </a></td><td>三重県</td></tr><tr><td style=\"white-space:nowrap\">25<a name=\"jp-prefecturenumber-cs-25\"> </a></td><td>滋賀県</td></tr><tr><td style=\"white-space:nowrap\">26<a name=\"jp-prefecturenumber-cs-26\"> </a></td><td>京都府</td></tr><tr><td style=\"white-space:nowrap\">27<a name=\"jp-prefecturenumber-cs-27\"> </a></td><td>大阪府</td></tr><tr><td style=\"white-space:nowrap\">28<a name=\"jp-prefecturenumber-cs-28\"> </a></td><td>兵庫県</td></tr><tr><td style=\"white-space:nowrap\">29<a name=\"jp-prefecturenumber-cs-29\"> </a></td><td>奈良県</td></tr><tr><td style=\"white-space:nowrap\">30<a name=\"jp-prefecturenumber-cs-30\"> </a></td><td>和歌山県</td></tr><tr><td style=\"white-space:nowrap\">31<a name=\"jp-prefecturenumber-cs-31\"> </a></td><td>鳥取県</td></tr><tr><td style=\"white-space:nowrap\">32<a name=\"jp-prefecturenumber-cs-32\"> </a></td><td>島根県</td></tr><tr><td style=\"white-space:nowrap\">33<a name=\"jp-prefecturenumber-cs-33\"> </a></td><td>岡山県</td></tr><tr><td style=\"white-space:nowrap\">34<a name=\"jp-prefecturenumber-cs-34\"> </a></td><td>広島県</td></tr><tr><td style=\"white-space:nowrap\">35<a name=\"jp-prefecturenumber-cs-35\"> </a></td><td>山口県</td></tr><tr><td style=\"white-space:nowrap\">36<a name=\"jp-prefecturenumber-cs-36\"> </a></td><td>徳島県</td></tr><tr><td style=\"white-space:nowrap\">37<a name=\"jp-prefecturenumber-cs-37\"> </a></td><td>香川県</td></tr><tr><td style=\"white-space:nowrap\">38<a name=\"jp-prefecturenumber-cs-38\"> </a></td><td>愛媛県</td></tr><tr><td style=\"white-space:nowrap\">39<a name=\"jp-prefecturenumber-cs-39\"> </a></td><td>高知県</td></tr><tr><td style=\"white-space:nowrap\">40<a name=\"jp-prefecturenumber-cs-40\"> </a></td><td>福岡県</td></tr><tr><td style=\"white-space:nowrap\">41<a name=\"jp-prefecturenumber-cs-41\"> </a></td><td>佐賀県</td></tr><tr><td style=\"white-space:nowrap\">42<a name=\"jp-prefecturenumber-cs-42\"> </a></td><td>長崎県</td></tr><tr><td style=\"white-space:nowrap\">43<a name=\"jp-prefecturenumber-cs-43\"> </a></td><td>熊本県</td></tr><tr><td style=\"white-space:nowrap\">44<a name=\"jp-prefecturenumber-cs-44\"> </a></td><td>大分県</td></tr><tr><td style=\"white-space:nowrap\">45<a name=\"jp-prefecturenumber-cs-45\"> </a></td><td>宮崎県</td></tr><tr><td style=\"white-space:nowrap\">46<a name=\"jp-prefecturenumber-cs-46\"> </a></td><td>鹿児島県</td></tr><tr><td style=\"white-space:nowrap\">47<a name=\"jp-prefecturenumber-cs-47\"> </a></td><td>沖縄県</td></tr></table></div>"},"url":"http://jpfhir.jp/fhir/Common/CodeSystem/JP_PrefectureNumber_CS","version":"1.1.0a","name":"JP_PrefectureNumber_CS","title":"JP Core PrefectureNumber Codes","status":"active","date":"2022-08-15T01:18:00+00:00","publisher":"FHIR Japanese implementation research working group in Japan Association of Medical Informatics (JAMI)","contact":[{"name":"FHIR Japanese implementation research working group in Japan Association of Medical Informatics (JAMI)","telecom":[{"system":"url","value":"http://jpfhir.jp"},{"system":"email","value":"office@hlfhir.jp"}]}],"description":"都道府県番号","jurisdiction":[{"coding":[{"system":"urn:iso:std:iso:3166","code":"JP"}]}],"copyright":"FHIR Japanese implementation research working group in Japan Association of Medical Informatics (JAMI)","content":"complete","count":47,"concept":[{"code":"01","display":"北海道"},{"code":"02","display":"青森県"},{"code":"03","display":"岩手県"},{"code":"04","display":"宮城県"},{"code":"05","display":"秋田県"},{"code":"06","display":"山形県"},{"code":"07","display":"福島県"},{"code":"08","display":"茨城県"},{"code":"09","display":"栃木県"},{"code":"10","display":"群馬県"},{"code":"11","display":"埼玉県"},{"code":"12","display":"千葉県"},{"code":"13","display":"東京都"},{"code":"14","display":"神奈川県"},{"code":"15","display":"新潟県"},{"code":"16","display":"富山県"},{"code":"17","display":"石川県"},{"code":"18","display":"福井県"},{"code":"19","display":"山梨県"},{"code":"20","display":"長野県"},{"code":"21","display":"岐阜県"},{"code":"22","display":"静岡県"},{"code":"23","display":"愛知県"},{"code":"24","display":"三重県"},{"code":"25","display":"滋賀県"},{"code":"26","display":"京都府"},{"code":"27","display":"大阪府"},{"code":"28","display":"兵庫県"},{"code":"29","display":"奈良県"},{"code":"30","display":"和歌山県"},{"code":"31","display":"鳥取県"},{"code":"32","display":"島根県"},{"code":"33","display":"岡山県"},{"code":"34","display":"広島県"},{"code":"35","display":"山口県"},{"code":"36","display":"徳島県"},{"code":"37","display":"香川県"},{"code":"38","display":"愛媛県"},{"code":"39","display":"高知県"},{"code":"40","display":"福岡県"},{"code":"41","display":"佐賀県"},{"code":"42","display":"長崎県"},{"code":"43","display":"熊本県"},{"code":"44","display":"大分県"},{"code":"45","display":"宮崎県"},{"code":"46","display":"鹿児島県"},{"code":"47","display":"沖縄県"}]}