<?xml version="1.0" encoding="UTF-8"?>

<CapabilityStatement xmlns="http://hl7.org/fhir">
  <id value="jp-server-capabilitystatement"/>
  <text>
    <status value="extensions"/><div xmlns="http://www.w3.org/1999/xhtml"><h2>JP_Server_CapabilityStatement</h2><div><p>JP Core実装ガイドを利用したサイトを作成する際にサーバ側で規定するCapablityStatementのOperationsおよびSearch Parametersのリスト例を提示する。JP Core ServerがサポートするFHIRプロファイルに限定しているため、FHIR Baseのプロファイルを利用する際などは必要な項目を追記すること。</p>
</div><table><tr><td>Mode</td><td>SERVER</td></tr><tr><td>Description</td><td/></tr><tr><td>Transaction</td><td>y</td></tr><tr><td>System History</td><td>y</td></tr><tr><td>System Search</td><td>y</td></tr></table><table><tr><th><b>Resource Type</b></th><th><b>Profile</b></th><th><b title="GET a resource (read interaction)">Read</b></th><th><b title="GET past versions of resources (vread interaction)">V-Read</b></th><th><b title="GET all set of resources of the type (search interaction)">Search</b></th><th><b title="PUT a new resource version (update interaction)">Update</b></th><th><b title="PATCH a new resource version (patch interaction)">Patch</b></th><th><b title="POST a new resource (create interaction)">Create</b></th><th><b title="DELETE a resource (delete interaction)">Delete</b></th><th><b title="GET changes to a resource (history interaction on instance)">Updates</b></th><th><b title="GET changes for all resources of the type (history interaction on type)">History</b></th></tr><tr><td>Patient</td><td>Supported profiles:<br/>  <a href="http://jpfhir.jp/fhir/core/StructureDefinition/JP_Patient">http://jpfhir.jp/fhir/core/StructureDefinition/JP_Patient</a></td><td>y</td><td>y</td><td>y</td><td>y</td><td>y</td><td>y</td><td>y</td><td>y</td><td>y</td></tr><tr><td>Coverage</td><td>Supported profiles:<br/>  <a href="http://jpfhir.jp/fhir/core/StructureDefinition/JP_Coverage">http://jpfhir.jp/fhir/core/StructureDefinition/JP_Coverage</a></td><td>y</td><td>y</td><td>y</td><td>y</td><td>y</td><td>y</td><td>y</td><td>y</td><td>y</td></tr><tr><td>Encounter</td><td>Supported profiles:<br/>  <a href="http://jpfhir.jp/fhir/core/StructureDefinition/JP_Encounter">http://jpfhir.jp/fhir/core/StructureDefinition/JP_Encounter</a></td><td>y</td><td>y</td><td>y</td><td>y</td><td>y</td><td>y</td><td>y</td><td>y</td><td>y</td></tr><tr><td>Location</td><td>Supported profiles:<br/>  <a href="http://jpfhir.jp/fhir/core/StructureDefinition/JP_Location">http://jpfhir.jp/fhir/core/StructureDefinition/JP_Location</a></td><td>y</td><td>y</td><td>y</td><td>y</td><td>y</td><td>y</td><td>y</td><td>y</td><td>y</td></tr><tr><td>Organization</td><td>Supported profiles:<br/>  <a href="http://jpfhir.jp/fhir/core/StructureDefinition/JP_Organization">http://jpfhir.jp/fhir/core/StructureDefinition/JP_Organization</a></td><td>y</td><td>y</td><td>y</td><td>y</td><td>y</td><td>y</td><td>y</td><td>y</td><td>y</td></tr><tr><td>Practitioner</td><td>Supported profiles:<br/>  <a href="http://jpfhir.jp/fhir/core/StructureDefinition/JP_Practitioner">http://jpfhir.jp/fhir/core/StructureDefinition/JP_Practitioner</a></td><td>y</td><td>y</td><td>y</td><td>y</td><td>y</td><td>y</td><td>y</td><td>y</td><td>y</td></tr><tr><td>PractitionerRole</td><td>Supported profiles:<br/>  <a href="http://jpfhir.jp/fhir/core/StructureDefinition/JP_PractitionerRole">http://jpfhir.jp/fhir/core/StructureDefinition/JP_PractitionerRole</a></td><td>y</td><td>y</td><td>y</td><td>y</td><td>y</td><td>y</td><td>y</td><td>y</td><td>y</td></tr><tr><td>Medication</td><td>Supported profiles:<br/>  <a href="http://jpfhir.jp/fhir/core/StructureDefinition/JP_Medication">http://jpfhir.jp/fhir/core/StructureDefinition/JP_Medication</a></td><td>y</td><td>y</td><td>y</td><td>y</td><td>y</td><td>y</td><td>y</td><td>y</td><td>y</td></tr><tr><td>MedicationRequest</td><td>Supported profiles:<br/>  <a href="http://jpfhir.jp/fhir/core/StructureDefinition/JP_MedicationRequest">http://jpfhir.jp/fhir/core/StructureDefinition/JP_MedicationRequest</a><br/>  <a href="http://jpfhir.jp/fhir/core/StructureDefinition/JP_MedicationRequest_Injection">http://jpfhir.jp/fhir/core/StructureDefinition/JP_MedicationRequest_Injection</a></td><td>y</td><td>y</td><td>y</td><td>y</td><td>y</td><td>y</td><td>y</td><td>y</td><td>y</td></tr><tr><td>MedicationDispense</td><td>Supported profiles:<br/>  <a href="http://jpfhir.jp/fhir/core/StructureDefinition/JP_MedicationDispense">http://jpfhir.jp/fhir/core/StructureDefinition/JP_MedicationDispense</a><br/>  <a href="http://jpfhir.jp/fhir/core/StructureDefinition/JP_MedicationDispense_Injection">http://jpfhir.jp/fhir/core/StructureDefinition/JP_MedicationDispense_Injection</a></td><td>y</td><td>y</td><td>y</td><td>y</td><td>y</td><td>y</td><td>y</td><td>y</td><td>y</td></tr><tr><td>MedicationAdministration</td><td>Supported profiles:<br/>  <a href="http://jpfhir.jp/fhir/core/StructureDefinition/JP_MedicationAdministration">http://jpfhir.jp/fhir/core/StructureDefinition/JP_MedicationAdministration</a><br/>  <a href="http://jpfhir.jp/fhir/core/StructureDefinition/JP_MedicationAdministration_Injection">http://jpfhir.jp/fhir/core/StructureDefinition/JP_MedicationAdministration_Injection</a></td><td>y</td><td>y</td><td>y</td><td>y</td><td>y</td><td>y</td><td>y</td><td>y</td><td>y</td></tr><tr><td>Immunization</td><td>Supported profiles:<br/>  <a href="http://jpfhir.jp/fhir/core/StructureDefinition/JP_Immunization">http://jpfhir.jp/fhir/core/StructureDefinition/JP_Immunization</a></td><td>y</td><td>y</td><td>y</td><td>y</td><td>y</td><td>y</td><td>y</td><td>y</td><td>y</td></tr><tr><td>Observation</td><td>Supported profiles:<br/>  <a href="http://jpfhir.jp/fhir/core/StructureDefinition/JP_Observation_Common">http://jpfhir.jp/fhir/core/StructureDefinition/JP_Observation_Common</a><br/>  <a href="http://jpfhir.jp/fhir/core/StructureDefinition/JP_Observation_LabResult">http://jpfhir.jp/fhir/core/StructureDefinition/JP_Observation_LabResult</a><br/>  <a href="http://jpfhir.jp/fhir/core/StructureDefinition/JP_Observation_VitalSigns">http://jpfhir.jp/fhir/core/StructureDefinition/JP_Observation_VitalSigns</a><br/>  <a href="http://jpfhir.jp/fhir/core/StructureDefinition/JP_Observation_BodyMeasurement">http://jpfhir.jp/fhir/core/StructureDefinition/JP_Observation_BodyMeasurement</a><br/>  <a href="http://jpfhir.jp/fhir/core/StructureDefinition/JP_Observation_PhysicalExam">http://jpfhir.jp/fhir/core/StructureDefinition/JP_Observation_PhysicalExam</a><br/>  <a href="http://jpfhir.jp/fhir/core/StructureDefinition/JP_Observation_SocialHistory">http://jpfhir.jp/fhir/core/StructureDefinition/JP_Observation_SocialHistory</a></td><td>y</td><td>y</td><td>y</td><td>y</td><td>y</td><td>y</td><td>y</td><td>y</td><td>y</td></tr><tr><td>ImagingStudy</td><td>Supported profiles:<br/>  <a href="http://jpfhir.jp/fhir/core/StructureDefinition/JP_ImagingStudy_Radiology">http://jpfhir.jp/fhir/core/StructureDefinition/JP_ImagingStudy_Radiology</a></td><td>y</td><td>y</td><td>y</td><td>y</td><td>y</td><td>y</td><td>y</td><td>y</td><td>y</td></tr><tr><td>DiagnosticReport</td><td>Supported profiles:<br/>  <a href="http://jpfhir.jp/fhir/core/StructureDefinition/JP_DiagnosticReport_Common">http://jpfhir.jp/fhir/core/StructureDefinition/JP_DiagnosticReport_Common</a><br/>  <a href="http://jpfhir.jp/fhir/core/StructureDefinition/JP_DiagnosticReport_LabResult">http://jpfhir.jp/fhir/core/StructureDefinition/JP_DiagnosticReport_LabResult</a><br/>  <a href="http://jpfhir.jp/fhir/core/StructureDefinition/JP_DiagnosticReport_Radiology">http://jpfhir.jp/fhir/core/StructureDefinition/JP_DiagnosticReport_Radiology</a></td><td>y</td><td>y</td><td>y</td><td>y</td><td>y</td><td>y</td><td>y</td><td>y</td><td>y</td></tr><tr><td>AllergyIntolerance</td><td>Supported profiles:<br/>  <a href="http://jpfhir.jp/fhir/core/StructureDefinition/JP_AllergyIntolerance">http://jpfhir.jp/fhir/core/StructureDefinition/JP_AllergyIntolerance</a></td><td>y</td><td>y</td><td>y</td><td>y</td><td>y</td><td>y</td><td>y</td><td>y</td><td>y</td></tr><tr><td>Condition</td><td>Supported profiles:<br/>  <a href="http://jpfhir.jp/fhir/core/StructureDefinition/JP_Condition">http://jpfhir.jp/fhir/core/StructureDefinition/JP_Condition</a></td><td>y</td><td>y</td><td>y</td><td>y</td><td>y</td><td>y</td><td>y</td><td>y</td><td>y</td></tr><tr><td>Procedure</td><td>Supported profiles:<br/>  <a href="http://jpfhir.jp/fhir/core/StructureDefinition/JP_Procedure">http://jpfhir.jp/fhir/core/StructureDefinition/JP_Procedure</a></td><td>y</td><td>y</td><td>y</td><td>y</td><td>y</td><td>y</td><td>y</td><td>y</td><td>y</td></tr><tr><td>FamilyMemberHistory</td><td>Supported profiles:<br/>  <a href="http://jpfhir.jp/fhir/core/StructureDefinition/JP_FamilyMemberHistory">http://jpfhir.jp/fhir/core/StructureDefinition/JP_FamilyMemberHistory</a></td><td>y</td><td>y</td><td>y</td><td>y</td><td>y</td><td>y</td><td>y</td><td>y</td><td>y</td></tr></table></div>
  </text>
  <url value="http://jpfhir.jp/fhir/core/CapabilityStatement/JP_Server_CapabilityStatement"/>
  <version value="1.1.0"/>
  <name value="JP_Server_CapabilityStatement"/>
  <title value="JP Core Server CapabilityStatement"/>
  <status value="active"/>
  <experimental value="false"/>
  <date value="2022-09-26"/>
  <publisher value="FHIR Japanese implementation research working group in Japan Association of Medical Informatics (JAMI)"/>
  <contact>
    <name value="FHIR Japanese implementation research working group in Japan Association of Medical Informatics (JAMI)"/>
    <telecom>
      <system value="url"/>
      <value value="http://jpfhir.jp"/>
    </telecom>
    <telecom>
      <system value="email"/>
      <value value="office@hlfhir.jp"/>
    </telecom>
  </contact>
  <description value="JP Core実装ガイドを利用したサイトを作成する際にサーバ側で規定するCapablityStatementのOperationsおよびSearch Parametersのリスト例を提示する。JP Core ServerがサポートするFHIRプロファイルに限定しているため、FHIR Baseのプロファイルを利用する際などは必要な項目を追記すること。"/>
  <jurisdiction>
    <coding>
      <system value="urn:iso:std:iso:3166"/>
      <code value="JP"/>
    </coding>
  </jurisdiction>
  <copyright value="Copyright FHIR Japanese implementation research working group in Japan Association of Medical Informatics (JAMI) 一般社団法人日本医療情報学会NeXEHRS課題研究会FHIR日本実装検討WG"/>
  <kind value="requirements"/>
  <instantiates value="http://jpfhir.jp/fhir/core/CapabilityStatement/JP_Server_CapabilityStatement"/>
  <fhirVersion value="4.0.1"/>
  <format value="xml"/>
  <format value="json"/>
  <rest>
    <mode value="server"/>
    <resource>
      <type value="Patient"/>
      <supportedProfile value="http://jpfhir.jp/fhir/core/StructureDefinition/JP_Patient"/>
      <interaction>
        <code value="create"/>
      </interaction>
      <interaction>
        <code value="search-type"/>
      </interaction>
      <interaction>
        <code value="read"/>
      </interaction>
      <interaction>
        <code value="vread"/>
      </interaction>
      <interaction>
        <code value="update"/>
      </interaction>
      <interaction>
        <code value="patch"/>
      </interaction>
      <interaction>
        <code value="delete"/>
      </interaction>
      <interaction>
        <code value="history-instance"/>
      </interaction>
      <interaction>
        <code value="history-type"/>
      </interaction>
      <referencePolicy value="resolves"/>
      <searchRevInclude value="Provenance:target"/>
      <searchParam>
        <name value="identifier"/>
        <definition value="http://hl7.org/fhir/SearchParameter/Patient-identifier"/>
        <type value="token"/>
      </searchParam>
      <searchParam>
        <name value="name"/>
        <definition value="http://hl7.org/fhir/SearchParameter/Patient-name"/>
        <type value="string"/>
      </searchParam>
      <searchParam>
        <name value="family"/>
        <definition value="http://hl7.org/fhir/SearchParameter/individual-family"/>
        <type value="string"/>
      </searchParam>
      <searchParam>
        <name value="given"/>
        <definition value="http://hl7.org/fhir/SearchParameter/individual-given"/>
        <type value="string"/>
      </searchParam>
      <searchParam>
        <name value="birthdate"/>
        <definition value="http://hl7.org/fhir/SearchParameter/individual-birthdate"/>
        <type value="date"/>
      </searchParam>
      <searchParam>
        <name value="gender"/>
        <definition value="http://hl7.org/fhir/SearchParameter/individual-gender"/>
        <type value="token"/>
      </searchParam>
      <searchParam>
        <name value="phone"/>
        <definition value="http://hl7.org/fhir/SearchParameter/individual-phone"/>
        <type value="token"/>
      </searchParam>
      <searchParam>
        <name value="address-postalcode"/>
        <definition value="http://hl7.org/fhir/SearchParameter/individual-address-postalcode"/>
        <type value="string"/>
      </searchParam>
    </resource>
    <resource>
      <type value="Coverage"/>
      <supportedProfile value="http://jpfhir.jp/fhir/core/StructureDefinition/JP_Coverage"/>
      <interaction>
        <code value="create"/>
      </interaction>
      <interaction>
        <code value="search-type"/>
      </interaction>
      <interaction>
        <code value="read"/>
      </interaction>
      <interaction>
        <code value="vread"/>
      </interaction>
      <interaction>
        <code value="update"/>
      </interaction>
      <interaction>
        <code value="patch"/>
      </interaction>
      <interaction>
        <code value="delete"/>
      </interaction>
      <interaction>
        <code value="history-instance"/>
      </interaction>
      <interaction>
        <code value="history-type"/>
      </interaction>
      <referencePolicy value="resolves"/>
      <searchRevInclude value="Provenance:target"/>
      <searchParam>
        <name value="beneficiary"/>
        <definition value="http://hl7.org/fhir/SearchParameter/Coverage-beneficiary"/>
        <type value="reference"/>
      </searchParam>
      <searchParam>
        <name value="class-type"/>
        <definition value="http://hl7.org/fhir/SearchParameter/Coverage-class-type"/>
        <type value="token"/>
      </searchParam>
      <searchParam>
        <name value="class-value"/>
        <definition value="http://hl7.org/fhir/SearchParameter/Coverage-class-value"/>
        <type value="string"/>
      </searchParam>
      <searchParam>
        <name value="dependent"/>
        <definition value="http://hl7.org/fhir/SearchParameter/Coverage-dependent"/>
        <type value="string"/>
      </searchParam>
      <searchParam>
        <name value="identifier"/>
        <definition value="http://hl7.org/fhir/SearchParameter/Coverage-identifier"/>
        <type value="token"/>
      </searchParam>
      <searchParam>
        <name value="patient"/>
        <definition value="http://hl7.org/fhir/SearchParameter/Coverage-patient"/>
        <type value="reference"/>
      </searchParam>
      <searchParam>
        <name value="payor"/>
        <definition value="http://hl7.org/fhir/SearchParameter/Coverage-payor"/>
        <type value="reference"/>
      </searchParam>
      <searchParam>
        <name value="policy-holder"/>
        <definition value="http://hl7.org/fhir/SearchParameter/Coverage-policy-holder"/>
        <type value="reference"/>
      </searchParam>
      <searchParam>
        <name value="status"/>
        <definition value="http://hl7.org/fhir/SearchParameter/Coverage-status"/>
        <type value="token"/>
      </searchParam>
      <searchParam>
        <name value="subscriber"/>
        <definition value="http://hl7.org/fhir/SearchParameter/Coverage-subscriber"/>
        <type value="reference"/>
      </searchParam>
      <searchParam>
        <name value="type"/>
        <definition value="http://hl7.org/fhir/SearchParameter/Coverage-type"/>
        <type value="token"/>
      </searchParam>
    </resource>
    <resource>
      <type value="Encounter"/>
      <supportedProfile value="http://jpfhir.jp/fhir/core/StructureDefinition/JP_Encounter"/>
      <interaction>
        <code value="create"/>
      </interaction>
      <interaction>
        <code value="search-type"/>
      </interaction>
      <interaction>
        <code value="read"/>
      </interaction>
      <interaction>
        <code value="vread"/>
      </interaction>
      <interaction>
        <code value="update"/>
      </interaction>
      <interaction>
        <code value="patch"/>
      </interaction>
      <interaction>
        <code value="delete"/>
      </interaction>
      <interaction>
        <code value="history-instance"/>
      </interaction>
      <interaction>
        <code value="history-type"/>
      </interaction>
      <referencePolicy value="resolves"/>
      <searchRevInclude value="Provenance:target"/>
      <searchParam>
        <name value="patient"/>
        <definition value="http://hl7.org/fhir/SearchParameter/clinical-patient"/>
        <type value="reference"/>
      </searchParam>
      <searchParam>
        <name value="identifier"/>
        <definition value="http://hl7.org/fhir/SearchParameter/clinical-identifier"/>
        <type value="token"/>
      </searchParam>
      <searchParam>
        <name value="class"/>
        <definition value="http://hl7.org/fhir/SearchParameter/Encounter-class"/>
        <type value="token"/>
      </searchParam>
      <searchParam>
        <name value="date"/>
        <definition value="http://hl7.org/fhir/SearchParameter/clinical-date"/>
        <type value="date"/>
      </searchParam>
      <searchParam>
        <name value="status"/>
        <definition value="http://hl7.org/fhir/SearchParameter/Encounter-status"/>
        <type value="token"/>
      </searchParam>
      <searchParam>
        <name value="type"/>
        <definition value="http://hl7.org/fhir/SearchParameter/clinical-type"/>
        <type value="token"/>
      </searchParam>
    </resource>
    <resource>
      <type value="Location"/>
      <supportedProfile value="http://jpfhir.jp/fhir/core/StructureDefinition/JP_Location"/>
      <interaction>
        <code value="create"/>
      </interaction>
      <interaction>
        <code value="search-type"/>
      </interaction>
      <interaction>
        <code value="read"/>
      </interaction>
      <interaction>
        <code value="vread"/>
      </interaction>
      <interaction>
        <code value="update"/>
      </interaction>
      <interaction>
        <code value="patch"/>
      </interaction>
      <interaction>
        <code value="delete"/>
      </interaction>
      <interaction>
        <code value="history-instance"/>
      </interaction>
      <interaction>
        <code value="history-type"/>
      </interaction>
      <referencePolicy value="resolves"/>
      <searchRevInclude value="Provenance:target"/>
      <searchParam>
        <name value="identifier"/>
        <definition value="http://hl7.org/fhir/SearchParameter/Location-identifier"/>
        <type value="token"/>
      </searchParam>
      <searchParam>
        <name value="name"/>
        <definition value="http://hl7.org/fhir/SearchParameter/Location-name"/>
        <type value="string"/>
      </searchParam>
      <searchParam>
        <name value="address"/>
        <definition value="http://hl7.org/fhir/SearchParameter/Location-address"/>
        <type value="string"/>
      </searchParam>
      <searchParam>
        <name value="address-city"/>
        <definition value="http://hl7.org/fhir/SearchParameter/Location-address-city"/>
        <type value="string"/>
      </searchParam>
      <searchParam>
        <name value="address-state"/>
        <definition value="http://hl7.org/fhir/SearchParameter/Location-address-state"/>
        <type value="string"/>
      </searchParam>
      <searchParam>
        <name value="address-postalcode"/>
        <definition value="http://hl7.org/fhir/SearchParameter/Location-address-postalcode"/>
        <type value="string"/>
      </searchParam>
    </resource>
    <resource>
      <type value="Organization"/>
      <supportedProfile value="http://jpfhir.jp/fhir/core/StructureDefinition/JP_Organization"/>
      <interaction>
        <code value="create"/>
      </interaction>
      <interaction>
        <code value="search-type"/>
      </interaction>
      <interaction>
        <code value="read"/>
      </interaction>
      <interaction>
        <code value="vread"/>
      </interaction>
      <interaction>
        <code value="update"/>
      </interaction>
      <interaction>
        <code value="patch"/>
      </interaction>
      <interaction>
        <code value="delete"/>
      </interaction>
      <interaction>
        <code value="history-instance"/>
      </interaction>
      <interaction>
        <code value="history-type"/>
      </interaction>
      <referencePolicy value="resolves"/>
      <searchRevInclude value="Provenance:target"/>
      <searchParam>
        <name value="identifier"/>
        <definition value="http://hl7.org/fhir/SearchParameter/Organization-identifier"/>
        <type value="token"/>
      </searchParam>
      <searchParam>
        <name value="name"/>
        <definition value="http://hl7.org/fhir/SearchParameter/Organization-name"/>
        <type value="string"/>
      </searchParam>
      <searchParam>
        <name value="address"/>
        <definition value="http://hl7.org/fhir/SearchParameter/Organization-address"/>
        <type value="string"/>
      </searchParam>
    </resource>
    <resource>
      <type value="Practitioner"/>
      <supportedProfile value="http://jpfhir.jp/fhir/core/StructureDefinition/JP_Practitioner"/>
      <interaction>
        <code value="create"/>
      </interaction>
      <interaction>
        <code value="search-type"/>
      </interaction>
      <interaction>
        <code value="read"/>
      </interaction>
      <interaction>
        <code value="vread"/>
      </interaction>
      <interaction>
        <code value="update"/>
      </interaction>
      <interaction>
        <code value="patch"/>
      </interaction>
      <interaction>
        <code value="delete"/>
      </interaction>
      <interaction>
        <code value="history-instance"/>
      </interaction>
      <interaction>
        <code value="history-type"/>
      </interaction>
      <referencePolicy value="resolves"/>
      <searchRevInclude value="Provenance:target"/>
      <searchParam>
        <name value="identifier"/>
        <definition value="http://hl7.org/fhir/SearchParameter/Practitioner-identifier"/>
        <type value="token"/>
      </searchParam>
      <searchParam>
        <name value="name"/>
        <definition value="http://hl7.org/fhir/SearchParameter/Practitioner-name"/>
        <type value="string"/>
      </searchParam>
    </resource>
    <resource>
      <type value="PractitionerRole"/>
      <supportedProfile value="http://jpfhir.jp/fhir/core/StructureDefinition/JP_PractitionerRole"/>
      <interaction>
        <code value="create"/>
      </interaction>
      <interaction>
        <code value="search-type"/>
      </interaction>
      <interaction>
        <code value="read"/>
      </interaction>
      <interaction>
        <code value="vread"/>
      </interaction>
      <interaction>
        <code value="update"/>
      </interaction>
      <interaction>
        <code value="patch"/>
      </interaction>
      <interaction>
        <code value="delete"/>
      </interaction>
      <interaction>
        <code value="history-instance"/>
      </interaction>
      <interaction>
        <code value="history-type"/>
      </interaction>
      <referencePolicy value="resolves"/>
      <searchRevInclude value="Provenance:target"/>
      <searchParam>
        <name value="identifier"/>
        <definition value="http://hl7.org/fhir/SearchParameter/PractitionerRole-identifier"/>
        <type value="token"/>
      </searchParam>
      <searchParam>
        <name value="specialty"/>
        <definition value="http://hl7.org/fhir/SearchParameter/PractitionerRole-specialty"/>
        <type value="token"/>
      </searchParam>
      <searchParam>
        <name value="practitioner"/>
        <definition value="http://hl7.org/fhir/SearchParameter/PractitionerRole-practitioner"/>
        <type value="reference"/>
      </searchParam>
    </resource>
    <resource>
      <type value="Medication"/>
      <supportedProfile value="http://jpfhir.jp/fhir/core/StructureDefinition/JP_Medication"/>
      <interaction>
        <code value="create"/>
      </interaction>
      <interaction>
        <code value="search-type"/>
      </interaction>
      <interaction>
        <code value="read"/>
      </interaction>
      <interaction>
        <code value="vread"/>
      </interaction>
      <interaction>
        <code value="update"/>
      </interaction>
      <interaction>
        <code value="patch"/>
      </interaction>
      <interaction>
        <code value="delete"/>
      </interaction>
      <interaction>
        <code value="history-instance"/>
      </interaction>
      <interaction>
        <code value="history-type"/>
      </interaction>
      <referencePolicy value="resolves"/>
      <searchRevInclude value="Provenance:target"/>
      <searchParam>
        <name value="identifier"/>
        <definition value="http://hl7.org/fhir/SearchParameter/Medication-identifier"/>
        <type value="token"/>
      </searchParam>
    </resource>
    <resource>
      <type value="MedicationRequest"/>
      <supportedProfile value="http://jpfhir.jp/fhir/core/StructureDefinition/JP_MedicationRequest"/>
      <supportedProfile value="http://jpfhir.jp/fhir/core/StructureDefinition/JP_MedicationRequest_Injection"/>
      <interaction>
        <code value="create"/>
      </interaction>
      <interaction>
        <code value="search-type"/>
      </interaction>
      <interaction>
        <code value="read"/>
      </interaction>
      <interaction>
        <code value="vread"/>
      </interaction>
      <interaction>
        <code value="update"/>
      </interaction>
      <interaction>
        <code value="patch"/>
      </interaction>
      <interaction>
        <code value="delete"/>
      </interaction>
      <interaction>
        <code value="history-instance"/>
      </interaction>
      <interaction>
        <code value="history-type"/>
      </interaction>
      <referencePolicy value="resolves"/>
      <searchRevInclude value="Provenance:target"/>
      <searchParam>
        <name value="identifier"/>
        <definition value="http://hl7.org/fhir/SearchParameter/clinical-identifier"/>
        <type value="token"/>
      </searchParam>
      <searchParam>
        <name value="patient"/>
        <definition value="http://hl7.org/fhir/SearchParameter/clinical-patient"/>
        <type value="reference"/>
      </searchParam>
      <searchParam>
        <name value="authoredon"/>
        <definition value="http://hl7.org/fhir/SearchParameter/MedicationRequest-authoredon"/>
        <type value="date"/>
      </searchParam>
      <searchParam>
        <name value="date"/>
        <definition value="http://hl7.org/fhir/SearchParameter/medications-date"/>
        <type value="date"/>
      </searchParam>
      <searchParam>
        <name value="category"/>
        <definition value="http://hl7.org/fhir/SearchParameter/MedicationRequest-category"/>
        <type value="token"/>
      </searchParam>
      <searchParam>
        <name value="code"/>
        <definition value="http://hl7.org/fhir/SearchParameter/clinical-code"/>
        <type value="token"/>
      </searchParam>
      <searchParam>
        <name value="requester"/>
        <definition value="http://hl7.org/fhir/SearchParameter/MedicationRequest-requester"/>
        <type value="reference"/>
      </searchParam>
      <searchParam>
        <name value="jp-medication-start"/>
        <definition value="http://jpfhir.jp/fhir/core/SearchParameter/JP_MedicationRequest_Start_SP"/>
        <type value="date"/>
      </searchParam>
    </resource>
    <resource>
      <type value="MedicationDispense"/>
      <supportedProfile value="http://jpfhir.jp/fhir/core/StructureDefinition/JP_MedicationDispense"/>
      <supportedProfile value="http://jpfhir.jp/fhir/core/StructureDefinition/JP_MedicationDispense_Injection"/>
      <interaction>
        <code value="create"/>
      </interaction>
      <interaction>
        <code value="search-type"/>
      </interaction>
      <interaction>
        <code value="read"/>
      </interaction>
      <interaction>
        <code value="vread"/>
      </interaction>
      <interaction>
        <code value="update"/>
      </interaction>
      <interaction>
        <code value="patch"/>
      </interaction>
      <interaction>
        <code value="delete"/>
      </interaction>
      <interaction>
        <code value="history-instance"/>
      </interaction>
      <interaction>
        <code value="history-type"/>
      </interaction>
      <referencePolicy value="resolves"/>
      <searchRevInclude value="Provenance:target"/>
      <searchParam>
        <name value="identifier"/>
        <definition value="http://hl7.org/fhir/SearchParameter/clinical-identifier"/>
        <type value="token"/>
      </searchParam>
      <searchParam>
        <name value="patient"/>
        <definition value="http://hl7.org/fhir/SearchParameter/clinical-patient"/>
        <type value="reference"/>
      </searchParam>
      <searchParam>
        <name value="whenhandedover"/>
        <definition value="http://hl7.org/fhir/SearchParameter/MedicationDispense-whenhandedover"/>
        <type value="date"/>
      </searchParam>
      <searchParam>
        <name value="whenprepared"/>
        <definition value="http://hl7.org/fhir/SearchParameter/MedicationDispense-whenprepared"/>
        <type value="date"/>
      </searchParam>
      <searchParam>
        <name value="code"/>
        <definition value="http://hl7.org/fhir/SearchParameter/clinical-code"/>
        <type value="token"/>
      </searchParam>
      <searchParam>
        <name value="performer"/>
        <definition value="http://hl7.org/fhir/SearchParameter/MedicationDispense-performer"/>
        <type value="reference"/>
      </searchParam>
      <searchParam>
        <name value="context"/>
        <definition value="http://hl7.org/fhir/SearchParameter/MedicationDispense-context"/>
        <type value="reference"/>
      </searchParam>
    </resource>
    <resource>
      <type value="MedicationAdministration"/>
      <supportedProfile value="http://jpfhir.jp/fhir/core/StructureDefinition/JP_MedicationAdministration"/>
      <supportedProfile value="http://jpfhir.jp/fhir/core/StructureDefinition/JP_MedicationAdministration_Injection"/>
      <interaction>
        <code value="create"/>
      </interaction>
      <interaction>
        <code value="search-type"/>
      </interaction>
      <interaction>
        <code value="read"/>
      </interaction>
      <interaction>
        <code value="vread"/>
      </interaction>
      <interaction>
        <code value="update"/>
      </interaction>
      <interaction>
        <code value="patch"/>
      </interaction>
      <interaction>
        <code value="delete"/>
      </interaction>
      <interaction>
        <code value="history-instance"/>
      </interaction>
      <interaction>
        <code value="history-type"/>
      </interaction>
      <referencePolicy value="resolves"/>
      <searchRevInclude value="Provenance:target"/>
      <searchParam>
        <name value="identifier"/>
        <definition value="http://hl7.org/fhir/SearchParameter/clinical-identifier"/>
        <type value="token"/>
      </searchParam>
      <searchParam>
        <name value="patient"/>
        <definition value="http://hl7.org/fhir/SearchParameter/clinical-patient"/>
        <type value="reference"/>
      </searchParam>
      <searchParam>
        <name value="effective-time"/>
        <definition value="http://hl7.org/fhir/SearchParameter/MedicationAdministration-effective-time"/>
        <type value="date"/>
      </searchParam>
      <searchParam>
        <name value="code"/>
        <definition value="http://hl7.org/fhir/SearchParameter/clinical-code"/>
        <type value="token"/>
      </searchParam>
      <searchParam>
        <name value="performer"/>
        <definition value="http://hl7.org/fhir/SearchParameter/MedicationAdministration-performer"/>
        <type value="reference"/>
      </searchParam>
      <searchParam>
        <name value="request"/>
        <definition value="http://hl7.org/fhir/SearchParameter/MedicationAdministration-request"/>
        <type value="reference"/>
      </searchParam>
    </resource>
    <resource>
      <type value="Immunization"/>
      <supportedProfile value="http://jpfhir.jp/fhir/core/StructureDefinition/JP_Immunization"/>
      <interaction>
        <code value="create"/>
      </interaction>
      <interaction>
        <code value="search-type"/>
      </interaction>
      <interaction>
        <code value="read"/>
      </interaction>
      <interaction>
        <code value="vread"/>
      </interaction>
      <interaction>
        <code value="update"/>
      </interaction>
      <interaction>
        <code value="patch"/>
      </interaction>
      <interaction>
        <code value="delete"/>
      </interaction>
      <interaction>
        <code value="history-instance"/>
      </interaction>
      <interaction>
        <code value="history-type"/>
      </interaction>
      <referencePolicy value="resolves"/>
      <searchRevInclude value="Provenance:target"/>
      <searchParam>
        <name value="identifier"/>
        <definition value="http://hl7.org/fhir/SearchParameter/clinical-identifier"/>
        <type value="token"/>
      </searchParam>
      <searchParam>
        <name value="patient"/>
        <definition value="http://hl7.org/fhir/SearchParameter/clinical-patient"/>
        <type value="reference"/>
      </searchParam>
      <searchParam>
        <name value="date"/>
        <definition value="http://hl7.org/fhir/SearchParameter/clinical-date"/>
        <type value="date"/>
      </searchParam>
    </resource>
    <resource>
      <type value="Observation"/>
      <supportedProfile value="http://jpfhir.jp/fhir/core/StructureDefinition/JP_Observation_Common"/>
      <supportedProfile value="http://jpfhir.jp/fhir/core/StructureDefinition/JP_Observation_LabResult"/>
      <supportedProfile value="http://jpfhir.jp/fhir/core/StructureDefinition/JP_Observation_VitalSigns"/>
      <supportedProfile value="http://jpfhir.jp/fhir/core/StructureDefinition/JP_Observation_BodyMeasurement"/>
      <supportedProfile value="http://jpfhir.jp/fhir/core/StructureDefinition/JP_Observation_PhysicalExam"/>
      <supportedProfile value="http://jpfhir.jp/fhir/core/StructureDefinition/JP_Observation_SocialHistory"/>
      <interaction>
        <code value="create"/>
      </interaction>
      <interaction>
        <code value="search-type"/>
      </interaction>
      <interaction>
        <code value="read"/>
      </interaction>
      <interaction>
        <code value="vread"/>
      </interaction>
      <interaction>
        <code value="update"/>
      </interaction>
      <interaction>
        <code value="patch"/>
      </interaction>
      <interaction>
        <code value="delete"/>
      </interaction>
      <interaction>
        <code value="history-instance"/>
      </interaction>
      <interaction>
        <code value="history-type"/>
      </interaction>
      <referencePolicy value="resolves"/>
      <searchRevInclude value="Provenance:target"/>
      <searchParam>
        <name value="identifier"/>
        <definition value="http://hl7.org/fhir/SearchParameter/clinical-identifier"/>
        <type value="token"/>
      </searchParam>
      <searchParam>
        <name value="patient"/>
        <definition value="http://hl7.org/fhir/SearchParameter/clinical-patient"/>
        <type value="reference"/>
      </searchParam>
      <searchParam>
        <name value="category"/>
        <definition value="http://hl7.org/fhir/SearchParameter/Observation-category"/>
        <type value="token"/>
      </searchParam>
      <searchParam>
        <name value="code"/>
        <definition value="http://hl7.org/fhir/SearchParameter/clinical-code"/>
        <type value="token"/>
      </searchParam>
      <searchParam>
        <name value="date"/>
        <definition value="http://hl7.org/fhir/SearchParameter/clinical-date"/>
        <type value="date"/>
      </searchParam>
      <searchParam>
        <name value="encounter"/>
        <definition value="http://hl7.org/fhir/SearchParameter/clinical-encounter"/>
        <type value="reference"/>
      </searchParam>
      <searchParam>
        <name value="value-quantity"/>
        <definition value="http://hl7.org/fhir/SearchParameter/Observation-value-quantity"/>
        <type value="quantity"/>
      </searchParam>
      <searchParam>
        <name value="value-concept"/>
        <definition value="http://hl7.org/fhir/SearchParameter/Observation-value-concept"/>
        <type value="token"/>
      </searchParam>
      <searchParam>
        <name value="value-string"/>
        <definition value="http://hl7.org/fhir/SearchParameter/Observation-value-string"/>
        <type value="string"/>
      </searchParam>
      <searchParam>
        <name value="based-on"/>
        <definition value="http://hl7.org/fhir/SearchParameter/Observation-based-on"/>
        <type value="reference"/>
      </searchParam>
    </resource>
    <resource>
      <type value="ImagingStudy"/>
      <supportedProfile value="http://jpfhir.jp/fhir/core/StructureDefinition/JP_ImagingStudy_Radiology"/>
      <interaction>
        <code value="create"/>
      </interaction>
      <interaction>
        <code value="search-type"/>
      </interaction>
      <interaction>
        <code value="read"/>
      </interaction>
      <interaction>
        <code value="vread"/>
      </interaction>
      <interaction>
        <code value="update"/>
      </interaction>
      <interaction>
        <code value="patch"/>
      </interaction>
      <interaction>
        <code value="delete"/>
      </interaction>
      <interaction>
        <code value="history-instance"/>
      </interaction>
      <interaction>
        <code value="history-type"/>
      </interaction>
      <referencePolicy value="resolves"/>
      <searchRevInclude value="Provenance:target"/>
      <searchParam>
        <name value="identifier"/>
        <definition value="http://hl7.org/fhir/SearchParameter/clinical-identifier"/>
        <type value="token"/>
      </searchParam>
      <searchParam>
        <name value="patient"/>
        <definition value="http://hl7.org/fhir/SearchParameter/clinical-patient"/>
        <type value="reference"/>
      </searchParam>
      <searchParam>
        <name value="modality"/>
        <definition value="http://hl7.org/fhir/SearchParameter/ImagingStudy-modality"/>
        <type value="token"/>
      </searchParam>
      <searchParam>
        <name value="bodysite"/>
        <definition value="http://hl7.org/fhir/SearchParameter/ImagingStudy-bodysite"/>
        <type value="token"/>
      </searchParam>
      <searchParam>
        <name value="started"/>
        <definition value="http://hl7.org/fhir/SearchParameter/ImagingStudy-started"/>
        <type value="date"/>
      </searchParam>
      <searchParam>
        <name value="encounter"/>
        <definition value="http://hl7.org/fhir/SearchParameter/ImagingStudy-encounter"/>
        <type value="reference"/>
      </searchParam>
    </resource>
    <resource>
      <type value="DiagnosticReport"/>
      <supportedProfile value="http://jpfhir.jp/fhir/core/StructureDefinition/JP_DiagnosticReport_Common"/>
      <supportedProfile value="http://jpfhir.jp/fhir/core/StructureDefinition/JP_DiagnosticReport_LabResult"/>
      <supportedProfile value="http://jpfhir.jp/fhir/core/StructureDefinition/JP_DiagnosticReport_Radiology"/>
      <interaction>
        <code value="create"/>
      </interaction>
      <interaction>
        <code value="search-type"/>
      </interaction>
      <interaction>
        <code value="read"/>
      </interaction>
      <interaction>
        <code value="vread"/>
      </interaction>
      <interaction>
        <code value="update"/>
      </interaction>
      <interaction>
        <code value="patch"/>
      </interaction>
      <interaction>
        <code value="delete"/>
      </interaction>
      <interaction>
        <code value="history-instance"/>
      </interaction>
      <interaction>
        <code value="history-type"/>
      </interaction>
      <referencePolicy value="resolves"/>
      <searchRevInclude value="Provenance:target"/>
      <searchParam>
        <name value="based-on"/>
        <definition value="http://hl7.org/fhir/SearchParameter/DiagnosticReport-based-on"/>
        <type value="reference"/>
      </searchParam>
      <searchParam>
        <name value="category"/>
        <definition value="http://hl7.org/fhir/SearchParameter/DiagnosticReport-category"/>
        <type value="token"/>
      </searchParam>
      <searchParam>
        <name value="code"/>
        <definition value="http://hl7.org/fhir/SearchParameter/clinical-code"/>
        <type value="token"/>
      </searchParam>
      <searchParam>
        <name value="conclusion"/>
        <definition value="http://hl7.org/fhir/SearchParameter/DiagnosticReport-conclusion"/>
        <type value="token"/>
      </searchParam>
      <searchParam>
        <name value="date"/>
        <definition value="http://hl7.org/fhir/SearchParameter/clinical-date"/>
        <type value="date"/>
      </searchParam>
      <searchParam>
        <name value="encounter"/>
        <definition value="http://hl7.org/fhir/SearchParameter/clinical-encounter"/>
        <type value="reference"/>
      </searchParam>
      <searchParam>
        <name value="identifier"/>
        <definition value="http://hl7.org/fhir/SearchParameter/clinical-identifier"/>
        <type value="token"/>
      </searchParam>
      <searchParam>
        <name value="issued"/>
        <definition value="http://hl7.org/fhir/SearchParameter/DiagnosticReport-issued"/>
        <type value="date"/>
      </searchParam>
      <searchParam>
        <name value="media"/>
        <definition value="http://hl7.org/fhir/SearchParameter/DiagnosticReport-media"/>
        <type value="reference"/>
      </searchParam>
      <searchParam>
        <name value="patient"/>
        <definition value="http://hl7.org/fhir/SearchParameter/clinical-patient"/>
        <type value="reference"/>
      </searchParam>
      <searchParam>
        <name value="performer"/>
        <definition value="http://hl7.org/fhir/SearchParameter/DiagnosticReport-performer"/>
        <type value="reference"/>
      </searchParam>
      <searchParam>
        <name value="result"/>
        <definition value="http://hl7.org/fhir/SearchParameter/DiagnosticReport-result"/>
        <type value="reference"/>
      </searchParam>
      <searchParam>
        <name value="results-interpreter"/>
        <definition value="http://hl7.org/fhir/SearchParameter/DiagnosticReport-results-interpreter"/>
        <type value="reference"/>
      </searchParam>
      <searchParam>
        <name value="specimen"/>
        <definition value="http://hl7.org/fhir/SearchParameter/DiagnosticReport-specimen"/>
        <type value="reference"/>
      </searchParam>
      <searchParam>
        <name value="status"/>
        <definition value="http://hl7.org/fhir/SearchParameter/DiagnosticReport-status"/>
        <type value="token"/>
      </searchParam>
    </resource>
    <resource>
      <type value="AllergyIntolerance"/>
      <supportedProfile value="http://jpfhir.jp/fhir/core/StructureDefinition/JP_AllergyIntolerance"/>
      <interaction>
        <code value="create"/>
      </interaction>
      <interaction>
        <code value="search-type"/>
      </interaction>
      <interaction>
        <code value="read"/>
      </interaction>
      <interaction>
        <code value="vread"/>
      </interaction>
      <interaction>
        <code value="update"/>
      </interaction>
      <interaction>
        <code value="patch"/>
      </interaction>
      <interaction>
        <code value="delete"/>
      </interaction>
      <interaction>
        <code value="history-instance"/>
      </interaction>
      <interaction>
        <code value="history-type"/>
      </interaction>
      <referencePolicy value="resolves"/>
      <searchRevInclude value="Provenance:target"/>
      <searchParam>
        <name value="identifier"/>
        <definition value="http://hl7.org/fhir/SearchParameter/clinical-identifier"/>
        <type value="token"/>
      </searchParam>
      <searchParam>
        <name value="patient"/>
        <definition value="http://hl7.org/fhir/SearchParameter/clinical-patient"/>
        <type value="reference"/>
      </searchParam>
      <searchParam>
        <name value="clinical-status"/>
        <definition value="http://hl7.org/fhir/SearchParameter/AllergyIntolerance-clinical-status"/>
        <type value="token"/>
      </searchParam>
      <searchParam>
        <name value="date"/>
        <definition value="http://hl7.org/fhir/SearchParameter/clinical-date"/>
        <type value="date"/>
      </searchParam>
      <searchParam>
        <name value="category"/>
        <definition value="http://hl7.org/fhir/SearchParameter/AllergyIntolerance-category"/>
        <type value="token"/>
      </searchParam>
      <searchParam>
        <name value="verification-status"/>
        <definition value="http://hl7.org/fhir/SearchParameter/AllergyIntolerance-verification-status"/>
        <type value="token"/>
      </searchParam>
      <searchParam>
        <name value="criticality"/>
        <definition value="http://hl7.org/fhir/SearchParameter/AllergyIntolerance-criticality"/>
        <type value="token"/>
      </searchParam>
      <searchParam>
        <name value="type"/>
        <definition value="http://hl7.org/fhir/SearchParameter/clinical-type"/>
        <type value="token"/>
      </searchParam>
    </resource>
    <resource>
      <type value="Condition"/>
      <supportedProfile value="http://jpfhir.jp/fhir/core/StructureDefinition/JP_Condition"/>
      <interaction>
        <code value="create"/>
      </interaction>
      <interaction>
        <code value="search-type"/>
      </interaction>
      <interaction>
        <code value="read"/>
      </interaction>
      <interaction>
        <code value="vread"/>
      </interaction>
      <interaction>
        <code value="update"/>
      </interaction>
      <interaction>
        <code value="patch"/>
      </interaction>
      <interaction>
        <code value="delete"/>
      </interaction>
      <interaction>
        <code value="history-instance"/>
      </interaction>
      <interaction>
        <code value="history-type"/>
      </interaction>
      <referencePolicy value="resolves"/>
      <searchRevInclude value="Provenance:target"/>
      <searchParam>
        <name value="identifier"/>
        <definition value="http://hl7.org/fhir/SearchParameter/clinical-identifier"/>
        <type value="token"/>
      </searchParam>
      <searchParam>
        <name value="patient"/>
        <definition value="http://hl7.org/fhir/SearchParameter/clinical-patient"/>
        <type value="reference"/>
      </searchParam>
      <searchParam>
        <name value="clinical-status"/>
        <definition value="http://hl7.org/fhir/SearchParameter/Condition-clinical-status"/>
        <type value="token"/>
      </searchParam>
      <searchParam>
        <name value="onset-date"/>
        <definition value="http://hl7.org/fhir/SearchParameter/Condition-onset-date"/>
        <type value="date"/>
      </searchParam>
      <searchParam>
        <name value="category"/>
        <definition value="http://hl7.org/fhir/SearchParameter/Condition-category"/>
        <type value="token"/>
      </searchParam>
      <searchParam>
        <name value="verification-status"/>
        <definition value="http://hl7.org/fhir/SearchParameter/Condition-verification-status"/>
        <type value="token"/>
      </searchParam>
    </resource>
    <resource>
      <type value="Procedure"/>
      <supportedProfile value="http://jpfhir.jp/fhir/core/StructureDefinition/JP_Procedure"/>
      <interaction>
        <code value="create"/>
      </interaction>
      <interaction>
        <code value="search-type"/>
      </interaction>
      <interaction>
        <code value="read"/>
      </interaction>
      <interaction>
        <code value="vread"/>
      </interaction>
      <interaction>
        <code value="update"/>
      </interaction>
      <interaction>
        <code value="patch"/>
      </interaction>
      <interaction>
        <code value="delete"/>
      </interaction>
      <interaction>
        <code value="history-instance"/>
      </interaction>
      <interaction>
        <code value="history-type"/>
      </interaction>
      <referencePolicy value="resolves"/>
      <searchRevInclude value="Provenance:target"/>
      <searchParam>
        <name value="identifier"/>
        <definition value="http://hl7.org/fhir/SearchParameter/clinical-identifier"/>
        <type value="token"/>
      </searchParam>
      <searchParam>
        <name value="patient"/>
        <definition value="http://hl7.org/fhir/SearchParameter/clinical-patient"/>
        <type value="reference"/>
      </searchParam>
      <searchParam>
        <name value="date"/>
        <definition value="http://hl7.org/fhir/SearchParameter/clinical-date"/>
        <type value="date"/>
      </searchParam>
    </resource>
    <resource>
      <type value="FamilyMemberHistory"/>
      <supportedProfile value="http://jpfhir.jp/fhir/core/StructureDefinition/JP_FamilyMemberHistory"/>
      <interaction>
        <code value="create"/>
      </interaction>
      <interaction>
        <code value="search-type"/>
      </interaction>
      <interaction>
        <code value="read"/>
      </interaction>
      <interaction>
        <code value="vread"/>
      </interaction>
      <interaction>
        <code value="update"/>
      </interaction>
      <interaction>
        <code value="patch"/>
      </interaction>
      <interaction>
        <code value="delete"/>
      </interaction>
      <interaction>
        <code value="history-instance"/>
      </interaction>
      <interaction>
        <code value="history-type"/>
      </interaction>
      <referencePolicy value="resolves"/>
      <searchRevInclude value="Provenance:target"/>
      <searchParam>
        <name value="identifier"/>
        <definition value="http://hl7.org/fhir/SearchParameter/clinical-identifier"/>
        <type value="token"/>
      </searchParam>
      <searchParam>
        <name value="patient"/>
        <definition value="http://hl7.org/fhir/SearchParameter/clinical-patient"/>
        <type value="reference"/>
      </searchParam>
      <searchParam>
        <name value="status"/>
        <definition value="http://hl7.org/fhir/SearchParameter/FamilyMemberHistory-status"/>
        <type value="token"/>
      </searchParam>
      <searchParam>
        <name value="relationship"/>
        <definition value="http://hl7.org/fhir/SearchParameter/FamilyMemberHistory-relationship"/>
        <type value="token"/>
      </searchParam>
    </resource>
    <interaction>
      <code value="transaction"/>
    </interaction>
    <interaction>
      <code value="batch"/>
    </interaction>
    <interaction>
      <code value="search-system"/>
    </interaction>
    <interaction>
      <code value="history-system"/>
    </interaction>
  </rest>
</CapabilityStatement>