<?xml version="1.0" encoding="UTF-8"?>

<CodeSystem xmlns="http://hl7.org/fhir">
  <id value="jp-condition-severity-cs"/>
  <text>
    <status value="generated"/><div xmlns="http://www.w3.org/1999/xhtml"><p>This code system http://jpfhir.jp/fhir/Common/ValueSet/JP_ConditionSeverity_CS defines the following codes:</p><table class="codes"><tr><td style="white-space:nowrap"><b>Code</b></td><td><b>Display</b></td></tr><tr><td style="white-space:nowrap">MI<a name="jp-condition-severity-cs-MI"> </a></td><td>軽度</td></tr><tr><td style="white-space:nowrap">MO<a name="jp-condition-severity-cs-MO"> </a></td><td>中度</td></tr><tr><td style="white-space:nowrap">SE<a name="jp-condition-severity-cs-SE"> </a></td><td>重度</td></tr></table></div>
  </text>
  <url value="http://jpfhir.jp/fhir/Common/ValueSet/JP_ConditionSeverity_CS"/>
  <version value="1.1.0"/>
  <name value="JP_ConditionSeverity_CS"/>
  <title value="JP Core Condition Severity CodeSystem"/>
  <status value="draft"/>
  <date value="2022-08-03T00:30:07+00:00"/>
  <publisher value="FHIR Japanese implementation research working group in Japan Association of Medical Informatics (JAMI)"/>
  <contact>
    <name value="FHIR Japanese implementation research working group in Japan Association of Medical Informatics (JAMI)"/>
    <telecom>
      <system value="url"/>
      <value value="http://jpfhir.jp"/>
    </telecom>
    <telecom>
      <system value="email"/>
      <value value="office@hlfhir.jp"/>
    </telecom>
  </contact>
  <description value="Conditionの重症度を示すコードシステム（HL70421 Severity of Illness Code）"/>
  <jurisdiction>
    <coding>
      <system value="urn:iso:std:iso:3166"/>
      <code value="JP"/>
    </coding>
  </jurisdiction>
  <copyright value="FHIR Japanese implementation research working group in Japan Association of Medical Informatics (JAMI)"/>
  <caseSensitive value="true"/>
  <content value="complete"/>
  <count value="3"/>
  <concept>
    <code value="MI"/>
    <display value="軽度"/>
  </concept>
  <concept>
    <code value="MO"/>
    <display value="中度"/>
  </concept>
  <concept>
    <code value="SE"/>
    <display value="重度"/>
  </concept>
</CodeSystem>