<?xml version="1.0" encoding="UTF-8"?>

<CodeSystem xmlns="http://hl7.org/fhir">
  <id value="jp-procedure-codes-stem7-cs"/>
  <text>
    <status value="generated"/><div xmlns="http://www.w3.org/1999/xhtml"><p>This code system http://jpfhir.jp/fhir/Common/CodeSystem/JP_ProcedureCodesSTEM7_CS defines the following codes:</p><table class="codes"><tr><td style="white-space:nowrap"><b>Code</b></td><td><b>Display</b></td></tr><tr><td style="white-space:nowrap">K0001A113000<a name="jp-procedure-codes-stem7-cs-K0001A113000"> </a></td><td>創傷処理 筋肉、臓器に達するもの（長径５センチメートル未満）</td></tr><tr><td style="white-space:nowrap">K0001T611700<a name="jp-procedure-codes-stem7-cs-K0001T611700"> </a></td><td>創傷処理 筋肉、臓器に達するもの（長径５センチメートル未満）</td></tr><tr><td style="white-space:nowrap">K0002A113000<a name="jp-procedure-codes-stem7-cs-K0002A113000"> </a></td><td>創傷処理 筋肉、臓器に達するもの（長径５センチメートル以上10センチメートル未満）</td></tr><tr><td style="white-space:nowrap">K0003イA113000<a name="jp-procedure-codes-stem7-cs-K0003.12452A113000"> </a></td><td>創傷処理 筋肉、臓器に達するもの（長径10センチメートル以上）  頭頸部のもの（長径20センチメートル以上のものに限る。）</td></tr><tr><td style="white-space:nowrap">K0003ロA113000<a name="jp-procedure-codes-stem7-cs-K0003.12525A113000"> </a></td><td>創傷処理 筋肉、臓器に達するもの（長径10センチメートル以上）  その他のもの</td></tr></table></div>
  </text>
  <url value="http://jpfhir.jp/fhir/Common/CodeSystem/JP_ProcedureCodesSTEM7_CS"/>
  <version value="1.1.0"/>
  <name value="JP_ProcedureCodesSTEM7_CS"/>
  <title value="JP Core Procedure Codes STEM7"/>
  <status value="draft"/>
  <date value="2022-08-06T07:57:57+00:00"/>
  <publisher value="FHIR Japanese implementation research working group in Japan Association of Medical Informatics (JAMI)"/>
  <contact>
    <name value="FHIR Japanese implementation research working group in Japan Association of Medical Informatics (JAMI)"/>
    <telecom>
      <system value="url"/>
      <value value="http://jpfhir.jp"/>
    </telecom>
    <telecom>
      <system value="email"/>
      <value value="office@hlfhir.jp"/>
    </telecom>
  </contact>
  <description value="処置のコード:外保連手術基幹コード(STEM7)"/>
  <jurisdiction>
    <coding>
      <system value="urn:iso:std:iso:3166"/>
      <code value="JP"/>
    </coding>
  </jurisdiction>
  <copyright value="FHIR Japanese implementation research working group in Japan Association of Medical Informatics (JAMI)"/>
  <caseSensitive value="true"/>
  <content value="complete"/>
  <count value="5"/>
  <concept>
    <code value="K0001A113000"/>
    <display value="創傷処理 筋肉、臓器に達するもの（長径５センチメートル未満）"/>
  </concept>
  <concept>
    <code value="K0001T611700"/>
    <display value="創傷処理 筋肉、臓器に達するもの（長径５センチメートル未満）"/>
  </concept>
  <concept>
    <code value="K0002A113000"/>
    <display value="創傷処理 筋肉、臓器に達するもの（長径５センチメートル以上10センチメートル未満）"/>
  </concept>
  <concept>
    <code value="K0003イA113000"/>
    <display value="創傷処理 筋肉、臓器に達するもの（長径10センチメートル以上）  頭頸部のもの（長径20センチメートル以上のものに限る。）"/>
  </concept>
  <concept>
    <code value="K0003ロA113000"/>
    <display value="創傷処理 筋肉、臓器に達するもの（長径10センチメートル以上）  その他のもの"/>
  </concept>
</CodeSystem>