<?xml version="1.0" encoding="UTF-8"?>

<SearchParameter xmlns="http://hl7.org/fhir">
  <id value="jp-coverage-insuredpersonsubnumber-sp"/>
  <text>
    <status value="generated"/><div xmlns="http://www.w3.org/1999/xhtml"><p><b>Generated Narrative</b></p><div style="display: inline-block; background-color: #d9e0e7; padding: 6px; margin: 4px; border: 1px solid #8da1b4; border-radius: 5px; line-height: 60%"><p style="margin-bottom: 0px">Resource "jp-coverage-insuredpersonsubnumber-sp" </p></div><p><b>url</b>: <code>http://jpfhir.jp/fhir/core/SearchParameter/JP_Coverage_InsuredPersonSubNumber_SP</code></p><p><b>version</b>: 1.1.0a</p><p><b>name</b>: JP_Coverage_InsuredPersonSubNumber_SP</p><p><b>status</b>: active</p><p><b>date</b>: 2022-03-23</p><p><b>publisher</b>: FHIR Japanese implementation research working group in Japan Association of Medical Informatics (JAMI)</p><p><b>contact</b>: FHIR Japanese implementation research working group in Japan Association of Medical Informatics (JAMI): <a href="http://jpfhir.jp">http://jpfhir.jp</a>,<a href="mailto:office@hlfhir.jp">office@hlfhir.jp</a></p><p><b>description</b>: CoverageリソースのInsuredPersonSubNumber(健康保険における被保険者証番号の枝番)に関する検索を定義する。</p><p><b>jurisdiction</b>: Japan <span style="background: LightGoldenRodYellow; margin: 4px; border: 1px solid khaki"> (unknown#JP)</span></p><p><b>code</b>: jp-insured-personsubnumber</p><p><b>base</b>: Coverage</p><p><b>type</b>: string</p><p><b>expression</b>: Coverage.extension.where(url='http://jpfhir.jp/fhir/core/Extension/StructureDefinition/JP_Coverage_InsuredPersonSubNumber').value.as(string)</p><p><b>xpath</b>: f:Coverage/f:extension[@url='http://jpfhir.jp/fhir/core/Extension/StructureDefinition/JP_Coverage_InsuredPersonSubNumber']/f:valueString</p><p><b>xpathUsage</b>: normal</p><p><b>multipleOr</b>: true</p><p><b>multipleAnd</b>: true</p></div>
  </text>
  <url value="http://jpfhir.jp/fhir/core/SearchParameter/JP_Coverage_InsuredPersonSubNumber_SP"/>
  <version value="1.1.0a"/>
  <name value="JP_Coverage_InsuredPersonSubNumber_SP"/>
  <status value="active"/>
  <date value="2022-03-23"/>
  <publisher value="FHIR Japanese implementation research working group in Japan Association of Medical Informatics (JAMI)"/>
  <contact>
    <name value="FHIR Japanese implementation research working group in Japan Association of Medical Informatics (JAMI)"/>
    <telecom>
      <system value="url"/>
      <value value="http://jpfhir.jp"/>
    </telecom>
    <telecom>
      <system value="email"/>
      <value value="office@hlfhir.jp"/>
    </telecom>
  </contact>
  <description value="CoverageリソースのInsuredPersonSubNumber(健康保険における被保険者証番号の枝番)に関する検索を定義する。"/>
  <jurisdiction>
    <coding>
      <system value="urn:iso:std:iso:3166"/>
      <code value="JP"/>
    </coding>
  </jurisdiction>
  <code value="jp-insured-personsubnumber"/>
  <base value="Coverage"/>
  <type value="string"/>
  <expression value="Coverage.extension.where(url='http://jpfhir.jp/fhir/core/Extension/StructureDefinition/JP_Coverage_InsuredPersonSubNumber').value.as(string)"/>
  <xpath value="f:Coverage/f:extension[@url='http://jpfhir.jp/fhir/core/Extension/StructureDefinition/JP_Coverage_InsuredPersonSubNumber']/f:valueString"/>
  <xpathUsage value="normal"/>
  <multipleOr value="true">
    <extension url="http://hl7.org/fhir/StructureDefinition/capabilitystatement-expectation">
      <valueCode value="MAY"/>
    </extension>
  </multipleOr>
  <multipleAnd value="true">
    <extension url="http://hl7.org/fhir/StructureDefinition/capabilitystatement-expectation">
      <valueCode value="MAY"/>
    </extension>
  </multipleAnd>
</SearchParameter>