<?xml version="1.0" encoding="UTF-8"?>

<ValueSet xmlns="http://hl7.org/fhir">
  <id value="jp-allergyintolerance-vs"/>
  <text>
    <status value="generated"/><div xmlns="http://www.w3.org/1999/xhtml"><p>This value set includes codes based on the following rules:</p><ul><li>Include all codes defined in <a href="CodeSystem-jp-jfagy-food-allergen-cs.html"><code>http://jpfhir.jp/fhir/Common/CodeSystem/JP_JfagyFoodAllergen_CS</code></a></li><li>Include all codes defined in <a href="CodeSystem-jp-jfagy-non-food-non-medication-allergen-cs.html"><code>http://jpfhir.jp/fhir/Common/CodeSystem/JP_JfagyNonFoodNonMedicationAllergen_CS</code></a></li><li>Include all codes defined in <a href="CodeSystem-jp-jfagy-medication-allergen-cs.html"><code>http://jpfhir.jp/fhir/Common/CodeSystem/JP_JfagyMedicationAllergen_CS</code></a></li></ul></div>
  </text>
  <url value="http://jpfhir.jp/fhir/Common/ValueSet/JP_AllergyIntolerance_VS"/>
  <version value="1.1.0"/>
  <name value="JP_AllergyIntolerance_VS"/>
  <title value="JP Core AllergyIntolerance ValueSet"/>
  <status value="draft"/>
  <date value="2022-08-29T14:36:41+00:00"/>
  <publisher value="FHIR Japanese implementation research working group in Japan Association of Medical Informatics (JAMI)"/>
  <contact>
    <name value="FHIR Japanese implementation research working group in Japan Association of Medical Informatics (JAMI)"/>
    <telecom>
      <system value="url"/>
      <value value="http://jpfhir.jp"/>
    </telecom>
    <telecom>
      <system value="email"/>
      <value value="office@hlfhir.jp"/>
    </telecom>
  </contact>
  <description value="アレルギー・不耐症に関連するアレルゲンコード"/>
  <jurisdiction>
    <coding>
      <system value="urn:iso:std:iso:3166"/>
      <code value="JP"/>
    </coding>
  </jurisdiction>
  <copyright value="FHIR Japanese implementation research working group in Japan Association of Medical Informatics (JAMI)"/>
  <compose>
    <include>
      <system value="http://jpfhir.jp/fhir/Common/CodeSystem/JP_JfagyFoodAllergen_CS"/>
    </include>
    <include>
      <system value="http://jpfhir.jp/fhir/Common/CodeSystem/JP_JfagyNonFoodNonMedicationAllergen_CS"/>
    </include>
    <include>
      <system value="http://jpfhir.jp/fhir/Common/CodeSystem/JP_JfagyMedicationAllergen_CS"/>
    </include>
  </compose>
</ValueSet>