{"resourceType":"ValueSet","id":"jp-condition-severity-vs","text":{"status":"generated","div":"<div xmlns=\"http://www.w3.org/1999/xhtml\"><ul><li>Include all codes defined in <a href=\"CodeSystem-jp-condition-severity-cs.html\"><code>http://jpfhir.jp/fhir/Common/ValueSet/JP_ConditionSeverity_CS</code></a></li></ul></div>"},"url":"http://jpfhir.jp/fhir/Common/ValueSet/JP_ConditionSeverity_VS","version":"1.1.0a","name":"JP_ConditionSeverity_VS","title":"JP Core Condition Severity","status":"draft","date":"2022-08-19T12:51:18+00:00","publisher":"FHIR Japanese implementation research working group in Japan Association of Medical Informatics (JAMI)","contact":[{"name":"FHIR Japanese implementation research working group in Japan Association of Medical Informatics (JAMI)","telecom":[{"system":"url","value":"http://jpfhir.jp"},{"system":"email","value":"office@hlfhir.jp"}]}],"description":"Conditionの重症度を示すコード","jurisdiction":[{"coding":[{"system":"urn:iso:std:iso:3166","code":"JP"}]}],"copyright":"FHIR Japanese implementation research working group in Japan Association of Medical Informatics (JAMI)","compose":{"include":[{"system":"http://jpfhir.jp/fhir/Common/ValueSet/JP_ConditionSeverity_CS"}]}}