{"resourceType":"CodeSystem","id":"jp-medication-code-hot9-cs","text":{"status":"generated","div":"<div xmlns=\"http://www.w3.org/1999/xhtml\"><p>This code system urn:oid:1.2.392.200119.4.403.1 defines many codes, but they are not represented here</p></div>"},"url":"urn:oid:1.2.392.200119.4.403.1","version":"1.1.0a","name":"JP_MedicationCodeHOT9_CS","title":"JP Core Medication HOT9 Code","status":"draft","date":"2022-08-22T11:10:21+00:00","publisher":"FHIR Japanese implementation research working group in Japan Association of Medical Informatics (JAMI)","contact":[{"name":"FHIR Japanese implementation research working group in Japan Association of Medical Informatics (JAMI)","telecom":[{"system":"url","value":"http://jpfhir.jp"},{"system":"email","value":"office@hlfhir.jp"}]}],"description":"医薬品HOT9コードのコードシステム","jurisdiction":[{"coding":[{"system":"urn:iso:std:iso:3166","code":"JP"}]}],"copyright":"FHIR Japanese implementation research working group in Japan Association of Medical Informatics (JAMI)","caseSensitive":true,"content":"not-present"}