{"resourceType":"CodeSystem","id":"jp-medication-bodysite-jami-external-cs","text":{"status":"generated","div":"<div xmlns=\"http://www.w3.org/1999/xhtml\"><p>This code system urn:oid:1.2.392.200250.2.2.20.32 defines the following codes:</p><table class=\"codes\"><tr><td style=\"white-space:nowrap\"><b>Code</b></td><td><b>Display</b></td></tr><tr><td style=\"white-space:nowrap\">010<a name=\"jp-medication-bodysite-jami-external-cs-010\"> </a></td><td>全身</td></tr><tr><td style=\"white-space:nowrap\">01R<a name=\"jp-medication-bodysite-jami-external-cs-01R\"> </a></td><td>右全身</td></tr><tr><td style=\"white-space:nowrap\">01L<a name=\"jp-medication-bodysite-jami-external-cs-01L\"> </a></td><td>左全身</td></tr><tr><td style=\"white-space:nowrap\">01B<a name=\"jp-medication-bodysite-jami-external-cs-01B\"> </a></td><td>両全身</td></tr><tr><td style=\"white-space:nowrap\">120<a name=\"jp-medication-bodysite-jami-external-cs-120\"> </a></td><td>頭皮</td></tr><tr><td style=\"white-space:nowrap\">12R<a name=\"jp-medication-bodysite-jami-external-cs-12R\"> </a></td><td>右頭皮</td></tr><tr><td style=\"white-space:nowrap\">12L<a name=\"jp-medication-bodysite-jami-external-cs-12L\"> </a></td><td>左頭皮</td></tr><tr><td style=\"white-space:nowrap\">12B<a name=\"jp-medication-bodysite-jami-external-cs-12B\"> </a></td><td>両頭皮</td></tr><tr><td style=\"white-space:nowrap\">130<a name=\"jp-medication-bodysite-jami-external-cs-130\"> </a></td><td>頭部</td></tr><tr><td style=\"white-space:nowrap\">13R<a name=\"jp-medication-bodysite-jami-external-cs-13R\"> </a></td><td>右頭部</td></tr><tr><td style=\"white-space:nowrap\">13L<a name=\"jp-medication-bodysite-jami-external-cs-13L\"> </a></td><td>左頭部</td></tr><tr><td style=\"white-space:nowrap\">13B<a name=\"jp-medication-bodysite-jami-external-cs-13B\"> </a></td><td>両頭部</td></tr><tr><td style=\"white-space:nowrap\">140<a name=\"jp-medication-bodysite-jami-external-cs-140\"> </a></td><td>頭頂部</td></tr><tr><td style=\"white-space:nowrap\">14R<a name=\"jp-medication-bodysite-jami-external-cs-14R\"> </a></td><td>右頭頂部</td></tr><tr><td style=\"white-space:nowrap\">14L<a name=\"jp-medication-bodysite-jami-external-cs-14L\"> </a></td><td>左頭頂部</td></tr><tr><td style=\"white-space:nowrap\">14B<a name=\"jp-medication-bodysite-jami-external-cs-14B\"> </a></td><td>両頭頂部</td></tr><tr><td style=\"white-space:nowrap\">150<a name=\"jp-medication-bodysite-jami-external-cs-150\"> </a></td><td>後頭部</td></tr><tr><td style=\"white-space:nowrap\">15R<a name=\"jp-medication-bodysite-jami-external-cs-15R\"> </a></td><td>右後頭部</td></tr><tr><td style=\"white-space:nowrap\">15L<a name=\"jp-medication-bodysite-jami-external-cs-15L\"> </a></td><td>左後頭部</td></tr><tr><td style=\"white-space:nowrap\">15B<a name=\"jp-medication-bodysite-jami-external-cs-15B\"> </a></td><td>両後頭部</td></tr><tr><td style=\"white-space:nowrap\">210<a name=\"jp-medication-bodysite-jami-external-cs-210\"> </a></td><td>ひたい</td></tr><tr><td style=\"white-space:nowrap\">21R<a name=\"jp-medication-bodysite-jami-external-cs-21R\"> </a></td><td>右ひたい</td></tr><tr><td style=\"white-space:nowrap\">21L<a name=\"jp-medication-bodysite-jami-external-cs-21L\"> </a></td><td>左ひたい</td></tr><tr><td style=\"white-space:nowrap\">21B<a name=\"jp-medication-bodysite-jami-external-cs-21B\"> </a></td><td>両ひたい</td></tr><tr><td style=\"white-space:nowrap\">220<a name=\"jp-medication-bodysite-jami-external-cs-220\"> </a></td><td>顔</td></tr><tr><td style=\"white-space:nowrap\">22R<a name=\"jp-medication-bodysite-jami-external-cs-22R\"> </a></td><td>右顔</td></tr><tr><td style=\"white-space:nowrap\">22L<a name=\"jp-medication-bodysite-jami-external-cs-22L\"> </a></td><td>左顔</td></tr><tr><td style=\"white-space:nowrap\">22B<a name=\"jp-medication-bodysite-jami-external-cs-22B\"> </a></td><td>両顔</td></tr><tr><td style=\"white-space:nowrap\">230<a name=\"jp-medication-bodysite-jami-external-cs-230\"> </a></td><td>まゆ</td></tr><tr><td style=\"white-space:nowrap\">23R<a name=\"jp-medication-bodysite-jami-external-cs-23R\"> </a></td><td>右まゆ</td></tr><tr><td style=\"white-space:nowrap\">23L<a name=\"jp-medication-bodysite-jami-external-cs-23L\"> </a></td><td>左まゆ</td></tr><tr><td style=\"white-space:nowrap\">23B<a name=\"jp-medication-bodysite-jami-external-cs-23B\"> </a></td><td>両まゆ</td></tr><tr><td style=\"white-space:nowrap\">240<a name=\"jp-medication-bodysite-jami-external-cs-240\"> </a></td><td>まゆのまわり</td></tr><tr><td style=\"white-space:nowrap\">24R<a name=\"jp-medication-bodysite-jami-external-cs-24R\"> </a></td><td>右まゆのまわり</td></tr><tr><td style=\"white-space:nowrap\">24L<a name=\"jp-medication-bodysite-jami-external-cs-24L\"> </a></td><td>左まゆのまわり</td></tr><tr><td style=\"white-space:nowrap\">24B<a name=\"jp-medication-bodysite-jami-external-cs-24B\"> </a></td><td>両まゆのまわり</td></tr><tr><td style=\"white-space:nowrap\">250<a name=\"jp-medication-bodysite-jami-external-cs-250\"> </a></td><td>まぶた</td></tr><tr><td style=\"white-space:nowrap\">25R<a name=\"jp-medication-bodysite-jami-external-cs-25R\"> </a></td><td>右まぶた</td></tr><tr><td style=\"white-space:nowrap\">25L<a name=\"jp-medication-bodysite-jami-external-cs-25L\"> </a></td><td>左まぶた</td></tr><tr><td style=\"white-space:nowrap\">25B<a name=\"jp-medication-bodysite-jami-external-cs-25B\"> </a></td><td>両まぶた</td></tr><tr><td style=\"white-space:nowrap\">260<a name=\"jp-medication-bodysite-jami-external-cs-260\"> </a></td><td>眼</td></tr><tr><td style=\"white-space:nowrap\">26R<a name=\"jp-medication-bodysite-jami-external-cs-26R\"> </a></td><td>右眼</td></tr><tr><td style=\"white-space:nowrap\">26L<a name=\"jp-medication-bodysite-jami-external-cs-26L\"> </a></td><td>左眼</td></tr><tr><td style=\"white-space:nowrap\">26B<a name=\"jp-medication-bodysite-jami-external-cs-26B\"> </a></td><td>両眼</td></tr><tr><td style=\"white-space:nowrap\">270<a name=\"jp-medication-bodysite-jami-external-cs-270\"> </a></td><td>目のまわり</td></tr><tr><td style=\"white-space:nowrap\">27R<a name=\"jp-medication-bodysite-jami-external-cs-27R\"> </a></td><td>右目のまわり</td></tr><tr><td style=\"white-space:nowrap\">27L<a name=\"jp-medication-bodysite-jami-external-cs-27L\"> </a></td><td>左目のまわり</td></tr><tr><td style=\"white-space:nowrap\">27B<a name=\"jp-medication-bodysite-jami-external-cs-27B\"> </a></td><td>両目のまわり</td></tr><tr><td style=\"white-space:nowrap\">310<a name=\"jp-medication-bodysite-jami-external-cs-310\"> </a></td><td>頬</td></tr><tr><td style=\"white-space:nowrap\">31R<a name=\"jp-medication-bodysite-jami-external-cs-31R\"> </a></td><td>右頬</td></tr><tr><td style=\"white-space:nowrap\">31L<a name=\"jp-medication-bodysite-jami-external-cs-31L\"> </a></td><td>左頬</td></tr><tr><td style=\"white-space:nowrap\">31B<a name=\"jp-medication-bodysite-jami-external-cs-31B\"> </a></td><td>両頬</td></tr><tr><td style=\"white-space:nowrap\">320<a name=\"jp-medication-bodysite-jami-external-cs-320\"> </a></td><td>鼻</td></tr><tr><td style=\"white-space:nowrap\">32R<a name=\"jp-medication-bodysite-jami-external-cs-32R\"> </a></td><td>右鼻</td></tr><tr><td style=\"white-space:nowrap\">32L<a name=\"jp-medication-bodysite-jami-external-cs-32L\"> </a></td><td>左鼻</td></tr><tr><td style=\"white-space:nowrap\">32B<a name=\"jp-medication-bodysite-jami-external-cs-32B\"> </a></td><td>両鼻</td></tr><tr><td style=\"white-space:nowrap\">330<a name=\"jp-medication-bodysite-jami-external-cs-330\"> </a></td><td>鼻のまわり</td></tr><tr><td style=\"white-space:nowrap\">33R<a name=\"jp-medication-bodysite-jami-external-cs-33R\"> </a></td><td>右鼻のまわり</td></tr><tr><td style=\"white-space:nowrap\">33L<a name=\"jp-medication-bodysite-jami-external-cs-33L\"> </a></td><td>左鼻のまわり</td></tr><tr><td style=\"white-space:nowrap\">33B<a name=\"jp-medication-bodysite-jami-external-cs-33B\"> </a></td><td>両鼻のまわり</td></tr><tr><td style=\"white-space:nowrap\">340<a name=\"jp-medication-bodysite-jami-external-cs-340\"> </a></td><td>鼻の下</td></tr><tr><td style=\"white-space:nowrap\">34R<a name=\"jp-medication-bodysite-jami-external-cs-34R\"> </a></td><td>右鼻の下</td></tr><tr><td style=\"white-space:nowrap\">34L<a name=\"jp-medication-bodysite-jami-external-cs-34L\"> </a></td><td>左鼻の下</td></tr><tr><td style=\"white-space:nowrap\">34B<a name=\"jp-medication-bodysite-jami-external-cs-34B\"> </a></td><td>両鼻の下</td></tr><tr><td style=\"white-space:nowrap\">350<a name=\"jp-medication-bodysite-jami-external-cs-350\"> </a></td><td>鼻腔内</td></tr><tr><td style=\"white-space:nowrap\">35R<a name=\"jp-medication-bodysite-jami-external-cs-35R\"> </a></td><td>右鼻腔内</td></tr><tr><td style=\"white-space:nowrap\">35L<a name=\"jp-medication-bodysite-jami-external-cs-35L\"> </a></td><td>左鼻腔内</td></tr><tr><td style=\"white-space:nowrap\">35B<a name=\"jp-medication-bodysite-jami-external-cs-35B\"> </a></td><td>両鼻腔内</td></tr><tr><td style=\"white-space:nowrap\">420<a name=\"jp-medication-bodysite-jami-external-cs-420\"> </a></td><td>耳</td></tr><tr><td style=\"white-space:nowrap\">42R<a name=\"jp-medication-bodysite-jami-external-cs-42R\"> </a></td><td>右耳</td></tr><tr><td style=\"white-space:nowrap\">42L<a name=\"jp-medication-bodysite-jami-external-cs-42L\"> </a></td><td>左耳</td></tr><tr><td style=\"white-space:nowrap\">42B<a name=\"jp-medication-bodysite-jami-external-cs-42B\"> </a></td><td>両耳</td></tr><tr><td style=\"white-space:nowrap\">430<a name=\"jp-medication-bodysite-jami-external-cs-430\"> </a></td><td>耳たぶ</td></tr><tr><td style=\"white-space:nowrap\">43R<a name=\"jp-medication-bodysite-jami-external-cs-43R\"> </a></td><td>右耳たぶ</td></tr><tr><td style=\"white-space:nowrap\">43L<a name=\"jp-medication-bodysite-jami-external-cs-43L\"> </a></td><td>左耳たぶ</td></tr><tr><td style=\"white-space:nowrap\">43B<a name=\"jp-medication-bodysite-jami-external-cs-43B\"> </a></td><td>両耳たぶ</td></tr><tr><td style=\"white-space:nowrap\">440<a name=\"jp-medication-bodysite-jami-external-cs-440\"> </a></td><td>耳のうしろ</td></tr><tr><td style=\"white-space:nowrap\">44R<a name=\"jp-medication-bodysite-jami-external-cs-44R\"> </a></td><td>右耳のうしろ</td></tr><tr><td style=\"white-space:nowrap\">44L<a name=\"jp-medication-bodysite-jami-external-cs-44L\"> </a></td><td>左耳のうしろ</td></tr><tr><td style=\"white-space:nowrap\">44B<a name=\"jp-medication-bodysite-jami-external-cs-44B\"> </a></td><td>両耳のうしろ</td></tr><tr><td style=\"white-space:nowrap\">450<a name=\"jp-medication-bodysite-jami-external-cs-450\"> </a></td><td>耳のまわり</td></tr><tr><td style=\"white-space:nowrap\">45R<a name=\"jp-medication-bodysite-jami-external-cs-45R\"> </a></td><td>右耳のまわり</td></tr><tr><td style=\"white-space:nowrap\">45L<a name=\"jp-medication-bodysite-jami-external-cs-45L\"> </a></td><td>左耳のまわり</td></tr><tr><td style=\"white-space:nowrap\">45B<a name=\"jp-medication-bodysite-jami-external-cs-45B\"> </a></td><td>両耳のまわり</td></tr><tr><td style=\"white-space:nowrap\">460<a name=\"jp-medication-bodysite-jami-external-cs-460\"> </a></td><td>耳の中</td></tr><tr><td style=\"white-space:nowrap\">46R<a name=\"jp-medication-bodysite-jami-external-cs-46R\"> </a></td><td>右耳の中</td></tr><tr><td style=\"white-space:nowrap\">46L<a name=\"jp-medication-bodysite-jami-external-cs-46L\"> </a></td><td>左耳の中</td></tr><tr><td style=\"white-space:nowrap\">46B<a name=\"jp-medication-bodysite-jami-external-cs-46B\"> </a></td><td>両耳の中</td></tr><tr><td style=\"white-space:nowrap\">520<a name=\"jp-medication-bodysite-jami-external-cs-520\"> </a></td><td>口</td></tr><tr><td style=\"white-space:nowrap\">52R<a name=\"jp-medication-bodysite-jami-external-cs-52R\"> </a></td><td>右口</td></tr><tr><td style=\"white-space:nowrap\">52L<a name=\"jp-medication-bodysite-jami-external-cs-52L\"> </a></td><td>左口</td></tr><tr><td style=\"white-space:nowrap\">52B<a name=\"jp-medication-bodysite-jami-external-cs-52B\"> </a></td><td>両口</td></tr><tr><td style=\"white-space:nowrap\">530<a name=\"jp-medication-bodysite-jami-external-cs-530\"> </a></td><td>口のまわり</td></tr><tr><td style=\"white-space:nowrap\">53R<a name=\"jp-medication-bodysite-jami-external-cs-53R\"> </a></td><td>右口のまわり</td></tr><tr><td style=\"white-space:nowrap\">53L<a name=\"jp-medication-bodysite-jami-external-cs-53L\"> </a></td><td>左口のまわり</td></tr><tr><td style=\"white-space:nowrap\">53B<a name=\"jp-medication-bodysite-jami-external-cs-53B\"> </a></td><td>両口のまわり</td></tr><tr><td style=\"white-space:nowrap\">540<a name=\"jp-medication-bodysite-jami-external-cs-540\"> </a></td><td>口唇</td></tr><tr><td style=\"white-space:nowrap\">54R<a name=\"jp-medication-bodysite-jami-external-cs-54R\"> </a></td><td>右口唇</td></tr><tr><td style=\"white-space:nowrap\">54L<a name=\"jp-medication-bodysite-jami-external-cs-54L\"> </a></td><td>左口唇</td></tr><tr><td style=\"white-space:nowrap\">54B<a name=\"jp-medication-bodysite-jami-external-cs-54B\"> </a></td><td>両口唇</td></tr><tr><td style=\"white-space:nowrap\">550<a name=\"jp-medication-bodysite-jami-external-cs-550\"> </a></td><td>口腔内</td></tr><tr><td style=\"white-space:nowrap\">55R<a name=\"jp-medication-bodysite-jami-external-cs-55R\"> </a></td><td>右口腔内</td></tr><tr><td style=\"white-space:nowrap\">55L<a name=\"jp-medication-bodysite-jami-external-cs-55L\"> </a></td><td>左口腔内</td></tr><tr><td style=\"white-space:nowrap\">55B<a name=\"jp-medication-bodysite-jami-external-cs-55B\"> </a></td><td>両口腔内</td></tr><tr><td style=\"white-space:nowrap\">560<a name=\"jp-medication-bodysite-jami-external-cs-560\"> </a></td><td>口腔内ほほの内側</td></tr><tr><td style=\"white-space:nowrap\">56R<a name=\"jp-medication-bodysite-jami-external-cs-56R\"> </a></td><td>右口腔内ほほの内側</td></tr><tr><td style=\"white-space:nowrap\">56L<a name=\"jp-medication-bodysite-jami-external-cs-56L\"> </a></td><td>左口腔内ほほの内側</td></tr><tr><td style=\"white-space:nowrap\">56B<a name=\"jp-medication-bodysite-jami-external-cs-56B\"> </a></td><td>両口腔内ほほの内側</td></tr><tr><td style=\"white-space:nowrap\">570<a name=\"jp-medication-bodysite-jami-external-cs-570\"> </a></td><td>口腔内上あご部</td></tr><tr><td style=\"white-space:nowrap\">57R<a name=\"jp-medication-bodysite-jami-external-cs-57R\"> </a></td><td>右口腔内上あご部</td></tr><tr><td style=\"white-space:nowrap\">57L<a name=\"jp-medication-bodysite-jami-external-cs-57L\"> </a></td><td>左口腔内上あご部</td></tr><tr><td style=\"white-space:nowrap\">57B<a name=\"jp-medication-bodysite-jami-external-cs-57B\"> </a></td><td>両口腔内上あご部</td></tr><tr><td style=\"white-space:nowrap\">580<a name=\"jp-medication-bodysite-jami-external-cs-580\"> </a></td><td>上歯茎部</td></tr><tr><td style=\"white-space:nowrap\">58R<a name=\"jp-medication-bodysite-jami-external-cs-58R\"> </a></td><td>右上歯茎部</td></tr><tr><td style=\"white-space:nowrap\">58L<a name=\"jp-medication-bodysite-jami-external-cs-58L\"> </a></td><td>左上歯茎部</td></tr><tr><td style=\"white-space:nowrap\">58B<a name=\"jp-medication-bodysite-jami-external-cs-58B\"> </a></td><td>両上歯茎部</td></tr><tr><td style=\"white-space:nowrap\">590<a name=\"jp-medication-bodysite-jami-external-cs-590\"> </a></td><td>下歯茎部</td></tr><tr><td style=\"white-space:nowrap\">59R<a name=\"jp-medication-bodysite-jami-external-cs-59R\"> </a></td><td>右下歯茎部</td></tr><tr><td style=\"white-space:nowrap\">59L<a name=\"jp-medication-bodysite-jami-external-cs-59L\"> </a></td><td>左下歯茎部</td></tr><tr><td style=\"white-space:nowrap\">59B<a name=\"jp-medication-bodysite-jami-external-cs-59B\"> </a></td><td>両下歯茎部</td></tr><tr><td style=\"white-space:nowrap\">5A0<a name=\"jp-medication-bodysite-jami-external-cs-5A0\"> </a></td><td>舌</td></tr><tr><td style=\"white-space:nowrap\">5AR<a name=\"jp-medication-bodysite-jami-external-cs-5AR\"> </a></td><td>右舌</td></tr><tr><td style=\"white-space:nowrap\">5AL<a name=\"jp-medication-bodysite-jami-external-cs-5AL\"> </a></td><td>左舌</td></tr><tr><td style=\"white-space:nowrap\">5AB<a name=\"jp-medication-bodysite-jami-external-cs-5AB\"> </a></td><td>両舌</td></tr><tr><td style=\"white-space:nowrap\">5B0<a name=\"jp-medication-bodysite-jami-external-cs-5B0\"> </a></td><td>舌の裏側</td></tr><tr><td style=\"white-space:nowrap\">5BR<a name=\"jp-medication-bodysite-jami-external-cs-5BR\"> </a></td><td>右舌の裏側</td></tr><tr><td style=\"white-space:nowrap\">5BL<a name=\"jp-medication-bodysite-jami-external-cs-5BL\"> </a></td><td>左舌の裏側</td></tr><tr><td style=\"white-space:nowrap\">5BB<a name=\"jp-medication-bodysite-jami-external-cs-5BB\"> </a></td><td>両舌の裏側</td></tr><tr><td style=\"white-space:nowrap\">610<a name=\"jp-medication-bodysite-jami-external-cs-610\"> </a></td><td>喉の奥</td></tr><tr><td style=\"white-space:nowrap\">61R<a name=\"jp-medication-bodysite-jami-external-cs-61R\"> </a></td><td>右喉の奥</td></tr><tr><td style=\"white-space:nowrap\">61L<a name=\"jp-medication-bodysite-jami-external-cs-61L\"> </a></td><td>左喉の奥</td></tr><tr><td style=\"white-space:nowrap\">61B<a name=\"jp-medication-bodysite-jami-external-cs-61B\"> </a></td><td>両喉の奥</td></tr><tr><td style=\"white-space:nowrap\">620<a name=\"jp-medication-bodysite-jami-external-cs-620\"> </a></td><td>扁桃腺部</td></tr><tr><td style=\"white-space:nowrap\">62R<a name=\"jp-medication-bodysite-jami-external-cs-62R\"> </a></td><td>右扁桃腺部</td></tr><tr><td style=\"white-space:nowrap\">62L<a name=\"jp-medication-bodysite-jami-external-cs-62L\"> </a></td><td>左扁桃腺部</td></tr><tr><td style=\"white-space:nowrap\">62B<a name=\"jp-medication-bodysite-jami-external-cs-62B\"> </a></td><td>両扁桃腺部</td></tr><tr><td style=\"white-space:nowrap\">630<a name=\"jp-medication-bodysite-jami-external-cs-630\"> </a></td><td>下あご</td></tr><tr><td style=\"white-space:nowrap\">63R<a name=\"jp-medication-bodysite-jami-external-cs-63R\"> </a></td><td>右下あご</td></tr><tr><td style=\"white-space:nowrap\">63L<a name=\"jp-medication-bodysite-jami-external-cs-63L\"> </a></td><td>左下あご</td></tr><tr><td style=\"white-space:nowrap\">63B<a name=\"jp-medication-bodysite-jami-external-cs-63B\"> </a></td><td>両下あご</td></tr><tr><td style=\"white-space:nowrap\">640<a name=\"jp-medication-bodysite-jami-external-cs-640\"> </a></td><td>首</td></tr><tr><td style=\"white-space:nowrap\">64R<a name=\"jp-medication-bodysite-jami-external-cs-64R\"> </a></td><td>右首</td></tr><tr><td style=\"white-space:nowrap\">64L<a name=\"jp-medication-bodysite-jami-external-cs-64L\"> </a></td><td>左首</td></tr><tr><td style=\"white-space:nowrap\">64B<a name=\"jp-medication-bodysite-jami-external-cs-64B\"> </a></td><td>両首</td></tr><tr><td style=\"white-space:nowrap\">650<a name=\"jp-medication-bodysite-jami-external-cs-650\"> </a></td><td>うなじ</td></tr><tr><td style=\"white-space:nowrap\">65R<a name=\"jp-medication-bodysite-jami-external-cs-65R\"> </a></td><td>右うなじ</td></tr><tr><td style=\"white-space:nowrap\">65L<a name=\"jp-medication-bodysite-jami-external-cs-65L\"> </a></td><td>左うなじ</td></tr><tr><td style=\"white-space:nowrap\">65B<a name=\"jp-medication-bodysite-jami-external-cs-65B\"> </a></td><td>両うなじ</td></tr><tr><td style=\"white-space:nowrap\">710<a name=\"jp-medication-bodysite-jami-external-cs-710\"> </a></td><td>肩</td></tr><tr><td style=\"white-space:nowrap\">71R<a name=\"jp-medication-bodysite-jami-external-cs-71R\"> </a></td><td>右肩</td></tr><tr><td style=\"white-space:nowrap\">71L<a name=\"jp-medication-bodysite-jami-external-cs-71L\"> </a></td><td>左肩</td></tr><tr><td style=\"white-space:nowrap\">71B<a name=\"jp-medication-bodysite-jami-external-cs-71B\"> </a></td><td>両肩</td></tr><tr><td style=\"white-space:nowrap\">720<a name=\"jp-medication-bodysite-jami-external-cs-720\"> </a></td><td>上肢</td></tr><tr><td style=\"white-space:nowrap\">72R<a name=\"jp-medication-bodysite-jami-external-cs-72R\"> </a></td><td>右上肢</td></tr><tr><td style=\"white-space:nowrap\">72L<a name=\"jp-medication-bodysite-jami-external-cs-72L\"> </a></td><td>左上肢</td></tr><tr><td style=\"white-space:nowrap\">72B<a name=\"jp-medication-bodysite-jami-external-cs-72B\"> </a></td><td>両上肢</td></tr><tr><td style=\"white-space:nowrap\">730<a name=\"jp-medication-bodysite-jami-external-cs-730\"> </a></td><td>腕</td></tr><tr><td style=\"white-space:nowrap\">73R<a name=\"jp-medication-bodysite-jami-external-cs-73R\"> </a></td><td>右腕</td></tr><tr><td style=\"white-space:nowrap\">73L<a name=\"jp-medication-bodysite-jami-external-cs-73L\"> </a></td><td>左腕</td></tr><tr><td style=\"white-space:nowrap\">73B<a name=\"jp-medication-bodysite-jami-external-cs-73B\"> </a></td><td>両腕</td></tr><tr><td style=\"white-space:nowrap\">740<a name=\"jp-medication-bodysite-jami-external-cs-740\"> </a></td><td>上腕</td></tr><tr><td style=\"white-space:nowrap\">74R<a name=\"jp-medication-bodysite-jami-external-cs-74R\"> </a></td><td>右上腕</td></tr><tr><td style=\"white-space:nowrap\">74L<a name=\"jp-medication-bodysite-jami-external-cs-74L\"> </a></td><td>左上腕</td></tr><tr><td style=\"white-space:nowrap\">74B<a name=\"jp-medication-bodysite-jami-external-cs-74B\"> </a></td><td>両上腕</td></tr><tr><td style=\"white-space:nowrap\">750<a name=\"jp-medication-bodysite-jami-external-cs-750\"> </a></td><td>前腕</td></tr><tr><td style=\"white-space:nowrap\">75R<a name=\"jp-medication-bodysite-jami-external-cs-75R\"> </a></td><td>右前腕</td></tr><tr><td style=\"white-space:nowrap\">75L<a name=\"jp-medication-bodysite-jami-external-cs-75L\"> </a></td><td>左前腕</td></tr><tr><td style=\"white-space:nowrap\">75B<a name=\"jp-medication-bodysite-jami-external-cs-75B\"> </a></td><td>両前腕</td></tr><tr><td style=\"white-space:nowrap\">760<a name=\"jp-medication-bodysite-jami-external-cs-760\"> </a></td><td>ひじ</td></tr><tr><td style=\"white-space:nowrap\">76R<a name=\"jp-medication-bodysite-jami-external-cs-76R\"> </a></td><td>右ひじ</td></tr><tr><td style=\"white-space:nowrap\">76L<a name=\"jp-medication-bodysite-jami-external-cs-76L\"> </a></td><td>左ひじ</td></tr><tr><td style=\"white-space:nowrap\">76B<a name=\"jp-medication-bodysite-jami-external-cs-76B\"> </a></td><td>両ひじ</td></tr><tr><td style=\"white-space:nowrap\">770<a name=\"jp-medication-bodysite-jami-external-cs-770\"> </a></td><td>手</td></tr><tr><td style=\"white-space:nowrap\">77R<a name=\"jp-medication-bodysite-jami-external-cs-77R\"> </a></td><td>右手</td></tr><tr><td style=\"white-space:nowrap\">77L<a name=\"jp-medication-bodysite-jami-external-cs-77L\"> </a></td><td>左手</td></tr><tr><td style=\"white-space:nowrap\">77B<a name=\"jp-medication-bodysite-jami-external-cs-77B\"> </a></td><td>両手</td></tr><tr><td style=\"white-space:nowrap\">780<a name=\"jp-medication-bodysite-jami-external-cs-780\"> </a></td><td>手の甲</td></tr><tr><td style=\"white-space:nowrap\">78R<a name=\"jp-medication-bodysite-jami-external-cs-78R\"> </a></td><td>右手の甲</td></tr><tr><td style=\"white-space:nowrap\">78L<a name=\"jp-medication-bodysite-jami-external-cs-78L\"> </a></td><td>左手の甲</td></tr><tr><td style=\"white-space:nowrap\">78B<a name=\"jp-medication-bodysite-jami-external-cs-78B\"> </a></td><td>両手の甲</td></tr><tr><td style=\"white-space:nowrap\">790<a name=\"jp-medication-bodysite-jami-external-cs-790\"> </a></td><td>手のひら</td></tr><tr><td style=\"white-space:nowrap\">79R<a name=\"jp-medication-bodysite-jami-external-cs-79R\"> </a></td><td>右手のひら</td></tr><tr><td style=\"white-space:nowrap\">79L<a name=\"jp-medication-bodysite-jami-external-cs-79L\"> </a></td><td>左手のひら</td></tr><tr><td style=\"white-space:nowrap\">79B<a name=\"jp-medication-bodysite-jami-external-cs-79B\"> </a></td><td>両手のひら</td></tr><tr><td style=\"white-space:nowrap\">7A0<a name=\"jp-medication-bodysite-jami-external-cs-7A0\"> </a></td><td>手の指</td></tr><tr><td style=\"white-space:nowrap\">7AR<a name=\"jp-medication-bodysite-jami-external-cs-7AR\"> </a></td><td>右手の指</td></tr><tr><td style=\"white-space:nowrap\">7AL<a name=\"jp-medication-bodysite-jami-external-cs-7AL\"> </a></td><td>左手の指</td></tr><tr><td style=\"white-space:nowrap\">7AB<a name=\"jp-medication-bodysite-jami-external-cs-7AB\"> </a></td><td>両手の指</td></tr><tr><td style=\"white-space:nowrap\">7B0<a name=\"jp-medication-bodysite-jami-external-cs-7B0\"> </a></td><td>手の指の間</td></tr><tr><td style=\"white-space:nowrap\">7BR<a name=\"jp-medication-bodysite-jami-external-cs-7BR\"> </a></td><td>右手の指の間</td></tr><tr><td style=\"white-space:nowrap\">7BL<a name=\"jp-medication-bodysite-jami-external-cs-7BL\"> </a></td><td>左手の指の間</td></tr><tr><td style=\"white-space:nowrap\">7BB<a name=\"jp-medication-bodysite-jami-external-cs-7BB\"> </a></td><td>両手の指の間</td></tr><tr><td style=\"white-space:nowrap\">7C0<a name=\"jp-medication-bodysite-jami-external-cs-7C0\"> </a></td><td>手の爪</td></tr><tr><td style=\"white-space:nowrap\">7CR<a name=\"jp-medication-bodysite-jami-external-cs-7CR\"> </a></td><td>右手の爪</td></tr><tr><td style=\"white-space:nowrap\">7CL<a name=\"jp-medication-bodysite-jami-external-cs-7CL\"> </a></td><td>左手の爪</td></tr><tr><td style=\"white-space:nowrap\">7CB<a name=\"jp-medication-bodysite-jami-external-cs-7CB\"> </a></td><td>両手の爪</td></tr><tr><td style=\"white-space:nowrap\">7D0<a name=\"jp-medication-bodysite-jami-external-cs-7D0\"> </a></td><td>手足</td></tr><tr><td style=\"white-space:nowrap\">7DR<a name=\"jp-medication-bodysite-jami-external-cs-7DR\"> </a></td><td>右手足</td></tr><tr><td style=\"white-space:nowrap\">7DL<a name=\"jp-medication-bodysite-jami-external-cs-7DL\"> </a></td><td>左手足</td></tr><tr><td style=\"white-space:nowrap\">7DB<a name=\"jp-medication-bodysite-jami-external-cs-7DB\"> </a></td><td>両手足</td></tr><tr><td style=\"white-space:nowrap\">810<a name=\"jp-medication-bodysite-jami-external-cs-810\"> </a></td><td>体幹部</td></tr><tr><td style=\"white-space:nowrap\">81R<a name=\"jp-medication-bodysite-jami-external-cs-81R\"> </a></td><td>右体幹部</td></tr><tr><td style=\"white-space:nowrap\">81L<a name=\"jp-medication-bodysite-jami-external-cs-81L\"> </a></td><td>左体幹部</td></tr><tr><td style=\"white-space:nowrap\">81B<a name=\"jp-medication-bodysite-jami-external-cs-81B\"> </a></td><td>両体幹部</td></tr><tr><td style=\"white-space:nowrap\">820<a name=\"jp-medication-bodysite-jami-external-cs-820\"> </a></td><td>背中</td></tr><tr><td style=\"white-space:nowrap\">82R<a name=\"jp-medication-bodysite-jami-external-cs-82R\"> </a></td><td>右背中</td></tr><tr><td style=\"white-space:nowrap\">82L<a name=\"jp-medication-bodysite-jami-external-cs-82L\"> </a></td><td>左背中</td></tr><tr><td style=\"white-space:nowrap\">82B<a name=\"jp-medication-bodysite-jami-external-cs-82B\"> </a></td><td>両背中</td></tr><tr><td style=\"white-space:nowrap\">830<a name=\"jp-medication-bodysite-jami-external-cs-830\"> </a></td><td>上背部</td></tr><tr><td style=\"white-space:nowrap\">83R<a name=\"jp-medication-bodysite-jami-external-cs-83R\"> </a></td><td>右上背部</td></tr><tr><td style=\"white-space:nowrap\">83L<a name=\"jp-medication-bodysite-jami-external-cs-83L\"> </a></td><td>左上背部</td></tr><tr><td style=\"white-space:nowrap\">83B<a name=\"jp-medication-bodysite-jami-external-cs-83B\"> </a></td><td>両上背部</td></tr><tr><td style=\"white-space:nowrap\">840<a name=\"jp-medication-bodysite-jami-external-cs-840\"> </a></td><td>脇の下</td></tr><tr><td style=\"white-space:nowrap\">84R<a name=\"jp-medication-bodysite-jami-external-cs-84R\"> </a></td><td>右脇の下</td></tr><tr><td style=\"white-space:nowrap\">84L<a name=\"jp-medication-bodysite-jami-external-cs-84L\"> </a></td><td>左脇の下</td></tr><tr><td style=\"white-space:nowrap\">84B<a name=\"jp-medication-bodysite-jami-external-cs-84B\"> </a></td><td>両脇の下</td></tr><tr><td style=\"white-space:nowrap\">850<a name=\"jp-medication-bodysite-jami-external-cs-850\"> </a></td><td>全胸部</td></tr><tr><td style=\"white-space:nowrap\">85R<a name=\"jp-medication-bodysite-jami-external-cs-85R\"> </a></td><td>右全胸部</td></tr><tr><td style=\"white-space:nowrap\">85L<a name=\"jp-medication-bodysite-jami-external-cs-85L\"> </a></td><td>左全胸部</td></tr><tr><td style=\"white-space:nowrap\">85B<a name=\"jp-medication-bodysite-jami-external-cs-85B\"> </a></td><td>両全胸部</td></tr><tr><td style=\"white-space:nowrap\">860<a name=\"jp-medication-bodysite-jami-external-cs-860\"> </a></td><td>乳房</td></tr><tr><td style=\"white-space:nowrap\">86R<a name=\"jp-medication-bodysite-jami-external-cs-86R\"> </a></td><td>右乳房</td></tr><tr><td style=\"white-space:nowrap\">86L<a name=\"jp-medication-bodysite-jami-external-cs-86L\"> </a></td><td>左乳房</td></tr><tr><td style=\"white-space:nowrap\">86B<a name=\"jp-medication-bodysite-jami-external-cs-86B\"> </a></td><td>両乳房</td></tr><tr><td style=\"white-space:nowrap\">870<a name=\"jp-medication-bodysite-jami-external-cs-870\"> </a></td><td>乳房まわり</td></tr><tr><td style=\"white-space:nowrap\">87R<a name=\"jp-medication-bodysite-jami-external-cs-87R\"> </a></td><td>右乳房まわり</td></tr><tr><td style=\"white-space:nowrap\">87L<a name=\"jp-medication-bodysite-jami-external-cs-87L\"> </a></td><td>左乳房まわり</td></tr><tr><td style=\"white-space:nowrap\">87B<a name=\"jp-medication-bodysite-jami-external-cs-87B\"> </a></td><td>両乳房まわり</td></tr><tr><td style=\"white-space:nowrap\">880<a name=\"jp-medication-bodysite-jami-external-cs-880\"> </a></td><td>乳首</td></tr><tr><td style=\"white-space:nowrap\">88R<a name=\"jp-medication-bodysite-jami-external-cs-88R\"> </a></td><td>右乳首</td></tr><tr><td style=\"white-space:nowrap\">88L<a name=\"jp-medication-bodysite-jami-external-cs-88L\"> </a></td><td>左乳首</td></tr><tr><td style=\"white-space:nowrap\">88B<a name=\"jp-medication-bodysite-jami-external-cs-88B\"> </a></td><td>両乳首</td></tr><tr><td style=\"white-space:nowrap\">890<a name=\"jp-medication-bodysite-jami-external-cs-890\"> </a></td><td>上腹部</td></tr><tr><td style=\"white-space:nowrap\">89R<a name=\"jp-medication-bodysite-jami-external-cs-89R\"> </a></td><td>右上腹部</td></tr><tr><td style=\"white-space:nowrap\">89L<a name=\"jp-medication-bodysite-jami-external-cs-89L\"> </a></td><td>左上腹部</td></tr><tr><td style=\"white-space:nowrap\">89B<a name=\"jp-medication-bodysite-jami-external-cs-89B\"> </a></td><td>両上腹部</td></tr><tr><td style=\"white-space:nowrap\">8A0<a name=\"jp-medication-bodysite-jami-external-cs-8A0\"> </a></td><td>下腹部</td></tr><tr><td style=\"white-space:nowrap\">8AR<a name=\"jp-medication-bodysite-jami-external-cs-8AR\"> </a></td><td>右下腹部</td></tr><tr><td style=\"white-space:nowrap\">8AL<a name=\"jp-medication-bodysite-jami-external-cs-8AL\"> </a></td><td>左下腹部</td></tr><tr><td style=\"white-space:nowrap\">8AB<a name=\"jp-medication-bodysite-jami-external-cs-8AB\"> </a></td><td>両下腹部</td></tr><tr><td style=\"white-space:nowrap\">8B0<a name=\"jp-medication-bodysite-jami-external-cs-8B0\"> </a></td><td>へそ</td></tr><tr><td style=\"white-space:nowrap\">8BR<a name=\"jp-medication-bodysite-jami-external-cs-8BR\"> </a></td><td>右へそ</td></tr><tr><td style=\"white-space:nowrap\">8BL<a name=\"jp-medication-bodysite-jami-external-cs-8BL\"> </a></td><td>左へそ</td></tr><tr><td style=\"white-space:nowrap\">8BB<a name=\"jp-medication-bodysite-jami-external-cs-8BB\"> </a></td><td>両へそ</td></tr><tr><td style=\"white-space:nowrap\">8C0<a name=\"jp-medication-bodysite-jami-external-cs-8C0\"> </a></td><td>へそのまわり</td></tr><tr><td style=\"white-space:nowrap\">8CR<a name=\"jp-medication-bodysite-jami-external-cs-8CR\"> </a></td><td>右へそのまわり</td></tr><tr><td style=\"white-space:nowrap\">8CL<a name=\"jp-medication-bodysite-jami-external-cs-8CL\"> </a></td><td>左へそのまわり</td></tr><tr><td style=\"white-space:nowrap\">8CB<a name=\"jp-medication-bodysite-jami-external-cs-8CB\"> </a></td><td>両へそのまわり</td></tr><tr><td style=\"white-space:nowrap\">8D0<a name=\"jp-medication-bodysite-jami-external-cs-8D0\"> </a></td><td>臀部</td></tr><tr><td style=\"white-space:nowrap\">8DR<a name=\"jp-medication-bodysite-jami-external-cs-8DR\"> </a></td><td>右臀部</td></tr><tr><td style=\"white-space:nowrap\">8DL<a name=\"jp-medication-bodysite-jami-external-cs-8DL\"> </a></td><td>左臀部</td></tr><tr><td style=\"white-space:nowrap\">8DB<a name=\"jp-medication-bodysite-jami-external-cs-8DB\"> </a></td><td>両臀部</td></tr><tr><td style=\"white-space:nowrap\">8E0<a name=\"jp-medication-bodysite-jami-external-cs-8E0\"> </a></td><td>陰のう</td></tr><tr><td style=\"white-space:nowrap\">8ER<a name=\"jp-medication-bodysite-jami-external-cs-8ER\"> </a></td><td>右陰のう</td></tr><tr><td style=\"white-space:nowrap\">8EL<a name=\"jp-medication-bodysite-jami-external-cs-8EL\"> </a></td><td>左陰のう</td></tr><tr><td style=\"white-space:nowrap\">8EB<a name=\"jp-medication-bodysite-jami-external-cs-8EB\"> </a></td><td>両陰のう</td></tr><tr><td style=\"white-space:nowrap\">8F0<a name=\"jp-medication-bodysite-jami-external-cs-8F0\"> </a></td><td>陰部</td></tr><tr><td style=\"white-space:nowrap\">8FR<a name=\"jp-medication-bodysite-jami-external-cs-8FR\"> </a></td><td>右陰部</td></tr><tr><td style=\"white-space:nowrap\">8FL<a name=\"jp-medication-bodysite-jami-external-cs-8FL\"> </a></td><td>左陰部</td></tr><tr><td style=\"white-space:nowrap\">8FB<a name=\"jp-medication-bodysite-jami-external-cs-8FB\"> </a></td><td>両陰部</td></tr><tr><td style=\"white-space:nowrap\">8G0<a name=\"jp-medication-bodysite-jami-external-cs-8G0\"> </a></td><td>股間部</td></tr><tr><td style=\"white-space:nowrap\">8GR<a name=\"jp-medication-bodysite-jami-external-cs-8GR\"> </a></td><td>右股間部</td></tr><tr><td style=\"white-space:nowrap\">8GL<a name=\"jp-medication-bodysite-jami-external-cs-8GL\"> </a></td><td>左股間部</td></tr><tr><td style=\"white-space:nowrap\">8GB<a name=\"jp-medication-bodysite-jami-external-cs-8GB\"> </a></td><td>両股間部</td></tr><tr><td style=\"white-space:nowrap\">8H0<a name=\"jp-medication-bodysite-jami-external-cs-8H0\"> </a></td><td>肛門部</td></tr><tr><td style=\"white-space:nowrap\">8HR<a name=\"jp-medication-bodysite-jami-external-cs-8HR\"> </a></td><td>右肛門部</td></tr><tr><td style=\"white-space:nowrap\">8HL<a name=\"jp-medication-bodysite-jami-external-cs-8HL\"> </a></td><td>左肛門部</td></tr><tr><td style=\"white-space:nowrap\">8HB<a name=\"jp-medication-bodysite-jami-external-cs-8HB\"> </a></td><td>両肛門部</td></tr><tr><td style=\"white-space:nowrap\">8J0<a name=\"jp-medication-bodysite-jami-external-cs-8J0\"> </a></td><td>肛門周囲</td></tr><tr><td style=\"white-space:nowrap\">8JR<a name=\"jp-medication-bodysite-jami-external-cs-8JR\"> </a></td><td>右肛門周囲</td></tr><tr><td style=\"white-space:nowrap\">8JL<a name=\"jp-medication-bodysite-jami-external-cs-8JL\"> </a></td><td>左肛門周囲</td></tr><tr><td style=\"white-space:nowrap\">8JB<a name=\"jp-medication-bodysite-jami-external-cs-8JB\"> </a></td><td>両肛門周囲</td></tr><tr><td style=\"white-space:nowrap\">910<a name=\"jp-medication-bodysite-jami-external-cs-910\"> </a></td><td>下肢</td></tr><tr><td style=\"white-space:nowrap\">91R<a name=\"jp-medication-bodysite-jami-external-cs-91R\"> </a></td><td>右下肢</td></tr><tr><td style=\"white-space:nowrap\">91L<a name=\"jp-medication-bodysite-jami-external-cs-91L\"> </a></td><td>左下肢</td></tr><tr><td style=\"white-space:nowrap\">91B<a name=\"jp-medication-bodysite-jami-external-cs-91B\"> </a></td><td>両下肢</td></tr><tr><td style=\"white-space:nowrap\">920<a name=\"jp-medication-bodysite-jami-external-cs-920\"> </a></td><td>ふともも</td></tr><tr><td style=\"white-space:nowrap\">92R<a name=\"jp-medication-bodysite-jami-external-cs-92R\"> </a></td><td>右ふともも</td></tr><tr><td style=\"white-space:nowrap\">92L<a name=\"jp-medication-bodysite-jami-external-cs-92L\"> </a></td><td>左ふともも</td></tr><tr><td style=\"white-space:nowrap\">92B<a name=\"jp-medication-bodysite-jami-external-cs-92B\"> </a></td><td>両ふともも</td></tr><tr><td style=\"white-space:nowrap\">930<a name=\"jp-medication-bodysite-jami-external-cs-930\"> </a></td><td>ふともも後ろ</td></tr><tr><td style=\"white-space:nowrap\">93R<a name=\"jp-medication-bodysite-jami-external-cs-93R\"> </a></td><td>右ふともも後ろ</td></tr><tr><td style=\"white-space:nowrap\">93L<a name=\"jp-medication-bodysite-jami-external-cs-93L\"> </a></td><td>左ふともも後ろ</td></tr><tr><td style=\"white-space:nowrap\">93B<a name=\"jp-medication-bodysite-jami-external-cs-93B\"> </a></td><td>両ふともも後ろ</td></tr><tr><td style=\"white-space:nowrap\">940<a name=\"jp-medication-bodysite-jami-external-cs-940\"> </a></td><td>ふとももとすね</td></tr><tr><td style=\"white-space:nowrap\">94R<a name=\"jp-medication-bodysite-jami-external-cs-94R\"> </a></td><td>右ふとももとすね</td></tr><tr><td style=\"white-space:nowrap\">94L<a name=\"jp-medication-bodysite-jami-external-cs-94L\"> </a></td><td>左ふとももとすね</td></tr><tr><td style=\"white-space:nowrap\">94B<a name=\"jp-medication-bodysite-jami-external-cs-94B\"> </a></td><td>両ふとももとすね</td></tr><tr><td style=\"white-space:nowrap\">950<a name=\"jp-medication-bodysite-jami-external-cs-950\"> </a></td><td>膝</td></tr><tr><td style=\"white-space:nowrap\">95R<a name=\"jp-medication-bodysite-jami-external-cs-95R\"> </a></td><td>右膝</td></tr><tr><td style=\"white-space:nowrap\">95L<a name=\"jp-medication-bodysite-jami-external-cs-95L\"> </a></td><td>左膝</td></tr><tr><td style=\"white-space:nowrap\">95B<a name=\"jp-medication-bodysite-jami-external-cs-95B\"> </a></td><td>両膝</td></tr><tr><td style=\"white-space:nowrap\">960<a name=\"jp-medication-bodysite-jami-external-cs-960\"> </a></td><td>膝のうら</td></tr><tr><td style=\"white-space:nowrap\">96R<a name=\"jp-medication-bodysite-jami-external-cs-96R\"> </a></td><td>右膝のうら</td></tr><tr><td style=\"white-space:nowrap\">96L<a name=\"jp-medication-bodysite-jami-external-cs-96L\"> </a></td><td>左膝のうら</td></tr><tr><td style=\"white-space:nowrap\">96B<a name=\"jp-medication-bodysite-jami-external-cs-96B\"> </a></td><td>両膝のうら</td></tr><tr><td style=\"white-space:nowrap\">970<a name=\"jp-medication-bodysite-jami-external-cs-970\"> </a></td><td>すね</td></tr><tr><td style=\"white-space:nowrap\">97R<a name=\"jp-medication-bodysite-jami-external-cs-97R\"> </a></td><td>右すね</td></tr><tr><td style=\"white-space:nowrap\">97L<a name=\"jp-medication-bodysite-jami-external-cs-97L\"> </a></td><td>左すね</td></tr><tr><td style=\"white-space:nowrap\">97B<a name=\"jp-medication-bodysite-jami-external-cs-97B\"> </a></td><td>両すね</td></tr><tr><td style=\"white-space:nowrap\">980<a name=\"jp-medication-bodysite-jami-external-cs-980\"> </a></td><td>ふくらはぎ</td></tr><tr><td style=\"white-space:nowrap\">98R<a name=\"jp-medication-bodysite-jami-external-cs-98R\"> </a></td><td>右ふくらはぎ</td></tr><tr><td style=\"white-space:nowrap\">98L<a name=\"jp-medication-bodysite-jami-external-cs-98L\"> </a></td><td>左ふくらはぎ</td></tr><tr><td style=\"white-space:nowrap\">98B<a name=\"jp-medication-bodysite-jami-external-cs-98B\"> </a></td><td>両ふくらはぎ</td></tr><tr><td style=\"white-space:nowrap\">990<a name=\"jp-medication-bodysite-jami-external-cs-990\"> </a></td><td>くるぶし</td></tr><tr><td style=\"white-space:nowrap\">99R<a name=\"jp-medication-bodysite-jami-external-cs-99R\"> </a></td><td>右くるぶし</td></tr><tr><td style=\"white-space:nowrap\">99L<a name=\"jp-medication-bodysite-jami-external-cs-99L\"> </a></td><td>左くるぶし</td></tr><tr><td style=\"white-space:nowrap\">99B<a name=\"jp-medication-bodysite-jami-external-cs-99B\"> </a></td><td>両くるぶし</td></tr><tr><td style=\"white-space:nowrap\">9A0<a name=\"jp-medication-bodysite-jami-external-cs-9A0\"> </a></td><td>かかと</td></tr><tr><td style=\"white-space:nowrap\">9AR<a name=\"jp-medication-bodysite-jami-external-cs-9AR\"> </a></td><td>右かかと</td></tr><tr><td style=\"white-space:nowrap\">9AL<a name=\"jp-medication-bodysite-jami-external-cs-9AL\"> </a></td><td>左かかと</td></tr><tr><td style=\"white-space:nowrap\">9AB<a name=\"jp-medication-bodysite-jami-external-cs-9AB\"> </a></td><td>両かかと</td></tr><tr><td style=\"white-space:nowrap\">9B0<a name=\"jp-medication-bodysite-jami-external-cs-9B0\"> </a></td><td>足</td></tr><tr><td style=\"white-space:nowrap\">9BR<a name=\"jp-medication-bodysite-jami-external-cs-9BR\"> </a></td><td>右足</td></tr><tr><td style=\"white-space:nowrap\">9BL<a name=\"jp-medication-bodysite-jami-external-cs-9BL\"> </a></td><td>左足</td></tr><tr><td style=\"white-space:nowrap\">9BB<a name=\"jp-medication-bodysite-jami-external-cs-9BB\"> </a></td><td>両足</td></tr><tr><td style=\"white-space:nowrap\">9C0<a name=\"jp-medication-bodysite-jami-external-cs-9C0\"> </a></td><td>足の裏</td></tr><tr><td style=\"white-space:nowrap\">9CR<a name=\"jp-medication-bodysite-jami-external-cs-9CR\"> </a></td><td>右足の裏</td></tr><tr><td style=\"white-space:nowrap\">9CL<a name=\"jp-medication-bodysite-jami-external-cs-9CL\"> </a></td><td>左足の裏</td></tr><tr><td style=\"white-space:nowrap\">9CB<a name=\"jp-medication-bodysite-jami-external-cs-9CB\"> </a></td><td>両足の裏</td></tr><tr><td style=\"white-space:nowrap\">9D0<a name=\"jp-medication-bodysite-jami-external-cs-9D0\"> </a></td><td>足の甲</td></tr><tr><td style=\"white-space:nowrap\">9DR<a name=\"jp-medication-bodysite-jami-external-cs-9DR\"> </a></td><td>右足の甲</td></tr><tr><td style=\"white-space:nowrap\">9DL<a name=\"jp-medication-bodysite-jami-external-cs-9DL\"> </a></td><td>左足の甲</td></tr><tr><td style=\"white-space:nowrap\">9DB<a name=\"jp-medication-bodysite-jami-external-cs-9DB\"> </a></td><td>両足の甲</td></tr><tr><td style=\"white-space:nowrap\">9E0<a name=\"jp-medication-bodysite-jami-external-cs-9E0\"> </a></td><td>足のゆび</td></tr><tr><td style=\"white-space:nowrap\">9ER<a name=\"jp-medication-bodysite-jami-external-cs-9ER\"> </a></td><td>右足のゆび</td></tr><tr><td style=\"white-space:nowrap\">9EL<a name=\"jp-medication-bodysite-jami-external-cs-9EL\"> </a></td><td>左足のゆび</td></tr><tr><td style=\"white-space:nowrap\">9EB<a name=\"jp-medication-bodysite-jami-external-cs-9EB\"> </a></td><td>両足のゆび</td></tr><tr><td style=\"white-space:nowrap\">9F0<a name=\"jp-medication-bodysite-jami-external-cs-9F0\"> </a></td><td>足のゆびの間</td></tr><tr><td style=\"white-space:nowrap\">9FR<a name=\"jp-medication-bodysite-jami-external-cs-9FR\"> </a></td><td>右足のゆびの間</td></tr><tr><td style=\"white-space:nowrap\">9FL<a name=\"jp-medication-bodysite-jami-external-cs-9FL\"> </a></td><td>左足のゆびの間</td></tr><tr><td style=\"white-space:nowrap\">9FB<a name=\"jp-medication-bodysite-jami-external-cs-9FB\"> </a></td><td>両足のゆびの間</td></tr><tr><td style=\"white-space:nowrap\">9G0<a name=\"jp-medication-bodysite-jami-external-cs-9G0\"> </a></td><td>足の爪</td></tr><tr><td style=\"white-space:nowrap\">9GR<a name=\"jp-medication-bodysite-jami-external-cs-9GR\"> </a></td><td>右足の爪</td></tr><tr><td style=\"white-space:nowrap\">9GL<a name=\"jp-medication-bodysite-jami-external-cs-9GL\"> </a></td><td>左足の爪</td></tr><tr><td style=\"white-space:nowrap\">9GB<a name=\"jp-medication-bodysite-jami-external-cs-9GB\"> </a></td><td>両足の爪</td></tr><tr><td style=\"white-space:nowrap\">A10<a name=\"jp-medication-bodysite-jami-external-cs-A10\"> </a></td><td>かゆい所</td></tr><tr><td style=\"white-space:nowrap\">A1R<a name=\"jp-medication-bodysite-jami-external-cs-A1R\"> </a></td><td>右かゆい所</td></tr><tr><td style=\"white-space:nowrap\">A1L<a name=\"jp-medication-bodysite-jami-external-cs-A1L\"> </a></td><td>左かゆい所</td></tr><tr><td style=\"white-space:nowrap\">A1B<a name=\"jp-medication-bodysite-jami-external-cs-A1B\"> </a></td><td>両かゆい所</td></tr><tr><td style=\"white-space:nowrap\">A20<a name=\"jp-medication-bodysite-jami-external-cs-A20\"> </a></td><td>カサカサした所</td></tr><tr><td style=\"white-space:nowrap\">A2R<a name=\"jp-medication-bodysite-jami-external-cs-A2R\"> </a></td><td>右カサカサした所</td></tr><tr><td style=\"white-space:nowrap\">A2L<a name=\"jp-medication-bodysite-jami-external-cs-A2L\"> </a></td><td>左カサカサした所</td></tr><tr><td style=\"white-space:nowrap\">A2B<a name=\"jp-medication-bodysite-jami-external-cs-A2B\"> </a></td><td>両カサカサした所</td></tr><tr><td style=\"white-space:nowrap\">A30<a name=\"jp-medication-bodysite-jami-external-cs-A30\"> </a></td><td>じくじくした所</td></tr><tr><td style=\"white-space:nowrap\">A3R<a name=\"jp-medication-bodysite-jami-external-cs-A3R\"> </a></td><td>右じくじくした所</td></tr><tr><td style=\"white-space:nowrap\">A3L<a name=\"jp-medication-bodysite-jami-external-cs-A3L\"> </a></td><td>左じくじくした所</td></tr><tr><td style=\"white-space:nowrap\">A3B<a name=\"jp-medication-bodysite-jami-external-cs-A3B\"> </a></td><td>両じくじくした所</td></tr><tr><td style=\"white-space:nowrap\">A40<a name=\"jp-medication-bodysite-jami-external-cs-A40\"> </a></td><td>ひどい所</td></tr><tr><td style=\"white-space:nowrap\">A4R<a name=\"jp-medication-bodysite-jami-external-cs-A4R\"> </a></td><td>右ひどい所</td></tr><tr><td style=\"white-space:nowrap\">A4L<a name=\"jp-medication-bodysite-jami-external-cs-A4L\"> </a></td><td>左ひどい所</td></tr><tr><td style=\"white-space:nowrap\">A4B<a name=\"jp-medication-bodysite-jami-external-cs-A4B\"> </a></td><td>両ひどい所</td></tr><tr><td style=\"white-space:nowrap\">A50<a name=\"jp-medication-bodysite-jami-external-cs-A50\"> </a></td><td>褥瘡部</td></tr><tr><td style=\"white-space:nowrap\">A5R<a name=\"jp-medication-bodysite-jami-external-cs-A5R\"> </a></td><td>右褥瘡部</td></tr><tr><td style=\"white-space:nowrap\">A5L<a name=\"jp-medication-bodysite-jami-external-cs-A5L\"> </a></td><td>左褥瘡部</td></tr><tr><td style=\"white-space:nowrap\">A5B<a name=\"jp-medication-bodysite-jami-external-cs-A5B\"> </a></td><td>両褥瘡部</td></tr><tr><td style=\"white-space:nowrap\">A60<a name=\"jp-medication-bodysite-jami-external-cs-A60\"> </a></td><td>発赤部</td></tr><tr><td style=\"white-space:nowrap\">A6R<a name=\"jp-medication-bodysite-jami-external-cs-A6R\"> </a></td><td>右発赤部</td></tr><tr><td style=\"white-space:nowrap\">A6L<a name=\"jp-medication-bodysite-jami-external-cs-A6L\"> </a></td><td>左発赤部</td></tr><tr><td style=\"white-space:nowrap\">A6B<a name=\"jp-medication-bodysite-jami-external-cs-A6B\"> </a></td><td>両発赤部</td></tr><tr><td style=\"white-space:nowrap\">A70<a name=\"jp-medication-bodysite-jami-external-cs-A70\"> </a></td><td>発疹部</td></tr><tr><td style=\"white-space:nowrap\">A7R<a name=\"jp-medication-bodysite-jami-external-cs-A7R\"> </a></td><td>右発疹部</td></tr><tr><td style=\"white-space:nowrap\">A7L<a name=\"jp-medication-bodysite-jami-external-cs-A7L\"> </a></td><td>左発疹部</td></tr><tr><td style=\"white-space:nowrap\">A7B<a name=\"jp-medication-bodysite-jami-external-cs-A7B\"> </a></td><td>両発疹部</td></tr><tr><td style=\"white-space:nowrap\">A80<a name=\"jp-medication-bodysite-jami-external-cs-A80\"> </a></td><td>ストマ部</td></tr><tr><td style=\"white-space:nowrap\">A8R<a name=\"jp-medication-bodysite-jami-external-cs-A8R\"> </a></td><td>右ストマ部</td></tr><tr><td style=\"white-space:nowrap\">A8L<a name=\"jp-medication-bodysite-jami-external-cs-A8L\"> </a></td><td>左ストマ部</td></tr><tr><td style=\"white-space:nowrap\">A8B<a name=\"jp-medication-bodysite-jami-external-cs-A8B\"> </a></td><td>両ストマ部</td></tr><tr><td style=\"white-space:nowrap\">A90<a name=\"jp-medication-bodysite-jami-external-cs-A90\"> </a></td><td>カテ挿入部</td></tr><tr><td style=\"white-space:nowrap\">A9R<a name=\"jp-medication-bodysite-jami-external-cs-A9R\"> </a></td><td>右カテ挿入部</td></tr><tr><td style=\"white-space:nowrap\">A9L<a name=\"jp-medication-bodysite-jami-external-cs-A9L\"> </a></td><td>左カテ挿入部</td></tr><tr><td style=\"white-space:nowrap\">A9B<a name=\"jp-medication-bodysite-jami-external-cs-A9B\"> </a></td><td>両カテ挿入部</td></tr><tr><td style=\"white-space:nowrap\">AA0<a name=\"jp-medication-bodysite-jami-external-cs-AA0\"> </a></td><td>患部</td></tr><tr><td style=\"white-space:nowrap\">AAR<a name=\"jp-medication-bodysite-jami-external-cs-AAR\"> </a></td><td>右患部</td></tr><tr><td style=\"white-space:nowrap\">AAL<a name=\"jp-medication-bodysite-jami-external-cs-AAL\"> </a></td><td>左患部</td></tr><tr><td style=\"white-space:nowrap\">AAB<a name=\"jp-medication-bodysite-jami-external-cs-AAB\"> </a></td><td>両患部</td></tr></table></div>"},"url":"urn:oid:1.2.392.200250.2.2.20.32","version":"1.1.0a","name":"JP_MedicationBodySiteJAMIExternal_CS","title":"JP Core Medication JAMI External Body Site CodeSystem","status":"draft","date":"2022-08-27T00:09:33+00:00","publisher":"FHIR Japanese implementation research working group in Japan Association of Medical Informatics (JAMI)","contact":[{"name":"FHIR Japanese implementation research working group in Japan Association of Medical Informatics (JAMI)","telecom":[{"system":"url","value":"http://jpfhir.jp"},{"system":"email","value":"office@hlfhir.jp"}]}],"description":"JAMI標準用法規格表１３外用部位コードのコードシステム","jurisdiction":[{"coding":[{"system":"urn:iso:std:iso:3166","code":"JP"}]}],"copyright":"FHIR Japanese implementation research working group in Japan Association of Medical Informatics (JAMI)","caseSensitive":true,"valueSet":"http://jpfhir.jp/fhir/Common/ValueSet/JP_MedicationBodySiteJAMIExternal_VS","content":"complete","count":376,"concept":[{"code":"010","display":"全身"},{"code":"01R","display":"右全身"},{"code":"01L","display":"左全身"},{"code":"01B","display":"両全身"},{"code":"120","display":"頭皮"},{"code":"12R","display":"右頭皮"},{"code":"12L","display":"左頭皮"},{"code":"12B","display":"両頭皮"},{"code":"130","display":"頭部"},{"code":"13R","display":"右頭部"},{"code":"13L","display":"左頭部"},{"code":"13B","display":"両頭部"},{"code":"140","display":"頭頂部"},{"code":"14R","display":"右頭頂部"},{"code":"14L","display":"左頭頂部"},{"code":"14B","display":"両頭頂部"},{"code":"150","display":"後頭部"},{"code":"15R","display":"右後頭部"},{"code":"15L","display":"左後頭部"},{"code":"15B","display":"両後頭部"},{"code":"210","display":"ひたい"},{"code":"21R","display":"右ひたい"},{"code":"21L","display":"左ひたい"},{"code":"21B","display":"両ひたい"},{"code":"220","display":"顔"},{"code":"22R","display":"右顔"},{"code":"22L","display":"左顔"},{"code":"22B","display":"両顔"},{"code":"230","display":"まゆ"},{"code":"23R","display":"右まゆ"},{"code":"23L","display":"左まゆ"},{"code":"23B","display":"両まゆ"},{"code":"240","display":"まゆのまわり"},{"code":"24R","display":"右まゆのまわり"},{"code":"24L","display":"左まゆのまわり"},{"code":"24B","display":"両まゆのまわり"},{"code":"250","display":"まぶた"},{"code":"25R","display":"右まぶた"},{"code":"25L","display":"左まぶた"},{"code":"25B","display":"両まぶた"},{"code":"260","display":"眼"},{"code":"26R","display":"右眼"},{"code":"26L","display":"左眼"},{"code":"26B","display":"両眼"},{"code":"270","display":"目のまわり"},{"code":"27R","display":"右目のまわり"},{"code":"27L","display":"左目のまわり"},{"code":"27B","display":"両目のまわり"},{"code":"310","display":"頬"},{"code":"31R","display":"右頬"},{"code":"31L","display":"左頬"},{"code":"31B","display":"両頬"},{"code":"320","display":"鼻"},{"code":"32R","display":"右鼻"},{"code":"32L","display":"左鼻"},{"code":"32B","display":"両鼻"},{"code":"330","display":"鼻のまわり"},{"code":"33R","display":"右鼻のまわり"},{"code":"33L","display":"左鼻のまわり"},{"code":"33B","display":"両鼻のまわり"},{"code":"340","display":"鼻の下"},{"code":"34R","display":"右鼻の下"},{"code":"34L","display":"左鼻の下"},{"code":"34B","display":"両鼻の下"},{"code":"350","display":"鼻腔内"},{"code":"35R","display":"右鼻腔内"},{"code":"35L","display":"左鼻腔内"},{"code":"35B","display":"両鼻腔内"},{"code":"420","display":"耳"},{"code":"42R","display":"右耳"},{"code":"42L","display":"左耳"},{"code":"42B","display":"両耳"},{"code":"430","display":"耳たぶ"},{"code":"43R","display":"右耳たぶ"},{"code":"43L","display":"左耳たぶ"},{"code":"43B","display":"両耳たぶ"},{"code":"440","display":"耳のうしろ"},{"code":"44R","display":"右耳のうしろ"},{"code":"44L","display":"左耳のうしろ"},{"code":"44B","display":"両耳のうしろ"},{"code":"450","display":"耳のまわり"},{"code":"45R","display":"右耳のまわり"},{"code":"45L","display":"左耳のまわり"},{"code":"45B","display":"両耳のまわり"},{"code":"460","display":"耳の中"},{"code":"46R","display":"右耳の中"},{"code":"46L","display":"左耳の中"},{"code":"46B","display":"両耳の中"},{"code":"520","display":"口"},{"code":"52R","display":"右口"},{"code":"52L","display":"左口"},{"code":"52B","display":"両口"},{"code":"530","display":"口のまわり"},{"code":"53R","display":"右口のまわり"},{"code":"53L","display":"左口のまわり"},{"code":"53B","display":"両口のまわり"},{"code":"540","display":"口唇"},{"code":"54R","display":"右口唇"},{"code":"54L","display":"左口唇"},{"code":"54B","display":"両口唇"},{"code":"550","display":"口腔内"},{"code":"55R","display":"右口腔内"},{"code":"55L","display":"左口腔内"},{"code":"55B","display":"両口腔内"},{"code":"560","display":"口腔内ほほの内側"},{"code":"56R","display":"右口腔内ほほの内側"},{"code":"56L","display":"左口腔内ほほの内側"},{"code":"56B","display":"両口腔内ほほの内側"},{"code":"570","display":"口腔内上あご部"},{"code":"57R","display":"右口腔内上あご部"},{"code":"57L","display":"左口腔内上あご部"},{"code":"57B","display":"両口腔内上あご部"},{"code":"580","display":"上歯茎部"},{"code":"58R","display":"右上歯茎部"},{"code":"58L","display":"左上歯茎部"},{"code":"58B","display":"両上歯茎部"},{"code":"590","display":"下歯茎部"},{"code":"59R","display":"右下歯茎部"},{"code":"59L","display":"左下歯茎部"},{"code":"59B","display":"両下歯茎部"},{"code":"5A0","display":"舌"},{"code":"5AR","display":"右舌"},{"code":"5AL","display":"左舌"},{"code":"5AB","display":"両舌"},{"code":"5B0","display":"舌の裏側"},{"code":"5BR","display":"右舌の裏側"},{"code":"5BL","display":"左舌の裏側"},{"code":"5BB","display":"両舌の裏側"},{"code":"610","display":"喉の奥"},{"code":"61R","display":"右喉の奥"},{"code":"61L","display":"左喉の奥"},{"code":"61B","display":"両喉の奥"},{"code":"620","display":"扁桃腺部"},{"code":"62R","display":"右扁桃腺部"},{"code":"62L","display":"左扁桃腺部"},{"code":"62B","display":"両扁桃腺部"},{"code":"630","display":"下あご"},{"code":"63R","display":"右下あご"},{"code":"63L","display":"左下あご"},{"code":"63B","display":"両下あご"},{"code":"640","display":"首"},{"code":"64R","display":"右首"},{"code":"64L","display":"左首"},{"code":"64B","display":"両首"},{"code":"650","display":"うなじ"},{"code":"65R","display":"右うなじ"},{"code":"65L","display":"左うなじ"},{"code":"65B","display":"両うなじ"},{"code":"710","display":"肩"},{"code":"71R","display":"右肩"},{"code":"71L","display":"左肩"},{"code":"71B","display":"両肩"},{"code":"720","display":"上肢"},{"code":"72R","display":"右上肢"},{"code":"72L","display":"左上肢"},{"code":"72B","display":"両上肢"},{"code":"730","display":"腕"},{"code":"73R","display":"右腕"},{"code":"73L","display":"左腕"},{"code":"73B","display":"両腕"},{"code":"740","display":"上腕"},{"code":"74R","display":"右上腕"},{"code":"74L","display":"左上腕"},{"code":"74B","display":"両上腕"},{"code":"750","display":"前腕"},{"code":"75R","display":"右前腕"},{"code":"75L","display":"左前腕"},{"code":"75B","display":"両前腕"},{"code":"760","display":"ひじ"},{"code":"76R","display":"右ひじ"},{"code":"76L","display":"左ひじ"},{"code":"76B","display":"両ひじ"},{"code":"770","display":"手"},{"code":"77R","display":"右手"},{"code":"77L","display":"左手"},{"code":"77B","display":"両手"},{"code":"780","display":"手の甲"},{"code":"78R","display":"右手の甲"},{"code":"78L","display":"左手の甲"},{"code":"78B","display":"両手の甲"},{"code":"790","display":"手のひら"},{"code":"79R","display":"右手のひら"},{"code":"79L","display":"左手のひら"},{"code":"79B","display":"両手のひら"},{"code":"7A0","display":"手の指"},{"code":"7AR","display":"右手の指"},{"code":"7AL","display":"左手の指"},{"code":"7AB","display":"両手の指"},{"code":"7B0","display":"手の指の間"},{"code":"7BR","display":"右手の指の間"},{"code":"7BL","display":"左手の指の間"},{"code":"7BB","display":"両手の指の間"},{"code":"7C0","display":"手の爪"},{"code":"7CR","display":"右手の爪"},{"code":"7CL","display":"左手の爪"},{"code":"7CB","display":"両手の爪"},{"code":"7D0","display":"手足"},{"code":"7DR","display":"右手足"},{"code":"7DL","display":"左手足"},{"code":"7DB","display":"両手足"},{"code":"810","display":"体幹部"},{"code":"81R","display":"右体幹部"},{"code":"81L","display":"左体幹部"},{"code":"81B","display":"両体幹部"},{"code":"820","display":"背中"},{"code":"82R","display":"右背中"},{"code":"82L","display":"左背中"},{"code":"82B","display":"両背中"},{"code":"830","display":"上背部"},{"code":"83R","display":"右上背部"},{"code":"83L","display":"左上背部"},{"code":"83B","display":"両上背部"},{"code":"840","display":"脇の下"},{"code":"84R","display":"右脇の下"},{"code":"84L","display":"左脇の下"},{"code":"84B","display":"両脇の下"},{"code":"850","display":"全胸部"},{"code":"85R","display":"右全胸部"},{"code":"85L","display":"左全胸部"},{"code":"85B","display":"両全胸部"},{"code":"860","display":"乳房"},{"code":"86R","display":"右乳房"},{"code":"86L","display":"左乳房"},{"code":"86B","display":"両乳房"},{"code":"870","display":"乳房まわり"},{"code":"87R","display":"右乳房まわり"},{"code":"87L","display":"左乳房まわり"},{"code":"87B","display":"両乳房まわり"},{"code":"880","display":"乳首"},{"code":"88R","display":"右乳首"},{"code":"88L","display":"左乳首"},{"code":"88B","display":"両乳首"},{"code":"890","display":"上腹部"},{"code":"89R","display":"右上腹部"},{"code":"89L","display":"左上腹部"},{"code":"89B","display":"両上腹部"},{"code":"8A0","display":"下腹部"},{"code":"8AR","display":"右下腹部"},{"code":"8AL","display":"左下腹部"},{"code":"8AB","display":"両下腹部"},{"code":"8B0","display":"へそ"},{"code":"8BR","display":"右へそ"},{"code":"8BL","display":"左へそ"},{"code":"8BB","display":"両へそ"},{"code":"8C0","display":"へそのまわり"},{"code":"8CR","display":"右へそのまわり"},{"code":"8CL","display":"左へそのまわり"},{"code":"8CB","display":"両へそのまわり"},{"code":"8D0","display":"臀部"},{"code":"8DR","display":"右臀部"},{"code":"8DL","display":"左臀部"},{"code":"8DB","display":"両臀部"},{"code":"8E0","display":"陰のう"},{"code":"8ER","display":"右陰のう"},{"code":"8EL","display":"左陰のう"},{"code":"8EB","display":"両陰のう"},{"code":"8F0","display":"陰部"},{"code":"8FR","display":"右陰部"},{"code":"8FL","display":"左陰部"},{"code":"8FB","display":"両陰部"},{"code":"8G0","display":"股間部"},{"code":"8GR","display":"右股間部"},{"code":"8GL","display":"左股間部"},{"code":"8GB","display":"両股間部"},{"code":"8H0","display":"肛門部"},{"code":"8HR","display":"右肛門部"},{"code":"8HL","display":"左肛門部"},{"code":"8HB","display":"両肛門部"},{"code":"8J0","display":"肛門周囲"},{"code":"8JR","display":"右肛門周囲"},{"code":"8JL","display":"左肛門周囲"},{"code":"8JB","display":"両肛門周囲"},{"code":"910","display":"下肢"},{"code":"91R","display":"右下肢"},{"code":"91L","display":"左下肢"},{"code":"91B","display":"両下肢"},{"code":"920","display":"ふともも"},{"code":"92R","display":"右ふともも"},{"code":"92L","display":"左ふともも"},{"code":"92B","display":"両ふともも"},{"code":"930","display":"ふともも後ろ"},{"code":"93R","display":"右ふともも後ろ"},{"code":"93L","display":"左ふともも後ろ"},{"code":"93B","display":"両ふともも後ろ"},{"code":"940","display":"ふとももとすね"},{"code":"94R","display":"右ふとももとすね"},{"code":"94L","display":"左ふとももとすね"},{"code":"94B","display":"両ふとももとすね"},{"code":"950","display":"膝"},{"code":"95R","display":"右膝"},{"code":"95L","display":"左膝"},{"code":"95B","display":"両膝"},{"code":"960","display":"膝のうら"},{"code":"96R","display":"右膝のうら"},{"code":"96L","display":"左膝のうら"},{"code":"96B","display":"両膝のうら"},{"code":"970","display":"すね"},{"code":"97R","display":"右すね"},{"code":"97L","display":"左すね"},{"code":"97B","display":"両すね"},{"code":"980","display":"ふくらはぎ"},{"code":"98R","display":"右ふくらはぎ"},{"code":"98L","display":"左ふくらはぎ"},{"code":"98B","display":"両ふくらはぎ"},{"code":"990","display":"くるぶし"},{"code":"99R","display":"右くるぶし"},{"code":"99L","display":"左くるぶし"},{"code":"99B","display":"両くるぶし"},{"code":"9A0","display":"かかと"},{"code":"9AR","display":"右かかと"},{"code":"9AL","display":"左かかと"},{"code":"9AB","display":"両かかと"},{"code":"9B0","display":"足"},{"code":"9BR","display":"右足"},{"code":"9BL","display":"左足"},{"code":"9BB","display":"両足"},{"code":"9C0","display":"足の裏"},{"code":"9CR","display":"右足の裏"},{"code":"9CL","display":"左足の裏"},{"code":"9CB","display":"両足の裏"},{"code":"9D0","display":"足の甲"},{"code":"9DR","display":"右足の甲"},{"code":"9DL","display":"左足の甲"},{"code":"9DB","display":"両足の甲"},{"code":"9E0","display":"足のゆび"},{"code":"9ER","display":"右足のゆび"},{"code":"9EL","display":"左足のゆび"},{"code":"9EB","display":"両足のゆび"},{"code":"9F0","display":"足のゆびの間"},{"code":"9FR","display":"右足のゆびの間"},{"code":"9FL","display":"左足のゆびの間"},{"code":"9FB","display":"両足のゆびの間"},{"code":"9G0","display":"足の爪"},{"code":"9GR","display":"右足の爪"},{"code":"9GL","display":"左足の爪"},{"code":"9GB","display":"両足の爪"},{"code":"A10","display":"かゆい所"},{"code":"A1R","display":"右かゆい所"},{"code":"A1L","display":"左かゆい所"},{"code":"A1B","display":"両かゆい所"},{"code":"A20","display":"カサカサした所"},{"code":"A2R","display":"右カサカサした所"},{"code":"A2L","display":"左カサカサした所"},{"code":"A2B","display":"両カサカサした所"},{"code":"A30","display":"じくじくした所"},{"code":"A3R","display":"右じくじくした所"},{"code":"A3L","display":"左じくじくした所"},{"code":"A3B","display":"両じくじくした所"},{"code":"A40","display":"ひどい所"},{"code":"A4R","display":"右ひどい所"},{"code":"A4L","display":"左ひどい所"},{"code":"A4B","display":"両ひどい所"},{"code":"A50","display":"褥瘡部"},{"code":"A5R","display":"右褥瘡部"},{"code":"A5L","display":"左褥瘡部"},{"code":"A5B","display":"両褥瘡部"},{"code":"A60","display":"発赤部"},{"code":"A6R","display":"右発赤部"},{"code":"A6L","display":"左発赤部"},{"code":"A6B","display":"両発赤部"},{"code":"A70","display":"発疹部"},{"code":"A7R","display":"右発疹部"},{"code":"A7L","display":"左発疹部"},{"code":"A7B","display":"両発疹部"},{"code":"A80","display":"ストマ部"},{"code":"A8R","display":"右ストマ部"},{"code":"A8L","display":"左ストマ部"},{"code":"A8B","display":"両ストマ部"},{"code":"A90","display":"カテ挿入部"},{"code":"A9R","display":"右カテ挿入部"},{"code":"A9L","display":"左カテ挿入部"},{"code":"A9B","display":"両カテ挿入部"},{"code":"AA0","display":"患部"},{"code":"AAR","display":"右患部"},{"code":"AAL","display":"左患部"},{"code":"AAB","display":"両患部"}]}