{"resourceType":"NamingSystem","id":"jp-department-ssmix-namingsystem","text":{"status":"generated","div":"<div xmlns=\"http://www.w3.org/1999/xhtml\"><h3>Summary</h3><table class=\"grid\"><tr><td>Defining URL</td><td>http://jpfhir.jp/fhir/core/NamingSystem/jp-department-ssmix-namingsystem</td></tr><tr><td>Version</td><td>1.1.1</td></tr><tr><td>Name</td><td>JP_Department_SsMix_NamingSystem</td></tr><tr><td>Status</td><td>active</td></tr><tr><td>Definition</td><td><div><p>JP Core Department SsMix NamingSystem</p>\n</div></td></tr><tr><td>Publisher</td><td>FHIR Japanese implementation research working group in Japan Association of Medical Informatics (JAMI)</td></tr></table><h3>Identifiers</h3><table class=\"grid\"><tr><td><b>Type</b></td><td><b>Value</b></td><td><b>Preferred</b></td></tr><tr><td>OID</td><td>1.2.392.200250.2.2.2</td><td/></tr><tr><td>URI</td><td>urn:oid:1.2.392.200250.2.2.2</td><td>true</td></tr><tr><td>URI</td><td>http://jpfhir.jp/fhir/core/CodeSystem/JP_Department_SsMix_CS</td><td/></tr></table></div>"},"name":"JP_Department_SsMix_NamingSystem","status":"active","kind":"codesystem","date":"2022-10-24","publisher":"FHIR Japanese implementation research working group in Japan Association of Medical Informatics (JAMI)","contact":[{"name":"FHIR Japanese implementation research working group in Japan Association of Medical Informatics (JAMI)","telecom":[{"system":"url","value":"http://jpfhir.jp"},{"system":"email","value":"office@hlfhir.jp"}]}],"description":"JP Core Department SsMix NamingSystem","jurisdiction":[{"coding":[{"system":"urn:iso:std:iso:3166","code":"JP"}]}],"uniqueId":[{"type":"oid","value":"1.2.392.200250.2.2.2"},{"type":"uri","value":"urn:oid:1.2.392.200250.2.2.2","preferred":true},{"type":"uri","value":"http://jpfhir.jp/fhir/core/CodeSystem/JP_Department_SsMix_CS"}]}