{"resourceType":"SearchParameter","id":"jp-organization-insuranceorganizationcategory-sp","url":"http://jpfhir.jp/fhir/core/SearchParameter/JP_Organization_InsuranceOrganizationCategory_SP","version":"1.1.0","name":"JP_Organization_InsuranceOrganizationCategory_SP","status":"active","date":"2022-10-24","publisher":"FHIR Japanese implementation research working group in Japan Association of Medical Informatics (JAMI)","contact":[{"name":"FHIR Japanese implementation research working group in Japan Association of Medical Informatics (JAMI)","telecom":[{"system":"url","value":"http://jpfhir.jp"},{"system":"email","value":"office@hlfhir.jp"}]}],"description":"OrganizationリソースのInsuranceOrganizationCategory(点数表コード)に関する検索を定義する。","jurisdiction":[{"coding":[{"system":"urn:iso:std:iso:3166","code":"JP"}]}],"code":"jp-insurance-organizationcategory","base":["Organization"],"type":"token","expression":"Organization.extension.where(url='http://jpfhir.jp/fhir/core/Extension/StructureDefinition/JP_Organization_InsuranceOrganizationCategory').value.as(code)","xpathUsage":"normal","multipleOr":true,"_multipleOr":{"extension":[{"url":"http://hl7.org/fhir/StructureDefinition/capabilitystatement-expectation","valueCode":"MAY"}]},"multipleAnd":true,"_multipleAnd":{"extension":[{"url":"http://hl7.org/fhir/StructureDefinition/capabilitystatement-expectation","valueCode":"MAY"}]}}