{"resourceType":"ValueSet","id":"jp-medication-category-injection-vs","text":{"status":"generated","div":"<div xmlns=\"http://www.w3.org/1999/xhtml\"><p>This value set includes codes based on the following rules:</p><ul><li>Include all codes defined in <code>http://jpfhir.jp/fhir/core/CodeSystem/JP_MedicationCategoryMERIT9_CS</code></li><li>Include all codes defined in <code>http://jpfhir.jp/fhir/core/CodeSystem/JHSI0001</code></li><li>Include all codes defined in <a href=\"http://terminology.hl7.org/4.0.0/CodeSystem-v2-0482.html\"><code>http://terminology.hl7.org/CodeSystem/v2-0482</code></a></li></ul></div>"},"url":"http://jpfhir.jp/fhir/core/ValueSet/JP_MedicationCategoryInjeciton_VS","version":"1.1.0","name":"JP_MedicationCategoryInjection_VS","title":"JP Core Medication Injection Category ValueSet","status":"active","experimental":false,"date":"2022-10-24","publisher":"FHIR Japanese implementation research working group in Japan Association of Medical Informatics (JAMI)","contact":[{"name":"FHIR Japanese implementation research working group in Japan Association of Medical Informatics (JAMI)","telecom":[{"system":"url","value":"http://jpfhir.jp"},{"system":"email","value":"office@hlfhir.jp"}]}],"description":"注射・注入の処方区分コードの値セット","jurisdiction":[{"coding":[{"system":"urn:iso:std:iso:3166","code":"JP"}]}],"copyright":"Copyright Japanese  Association of Healthcare Information Systems Industry(JAHIS)  一般社団法人保健医療福祉情報システム工業会 & Japan Association of Medical Informatics (JAMI)  一般社団法人日本医療情報学会 & HL7","compose":{"include":[{"system":"http://jpfhir.jp/fhir/core/CodeSystem/JP_MedicationCategoryMERIT9_CS"},{"system":"http://jpfhir.jp/fhir/core/CodeSystem/JHSI0001"},{"system":"http://terminology.hl7.org/CodeSystem/v2-0482"}]}}