<?xml version="1.0" encoding="UTF-8"?><ValueSet xmlns="http://hl7.org/fhir"><id value="jp-undefined-vs"/><text><status value="generated"/><div xmlns="http://www.w3.org/1999/xhtml"><ul><li>Include all codes defined in <a href="CodeSystem-jp-procedure-devicekind-cs.html"><code>http://jpfhir.jp/fhir/Common/CodeSystem/JP_Undefined_CS</code></a></li></ul></div></text><url value="http://jpfhir.jp/fhir/Common/ValueSet/JP_Undefined_VS"/><version value="1.1.0a"/><name value="JP_Undefined_VS"/><title value="JP Core Undefined ValueSet"/><status value="draft"/><date value="2022-09-16T07:48:49+00:00"/><publisher value="FHIR Japanese implementation research working group in Japan Association of Medical Informatics (JAMI)"/><contact><name value="FHIR Japanese implementation research working group in Japan Association of Medical Informatics (JAMI)"/><telecom><system value="url"/><value value="http://jpfhir.jp"/></telecom><telecom><system value="email"/><value value="office@hlfhir.jp"/></telecom></contact><description value="未定義の値セット。使用する予定のコードシステムが利用できない場合や方針未決定の場合に割り振る特別なリソースです。"/><jurisdiction><coding><system value="urn:iso:std:iso:3166"/><code value="JP"/></coding></jurisdiction><copyright value="FHIR Japanese implementation research working group in Japan Association of Medical Informatics (JAMI)"/><compose><include><system value="http://jpfhir.jp/fhir/Common/CodeSystem/JP_Undefined_CS"/></include></compose></ValueSet>