{
  "resourceType": "CodeSystem",
  "id": "jp-medication-example-dosagecomment-cs",
  "text": {
    "status": "generated",
    "div": "<div xmlns=\"http://www.w3.org/1999/xhtml\"><p>This code system http://jpfhir.jp/fhir/Examples/CodeSystem/JP_MedicationAdministrationDosageComment_CS defines some example codes:</p><table class=\"codes\"><tr><td style=\"white-space:nowrap\"><b>Code</b></td><td><b>Display</b></td></tr><tr><td style=\"white-space:nowrap\">01<a name=\"jp-medication-example-dosagecomment-cs-01\"> </a></td><td>鎮静目的に</td></tr><tr><td style=\"white-space:nowrap\">02<a name=\"jp-medication-example-dosagecomment-cs-02\"> </a></td><td>ゆっくりと</td></tr><tr><td style=\"white-space:nowrap\">03<a name=\"jp-medication-example-dosagecomment-cs-03\"> </a></td><td>フイルターを通さない</td></tr><tr><td style=\"white-space:nowrap\">04<a name=\"jp-medication-example-dosagecomment-cs-04\"> </a></td><td>前後で生食プッシュ</td></tr><tr><td style=\"white-space:nowrap\">05<a name=\"jp-medication-example-dosagecomment-cs-05\"> </a></td><td>２時間以上かけて</td></tr></table></div>"
  },
  "url": "http://jpfhir.jp/fhir/Examples/CodeSystem/JP_MedicationAdministrationDosageComment_CS",
  "version": "1.1.0a",
  "name": "JP_MedicationExampleDosageComment_CS",
  "title": "JP Medication Example DosageComment",
  "status": "draft",
  "date": "2022-09-03T02:24:58+00:00",
  "publisher": "FHIR Japanese implementation research working group in Japan Association of Medical Informatics (JAMI)",
  "contact": [
    {
      "name": "FHIR Japanese implementation research working group in Japan Association of Medical Informatics (JAMI)",
      "telecom": [
        {
          "system": "url",
          "value": "http://jpfhir.jp"
        },
        {
          "system": "email",
          "value": "office@hlfhir.jp"
        }
      ]
    }
  ],
  "description": "注射用法コメントのコードシステム例",
  "jurisdiction": [
    {
      "coding": [
        {
          "system": "urn:iso:std:iso:3166",
          "code": "JP"
        }
      ]
    }
  ],
  "copyright": "FHIR Japanese implementation research working group in Japan Association of Medical Informatics (JAMI)",
  "caseSensitive": true,
  "content": "example",
  "concept": [
    {
      "code": "01",
      "display": "鎮静目的に"
    },
    {
      "code": "02",
      "display": "ゆっくりと"
    },
    {
      "code": "03",
      "display": "フイルターを通さない"
    },
    {
      "code": "04",
      "display": "前後で生食プッシュ"
    },
    {
      "code": "05",
      "display": "２時間以上かけて"
    }
  ]
}