{
  "resourceType": "ValueSet",
  "id": "jp-medication-category-jhsp0007-vs",
  "text": {
    "status": "generated",
    "div": "<div xmlns=\"http://www.w3.org/1999/xhtml\"><ul><li>Include all codes defined in <a href=\"CodeSystem-jp-medication-category-jhsp0007-cs.html\"><code>http://jpfhir.jp/fhir/Common/CodeSystem/JHSP0007</code></a></li></ul></div>"
  },
  "url": "http://jpfhir.jp/fhir/Common/ValueSet/JP_MedicationCategoryJHSP0007_VS",
  "version": "1.1.0a",
  "name": "JP_MedicationCategoryJHSP0007_VS",
  "title": "JP Core Medication JHSP0007 Category ValueSet",
  "status": "draft",
  "date": "2022-09-03T03:39:37+00:00",
  "publisher": "FHIR Japanese implementation research working group in Japan Association of Medical Informatics (JAMI)",
  "contact": [
    {
      "name": "FHIR Japanese implementation research working group in Japan Association of Medical Informatics (JAMI)",
      "telecom": [
        {
          "system": "url",
          "value": "http://jpfhir.jp"
        },
        {
          "system": "email",
          "value": "office@hlfhir.jp"
        }
      ]
    }
  ],
  "description": "JAHIS処方データ交換規約Ver.3.0C JHSP表0007処方区分コードの値セット",
  "jurisdiction": [
    {
      "coding": [
        {
          "system": "urn:iso:std:iso:3166",
          "code": "JP"
        }
      ]
    }
  ],
  "copyright": "FHIR Japanese implementation research working group in Japan Association of Medical Informatics (JAMI)",
  "compose": {
    "include": [
      {
        "system": "http://jpfhir.jp/fhir/Common/CodeSystem/JHSP0007"
      }
    ]
  }
}