{
  "resourceType": "ValueSet",
  "id": "jp-department-ssmix2digits-vs",
  "text": {
    "status": "generated",
    "div": "<div xmlns=\"http://www.w3.org/1999/xhtml\"><ul><li>Include codes from <a href=\"CodeSystem-jp-department-ssmix-cs.html\"><code>http://jpfhir.jp/fhir/Common/CodeSystem/JP_Department_SsMix_CS</code></a> where concept  descends from  <a href=\"CodeSystem-jp-department-ssmix-cs.html#jp-department-ssmix-cs-2Digits\">2Digits</a></li></ul></div>"
  },
  "url": "http://jpfhir.jp/fhir/Common/ValueSet/JP_Department_SsMix2Digits_VS",
  "version": "1.1.0a",
  "name": "JP_Department_SsMix2Digits_VS",
  "title": "JP Core Department SS-MIX 2Digits ValueSet",
  "status": "draft",
  "date": "2022-09-03T01:41:45+00:00",
  "publisher": "FHIR Japanese implementation research working group in Japan Association of Medical Informatics (JAMI)",
  "contact": [
    {
      "name": "FHIR Japanese implementation research working group in Japan Association of Medical Informatics (JAMI)",
      "telecom": [
        {
          "system": "url",
          "value": "http://jpfhir.jp"
        },
        {
          "system": "email",
          "value": "office@hlfhir.jp"
        }
      ]
    }
  ],
  "description": "SS-MIX統一診療科コード(２桁)の値セット",
  "jurisdiction": [
    {
      "coding": [
        {
          "system": "urn:iso:std:iso:3166",
          "code": "JP"
        }
      ]
    }
  ],
  "copyright": "FHIR Japanese implementation research working group in Japan Association of Medical Informatics (JAMI)",
  "compose": {
    "include": [
      {
        "system": "http://jpfhir.jp/fhir/Common/CodeSystem/JP_Department_SsMix_CS",
        "filter": [
          {
            "property": "concept",
            "op": "descendent-of",
            "value": "2Digits"
          }
        ]
      }
    ]
  }
}