{
  "resourceType": "ValueSet",
  "id": "jp-medicationcode-immunization-vs",
  "text": {
    "status": "generated",
    "div": "<div xmlns=\"http://www.w3.org/1999/xhtml\"><p>This value set includes codes based on the following rules:</p><ul><li>Include all codes defined in <a href=\"CodeSystem-jp-medicationcode-hot13-cs.html\"><code>http://jpfhir.jp/fhir/Common/CodeSystem/JP_MedicationCodeHOT13_CS</code></a></li><li>Include all codes defined in <a href=\"CodeSystem-jp-medicationcode-hot9-cs.html\"><code>http://jpfhir.jp/fhir/Common/CodeSystem/JP_MedicationCodeHOT9_CS</code></a></li><li>Include all codes defined in <a href=\"CodeSystem-jp-medication-code-yj-cs.html\"><code>http://jpfhir.jp/fhir/Common/CodeSystem/JP_MedicationCodeYJ_CS</code></a></li></ul></div>"
  },
  "url": "http://jpfhir.jp/fhir/Common/ValueSet/JP_MedicationCode_Immunization_VS",
  "version": "1.1.0a",
  "name": "JP_MedicationCode_Immunization_VS",
  "title": "JP Core MedicationCode Immunization ValueSet",
  "status": "draft",
  "date": "2022-09-03T03:39:37+00:00",
  "publisher": "FHIR Japanese implementation research working group in Japan Association of Medical Informatics (JAMI)",
  "contact": [
    {
      "name": "FHIR Japanese implementation research working group in Japan Association of Medical Informatics (JAMI)",
      "telecom": [
        {
          "system": "url",
          "value": "http://jpfhir.jp"
        },
        {
          "system": "email",
          "value": "office@hlfhir.jp"
        }
      ]
    }
  ],
  "description": "Immunization用医薬品処方コードの値セット",
  "jurisdiction": [
    {
      "coding": [
        {
          "system": "urn:iso:std:iso:3166",
          "code": "JP"
        }
      ]
    }
  ],
  "copyright": "FHIR Japanese implementation research working group in Japan Association of Medical Informatics (JAMI)",
  "compose": {
    "include": [
      {
        "system": "http://jpfhir.jp/fhir/Common/CodeSystem/JP_MedicationCodeHOT13_CS"
      },
      {
        "system": "http://jpfhir.jp/fhir/Common/CodeSystem/JP_MedicationCodeHOT9_CS"
      },
      {
        "system": "http://jpfhir.jp/fhir/Common/CodeSystem/JP_MedicationCodeYJ_CS"
      }
    ]
  }
}