{"resourceType":"ValueSet","id":"jp-procedure-category-codes-vs","text":{"status":"generated","div":"<div xmlns=\"http://www.w3.org/1999/xhtml\"><ul><li>Include all codes defined in <a href=\"CodeSystem-jp-procedure-category-codes-cs.html\"><code>http://jpfhir.jp/fhir/Common/CodeSystem/JP_ProcedureCategoryCodes_CS</code></a></li></ul></div>"},"url":"http://jpfhir.jp/fhir/Common/CodeSystem/JP_ProcedureCategoryCodes_VS","version":"1.1.0a","name":"JP_ProcedureCategoryCodes_VS","title":"JP Core Procedure Category Codes","status":"draft","date":"2022-08-23T03:56:03+00:00","publisher":"FHIR Japanese implementation research working group in Japan Association of Medical Informatics (JAMI)","contact":[{"name":"FHIR Japanese implementation research working group in Japan Association of Medical Informatics (JAMI)","telecom":[{"system":"url","value":"http://jpfhir.jp"},{"system":"email","value":"office@hlfhir.jp"}]}],"description":"処置のカテゴリを示すコード","jurisdiction":[{"coding":[{"system":"urn:iso:std:iso:3166","code":"JP"}]}],"copyright":"FHIR Japanese implementation research working group in Japan Association of Medical Informatics (JAMI)","compose":{"include":[{"system":"http://jpfhir.jp/fhir/Common/CodeSystem/JP_ProcedureCategoryCodes_CS"}]}}