{"resourceType":"ValueSet","id":"jp-allergyintolerance-codes-food-vs","text":{"status":"generated","div":"<div xmlns=\"http://www.w3.org/1999/xhtml\"><ul><li>Include all codes defined in <a href=\"CodeSystem-jp-jfagy-cs.html\"><code>http://jpfhir.jp/fhir/Common/CodeSystem/jfagy</code></a></li></ul></div>"},"url":"http://jpfhir.jp/fhir/Common/ValueSet/JP_AllergyIntoleranceCodesFood_VS","version":"1.1.0a","name":"JP_AllergyIntoleranceCodesFood_VS","title":"JP AllergyIntolerance Codes Food","status":"draft","date":"2022-06-29T14:18:51+00:00","publisher":"FHIR Japanese implementation research working group in Japan Association of Medical Informatics (JAMI)","contact":[{"name":"FHIR Japanese implementation research working group in Japan Association of Medical Informatics (JAMI)","telecom":[{"system":"url","value":"http://jpfhir.jp"},{"system":"email","value":"office@hlfhir.jp"}]}],"description":"J-FAGYにおける食品に関するアレルゲンコード","jurisdiction":[{"coding":[{"system":"urn:iso:std:iso:3166","code":"JP"}]}],"copyright":"FHIR Japanese implementation research working group in Japan Association of Medical Informatics (JAMI)","compose":{"include":[{"system":"http://jpfhir.jp/fhir/Common/CodeSystem/jfagy"}]}}