<?xml version="1.0" encoding="UTF-8"?>

<StructureDefinition xmlns="http://hl7.org/fhir">
  <id value="jp-humanname"/>
  <text>
    <status value="extensions"/><div xmlns="http://www.w3.org/1999/xhtml">Placeholder</div>
  </text>
  <url value="http://jpfhir.jp/fhir/core/StructureDefinition/JP_HumanName"/>
  <version value="1.1.2-dev"/>
  <name value="JP_HumanName"/>
  <title value="JP Core HumanName DataType"/>
  <status value="active"/>
  <date value="2023-06-26"/>
  <publisher value="FHIR Japanese implementation research working group in Japan Association of Medical Informatics (JAMI)"/>
  <contact>
    <name value="FHIR Japanese implementation research working group in Japan Association of Medical Informatics (JAMI)"/>
    <telecom>
      <system value="url"/>
      <value value="http://jpfhir.jp"/>
    </telecom>
    <telecom>
      <system value="email"/>
      <value value="office@hlfhir.jp"/>
    </telecom>
  </contact>
  <description value="このデータタイプはHumanName DataTypeに対して、患者データを送受信するための基礎となる制約と拡張を定めたものである。"/>
  <jurisdiction>
    <coding>
      <system value="urn:iso:std:iso:3166"/>
      <code value="JP"/>
    </coding>
  </jurisdiction>
  <copyright value="Copyright FHIR Japanese implementation research working group in Japan Association of Medical Informatics (JAMI) 一般社団法人日本医療情報学会NeXEHRS課題研究会FHIR日本実装検討WG"/>
  <fhirVersion value="4.0.1"/>
  <mapping>
    <identity value="v2"/>
    <uri value="http://hl7.org/v2"/>
    <name value="HL7 v2 Mapping"/>
  </mapping>
  <mapping>
    <identity value="rim"/>
    <uri value="http://hl7.org/v3"/>
    <name value="RIM Mapping"/>
  </mapping>
  <mapping>
    <identity value="servd"/>
    <uri value="http://www.omg.org/spec/ServD/1.0/"/>
    <name value="ServD"/>
  </mapping>
  <kind value="complex-type"/>
  <abstract value="false"/>
  <type value="HumanName"/>
  <baseDefinition value="http://hl7.org/fhir/StructureDefinition/HumanName"/>
  <derivation value="constraint"/>
  <snapshot>
    <element id="HumanName">
      <path value="HumanName"/>
      <short value="人の名前情報、その一部分と使い方"/>
      <definition value="識別のための人の名前情報"/>
      <comment value="名前が変更されたり、違っていると指摘されたり、コンテキストによって使われる名前が異なる場合がある。名前は、コンテキストに応じて重要性が異なるさまざまなタイプの部分に分割される場合があり、部分への分割は必ずしも重要ではない。個人名の場合、さまざまな部分に暗黙の意味が含まれている場合と含まれていない場合がある。さまざまな文化が名前の部分にさまざまな重要性を関連付けており、システムが世界中の名前の部分を気にする必要がある程度は大きく異なる。"/>
      <min value="0"/>
      <max value="*"/>
      <base>
        <path value="HumanName"/>
        <min value="0"/>
        <max value="*"/>
      </base>
      <condition value="ele-1"/>
      <constraint>
        <key value="ele-1"/>
        <severity value="error"/>
        <human value="すべてのFHIR要素には、@valueまたは子供が必要です / All FHIR elements must have a @value or children"/>
        <expression value="hasValue() or (children().count() &gt; id.count())"/>
        <xpath value="@value|f:*|h:div"/>
        <source value="http://hl7.org/fhir/StructureDefinition/Element"/>
      </constraint>
      <isModifier value="false"/>
      <mapping>
        <identity value="rim"/>
        <map value="n/a"/>
      </mapping>
      <mapping>
        <identity value="v2"/>
        <map value="XPN"/>
      </mapping>
      <mapping>
        <identity value="rim"/>
        <map value="EN (actually, PN)"/>
      </mapping>
      <mapping>
        <identity value="servd"/>
        <map value="ProviderName"/>
      </mapping>
    </element>
    <element id="HumanName.id">
      <path value="HumanName.id"/>
      <representation value="xmlAttr"/>
      <short value="要素間参照のための一意のID / Unique id for inter-element referencing"/>
      <definition value="リソース内の要素の一意のID（内部参照用）。これは、スペースを含まない文字列値である場合があります。 / Unique id for the element within a resource (for internal references). This may be any string value that does not contain spaces."/>
      <min value="0"/>
      <max value="1"/>
      <base>
        <path value="Element.id"/>
        <min value="0"/>
        <max value="1"/>
      </base>
      <type>
        <extension url="http://hl7.org/fhir/StructureDefinition/structuredefinition-fhir-type">
          <valueUrl value="string"/>
        </extension>
        <code value="http://hl7.org/fhirpath/System.String"/>
      </type>
      <isModifier value="false"/>
      <isSummary value="false"/>
      <mapping>
        <identity value="rim"/>
        <map value="n/a"/>
      </mapping>
    </element>
    <element id="HumanName.extension">
      <path value="HumanName.extension"/>
      <slicing>
        <discriminator>
          <type value="value"/>
          <path value="url"/>
        </discriminator>
        <description value="Extensions are always sliced by (at least) url"/>
        <rules value="open"/>
      </slicing>
      <short value="実装で定義された追加のコンテンツ / Additional content defined by implementations"/>
      <definition value="要素の基本的な定義の一部ではない追加情報を表すために使用できます。拡張機能を安全で管理しやすくするために、拡張機能の定義と使用に適用される厳格なガバナンスセットがあります。実装者は拡張機能を定義できますが、拡張機能の定義の一部として満たされる一連の要件があります。 / May be used to represent additional information that is not part of the basic definition of the element. To make the use of extensions safe and manageable, there is a strict set of governance  applied to the definition and use of extensions. Though any implementer can define an extension, there is a set of requirements that SHALL be met as part of the definition of the extension."/>
      <comment value="拡張機能を使用または定義する機関や管轄権に関係なく、アプリケーション、プロジェクト、または標準による拡張機能の使用に関連するスティグマはありません。拡張機能の使用は、FHIR仕様がすべての人にコアレベルのシンプルさを保持できるようにするものです。 / There can be no stigma associated with the use of extensions by any application, project, or standard - regardless of the institution or jurisdiction that uses or defines the extensions.  The use of extensions is what allows the FHIR specification to retain a core level of simplicity for everyone."/>
      <alias value="extensions"/>
      <alias value="user content"/>
      <min value="0"/>
      <max value="*"/>
      <base>
        <path value="Element.extension"/>
        <min value="0"/>
        <max value="*"/>
      </base>
      <type>
        <code value="Extension"/>
      </type>
      <constraint>
        <key value="ele-1"/>
        <severity value="error"/>
        <human value="すべてのFHIR要素には、@valueまたは子供が必要です / All FHIR elements must have a @value or children"/>
        <expression value="hasValue() or (children().count() &gt; id.count())"/>
        <xpath value="@value|f:*|h:div"/>
        <source value="http://hl7.org/fhir/StructureDefinition/Element"/>
      </constraint>
      <constraint>
        <key value="ext-1"/>
        <severity value="error"/>
        <human value="両方ではなく、拡張または値[x]が必要です / Must have either extensions or value[x], not both"/>
        <expression value="extension.exists() != value.exists()"/>
        <xpath value="exists(f:extension)!=exists(f:*[starts-with(local-name(.), &quot;value&quot;)])"/>
        <source value="http://hl7.org/fhir/StructureDefinition/Extension"/>
      </constraint>
      <isModifier value="false"/>
      <isSummary value="false"/>
      <mapping>
        <identity value="rim"/>
        <map value="n/a"/>
      </mapping>
    </element>
    <element id="HumanName.extension:nameRepresentationUse">
      <path value="HumanName.extension"/>
      <sliceName value="nameRepresentationUse"/>
      <short value="ABC |IDE |Syl / ABC | IDE | SYL"/>
      <definition value="名前の表現方法"/>
      <comment value="名前の文字起こし-表現方法（日本の名前など）。"/>
      <min value="0"/>
      <max value="1"/>
      <base>
        <path value="Element.extension"/>
        <min value="0"/>
        <max value="*"/>
      </base>
      <type>
        <code value="Extension"/>
        <profile value="http://hl7.org/fhir/StructureDefinition/iso21090-EN-representation"/>
      </type>
      <constraint>
        <key value="ele-1"/>
        <severity value="error"/>
        <human value="すべてのFHIR要素には、@valueまたは子供が必要です / All FHIR elements must have a @value or children"/>
        <expression value="hasValue() or (children().count() &gt; id.count())"/>
        <xpath value="@value|f:*|h:div"/>
        <source value="http://hl7.org/fhir/StructureDefinition/Element"/>
      </constraint>
      <constraint>
        <key value="ext-1"/>
        <severity value="error"/>
        <human value="両方ではなく、拡張または値[x]が必要です / Must have either extensions or value[x], not both"/>
        <expression value="extension.exists() != value.exists()"/>
        <xpath value="exists(f:extension)!=exists(f:*[starts-with(local-name(.), &quot;value&quot;)])"/>
        <source value="http://hl7.org/fhir/StructureDefinition/Extension"/>
      </constraint>
      <isModifier value="false"/>
      <isSummary value="false"/>
      <mapping>
        <identity value="rim"/>
        <map value="ENXP.use"/>
      </mapping>
    </element>
    <element id="HumanName.use">
      <path value="HumanName.use"/>
      <short value="通常|公式|一時的|ニックネーム|匿名|古い|未婚女性 / usual | official | temp | nickname | anonymous | old | maiden"/>
      <definition value="この名前の目的を特定します。 / Identifies the purpose for this name."/>
      <comment value="アプリケーションは、一時的または古いものであると明示的に言わない限り、名前が最新であると想定できます。 / Applications can assume that a name is current unless it explicitly says that it is temporary or old."/>
      <requirements value="特定の使用のコンテキストに適切な名前を許可します。名前のセットの中から選択できます。 / Allows the appropriate name for a particular context of use to be selected from among a set of names."/>
      <min value="0"/>
      <max value="1"/>
      <base>
        <path value="HumanName.use"/>
        <min value="0"/>
        <max value="1"/>
      </base>
      <type>
        <code value="code"/>
      </type>
      <constraint>
        <key value="ele-1"/>
        <severity value="error"/>
        <human value="すべてのFHIR要素には、@valueまたは子供が必要です / All FHIR elements must have a @value or children"/>
        <expression value="hasValue() or (children().count() &gt; id.count())"/>
        <xpath value="@value|f:*|h:div"/>
        <source value="http://hl7.org/fhir/StructureDefinition/Element"/>
      </constraint>
      <isModifier value="true"/>
      <isModifierReason value="これは、アプリケーションが一時的または古い名前などを間違えないでください。 / This is labeled as &quot;Is Modifier&quot; because applications should not mistake a temporary or old name etc.for a current/permanent one"/>
      <isSummary value="true"/>
      <binding>
        <extension url="http://hl7.org/fhir/StructureDefinition/elementdefinition-bindingName">
          <valueString value="NameUse"/>
        </extension>
        <strength value="required"/>
        <description value="人間名の使用。 / The use of a human name."/>
        <valueSet value="http://hl7.org/fhir/ValueSet/name-use|4.0.1"/>
      </binding>
      <mapping>
        <identity value="v2"/>
        <map value="XPN.7, but often indicated by which field contains the name"/>
      </mapping>
      <mapping>
        <identity value="rim"/>
        <map value="unique(./use)"/>
      </mapping>
      <mapping>
        <identity value="servd"/>
        <map value="./NamePurpose"/>
      </mapping>
    </element>
    <element id="HumanName.text">
      <path value="HumanName.text"/>
      <short value="フルネームのテキスト表現 / Text representation of the full name"/>
      <definition value="表示する必要があるため、名前全体を指定します。アプリケーションUIで。これは、特定の部分の代わりに、または特定の部分と同様に提供される場合があります。 / Specifies the entire name as it should be displayed e.g. on an application UI. This may be provided instead of or as well as the specific parts."/>
      <comment value="テキスト表現とパーツの両方を提供できます。名前を更新するアプリケーションは、テキストとパーツの両方が存在する場合、一部に見つからないテキストにコンテンツが含まれていないことを保証するものとします。 / Can provide both a text representation and parts. Applications updating a name SHALL ensure that when both text and parts are present,  no content is included in the text that isn't found in a part."/>
      <requirements value="レンダリング可能で、不コード化されていないフォーム。 / A renderable, unencoded form."/>
      <min value="0"/>
      <max value="1"/>
      <base>
        <path value="HumanName.text"/>
        <min value="0"/>
        <max value="1"/>
      </base>
      <type>
        <code value="string"/>
      </type>
      <constraint>
        <key value="ele-1"/>
        <severity value="error"/>
        <human value="すべてのFHIR要素には、@valueまたは子供が必要です / All FHIR elements must have a @value or children"/>
        <expression value="hasValue() or (children().count() &gt; id.count())"/>
        <xpath value="@value|f:*|h:div"/>
        <source value="http://hl7.org/fhir/StructureDefinition/Element"/>
      </constraint>
      <isModifier value="false"/>
      <isSummary value="true"/>
      <mapping>
        <identity value="v2"/>
        <map value="implied by XPN.11"/>
      </mapping>
      <mapping>
        <identity value="rim"/>
        <map value="./formatted"/>
      </mapping>
    </element>
    <element id="HumanName.family">
      <path value="HumanName.family"/>
      <short value="姓（「姓」と呼ばれることが多い） / Family name (often called 'Surname')"/>
      <definition value="系図にリンクする名前の部分。一部の文化（例：エリトリア）では、息子の姓は父親の名です。 / The part of a name that links to the genealogy. In some cultures (e.g. Eritrea) the family name of a son is the first name of his father."/>
      <comment value="姓は、拡張機能（DE、NL、ES関連の培養）を使用して特定の部品に分解できます。 / Family Name may be decomposed into specific parts using extensions (de, nl, es related cultures)."/>
      <alias value="surname"/>
      <min value="0"/>
      <max value="1"/>
      <base>
        <path value="HumanName.family"/>
        <min value="0"/>
        <max value="1"/>
      </base>
      <type>
        <code value="string"/>
      </type>
      <constraint>
        <key value="ele-1"/>
        <severity value="error"/>
        <human value="すべてのFHIR要素には、@valueまたは子供が必要です / All FHIR elements must have a @value or children"/>
        <expression value="hasValue() or (children().count() &gt; id.count())"/>
        <xpath value="@value|f:*|h:div"/>
        <source value="http://hl7.org/fhir/StructureDefinition/Element"/>
      </constraint>
      <isModifier value="false"/>
      <isSummary value="true"/>
      <mapping>
        <identity value="v2"/>
        <map value="XPN.1/FN.1"/>
      </mapping>
      <mapping>
        <identity value="rim"/>
        <map value="./part[partType = FAM]"/>
      </mapping>
      <mapping>
        <identity value="servd"/>
        <map value="./FamilyName"/>
      </mapping>
    </element>
    <element id="HumanName.given">
      <path value="HumanName.given"/>
      <short value="指定された名前（常に「最初」ではありません）。ミドルネームが含まれています / Given names (not always 'first'). Includes middle names"/>
      <definition value="名。 / Given name."/>
      <comment value="イニシャルのみが記録されている場合、フルネームパーツの代わりに使用できます。イニシャルは複数の指定された名前に分離される場合がありますが、多くの場合、特定の制限によるものではありません。指定された名前が常に最初に来るとは限らないため、この要素は「名」とは呼ばれません。 / If only initials are recorded, they may be used in place of the full name parts. Initials may be separated into multiple given names but often aren't due to paractical limitations.  This element is not called &quot;first name&quot; since given names do not always come first."/>
      <alias value="first name"/>
      <alias value="middle name"/>
      <min value="0"/>
      <max value="*"/>
      <base>
        <path value="HumanName.given"/>
        <min value="0"/>
        <max value="*"/>
      </base>
      <type>
        <code value="string"/>
      </type>
      <orderMeaning value="Given Names appear in the correct order for presenting the name"/>
      <constraint>
        <key value="ele-1"/>
        <severity value="error"/>
        <human value="すべてのFHIR要素には、@valueまたは子供が必要です / All FHIR elements must have a @value or children"/>
        <expression value="hasValue() or (children().count() &gt; id.count())"/>
        <xpath value="@value|f:*|h:div"/>
        <source value="http://hl7.org/fhir/StructureDefinition/Element"/>
      </constraint>
      <isModifier value="false"/>
      <isSummary value="true"/>
      <mapping>
        <identity value="v2"/>
        <map value="XPN.2 + XPN.3"/>
      </mapping>
      <mapping>
        <identity value="rim"/>
        <map value="./part[partType = GIV]"/>
      </mapping>
      <mapping>
        <identity value="servd"/>
        <map value="./GivenNames"/>
      </mapping>
    </element>
    <element id="HumanName.prefix">
      <path value="HumanName.prefix"/>
      <short value="名前の前に来るパーツ / Parts that come before the name"/>
      <definition value="アカデミック、リーガル、雇用、または貴族のステータスなどのためにタイトルとして取得され、名前の冒頭に表示される名前の一部。 / Part of the name that is acquired as a title due to academic, legal, employment or nobility status, etc. and that appears at the start of the name."/>
      <min value="0"/>
      <max value="*"/>
      <base>
        <path value="HumanName.prefix"/>
        <min value="0"/>
        <max value="*"/>
      </base>
      <type>
        <code value="string"/>
      </type>
      <orderMeaning value="Prefixes appear in the correct order for presenting the name"/>
      <constraint>
        <key value="ele-1"/>
        <severity value="error"/>
        <human value="すべてのFHIR要素には、@valueまたは子供が必要です / All FHIR elements must have a @value or children"/>
        <expression value="hasValue() or (children().count() &gt; id.count())"/>
        <xpath value="@value|f:*|h:div"/>
        <source value="http://hl7.org/fhir/StructureDefinition/Element"/>
      </constraint>
      <isModifier value="false"/>
      <isSummary value="true"/>
      <mapping>
        <identity value="v2"/>
        <map value="XPN.5"/>
      </mapping>
      <mapping>
        <identity value="rim"/>
        <map value="./part[partType = PFX]"/>
      </mapping>
      <mapping>
        <identity value="servd"/>
        <map value="./TitleCode"/>
      </mapping>
    </element>
    <element id="HumanName.suffix">
      <path value="HumanName.suffix"/>
      <short value="名前の後に来るパーツ / Parts that come after the name"/>
      <definition value="アカデミック、リーガル、雇用、または貴族のステータスなどのためにタイトルとして取得され、名前の最後に表示される名前の一部。 / Part of the name that is acquired as a title due to academic, legal, employment or nobility status, etc. and that appears at the end of the name."/>
      <min value="0"/>
      <max value="*"/>
      <base>
        <path value="HumanName.suffix"/>
        <min value="0"/>
        <max value="*"/>
      </base>
      <type>
        <code value="string"/>
      </type>
      <orderMeaning value="Suffixes appear in the correct order for presenting the name"/>
      <constraint>
        <key value="ele-1"/>
        <severity value="error"/>
        <human value="すべてのFHIR要素には、@valueまたは子供が必要です / All FHIR elements must have a @value or children"/>
        <expression value="hasValue() or (children().count() &gt; id.count())"/>
        <xpath value="@value|f:*|h:div"/>
        <source value="http://hl7.org/fhir/StructureDefinition/Element"/>
      </constraint>
      <isModifier value="false"/>
      <isSummary value="true"/>
      <mapping>
        <identity value="v2"/>
        <map value="XPN/4"/>
      </mapping>
      <mapping>
        <identity value="rim"/>
        <map value="./part[partType = SFX]"/>
      </mapping>
    </element>
    <element id="HumanName.period">
      <path value="HumanName.period"/>
      <short value="名前が使用されていた期間 / Time period when name was/is in use"/>
      <definition value="この名前が指定者に対して有効である期間を示します。 / Indicates the period of time when this name was valid for the named person."/>
      <requirements value="名前を履歴上の文脈に配置できます。 / Allows names to be placed in historical context."/>
      <min value="0"/>
      <max value="1"/>
      <base>
        <path value="HumanName.period"/>
        <min value="0"/>
        <max value="1"/>
      </base>
      <type>
        <code value="Period"/>
      </type>
      <constraint>
        <key value="ele-1"/>
        <severity value="error"/>
        <human value="すべてのFHIR要素には、@valueまたは子供が必要です / All FHIR elements must have a @value or children"/>
        <expression value="hasValue() or (children().count() &gt; id.count())"/>
        <xpath value="@value|f:*|h:div"/>
        <source value="http://hl7.org/fhir/StructureDefinition/Element"/>
      </constraint>
      <isModifier value="false"/>
      <isSummary value="true"/>
      <mapping>
        <identity value="v2"/>
        <map value="XPN.13 + XPN.14"/>
      </mapping>
      <mapping>
        <identity value="rim"/>
        <map value="./usablePeriod[type=&quot;IVL&lt;TS&gt;&quot;]"/>
      </mapping>
      <mapping>
        <identity value="servd"/>
        <map value="./StartDate and ./EndDate"/>
      </mapping>
    </element>
  </snapshot>
  <differential>
    <element id="HumanName">
      <path value="HumanName"/>
      <short value="人の名前情報、その一部分と使い方"/>
      <definition value="識別のための人の名前情報"/>
      <comment value="名前が変更されたり、違っていると指摘されたり、コンテキストによって使われる名前が異なる場合がある。名前は、コンテキストに応じて重要性が異なるさまざまなタイプの部分に分割される場合があり、部分への分割は必ずしも重要ではない。個人名の場合、さまざまな部分に暗黙の意味が含まれている場合と含まれていない場合がある。さまざまな文化が名前の部分にさまざまな重要性を関連付けており、システムが世界中の名前の部分を気にする必要がある程度は大きく異なる。"/>
    </element>
    <element id="HumanName.extension:nameRepresentationUse">
      <path value="HumanName.extension"/>
      <sliceName value="nameRepresentationUse"/>
      <definition value="名前の表現方法"/>
      <comment value="名前の文字起こし-表現方法（日本の名前など）。"/>
      <min value="0"/>
      <max value="1"/>
      <type>
        <code value="Extension"/>
        <profile value="http://hl7.org/fhir/StructureDefinition/iso21090-EN-representation"/>
      </type>
    </element>
  </differential>
</StructureDefinition>