<?xml version="1.0" encoding="UTF-8"?><ValueSet xmlns="http://hl7.org/fhir"><id value="jp-observation-bodymeasurement-category-vs"/><text><status value="generated"/><div xmlns="http://www.w3.org/1999/xhtml"><p class="res-header-id"><b>Generated Narrative: ValueSet jp-observation-bodymeasurement-category-vs</b></p><a name="jp-observation-bodymeasurement-category-vs"> </a><a name="hcjp-observation-bodymeasurement-category-vs"> </a><a name="hcjp-observation-bodymeasurement-category-vs-ja"> </a><ul><li>Include all codes defined in <a href="CodeSystem-jp-observation-bodymeasurement-category-cs.html"><code>http://jpfhir.jp/fhir/core/CodeSystem/JP_ObservationBodyMeasurementCategory_CS</code></a></li></ul></div></text><url value="http://jpfhir.jp/fhir/core/ValueSet/JP_ObservationBodyMeasurementCategory_VS"/><version value="1.2.0-dev"/><name value="JP_ObservationBodyMeasurementCategory_VS"/><title value="JP Core Observation BodyMeasurement Category ValueSet"/><status value="active"/><experimental value="false"/><date value="2023-10-31"/><publisher value="FHIR Japanese implementation research working group in Japan Association of Medical Informatics (JAMI)"/><contact><name value="FHIR Japanese implementation research working group in Japan Association of Medical Informatics (JAMI)"/><telecom><system value="url"/><value value="http://jpfhir.jp"/></telecom><telecom><system value="email"/><value value="office@hlfhir.jp"/></telecom></contact><description value="Observation（身体計測）カテゴリで使用する分類の値セット"/><jurisdiction><coding><system value="urn:iso:std:iso:3166"/><code value="JPN"/><display value="Japan"/></coding></jurisdiction><copyright value="Copyright MEDIS-DC 医療情報システム開発センター"/><compose><include><system value="http://jpfhir.jp/fhir/core/CodeSystem/JP_ObservationBodyMeasurementCategory_CS"/></include></compose></ValueSet>