{
  "resourceType" : "Practitioner",
  "id" : "jp-practitioner-example-male-1",
  "meta" : {
    "profile" : ["http://jpfhir.jp/fhir/core/StructureDefinition/JP_Practitioner"]
  },
  "text" : {
    "status" : "generated",
    "div" : "<div xmlns=\"http://www.w3.org/1999/xhtml\"><p class=\"res-header-id\"><b>Generated Narrative: Practitioner jp-practitioner-example-male-1</b></p><a name=\"jp-practitioner-example-male-1\"> </a><a name=\"hcjp-practitioner-example-male-1\"> </a><a name=\"jp-practitioner-example-male-1-ja\"> </a><p><b>name</b>: 大阪 一郎, オオサカ イチロウ</p><p><b>gender</b>: Male</p><h3>Qualifications</h3><table class=\"grid\"><tr><td style=\"display: none\">-</td><td><b>Identifier</b></td><td><b>Code</b></td></tr><tr><td style=\"display: none\">*</td><td><code>http://jpfhir.jp/fhir/core/mhlw/IdSystem/medicalRegistrationNumber</code>/999999-00001</td><td><span title=\"Codes:{http://jpfhir.jp/fhir/core/CodeSystem/JP_MedicalLicenseCertificate_CS medical-registration}\">医籍登録番号</span></td></tr></table></div>"
  },
  "name" : [{
    "extension" : [{
      "url" : "http://hl7.org/fhir/StructureDefinition/iso21090-EN-representation",
      "valueCode" : "IDE"
    }],
    "text" : "大阪 一郎",
    "family" : "大阪",
    "given" : ["一郎"]
  },
  {
    "extension" : [{
      "url" : "http://hl7.org/fhir/StructureDefinition/iso21090-EN-representation",
      "valueCode" : "SYL"
    }],
    "text" : "オオサカ イチロウ",
    "family" : "オオサカ",
    "given" : ["イチロウ"]
  }],
  "gender" : "male",
  "qualification" : [{
    "identifier" : [{
      "system" : "http://jpfhir.jp/fhir/core/mhlw/IdSystem/medicalRegistrationNumber",
      "value" : "999999-00001"
    }],
    "code" : {
      "coding" : [{
        "system" : "http://jpfhir.jp/fhir/core/CodeSystem/JP_MedicalLicenseCertificate_CS",
        "code" : "medical-registration"
      }]
    }
  }]
}