{"resourceType":"CodeSystem","id":"jp-condition-severity-cs","text":{"status":"generated","div":"<div xmlns=\"http://www.w3.org/1999/xhtml\"><p>This code system http://jpfhir.jp/fhir/Common/ValueSet/JP_ConditionSeverity_CS defines the following codes:</p><table class=\"codes\"><tr><td style=\"white-space:nowrap\"><b>Code</b></td><td><b>Display</b></td></tr><tr><td style=\"white-space:nowrap\">MI<a name=\"jp-condition-severity-cs-MI\"> </a></td><td>軽度</td></tr><tr><td style=\"white-space:nowrap\">MO<a name=\"jp-condition-severity-cs-MO\"> </a></td><td>中度</td></tr><tr><td style=\"white-space:nowrap\">SE<a name=\"jp-condition-severity-cs-SE\"> </a></td><td>重度</td></tr></table></div>"},"url":"http://jpfhir.jp/fhir/Common/ValueSet/JP_ConditionSeverity_CS","version":"1.1.0a","name":"JP_ConditionSeverity_CS","title":"JP Core Condition Severity","status":"draft","date":"2022-08-05T04:44:40+00:00","publisher":"FHIR Japanese implementation research working group in Japan Association of Medical Informatics (JAMI)","contact":[{"name":"FHIR Japanese implementation research working group in Japan Association of Medical Informatics (JAMI)","telecom":[{"system":"url","value":"http://jpfhir.jp"},{"system":"email","value":"office@hlfhir.jp"}]}],"description":"Conditionの重症度を示すコードシステム（HL70421 Severity of Illness Code）","jurisdiction":[{"coding":[{"system":"urn:iso:std:iso:3166","code":"JP"}]}],"copyright":"FHIR Japanese implementation research working group in Japan Association of Medical Informatics (JAMI)","caseSensitive":true,"content":"complete","count":3,"concept":[{"code":"MI","display":"軽度"},{"code":"MO","display":"中度"},{"code":"SE","display":"重度"}]}