{
  "resourceType": "ValueSet",
  "id": "jp-department-ssmix3digits-vs",
  "text": {
    "status": "generated",
    "div": "<div xmlns=\"http://www.w3.org/1999/xhtml\"><ul><li>Include codes from <a href=\"CodeSystem-jp-department-ssmix-cs.html\"><code>urn:oid:1.2.392.100495.20.2.51</code></a> where concept  descends from  <a href=\"CodeSystem-jp-department-ssmix-cs.html#jp-department-ssmix-cs-3Digits\">3Digits</a></li></ul></div>"
  },
  "url": "http://jpfhir.jp/fhir/Common/ValueSet/JP_Department_SsMix3Digits_VS",
  "version": "1.1.0a",
  "name": "JP_Department_SsMix3Digits_VS",
  "title": "JP Core Department SS-MIX 3Digits ValueSet",
  "status": "draft",
  "date": "2022-09-01T00:31:30+00:00",
  "publisher": "FHIR Japanese implementation research working group in Japan Association of Medical Informatics (JAMI)",
  "contact": [
    {
      "name": "FHIR Japanese implementation research working group in Japan Association of Medical Informatics (JAMI)",
      "telecom": [
        {
          "system": "url",
          "value": "http://jpfhir.jp"
        },
        {
          "system": "email",
          "value": "office@hlfhir.jp"
        }
      ]
    }
  ],
  "description": "SS-MIX統一診療科コード(３桁)の値セット",
  "jurisdiction": [
    {
      "coding": [
        {
          "system": "urn:iso:std:iso:3166",
          "code": "JP"
        }
      ]
    }
  ],
  "copyright": "FHIR Japanese implementation research working group in Japan Association of Medical Informatics (JAMI)",
  "compose": {
    "include": [
      {
        "system": "urn:oid:1.2.392.100495.20.2.51",
        "filter": [
          {
            "property": "concept",
            "op": "descendent-of",
            "value": "3Digits"
          }
        ]
      }
    ]
  }
}