<?xml version="1.0" encoding="UTF-8"?><ValueSet xmlns="http://hl7.org/fhir"><id value="jp-diagnosticreportcategory-vs"/><text><status value="generated"/><div xmlns="http://www.w3.org/1999/xhtml"><p>This value set includes codes based on the following rules:</p><ul><li>Include codes from <a href="http://loinc.org"><code>http://loinc.org</code></a> where concept  =  LP29684-5</li><li>Include codes from <a href="http://loinc.org"><code>http://loinc.org</code></a> where concept  =  LP7839-6</li><li>Include codes from <a href="http://loinc.org"><code>http://loinc.org</code></a> where concept  =  LP7796-8</li><li>Include codes from <a href="http://loinc.org"><code>http://loinc.org</code></a> where concept  =  LP29693-6</li><li>Include codes from <a href="http://loinc.org"><code>http://loinc.org</code></a> where concept  =  LP29708-2</li><li>Include codes from <a href="http://loinc.org"><code>http://loinc.org</code></a> where concept  =  LP31795-1</li><li>Include codes from <a href="http://loinc.org"><code>http://loinc.org</code></a> where concept  =  LP7819-8</li></ul></div></text><url value="http://jpfhir.jp/fhir/core/ValueSet/JP_DiagnosticReportCategory_VS"/><version value="1.1.1"/><name value="JP_DiagnosticReportCategory_VS"/><title value="JP Core Diagnostic Report Category ValueSet"/><status value="active"/><experimental value="false"/><date value="2023-04-18"/><publisher value="FHIR Japanese implementation research working group in Japan Association of Medical Informatics (JAMI)"/><contact><name value="FHIR Japanese implementation research working group in Japan Association of Medical Informatics (JAMI)"/><telecom><system value="url"/><value value="http://jpfhir.jp"/></telecom><telecom><system value="email"/><value value="office@hlfhir.jp"/></telecom></contact><description value="DiagnosticReportカテゴリ 値セット"/><jurisdiction><coding><system value="urn:iso:std:iso:3166"/><code value="JP"/></coding></jurisdiction><copyright value="Copyright FHIR Japanese implementation research working group in Japan Association of Medical Informatics (JAMI) 一般社団法人日本医療情報学会NeXEHRS課題研究会FHIR日本実装検討WG"/><compose><include><system value="http://loinc.org"/><filter><property value="concept"/><op value="="/><value value="LP29684-5"/></filter></include><include><system value="http://loinc.org"/><filter><property value="concept"/><op value="="/><value value="LP7839-6"/></filter></include><include><system value="http://loinc.org"/><filter><property value="concept"/><op value="="/><value value="LP7796-8"/></filter></include><include><system value="http://loinc.org"/><filter><property value="concept"/><op value="="/><value value="LP29693-6"/></filter></include><include><system value="http://loinc.org"/><filter><property value="concept"/><op value="="/><value value="LP29708-2"/></filter></include><include><system value="http://loinc.org"/><filter><property value="concept"/><op value="="/><value value="LP31795-1"/></filter></include><include><system value="http://loinc.org"/><filter><property value="concept"/><op value="="/><value value="LP7819-8"/></filter></include></compose></ValueSet>