<?xml version="1.0" encoding="UTF-8"?><ValueSet xmlns="http://hl7.org/fhir"><id value="jp-observation-vitalsigns-code-vs"/><text><status value="generated"/><div xmlns="http://www.w3.org/1999/xhtml"><ul><li>Include all codes defined in <code>urn:oid:1.2.392.200119.4.804</code></li></ul></div></text><url value="http://jpfhir.jp/fhir/core/ValueSet/JP_ObservationVitalSignsCode_VS"/><version value="1.1.1"/><name value="JP_ObservationVitalSignsCode_VS"/><title value="JP Core Observation VitalSigns Code ValueSet"/><status value="active"/><experimental value="false"/><date value="2022-10-24"/><publisher value="FHIR Japanese implementation research working group in Japan Association of Medical Informatics (JAMI)"/><contact><name value="FHIR Japanese implementation research working group in Japan Association of Medical Informatics (JAMI)"/><telecom><system value="url"/><value value="http://jpfhir.jp"/></telecom><telecom><system value="email"/><value value="office@hlfhir.jp"/></telecom></contact><description value="Observation（バイタルサイン）で使用する項目の値セット"/><jurisdiction><coding><system value="urn:iso:std:iso:3166"/><code value="JPN"/></coding></jurisdiction><copyright value="Copyright MEDIS-DC 医療情報システム開発センター"/><compose><include><system value="urn:oid:1.2.392.200119.4.804"/></include></compose></ValueSet>