Source File	Size	loadResources	load-configure	scan	loadDepInfo	loadInfo	load	generateSnapshots	checkR4R4B	generateNarratives	validate	loadLists	checkConformanceResources	checkConformanceResources2	checkConformanceResources3	generateLogicalMaps	validateExpressions	scanForUsageStats	checkURLsUnique	processProvenanceDetails	translate	generate1	generate2	generateLogicals	makeDependencies	generateExampleZip	generateValidationPack	scanProfilesForR5	scanExamplesForR5
/fsh-generated/resources/ImplementationGuide-jpfhir.jp.core.json	133828	-	0	0	0	0	0	0	43	120	0	0	0	0	0	0	0	3	0	0	54	692	471	0	0	1	20	0	5
fsh-generated/resources/AllergyIntolerance-jp-allergyintolerance-example-1.json	1189	4	1	0	1	0	0	0	0	61	0	0	0	0	0	0	0	0	0	0	5	13	17	0	0	0	0	0	0
fsh-generated/resources/CapabilityStatement-jp-client-capabilitystatement.json	105892	20	0	0	0	0	0	0	9	196	0	0	0	0	0	0	0	1	0	0	10	379	66	0	2	0	7	0	0
fsh-generated/resources/CapabilityStatement-jp-server-capabilitystatement.json	105883	11	0	0	0	0	0	0	6	50	0	0	0	0	0	0	0	1	0	0	209	360	79	0	1	0	10	0	1
fsh-generated/resources/CodeSystem-jp-condition-disease-code-icd10-cs.json	568	2	0	0	0	0	0	0	0	1	0	0	1	0	0	0	0	0	0	0	5	11	1670	0	0	0	1	0	0
fsh-generated/resources/CodeSystem-jp-condition-disease-code-medis-exchange-cs.json	724	2	1	0	0	0	0	0	0	0	0	0	0	0	0	0	0	0	0	0	6	9	58	0	0	0	0	0	0
fsh-generated/resources/CodeSystem-jp-condition-disease-code-medis-record-no-cs.json	728	2	0	0	0	0	0	0	0	0	0	0	0	0	0	0	0	0	0	0	5	10	49	0	0	0	0	0	0
fsh-generated/resources/CodeSystem-jp-condition-disease-code-receipt-cs.json	656	1	0	0	0	0	0	0	0	0	0	0	0	0	0	0	0	0	0	0	5	9	49	0	0	0	0	0	0
fsh-generated/resources/CodeSystem-jp-condition-disease-modifier-medis-exchange-cs.json	791	2	0	0	0	0	0	0	0	0	0	0	0	0	0	0	0	0	0	0	4	14	46	0	0	0	0	0	0
fsh-generated/resources/CodeSystem-jp-condition-disease-modifier-medis-record-no-cs.json	796	1	0	0	0	0	0	0	0	0	0	0	0	0	0	0	0	0	0	0	5	10	46	0	0	0	0	0	0
fsh-generated/resources/CodeSystem-jp-condition-disease-modifier-receipt-cs.json	571	2	0	0	0	0	0	0	0	0	0	0	0	0	0	0	0	0	0	0	5	11	38	0	0	0	1	0	0
fsh-generated/resources/CodeSystem-jp-condition-disease-outcome-hl70241-cs.json	1014	3	0	0	0	0	0	0	1	0	0	0	0	0	0	0	0	0	0	0	5	11	43	0	0	0	0	0	0
fsh-generated/resources/CodeSystem-jp-condition-disease-outcome-jhsd0006-cs.json	933	2	1	0	0	0	0	0	0	0	0	0	0	0	0	0	0	0	0	0	5	11	40	0	0	0	0	0	0
fsh-generated/resources/CodeSystem-jp-condition-disease-outcome-receipt-cs.json	862	2	0	0	0	0	0	0	0	0	0	0	0	0	0	0	0	0	0	0	5	10	40	0	0	0	0	0	0
fsh-generated/resources/CodeSystem-jp-documentcodes-cs.json	11901	3	0	0	0	0	0	0	1	0	0	0	0	0	0	0	0	0	0	0	7	28	77	0	0	0	1	0	0
fsh-generated/resources/CodeSystem-jp-endoscopyterminology-codes-jed-cs.json	182404	36	3	0	0	0	0	0	18	0	0	0	2	0	0	0	0	3	0	0	50	340	1051	0	0	0	18	0	1
fsh-generated/resources/CodeSystem-jp-medication-example-dosagecomment-cs.json	1107	4	0	0	0	0	0	0	1	0	0	0	0	0	0	0	0	0	0	0	6	16	40	0	0	0	0	0	0
fsh-generated/resources/CodeSystem-jp-medication-example-line-cs.json	1977	4	1	0	0	0	0	0	0	0	0	0	0	0	0	0	0	0	0	0	5	19	41	0	0	0	1	0	0
fsh-generated/resources/CodeSystem-jp-medication-example-linecomment-cs.json	942	3	0	0	0	0	0	0	0	0	0	0	0	0	0	0	0	0	0	0	5	15	37	0	0	0	0	0	0
fsh-generated/resources/CodeSystem-jp-medication-example-methodcomment-cs.json	968	4	0	0	0	0	0	0	0	0	0	0	0	0	0	0	0	0	0	0	5	13	39	0	0	0	0	0	0
fsh-generated/resources/CodeSystem-jp-medication-example-ratecomment-cs.json	1188	3	0	0	0	0	0	0	0	0	0	0	0	0	0	0	0	0	0	0	5	14	38	0	0	0	0	0	0
fsh-generated/resources/CodeSystem-jp-medication-example-routecomment-cs.json	875	3	0	0	0	0	0	0	0	0	0	0	0	0	0	0	0	0	0	0	5	14	34	0	0	0	0	0	0
fsh-generated/resources/CodeSystem-jp-medication-example-sitecomment-cs.json	824	4	0	0	0	0	0	0	0	0	0	0	0	0	0	0	0	0	0	0	5	15	36	0	0	0	1	0	0
fsh-generated/resources/CodeSystem-jp-medication-example-uncategorized-comment-cs.json	1472	4	0	0	0	0	0	0	0	0	0	0	0	0	0	0	0	0	0	0	6	17	37	0	0	0	0	0	0
fsh-generated/resources/CodeSystem-jp-microbiology-anti-microbial-drug-cs.json	35776	9	1	0	0	0	0	0	5	0	0	0	0	0	0	0	0	1	0	0	18	78	205	0	0	0	2	0	0
fsh-generated/resources/CodeSystem-jp-microbiology-category-cs.json	1144	3	0	0	0	0	0	0	0	0	0	0	0	0	0	0	0	0	0	0	6	15	35	0	0	0	0	0	0
fsh-generated/resources/CodeSystem-jp-microbiology-infectious-agent-cs.json	42373	14	1	0	0	0	0	0	5	1	0	0	1	0	0	0	0	1	0	0	17	116	132	0	0	0	4	0	1
fsh-generated/resources/CodeSystem-jp-observation-bodymeasurement-category-cs.json	2169	4	0	0	0	0	0	0	0	0	0	0	0	0	0	0	0	0	0	0	6	19	30	0	0	0	0	0	0
fsh-generated/resources/CodeSystem-jp-observation-bodymeasurement-code-cs.json	11515	6	0	0	0	0	0	0	1	0	0	0	0	0	0	0	0	0	0	0	8	38	47	0	0	0	1	0	0
fsh-generated/resources/CodeSystem-jp-physicalexamcode-cs.json	928	4	0	0	0	0	0	0	0	0	0	0	0	0	0	0	0	0	0	0	5	13	27	0	0	0	0	0	0
fsh-generated/resources/CodeSystem-jp-procedure-body-site-cs.json	535	2	0	0	0	0	0	0	0	0	0	0	0	0	0	0	0	0	0	0	5	10	24	0	0	0	0	0	0
fsh-generated/resources/CodeSystem-jp-procedure-not-performed-reason-cs.json	1348	3	1	0	0	0	0	0	0	0	0	0	0	0	0	0	0	0	0	0	7	11	24	0	0	0	0	0	0
fsh-generated/resources/CodeSystem-jp-procedure-outcome-cs.json	1031	3	0	0	0	0	0	0	1	0	0	0	0	0	0	0	0	0	0	0	5	10	25	0	0	0	0	0	0
fsh-generated/resources/CodeSystem-jp-simpleobservationcategory-cs.json	4316	4	0	0	0	0	0	0	0	0	0	0	0	0	0	0	0	0	0	0	6	17	29	0	0	0	0	0	0
fsh-generated/resources/CodeSystem-jp-undefined-cs.json	525	4	0	0	0	0	0	0	0	0	0	0	0	0	0	0	0	0	0	0	5	10	25	0	0	0	1	0	0
fsh-generated/resources/Condition-jp-condition-diagnosis-example-1.json	3500	4	0	0	0	0	0	0	0	244	0	0	0	0	0	0	0	0	0	0	5	17	18	0	0	0	0	0	0
fsh-generated/resources/Condition-jp-condition-example-1.json	1398	2	0	0	0	0	0	0	0	18	0	0	0	0	0	0	0	0	0	0	5	12	10	0	0	0	0	0	0
fsh-generated/resources/Coverage-jp-coverage-example-1.json	1180	2	0	0	0	0	0	0	0	7	0	0	0	0	0	0	0	0	0	0	5	12	14	0	0	0	0	0	0
fsh-generated/resources/DiagnosticReport-jp-diagnosticreport-endoscopy-example-1.json	43398	3	0	0	0	0	0	0	0	5	0	0	0	0	0	0	0	0	0	0	5	120	35	0	0	0	0	0	0
fsh-generated/resources/DiagnosticReport-jp-diagnosticreport-endoscopy-example-2.json	44482	2	0	0	0	0	0	0	1	4	0	0	0	0	0	0	0	0	0	0	6	119	20	0	0	0	0	0	0
fsh-generated/resources/DiagnosticReport-jp-diagnosticreport-labresult-example-1.json	7189	3	0	0	0	0	0	0	0	23	0	0	0	0	0	0	0	0	0	0	6	41	31	0	0	0	0	0	0
fsh-generated/resources/DiagnosticReport-jp-diagnosticreport-microbiology-example-1.json	151492	12	0	0	0	0	0	0	4	0	0	0	0	0	0	0	0	1	0	0	9	331	114	0	0	0	0	0	0
fsh-generated/resources/DiagnosticReport-jp-diagnosticreport-radiology-example-1.json	184729	8	0	0	0	0	0	0	0	0	0	0	0	0	0	0	0	0	0	0	5	448	45	0	0	0	0	0	0
fsh-generated/resources/Encounter-jp-encounter-example-1.json	810	4	0	0	0	0	0	0	0	4	0	0	0	0	0	0	0	0	0	0	5	10	16	0	0	0	0	0	0
fsh-generated/resources/Endpoint-endpoint-dicom-wadors-example.json	603	4	1	0	0	0	0	0	0	7	0	0	0	0	0	0	0	0	0	0	5	8	8	0	0	0	0	0	0
fsh-generated/resources/FamilyMemberHistory-jp-familymemberhistory-example-1.json	833	3	0	0	0	0	0	0	0	31	0	0	0	0	0	0	0	0	0	0	5	9	13	0	0	0	0	0	0
fsh-generated/resources/ImagingStudy-jp-imagingstudy-endoscopy-example-1.json	2571	4	0	0	0	0	0	0	0	20	0	0	0	0	0	0	0	0	0	0	5	22	18	0	0	0	0	0	0
fsh-generated/resources/ImagingStudy-jp-imagingstudy-radiology-example-1.json	1276	4	0	0	0	0	0	0	0	6	0	0	0	0	0	0	0	0	0	0	5	13	9	0	0	0	0	0	0
fsh-generated/resources/Immunization-jp-immunization-example-1.json	2037	3	0	0	0	0	0	0	0	4	0	0	0	0	0	0	0	0	0	0	5	14	16	0	0	0	0	0	0
fsh-generated/resources/Location-jp-location-example-examinationroom.json	776	4	0	0	0	0	0	0	0	4	0	0	0	0	0	0	0	0	0	0	4	8	10	0	0	0	0	0	0
fsh-generated/resources/Location-jp-location-example-ope.json	1095	4	0	0	0	0	0	0	1	3	0	0	0	0	0	0	0	0	0	0	5	10	6	0	0	0	0	0	0
fsh-generated/resources/Location-jp-location-example-ward.json	795	4	0	0	0	0	0	0	0	2	0	0	0	0	0	0	0	0	0	0	5	8	6	0	0	0	0	0	0
fsh-generated/resources/Media-jp-media-endoscopy-example-1.json	1005	3	0	0	0	0	0	0	0	6	0	0	0	0	0	0	0	0	0	0	4	12	14	0	0	0	0	0	0
fsh-generated/resources/Medication-jp-medication-example-1.json	1471	4	0	0	0	0	0	0	0	2	0	0	0	0	0	0	0	0	0	0	5	10	13	0	0	0	0	0	0
fsh-generated/resources/Medication-jp-medication-example-2.json	1472	4	0	0	0	0	0	0	0	1	0	0	0	0	0	0	0	0	0	0	4	11	6	0	0	0	0	0	0
fsh-generated/resources/MedicationAdministration-jp-medicationadministration-example-1.json	3146	5	0	0	0	0	0	0	0	5	0	0	0	0	0	0	0	0	0	0	5	18	18	0	0	0	0	0	0
fsh-generated/resources/MedicationAdministration-jp-medicationadministration-example-2.json	1981	4	0	0	0	0	0	0	0	2	0	0	0	0	0	0	0	0	0	0	5	14	13	0	0	0	0	0	0
fsh-generated/resources/MedicationAdministration-jp-medicationadministration-injection-example-1.json	5730	4	1	0	0	0	0	0	1	5	0	0	0	0	0	0	0	0	0	0	5	28	24	0	0	0	0	0	0
fsh-generated/resources/MedicationAdministration-jp-medicationadministration-injection-example-2.json	7027	5	0	0	0	0	0	0	0	8	0	0	0	0	0	0	0	0	0	0	5	34	22	0	0	0	0	0	0
fsh-generated/resources/MedicationDispense-jp-medicationdispense-example-1.json	4142	5	0	0	0	0	0	0	1	5	0	0	0	0	0	0	0	0	0	0	6	20	21	0	0	0	0	0	0
fsh-generated/resources/MedicationDispense-jp-medicationdispense-injection-example-1.json	5380	5	0	0	0	0	0	0	0	4	0	0	0	0	0	0	0	0	0	0	5	23	16	0	0	0	0	0	0
fsh-generated/resources/MedicationRequest-jp-medicationrequest-example-1.json	3372	5	0	0	0	0	0	0	0	6	0	0	0	0	0	0	0	0	0	0	5	15	17	0	0	0	0	0	0
fsh-generated/resources/MedicationRequest-jp-medicationrequest-example-2.json	3389	4	0	0	0	0	0	0	1	3	0	0	0	0	0	0	0	0	0	0	6	15	11	0	0	0	0	0	0
fsh-generated/resources/MedicationRequest-jp-medicationrequest-injection-example-1.json	5530	5	0	0	0	0	0	0	0	4	0	0	0	0	0	0	0	0	0	0	5	25	14	0	0	0	0	0	1
fsh-generated/resources/MedicationRequest-jp-medicationrequest-injection-example-2.json	7549	4	0	0	0	0	0	0	1	4	0	0	0	0	0	0	0	0	0	0	5	29	14	0	0	0	0	0	0
fsh-generated/resources/MedicationStatement-jp-medicationstatement-example-1.json	2699	3	0	0	0	0	0	0	0	3	0	0	0	0	0	0	0	0	0	0	5	13	16	0	0	0	0	0	0
fsh-generated/resources/MedicationStatement-jp-medicationstatement-injection-example-1.json	7028	2	0	0	0	0	0	0	0	4	0	0	0	0	0	0	0	0	0	0	6	27	21	0	0	0	0	0	0
fsh-generated/resources/NamingSystem-jp-department-ssmix-namingsystem.json	564	2	0	0	0	0	21	0	0	6	82	0	0	0	0	0	0	0	0	0	4	13	7	0	0	0	0	0	0
fsh-generated/resources/NamingSystem-jp-endoscopyterminology-codes-jed-ns.json	673	2	1	0	0	0	5	0	1	4	16	0	0	0	0	0	0	0	0	0	6	14	7	0	0	0	0	0	0
fsh-generated/resources/NamingSystem-jp-medicalfeescoretype-namingsystem.json	580	2	0	0	0	0	4	0	0	2	12	0	0	0	0	0	0	0	0	0	5	13	7	0	0	0	1	0	0
fsh-generated/resources/NamingSystem-jp-medicationbodysitejamiexternal-namingsystem.json	631	1	0	0	0	0	5	0	0	5	14	0	0	0	0	0	0	0	0	0	5	13	8	0	0	0	0	0	0
fsh-generated/resources/NamingSystem-jp-medicationcodecommon-namingsystem.json	585	2	0	0	0	0	5	0	0	3	13	0	0	0	0	0	0	0	0	0	4	13	6	0	0	0	0	0	0
fsh-generated/resources/NamingSystem-jp-medicationcodehot13-namingsystem.json	581	2	0	0	0	0	5	0	0	3	15	0	0	0	0	0	0	0	0	0	5	13	8	0	0	0	1	0	0
fsh-generated/resources/NamingSystem-jp-medicationcodehot7-namingsystem.json	577	2	0	0	0	0	4	0	0	4	12	0	0	0	0	0	0	1	0	0	6	13	7	0	0	0	0	0	0
fsh-generated/resources/NamingSystem-jp-medicationcodehot9-namingsystem.json	733	3	0	0	0	0	4	0	0	3	13	0	0	0	0	0	0	0	0	0	5	15	7	0	0	0	0	0	0
fsh-generated/resources/NamingSystem-jp-medicationcodeyj-namingsystem.json	569	2	0	0	0	0	4	0	0	3	12	0	0	0	0	0	0	0	0	0	5	15	6	0	0	0	1	0	0
fsh-generated/resources/NamingSystem-jp-medicationingredientstrengthstrengthtype-namingsystem.json	666	2	1	0	0	0	4	0	0	3	9	0	0	0	0	0	0	0	0	0	4	14	6	0	0	0	0	0	0
fsh-generated/resources/NamingSystem-jp-medicationmethodjamibasicusage-namingsystem.json	630	2	0	0	0	0	4	0	1	3	11	0	0	0	0	0	0	0	0	0	5	14	7	0	0	0	0	0	0
fsh-generated/resources/NamingSystem-jp-medicationmethodjamidetailusage-namingsystem.json	634	2	0	0	0	0	6	0	0	2	10	0	0	0	0	0	0	0	0	0	5	15	7	0	0	0	1	0	0
fsh-generated/resources/NamingSystem-jp-medicationroute-hl7-0162-namingsystem.json	761	2	0	0	0	0	2	0	0	4	10	0	0	0	0	0	0	0	0	0	5	14	8	0	0	0	0	0	0
fsh-generated/resources/NamingSystem-jp-medicationsubstitutionnotallowedreason-namingsystem.json	657	3	0	0	0	0	3	0	0	3	9	0	0	0	0	0	0	0	0	0	4	14	10	0	0	0	0	0	0
fsh-generated/resources/NamingSystem-jp-medicationunitmerit9-namingsystem.json	587	2	0	0	0	0	1	0	0	3	9	0	0	0	0	0	0	0	0	0	5	15	10	0	0	0	1	0	0
fsh-generated/resources/NamingSystem-jp-medicationusagejami-namingsystem.json	574	1	0	0	0	0	3	0	0	3	14	0	0	0	0	0	0	0	0	0	5	16	9	0	0	0	0	0	0
fsh-generated/resources/NamingSystem-jp-medicationusagejamiadditional-namingsystem.json	626	2	0	0	0	0	2	0	0	3	10	0	0	0	0	0	0	0	0	0	6	14	7	0	0	0	0	0	0
fsh-generated/resources/NamingSystem-jp-microbiology-antimicrobialdrug-ns.json	812	2	0	0	0	0	2	0	1	4	9	0	0	0	0	0	0	0	0	0	7	15	6	0	0	0	1	0	0
fsh-generated/resources/NamingSystem-jp-microbiology-infectious-agent-ns.json	811	2	1	0	0	0	3	0	0	3	8	0	0	0	0	0	0	0	0	0	6	15	7	0	0	0	0	0	0
fsh-generated/resources/NamingSystem-jp-observation-jlac10-namingsystem.json	576	2	0	0	0	0	2	0	0	3	9	0	0	0	0	0	0	0	0	0	6	13	6	0	0	0	0	0	0
fsh-generated/resources/NamingSystem-jp-observation-vitalsignscode-namingsystem.json	603	1	0	0	0	0	2	0	0	3	9	0	0	0	0	0	0	0	0	0	5	15	8	0	0	0	1	0	0
fsh-generated/resources/NamingSystem-jp-prefecturenumber-namingsystem.json	568	2	0	0	0	0	2	0	0	3	9	0	0	0	0	0	0	0	0	0	4	13	10	0	0	0	0	0	0
fsh-generated/resources/Observation-jp-observation-bodyMeasurement-example-1.json	1360	2	0	0	0	0	0	0	0	3	0	0	0	0	0	0	0	0	0	0	5	12	20	0	0	0	0	0	0
fsh-generated/resources/Observation-jp-observation-endoscopy-example-diagnosis-1.json	1828	2	0	0	0	0	0	0	0	1	0	0	0	0	0	0	0	0	0	0	5	14	18	0	0	0	0	0	0
fsh-generated/resources/Observation-jp-observation-endoscopy-example-diagnosis-2.json	1763	2	0	0	0	0	0	0	0	2	0	0	0	0	0	0	0	0	0	0	5	13	10	0	0	0	0	0	0
fsh-generated/resources/Observation-jp-observation-endoscopy-example-findings-1a.json	1472	3	0	0	0	0	0	0	0	2	0	0	0	0	0	0	0	0	0	0	5	14	10	0	0	0	0	0	0
fsh-generated/resources/Observation-jp-observation-endoscopy-example-findings-1b.json	1498	2	0	0	0	0	0	0	1	1	0	0	0	0	0	0	0	0	0	0	4	12	10	0	0	0	0	0	0
fsh-generated/resources/Observation-jp-observation-endoscopy-example-findings-2a.json	1472	3	1	0	0	0	0	0	0	2	0	0	0	0	0	0	0	0	0	0	5	12	14	0	0	0	0	0	0
fsh-generated/resources/Observation-jp-observation-endoscopy-example-findings-2b.json	1498	2	0	0	0	0	0	0	0	2	0	0	0	0	0	0	0	0	0	0	5	12	14	0	0	0	0	0	0
fsh-generated/resources/Observation-jp-observation-labresult-example-1.json	2621	3	0	0	0	0	0	0	0	18	0	0	0	0	0	0	0	0	0	0	4	18	14	0	0	0	0	0	0
fsh-generated/resources/Observation-jp-observation-physicalexam-example-1.json	1567	3	0	0	0	0	0	0	0	2	0	0	0	0	0	0	0	0	0	0	5	12	10	0	0	0	0	0	0
fsh-generated/resources/Observation-jp-observation-radiology-findings-example-1.json	1794	2	0	0	0	0	0	0	0	2	0	0	0	0	0	0	0	0	0	0	4	13	8	0	0	0	0	0	0
fsh-generated/resources/Observation-jp-observation-radiology-impression-example-1.json	1052	3	0	0	0	0	0	0	0	1	0	0	0	0	0	0	0	0	0	0	5	11	8	0	0	0	0	0	0
fsh-generated/resources/Observation-jp-observation-socialhistory-example-1.json	1912	4	0	0	0	0	0	0	0	1	0	0	0	0	0	0	0	0	0	0	5	12	8	0	0	0	0	0	0
fsh-generated/resources/Observation-jp-observation-vitalsigns-example-1.json	1373	2	0	0	0	0	0	0	1	2	0	0	0	0	0	0	0	0	0	0	5	12	8	0	0	0	0	0	0
fsh-generated/resources/Organization-jp-organization-example-clinic.json	1282	2	0	0	0	0	0	0	0	2	0	0	0	0	0	0	0	0	0	0	6	10	9	0	0	0	0	0	0
fsh-generated/resources/Organization-jp-organization-example-hospital.json	1275	2	1	0	0	0	0	0	0	1	0	0	0	0	0	0	0	0	0	0	5	11	6	0	0	0	0	0	0
fsh-generated/resources/Organization-jp-organization-example-inspection.json	625	2	0	0	0	0	0	0	0	0	0	0	0	0	0	0	0	0	0	0	4	7	4	0	0	0	0	0	0
fsh-generated/resources/Organization-jp-organization-example-payer.json	551	2	0	0	0	0	0	0	0	0	0	0	0	0	0	0	0	0	0	0	5	7	5	0	0	0	0	0	0
fsh-generated/resources/Patient-jp-patient-example-1.json	1999	2	0	0	0	0	0	0	0	3	0	0	0	0	0	0	0	0	0	0	5	13	12	0	0	0	0	0	0
fsh-generated/resources/Practitioner-jp-practitioner-example-female-1.json	1945	2	0	0	0	0	0	0	0	2	0	0	0	0	0	0	0	0	0	0	5	13	8	0	0	0	0	0	0
fsh-generated/resources/Practitioner-jp-practitioner-example-female-2.json	804	2	0	0	0	0	0	0	0	1	0	0	0	0	0	0	0	0	0	0	5	7	5	0	0	0	0	0	0
fsh-generated/resources/Practitioner-jp-practitioner-example-male-1.json	1199	2	0	0	0	0	0	0	0	0	0	0	0	0	0	0	0	0	0	0	4	9	6	0	0	0	0	0	0
fsh-generated/resources/Practitioner-jp-practitioner-example-male-2.json	791	1	0	0	0	0	0	0	0	1	0	0	0	0	0	0	0	0	0	0	5	8	6	0	0	0	0	0	0
fsh-generated/resources/PractitionerRole-jp-practitionerrole-example-1.json	1846	4	0	0	0	0	0	0	0	6	0	0	0	0	0	0	0	0	0	0	5	13	18	0	0	0	0	0	0
fsh-generated/resources/Procedure-jp-procedure-example-1.json	1128	4	0	0	0	0	0	0	0	1	0	0	0	0	0	0	0	0	0	0	5	10	13	0	0	0	0	0	0
fsh-generated/resources/SearchParameter-jp-coverage-insuredpersonnumber-sp.json	1240	2	1	0	0	0	0	0	1	5	0	0	0	0	0	0	0	0	0	0	5	14	7	0	0	0	0	0	0
fsh-generated/resources/SearchParameter-jp-coverage-insuredpersonsubnumber-sp.json	1270	1	0	0	0	0	0	0	0	3	0	0	0	0	0	0	0	0	0	0	5	13	6	0	0	0	1	0	0
fsh-generated/resources/SearchParameter-jp-coverage-insuredpersonsymbol-sp.json	1240	2	0	0	0	0	0	0	0	3	0	0	0	0	0	0	0	0	0	0	5	13	5	0	0	0	0	0	0
fsh-generated/resources/SearchParameter-jp-medicationrequest-start-sp.json	991	2	0	0	0	0	0	0	0	2	0	0	0	0	0	0	0	0	0	0	4	16	7	0	0	0	0	0	0
fsh-generated/resources/SearchParameter-jp-organization-insuranceorganizationcategory-sp.json	1318	2	0	0	0	0	0	0	0	2	0	0	0	0	0	0	0	0	0	0	5	18	8	0	0	0	0	0	0
fsh-generated/resources/SearchParameter-jp-organization-insuranceorganizationno-sp.json	1290	2	0	0	0	0	0	0	0	3	0	0	0	0	0	0	0	0	0	0	4	15	7	0	0	0	1	0	0
fsh-generated/resources/SearchParameter-jp-organization-prefectureno-sp.json	1198	2	0	0	0	0	0	0	0	3	0	0	0	0	0	0	0	0	0	0	5	15	7	0	0	0	0	0	0
fsh-generated/resources/SearchParameter-jp-patient-kanasort-sp.json	1370	2	0	0	0	0	0	0	0	3	0	0	0	0	0	0	0	0	0	0	5	14	8	0	0	0	0	0	0
fsh-generated/resources/Specimen-jp-specimen-example-1.json	961	1	0	0	0	0	0	0	1	2	0	0	0	0	0	0	0	0	0	0	4	10	12	0	0	0	0	0	0
fsh-generated/resources/Specimen-jp-specimen-example-2.json	990	2	1	0	0	0	0	0	0	2	0	0	0	0	0	0	0	0	0	0	5	10	8	0	0	0	0	0	0
fsh-generated/resources/Specimen-jp-specimen-example-3.json	989	2	0	0	0	0	0	0	0	1	0	0	0	0	0	0	0	0	0	0	4	15	8	0	0	0	0	0	0
fsh-generated/resources/StructureDefinition-jp-allergyintolerance.json	16699	3	0	0	0	0	0	735	0	41	0	0	1	0	0	0	0	1	0	0	3	364	1886	0	0	0	11	0	1
fsh-generated/resources/StructureDefinition-jp-binary.json	623	2	0	0	0	0	0	15	0	8	0	0	0	0	0	0	0	0	0	0	0	80	378	0	0	0	2	0	0
fsh-generated/resources/StructureDefinition-jp-careplan.json	639	1	0	0	0	0	0	41	0	14	0	0	0	0	0	0	0	2	0	0	0	237	565	0	0	0	7	1	0
fsh-generated/resources/StructureDefinition-jp-condition-diagnosis.json	11239	3	0	0	0	0	0	170	0	839	0	0	1	0	0	0	0	1	0	0	2	422	905	0	0	0	12	0	1
fsh-generated/resources/StructureDefinition-jp-condition-disease-outcome.json	4688	2	0	0	0	0	0	17	0	29	0	0	0	0	0	0	0	1	0	0	0	216	496	0	0	0	5	0	0
fsh-generated/resources/StructureDefinition-jp-condition-disease-postfix-modifier.json	4941	4	0	0	1	0	0	17	0	17	0	0	0	0	0	0	0	1	0	0	1	211	459	0	0	0	5	0	0
fsh-generated/resources/StructureDefinition-jp-condition-disease-prefix-modifier.json	4936	2	0	0	0	0	0	16	0	15	0	0	0	0	0	0	0	0	0	0	1	210	314	0	0	0	5	0	0
fsh-generated/resources/StructureDefinition-jp-condition.json	10031	2	1	0	0	0	0	0	0	14	0	0	0	0	0	0	0	1	0	0	1	245	435	0	0	0	7	0	1
fsh-generated/resources/StructureDefinition-jp-consent.json	631	2	0	0	0	0	0	44	0	14	0	0	0	0	0	0	0	1	0	0	1	275	431	0	0	0	9	0	0
fsh-generated/resources/StructureDefinition-jp-coverage-insuredpersonnumber.json	1580	2	0	0	0	0	0	12	0	5	0	0	0	0	0	0	0	0	0	0	0	48	132	0	0	0	2	0	0
fsh-generated/resources/StructureDefinition-jp-coverage-insuredpersonsubnumber.json	1675	1	0	0	0	0	0	11	0	5	0	0	0	0	0	0	0	0	0	0	0	49	129	0	0	0	1	0	0
fsh-generated/resources/StructureDefinition-jp-coverage-insuredpersonsymbol.json	1580	2	0	0	0	0	0	16	0	5	0	0	0	0	0	0	0	0	0	0	1	48	152	0	0	1	1	0	0
fsh-generated/resources/StructureDefinition-jp-coverage.json	32503	3	0	0	0	0	0	26	1	19	0	0	0	0	0	0	0	2	0	0	3	455	655	0	0	0	14	0	1
fsh-generated/resources/StructureDefinition-jp-device.json	625	2	0	0	0	0	0	37	0	14	0	0	0	0	0	0	0	1	0	0	0	272	673	0	0	0	8	0	0
fsh-generated/resources/StructureDefinition-jp-deviceusestatement.json	721	2	0	0	0	0	0	22	0	7	0	0	0	0	0	0	0	0	0	0	0	112	339	0	0	0	3	0	0
fsh-generated/resources/StructureDefinition-jp-diagnosticreport-common.json	15178	2	0	0	0	0	0	18	0	14	0	0	1	0	0	0	0	1	0	0	3	301	518	0	1	0	9	0	1
fsh-generated/resources/StructureDefinition-jp-diagnosticreport-endoscopy.json	12717	2	0	0	0	0	0	56	0	18	0	0	0	0	0	0	0	1	0	0	2	356	440	0	0	0	10	0	0
fsh-generated/resources/StructureDefinition-jp-diagnosticreport-labresult.json	12433	3	0	0	0	0	0	45	0	19	0	0	0	0	0	0	0	2	0	0	2	424	505	0	0	0	12	0	1
fsh-generated/resources/StructureDefinition-jp-diagnosticreport-microbiology.json	8130	2	0	0	0	0	0	44	0	26	0	0	0	0	0	0	0	1	0	0	1	340	561	0	0	0	11	0	0
fsh-generated/resources/StructureDefinition-jp-diagnosticreport-radiology.json	23873	2	1	0	0	0	0	87	0	32	0	0	0	0	0	0	0	1	0	0	3	518	633	0	0	0	15	1	1
fsh-generated/resources/StructureDefinition-jp-documentreference.json	713	2	0	0	0	0	0	33	0	12	0	0	0	0	0	0	0	1	0	0	1	256	510	0	0	0	7	0	0
fsh-generated/resources/StructureDefinition-jp-encounter.json	11420	2	0	0	0	0	0	21	0	117	0	0	0	0	0	0	0	2	0	0	1	339	653	0	0	0	10	0	1
fsh-generated/resources/StructureDefinition-jp-familymemberhistory.json	2279	2	0	0	0	0	0	26	0	12	0	0	1	0	0	0	0	0	0	0	1	174	408	0	0	0	6	0	0
fsh-generated/resources/StructureDefinition-jp-humanname.json	2108	2	0	0	0	0	0	13	0	10	0	0	0	0	0	0	0	1	0	0	0	70	177	0	0	0	2	0	0
fsh-generated/resources/StructureDefinition-jp-imagingstudy-endoscopy.json	16733	3	0	0	0	0	0	20	0	24	0	0	0	0	0	0	0	1	0	0	4	368	468	0	0	0	10	0	0
fsh-generated/resources/StructureDefinition-jp-imagingstudy-radiology.json	31006	3	0	0	0	0	0	18	1	38	0	0	0	0	0	0	0	1	0	0	4	409	457	0	0	0	12	0	1
fsh-generated/resources/StructureDefinition-jp-immunization-certificateddate.json	1342	1	0	0	0	0	0	12	0	8	0	0	0	0	0	0	0	0	0	0	1	50	124	0	0	0	2	0	0
fsh-generated/resources/StructureDefinition-jp-immunization-duedateofnextdose.json	1365	2	0	0	0	0	0	12	0	8	0	0	0	0	0	0	0	0	0	0	0	51	126	0	0	0	1	0	0
fsh-generated/resources/StructureDefinition-jp-immunization-manufactureddate.json	1342	2	0	0	0	0	0	11	0	8	0	0	0	0	0	0	0	0	0	0	1	50	128	0	0	0	1	0	0
fsh-generated/resources/StructureDefinition-jp-immunization.json	11858	2	0	0	0	0	0	20	0	35	0	0	0	0	0	0	0	1	0	0	2	398	629	0	0	0	11	0	0
fsh-generated/resources/StructureDefinition-jp-location.json	14892	3	0	0	0	0	0	16	0	22	0	0	0	0	0	0	0	1	0	0	2	241	313	0	0	0	7	0	1
fsh-generated/resources/StructureDefinition-jp-media-endoscopy.json	9405	2	0	0	0	0	0	15	0	22	0	0	0	0	0	0	0	1	0	0	2	207	254	0	0	0	6	1	0
fsh-generated/resources/StructureDefinition-jp-medication-ingredient-drugno.json	1652	2	1	0	0	0	0	12	0	8	0	0	0	0	0	0	0	0	0	0	1	53	127	0	0	0	1	0	0
fsh-generated/resources/StructureDefinition-jp-medication-ingredientstrength-strengthtype.json	1775	1	0	0	0	0	0	12	0	9	0	0	0	0	0	0	0	0	0	0	0	53	110	0	0	0	2	0	0
fsh-generated/resources/StructureDefinition-jp-medication.json	13200	3	0	0	0	1	0	19	0	26	0	0	1	0	0	0	0	1	0	0	2	278	329	0	0	0	8	0	0
fsh-generated/resources/StructureDefinition-jp-medicationadministration-injection.json	16804	2	0	0	0	0	0	40	0	53	0	0	0	0	0	0	0	2	0	0	2	557	559	0	0	0	16	0	1
fsh-generated/resources/StructureDefinition-jp-medicationadministration-location.json	1655	2	0	0	0	0	0	3	0	9	0	0	0	0	0	0	0	0	0	0	1	53	119	0	0	0	5	0	0
fsh-generated/resources/StructureDefinition-jp-medicationadministration-requestauthoredon.json	1474	2	0	0	0	0	0	3	0	8	0	0	0	0	0	0	0	0	0	0	0	49	109	0	0	0	1	0	0
fsh-generated/resources/StructureDefinition-jp-medicationadministration-requestdepartment.json	1622	2	0	0	0	0	0	3	0	8	0	0	0	0	0	0	0	0	0	0	1	52	111	0	0	0	1	0	0
fsh-generated/resources/StructureDefinition-jp-medicationadministration-requester.json	1624	1	0	0	0	0	0	2	0	9	0	0	0	0	0	0	0	0	0	0	0	52	110	0	0	0	0	0	0
fsh-generated/resources/StructureDefinition-jp-medicationadministration-uncategorizedcomment.json	2555	2	0	0	0	0	0	3	0	12	0	0	0	0	0	0	0	0	0	0	0	76	121	0	0	0	2	0	0
fsh-generated/resources/StructureDefinition-jp-medicationadministration.json	19546	3	1	0	0	0	0	15	0	42	0	0	0	0	0	0	0	2	0	0	2	509	609	0	0	0	10	0	1
fsh-generated/resources/StructureDefinition-jp-medicationadministrationBase.json	11032	2	0	0	0	0	0	0	0	30	0	0	0	0	0	0	0	1	0	0	0	322	370	0	0	0	6	0	1
fsh-generated/resources/StructureDefinition-jp-medicationdispense-injection.json	2496	2	0	0	0	0	0	30	0	22	0	0	1	0	0	0	0	2	0	0	1	278	403	0	1	0	13	0	0
fsh-generated/resources/StructureDefinition-jp-medicationdispense-preparation.json	2543	1	0	0	0	0	0	4	0	11	0	0	0	0	0	0	0	0	0	0	0	79	129	0	0	0	2	0	0
fsh-generated/resources/StructureDefinition-jp-medicationdispense.json	3689	2	0	0	0	0	0	16	0	27	0	0	0	0	0	0	0	1	0	0	0	329	394	0	0	0	6	1	1
fsh-generated/resources/StructureDefinition-jp-medicationdispensebase.json	25582	3	0	0	0	0	0	0	0	35	0	0	0	0	0	0	0	1	0	0	2	460	445	0	0	0	10	0	0
fsh-generated/resources/StructureDefinition-jp-medicationdosage-device.json	1546	2	0	0	0	0	0	5	1	9	0	0	0	0	0	0	0	1	0	0	0	52	109	0	0	0	1	0	0
fsh-generated/resources/StructureDefinition-jp-medicationdosage-dosagecomment.json	2539	2	0	0	0	0	0	3	0	10	0	0	0	0	0	0	0	0	0	0	1	79	118	0	0	0	1	0	0
fsh-generated/resources/StructureDefinition-jp-medicationdosage-injection.json	9421	2	0	0	0	0	0	31	0	40	0	0	0	0	0	0	0	1	0	0	0	453	471	0	0	0	8	0	1
fsh-generated/resources/StructureDefinition-jp-medicationdosage-line.json	1729	2	0	0	0	0	0	5	0	10	0	0	0	0	0	0	0	1	0	0	0	72	126	0	0	0	1	0	0
fsh-generated/resources/StructureDefinition-jp-medicationdosage-linecomment.json	2527	1	0	0	0	0	0	5	0	9	0	0	0	0	0	0	0	0	0	0	1	76	119	0	0	0	1	0	0
fsh-generated/resources/StructureDefinition-jp-medicationdosage-methodcomment.json	2559	2	0	0	0	0	0	4	0	9	0	0	0	0	0	0	0	0	0	0	0	74	117	0	0	0	2	0	0
fsh-generated/resources/StructureDefinition-jp-medicationdosage-periodofuse.json	1923	2	1	0	0	0	0	4	0	8	0	0	0	0	0	0	0	0	0	0	0	68	126	0	0	0	1	0	0
fsh-generated/resources/StructureDefinition-jp-medicationdosage-ratecomment.json	2563	2	0	0	0	0	0	3	0	9	0	0	0	0	0	0	0	0	0	0	0	75	123	0	0	0	1	0	0
fsh-generated/resources/StructureDefinition-jp-medicationdosage-routecomment.json	2569	2	0	0	0	0	0	3	0	5	0	0	0	0	0	0	0	0	0	0	1	74	138	0	0	0	1	0	0
fsh-generated/resources/StructureDefinition-jp-medicationdosage-sitecomment.json	2561	1	0	0	0	0	0	3	0	9	0	0	0	0	0	0	0	0	0	0	0	76	116	0	0	0	2	0	0
fsh-generated/resources/StructureDefinition-jp-medicationdosage-usageduration.json	2982	2	0	0	0	0	0	4	0	7	0	0	0	0	0	0	0	1	0	0	1	96	174	0	0	0	1	0	0
fsh-generated/resources/StructureDefinition-jp-medicationdosage.json	7493	2	0	0	0	0	0	16	0	31	0	0	1	0	0	0	0	1	0	0	0	394	419	0	0	0	8	0	1
fsh-generated/resources/StructureDefinition-jp-medicationdosagebase.json	13811	3	0	0	0	0	0	0	0	22	0	0	0	0	0	0	0	1	0	0	1	300	329	0	1	0	6	0	0
fsh-generated/resources/StructureDefinition-jp-medicationquantity.json	4102	1	0	0	0	0	0	4	0	11	0	0	0	0	0	0	0	0	0	0	1	75	135	0	0	0	1	0	0
fsh-generated/resources/StructureDefinition-jp-medicationrange-unitoftime.json	2743	2	0	0	0	0	0	7	0	20	0	0	0	0	0	0	0	1	0	0	1	131	189	0	0	0	2	0	1
fsh-generated/resources/StructureDefinition-jp-medicationrange.json	1618	4	0	0	0	0	0	6	0	8	0	0	0	0	0	0	0	0	0	0	0	52	118	0	0	0	1	0	0
fsh-generated/resources/StructureDefinition-jp-medicationratio-amount.json	1717	2	0	0	0	0	0	5	0	7	0	0	0	0	0	0	0	0	0	0	0	51	135	0	0	0	1	0	0
fsh-generated/resources/StructureDefinition-jp-medicationratio-doseperday.json	1783	2	1	0	0	0	0	11	0	11	0	0	0	0	0	0	0	0	0	0	1	108	163	0	0	0	2	0	0
fsh-generated/resources/StructureDefinition-jp-medicationratio-doseperperiod.json	2606	1	0	0	0	0	0	0	0	12	0	0	0	0	0	0	0	1	0	0	1	123	174	0	0	0	2	0	0
fsh-generated/resources/StructureDefinition-jp-medicationrequest-dispenserequest-expectedrepeatcount.json	1715	2	0	0	0	0	0	4	0	8	0	0	0	0	0	0	0	0	0	0	0	58	111	0	0	0	1	1	0
fsh-generated/resources/StructureDefinition-jp-medicationrequest-dispenserequest-instructionfordispense.json	1973	2	0	0	0	0	0	9	0	8	0	0	0	0	0	0	0	0	0	0	0	73	122	0	0	0	2	0	0
fsh-generated/resources/StructureDefinition-jp-medicationrequest-injection.json	44600	3	0	0	0	0	0	21	0	120	0	0	0	0	0	0	0	2	0	0	3	736	638	0	0	0	14	0	1
fsh-generated/resources/StructureDefinition-jp-medicationrequest.json	46064	4	0	0	0	0	0	20	0	45	0	0	1	0	0	0	0	2	0	0	2	786	649	0	1	0	16	0	1
fsh-generated/resources/StructureDefinition-jp-medicationsimplequantity.json	3413	2	1	0	0	0	0	4	0	8	0	0	0	0	0	0	0	1	0	0	1	73	133	0	0	0	1	0	0
fsh-generated/resources/StructureDefinition-jp-medicationstatement-injection.json	12361	2	0	0	0	0	0	51	1	34	0	0	0	0	0	0	0	2	0	0	1	577	563	0	0	0	12	0	1
fsh-generated/resources/StructureDefinition-jp-medicationstatement.json	11909	2	0	0	0	0	0	16	0	19	0	0	0	0	0	0	0	1	0	0	1	260	268	0	0	0	5	0	0
fsh-generated/resources/StructureDefinition-jp-medicationtiming.json	10732	2	0	0	0	0	0	6	0	15	0	0	0	0	0	0	0	0	0	0	1	188	234	0	0	0	4	0	0
fsh-generated/resources/StructureDefinition-jp-observation-bodymeasurement.json	5976	2	0	0	0	0	0	32	0	25	0	0	0	0	0	0	0	2	0	0	1	410	465	0	0	0	9	0	1
fsh-generated/resources/StructureDefinition-jp-observation-common.json	21469	2	1	0	0	0	0	0	0	23	0	0	0	0	0	0	0	1	0	0	1	378	376	0	1	0	8	0	0
fsh-generated/resources/StructureDefinition-jp-observation-endoscopy.json	9912	3	0	0	0	0	0	13	0	29	0	0	1	0	0	0	0	1	0	0	1	460	470	0	0	0	9	0	1
fsh-generated/resources/StructureDefinition-jp-observation-labresult.json	29000	3	0	0	0	0	0	27	0	44	0	0	0	0	0	0	0	2	0	0	3	719	658	0	0	0	14	0	0
fsh-generated/resources/StructureDefinition-jp-observation-microbiology.json	11824	2	0	0	0	0	0	31	0	47	0	0	0	0	0	0	0	2	0	0	1	648	674	0	0	0	12	0	1
fsh-generated/resources/StructureDefinition-jp-observation-physicalexam.json	10619	2	0	0	0	0	0	40	0	41	0	0	0	0	0	0	0	2	0	0	1	536	497	0	0	0	16	0	1
fsh-generated/resources/StructureDefinition-jp-observation-radiology-findings.json	5795	2	1	0	0	0	0	17	0	23	0	0	0	0	0	0	0	1	0	0	0	368	456	0	1	0	9	0	1
fsh-generated/resources/StructureDefinition-jp-observation-radiology-impression.json	5502	2	0	0	0	0	0	19	0	22	0	0	1	0	0	0	0	2	0	0	1	365	399	0	0	0	9	0	0
fsh-generated/resources/StructureDefinition-jp-observation-socialhistory.json	4568	2	0	0	0	0	0	122	0	23	0	0	0	0	0	0	0	1	0	0	1	353	381	0	0	0	7	0	0
fsh-generated/resources/StructureDefinition-jp-observation-vitalsigns.json	6190	3	0	0	0	0	0	32	1	28	0	0	1	0	0	0	0	1	0	0	0	420	458	0	0	0	9	0	1
fsh-generated/resources/StructureDefinition-jp-organization-insuranceorganizationcategory.json	2575	2	0	0	0	0	0	6	0	18	0	0	0	0	0	0	0	1	0	0	0	89	145	0	0	0	1	0	0
fsh-generated/resources/StructureDefinition-jp-organization-insuranceorganizationno.json	2747	2	0	0	0	0	0	7	0	10	0	0	0	0	0	0	0	0	0	0	1	92	148	0	0	0	2	1	0
fsh-generated/resources/StructureDefinition-jp-organization-prefectureno.json	2470	2	1	0	0	0	0	7	0	10	0	0	0	0	0	0	0	0	0	0	0	88	134	0	0	0	2	0	0
fsh-generated/resources/StructureDefinition-jp-organization.json	23355	2	0	0	0	0	0	24	0	30	0	0	1	0	0	0	0	1	0	0	2	449	441	0	0	0	9	0	1
fsh-generated/resources/StructureDefinition-jp-patient-race.json	1781	3	0	0	0	0	0	5	0	9	0	0	0	0	0	0	0	1	0	0	0	52	124	0	0	0	1	0	0
fsh-generated/resources/StructureDefinition-jp-patient.json	35275	3	0	0	0	0	0	21	0	35	0	0	0	0	0	0	0	1	0	0	3	551	527	0	1	0	12	0	1
fsh-generated/resources/StructureDefinition-jp-practitioner.json	29537	3	0	0	0	0	0	21	0	43	0	0	0	0	0	0	0	1	0	0	2	577	488	0	0	0	11	0	0
fsh-generated/resources/StructureDefinition-jp-practitionerrole.json	13076	2	1	0	0	0	0	8	0	19	0	0	0	0	0	0	0	1	0	0	1	253	253	0	0	0	5	0	1
fsh-generated/resources/StructureDefinition-jp-procedure.json	31774	4	0	0	0	0	0	28	0	39	0	0	0	0	0	0	0	2	0	0	2	635	535	0	1	0	12	0	0
fsh-generated/resources/StructureDefinition-jp-relatedperson.json	679	2	0	0	0	0	0	25	0	13	0	0	0	0	0	0	0	0	0	0	0	157	216	0	0	0	3	0	0
fsh-generated/resources/StructureDefinition-jp-researchstudy.json	679	2	0	0	0	0	0	31	0	15	0	0	0	0	0	0	0	1	0	0	0	214	275	0	0	0	5	0	1
fsh-generated/resources/StructureDefinition-jp-researchsubject.json	695	2	0	0	0	0	0	16	0	10	0	0	1	0	0	0	0	0	0	0	1	118	185	0	0	0	2	0	0
fsh-generated/resources/StructureDefinition-jp-servicerequest-common.json	22193	3	1	0	0	0	0	30	0	18	0	0	0	0	0	0	0	1	0	0	1	346	366	0	0	0	7	0	0
fsh-generated/resources/StructureDefinition-jp-specimen-common.json	12976	3	0	0	0	0	0	15	0	28	0	0	0	0	0	0	0	1	0	0	1	410	319	0	0	0	8	0	1
fsh-generated/resources/ValueSet-jp-conclusion-codes-jed-vs.json	89432	7	0	0	0	0	0	0	7	274	0	0	0	0	0	0	0	1	0	0	18	429	4736	0	1	0	14	0	0
fsh-generated/resources/ValueSet-jp-condition-disease-code-icd10-vs.json	762	1	0	0	0	0	0	0	0	4	0	0	0	0	0	0	0	0	0	0	3	10	68	0	0	0	0	0	0
fsh-generated/resources/ValueSet-jp-condition-disease-code-medis-exchange-vs.json	803	2	0	0	0	0	0	0	0	170	0	0	0	0	0	0	0	0	0	0	3	10	1333	0	0	0	1	0	0
fsh-generated/resources/ValueSet-jp-condition-disease-code-medis-record-no-vs.json	658	2	1	0	0	0	0	0	0	95	0	0	0	0	0	0	0	0	0	0	3	10	1037	0	0	0	0	0	0
fsh-generated/resources/ValueSet-jp-condition-disease-code-receipt-vs.json	650	1	0	0	0	0	0	0	0	4	0	0	0	0	0	0	0	0	0	0	3	10	64	0	0	0	0	0	0
fsh-generated/resources/ValueSet-jp-condition-disease-modifier-medis-exchange-vs.json	801	2	0	0	0	0	0	0	0	2	0	0	0	0	0	0	0	0	0	0	3	11	68	0	0	0	0	0	0
fsh-generated/resources/ValueSet-jp-condition-disease-modifier-medis-record-no-vs.json	684	2	0	0	0	0	0	0	1	12	0	0	0	0	0	0	0	0	0	0	2	11	1103	0	0	0	0	0	0
fsh-generated/resources/ValueSet-jp-condition-disease-modifier-receipt-vs.json	670	2	0	0	0	0	0	0	0	3	0	0	0	0	0	0	0	0	0	0	3	11	68	0	0	0	1	0	0
fsh-generated/resources/ValueSet-jp-condition-disease-outcome-hl70241-jhsd0006-vs.json	893	1	0	0	0	0	0	0	0	2	0	0	0	0	0	0	0	0	0	0	3	12	72	0	0	0	0	0	0
fsh-generated/resources/ValueSet-jp-condition-disease-outcome-hl70241-vs.json	611	2	0	0	0	0	0	0	0	2	0	0	0	0	0	0	0	0	0	0	2	11	73	0	0	0	0	0	0
fsh-generated/resources/ValueSet-jp-condition-disease-outcome-jhsd0006-vs.json	724	2	0	0	0	0	0	0	0	3	0	0	0	0	0	0	0	0	0	0	3	10	68	0	0	0	0	0	0
fsh-generated/resources/ValueSet-jp-condition-disease-outcome-receipt-vs.json	674	1	0	0	0	0	0	0	0	2	0	0	0	0	0	0	0	0	0	0	3	12	71	0	0	0	0	0	0
fsh-generated/resources/ValueSet-jp-condition-severity-vs.json	577	2	0	0	0	0	0	0	0	3	0	0	0	0	0	0	0	0	0	0	3	11	82	0	0	0	1	0	0
fsh-generated/resources/ValueSet-jp-diagnosticreportcategory-vs.json	1744	1	1	0	0	0	0	0	0	376	0	0	0	0	0	0	0	0	0	0	3	16	71	0	0	0	0	0	0
fsh-generated/resources/ValueSet-jp-dicommodality-vs.json	5880	2	0	0	0	0	0	0	1	8	0	0	0	0	0	0	0	0	0	0	4	41	150	0	0	0	1	0	0
fsh-generated/resources/ValueSet-jp-documentcodes-diagnosticreport-vs.json	4055	2	0	0	0	0	0	0	0	6	0	0	0	0	0	0	0	0	0	0	4	26	94	0	0	0	1	0	0
fsh-generated/resources/ValueSet-jp-documentcodes-endoscopy-vs.json	1285	2	0	0	0	0	0	0	0	3	0	0	0	0	0	0	0	1	0	0	3	13	73	0	0	0	0	0	1
fsh-generated/resources/ValueSet-jp-endoscopy-category-vs.json	973	2	0	0	0	0	0	0	0	3	0	0	0	0	0	0	0	0	0	0	3	12	65	0	0	0	0	0	0
fsh-generated/resources/ValueSet-jp-medicallicensecertificate-vs.json	548	1	0	0	0	0	0	0	0	2	0	0	0	0	0	0	0	0	0	0	3	11	78	0	0	0	0	0	0
fsh-generated/resources/ValueSet-jp-medication-example-dosagecomment-vs.json	812	2	0	0	0	0	0	0	1	2	0	0	0	0	0	0	0	0	0	0	3	11	65	0	0	0	1	0	0
fsh-generated/resources/ValueSet-jp-medication-example-line-vs.json	778	2	0	0	0	0	0	0	0	2	0	0	0	0	0	0	0	0	0	0	5	11	93	0	0	0	0	0	0
fsh-generated/resources/ValueSet-jp-medication-example-linecomment-vs.json	817	1	1	0	0	0	0	0	0	2	0	0	0	0	0	0	0	0	0	0	5	11	63	0	0	0	0	0	0
fsh-generated/resources/ValueSet-jp-medication-example-methodcomment-vs.json	824	2	0	0	0	0	0	0	0	2	0	0	0	0	0	0	0	0	0	0	4	11	65	0	0	0	0	0	0
fsh-generated/resources/ValueSet-jp-medication-example-ratecomment-vs.json	820	1	0	0	0	0	0	0	0	2	0	0	0	0	0	0	0	0	0	0	5	11	67	0	0	0	1	0	0
fsh-generated/resources/ValueSet-jp-medication-example-routecomment-vs.json	825	2	0	0	0	0	0	0	0	3	0	0	0	0	0	0	0	0	0	0	4	11	62	0	0	0	0	0	0
fsh-generated/resources/ValueSet-jp-medication-example-sitecomment-vs.json	820	2	0	0	0	0	0	0	0	2	0	0	0	0	0	0	0	0	0	0	5	11	61	0	0	0	0	0	0
fsh-generated/resources/ValueSet-jp-medication-example-uncategorized-comment-vs.json	872	1	0	0	0	0	0	0	0	3	0	0	0	0	0	0	0	0	0	0	4	12	69	0	0	0	0	0	0
fsh-generated/resources/ValueSet-jp-microbiology-anti-microbial-drug-vs.json	1040	2	0	0	0	0	0	0	0	2	0	0	0	0	0	0	0	0	0	0	5	12	529	0	0	0	0	0	0
fsh-generated/resources/ValueSet-jp-microbiology-category-laboratory-vs.json	635	2	0	0	0	0	0	0	0	30	0	0	0	0	0	0	0	0	0	0	5	12	78	0	0	0	1	0	0
fsh-generated/resources/ValueSet-jp-microbiology-category-vs.json	517	1	1	0	0	0	0	0	0	2	0	0	0	0	0	0	0	0	0	0	4	12	78	0	0	0	0	0	0
fsh-generated/resources/ValueSet-jp-microbiology-infectious-agent-vs.json	1024	2	0	0	0	0	0	0	0	2	0	0	0	0	0	0	0	0	0	0	5	14	665	0	0	0	0	0	0
fsh-generated/resources/ValueSet-jp-observation-bodymeasurement-category-vs.json	705	2	0	0	0	0	0	0	1	2	0	0	0	0	0	0	0	0	0	0	5	11	78	0	0	0	0	0	0
fsh-generated/resources/ValueSet-jp-observation-bodymeasurement-code-vs.json	679	1	0	0	0	0	0	0	0	3	0	0	0	0	0	0	0	0	0	0	5	11	188	0	0	0	0	0	0
fsh-generated/resources/ValueSet-jp-observation-endoscopy-code-vs.json	5025	2	0	0	0	0	0	0	0	42	0	0	0	0	0	0	0	0	0	0	6	32	132	0	0	0	1	0	0
fsh-generated/resources/ValueSet-jp-observation-endoscoy-value-jed-vs.json	139094	14	0	0	0	0	0	0	11	90	0	0	0	0	0	0	0	2	0	0	25	667	1599	0	0	0	23	0	0
fsh-generated/resources/ValueSet-jp-observation-radiology-code-vs.json	984	4	1	0	0	0	0	0	0	25	0	0	0	0	0	0	0	0	0	0	3	12	76	0	0	0	1	0	0
fsh-generated/resources/ValueSet-jp-physicalexamcode-vs.json	718	2	0	0	0	0	0	0	0	2	0	0	0	0	0	0	0	0	0	0	3	11	67	0	0	0	0	0	0
fsh-generated/resources/ValueSet-jp-procedure-body-site-vs.json	510	2	0	0	0	0	0	0	0	2	0	0	0	0	0	0	0	0	0	0	3	12	64	0	0	0	0	0	0
fsh-generated/resources/ValueSet-jp-procedure-codes-ichi-vs.json	551	2	0	0	0	0	0	0	0	2	0	0	0	0	0	0	0	0	0	0	2	10	59	0	0	0	0	0	0
fsh-generated/resources/ValueSet-jp-procedure-condition-vs.json	576	1	0	0	0	0	0	0	0	3	0	0	0	0	0	0	0	0	0	0	2	12	59	0	0	0	0	0	0
fsh-generated/resources/ValueSet-jp-procedure-device-action-vs.json	540	2	1	0	0	0	0	0	0	2	0	0	0	0	0	0	0	0	0	0	3	10	58	0	0	0	1	0	0
fsh-generated/resources/ValueSet-jp-procedure-devicekind-vs.json	534	2	0	0	0	0	0	0	1	2	0	0	0	0	0	0	0	0	0	0	2	10	60	0	0	0	0	0	0
fsh-generated/resources/ValueSet-jp-procedure-followup-vs.json	529	2	0	0	0	0	0	0	0	1	0	0	0	0	0	0	0	0	0	0	2	10	63	0	0	0	0	0	0
fsh-generated/resources/ValueSet-jp-procedure-not-performed-reason-vs.json	638	1	0	0	0	0	0	0	0	2	0	0	0	0	0	0	0	0	0	0	1	11	71	0	0	0	0	0	0
fsh-generated/resources/ValueSet-jp-procedure-outcome-vs.json	516	2	0	0	0	0	0	0	0	2	0	0	0	0	0	0	0	0	0	0	2	13	62	0	0	0	1	0	0
fsh-generated/resources/ValueSet-jp-procedure-performer-role-vs.json	551	2	1	0	0	0	0	0	0	2	0	0	0	0	0	0	0	0	0	0	2	11	119	0	0	0	0	0	0
fsh-generated/resources/ValueSet-jp-procedure-reason-vs.json	496	1	0	0	0	0	0	0	0	2	0	0	0	0	0	0	0	0	0	0	1	11	69	0	0	0	0	0	0
fsh-generated/resources/ValueSet-jp-reason-codes-jed-vs.json	6065	2	0	0	0	0	0	0	0	7	0	0	0	0	0	0	0	0	0	0	2	36	114	0	0	0	1	0	1
fsh-generated/resources/ValueSet-jp-simpleobservationcategory-vs.json	582	2	0	0	0	0	0	0	0	4	0	0	0	0	0	0	0	0	0	0	2	12	75	0	1	0	0	0	0
fsh-generated/resources/ValueSet-jp-undefined-vs.json	590	1	0	0	0	0	0	0	0	3	0	0	0	0	0	0	0	0	0	0	2	12	60	0	0	0	0	0	0
