{"resourceType":"CodeSystem","id":"jp-family-member-history-cs","url":"http://jpfhir.jp/fhir/core/CodeSystem/JP_FamilyMemberHistory_CS","version":"1.2.0-dev","name":"JP_FamilyMemberHistory_CS","title":"JP Core Family Member History CodeSystem","status":"active","experimental":false,"date":"2024-10-15","publisher":"FHIR Japanese implementation research working group in Japan Association of Medical Informatics (JAMI)","contact":[{"name":"FHIR Japanese implementation research working group in Japan Association of Medical Informatics (JAMI)","telecom":[{"system":"url","value":"http://jpfhir.jp"},{"system":"email","value":"office@hlfhir.jp"}]}],"description":"家族関係における対象となる両者の続柄","jurisdiction":[{"coding":[{"system":"urn:iso:std:iso:3166","code":"JP","display":"Japan"}]}],"copyright":"This material derives from the HL7 Terminology THO. THO is copyright ©1989+ Health Level Seven International and is made available under the CC0 designation. For more licensing information.","caseSensitive":true,"content":"complete","count":105,"concept":[{"code":"FAMMEMB","display":"家族","concept":[{"code":"CHILD","display":"子供","concept":[{"code":"CHLDADOPT","display":"養子","concept":[{"code":"DAUADOPT","display":"養女"},{"code":"SONADOPT","display":"養子（男子）"}]},{"code":"CHLDFOST","display":"里子","concept":[{"code":"DAUFOST","display":"里子（女子）"},{"code":"SONFOST","display":"里子（男子）"}]},{"code":"DAUC","display":"娘","concept":[{"code":"DAU","display":"実娘"},{"code":"STPDAU","display":"継娘"}]},{"code":"NCHILD","display":"実子","concept":[{"code":"SON","display":"実息子"}]},{"code":"SONC","display":"息子","concept":[{"code":"STPSON","display":"継息子"}]},{"code":"STPCHLD","display":"継子"}]},{"code":"EXT","display":"親族（直系血族を除く）","concept":[{"code":"AUNT","display":"伯母（叔母）","concept":[{"code":"MAUNT","display":"母方の伯母（叔母）"},{"code":"PAUNT","display":"父方の伯母（叔母）"}]},{"code":"COUSN","display":"いとこ","concept":[{"code":"MCOUSN","display":"母方のいとこ"},{"code":"PCOUSN","display":"父方のいとこ"}]},{"code":"GGRPRN","display":"曽祖父母","concept":[{"code":"GGRFTH","display":"曽祖父","concept":[{"code":"MGGRFTH","display":"母方の曽祖父"},{"code":"PGGRFTH","display":"父方の曽祖父"}]},{"code":"GGRMTH","display":"曾祖母","concept":[{"code":"MGGRMTH","display":"母方の曾祖母"},{"code":"PGGRMTH","display":"父方の曾祖母"}]},{"code":"MGGRPRN","display":"母方の曽祖父母"},{"code":"PGGRPRN","display":"父方の曽祖父母"}]},{"code":"GRNDCHILD","display":"孫","concept":[{"code":"GRNDDAU","display":"孫娘"},{"code":"GRNDSON","display":"孫息子"}]},{"code":"GRPRN","display":"祖父母","concept":[{"code":"GRFTH","display":"祖父","concept":[{"code":"MGRFTH","display":"母方の祖父"},{"code":"PGRFTH","display":"父方の祖父"}]},{"code":"GRMTH","display":"祖母","concept":[{"code":"MGRMTH","display":"母方の祖母"},{"code":"PGRMTH","display":"父方の祖母"}]},{"code":"MGRPRN","display":"母方の祖父母"},{"code":"PGRPRN","display":"父方の祖父母"}]},{"code":"INLAW","display":"義理","concept":[{"code":"CHLDINLAW","display":"義理の子供","concept":[{"code":"DAUINLAW","display":"義理の娘"},{"code":"SONINLAW","display":"義理の息子"}]},{"code":"PRNINLAW","display":"義理の親","concept":[{"code":"FTHINLAW","display":"義理の父"},{"code":"MTHINLAW","display":"義理の母"}]},{"code":"SIBINLAW","display":"義理の兄弟","concept":[{"code":"BROINLAW","display":"義理の兄"},{"code":"SISINLAW","display":"義理の姉"}]}]},{"code":"NIENEPH","display":"甥姪","concept":[{"code":"NEPHEW","display":"甥"},{"code":"NIECE","display":"姪"}]},{"code":"UNCLE","display":"伯父（叔父）","concept":[{"code":"MUNCLE","display":"母方の伯父（叔父）"},{"code":"PUNCLE","display":"父方の伯父（叔父）"}]}]},{"code":"PRN","display":"親","concept":[{"code":"ADOPTP","display":"養父母","concept":[{"code":"ADOPTF","display":"養父"},{"code":"ADOPTM","display":"養子母"}]},{"code":"FTH","display":"父","concept":[{"code":"FTHFOST","display":"養父"},{"code":"NFTH","display":"実父","concept":[{"code":"NFTHF","display":"胎児の実父"}]},{"code":"STPFTH","display":"継父"}]},{"code":"MTH","display":"母親","concept":[{"code":"GESTM","display":"代理の母"},{"code":"MTHFOST","display":"養母"},{"code":"NMTH","display":"実母","concept":[{"code":"NMTHF","display":"胎児の実母"}]},{"code":"STPMTH","display":"継母"}]},{"code":"NPRN","display":"実の親"},{"code":"PRNFOST","display":"里親"},{"code":"STPPRN","display":"継親"}]},{"code":"SIB","display":"同胞（兄弟姉妹）","concept":[{"code":"BRO","display":"兄弟","concept":[{"code":"HBRO","display":"半同胞の兄弟"},{"code":"NBRO","display":"実の兄弟（完全同胞の兄弟）","concept":[{"code":"TWINBRO","display":"双子の兄弟","concept":[{"code":"FTWINBRO","display":"二卵性双生児の兄弟"},{"code":"ITWINBRO","display":"一卵性双生児の兄弟"}]}]},{"code":"STPBRO","display":"義理の兄弟"}]},{"code":"HSIB","display":"半同胞","concept":[{"code":"HSIS","display":"半同胞の姉妹"}]},{"code":"NSIB","display":"完全同胞","concept":[{"code":"NSIS","display":"実の姉妹（完全同胞の姉妹）","concept":[{"code":"TWINSIS","display":"双子の姉妹","concept":[{"code":"FTWINSIS","display":"二卵性双生児姉妹"},{"code":"ITWINSIS","display":"一卵性双生児姉妹"}]}]},{"code":"TWIN","display":"双子","concept":[{"code":"FTWIN","display":"二卵性双生児"},{"code":"ITWIN","display":"一卵性双生児"}]}]},{"code":"SIS","display":"姉妹","concept":[{"code":"STPSIS","display":"継姉妹"}]},{"code":"STPSIB","display":"継親の子"}]},{"code":"SIGOTHR","display":"重要なパートナー","concept":[{"code":"DOMPART","display":"内縁のパートナー"},{"code":"FMRSPS","display":"元配偶者"},{"code":"SPS","display":"配偶者","concept":[{"code":"HUSB","display":"夫"},{"code":"WIFE","display":"妻"}]}]}]}]}