{"resourceType":"ValueSet","id":"jp-family-member-history-vs","text":{"status":"generated","div":"<div xmlns=\"http://www.w3.org/1999/xhtml\"><p class=\"res-header-id\"><b>Generated Narrative: ValueSet jp-family-member-history-vs</b></p><a name=\"jp-family-member-history-vs\"> </a><a name=\"hcjp-family-member-history-vs\"> </a><a name=\"jp-family-member-history-vs-ja\"> </a><ul><li>Include all codes defined in <a href=\"CodeSystem-jp-family-member-history-cs.html\"><code>http://jpfhir.jp/fhir/core/CodeSystem/JP_FamilyMemberHistory_CS</code></a></li></ul></div>"},"url":"http://jpfhir.jp/fhir/core/CodeSystem/JP_FamilyMemberHistory_VS","version":"1.2.0-dev","name":"JP_FamilyMemberHistory_VS","title":"JP Core Family Member History ValueSet","status":"active","experimental":false,"date":"2024-10-15","publisher":"FHIR Japanese implementation research working group in Japan Association of Medical Informatics (JAMI)","contact":[{"name":"FHIR Japanese implementation research working group in Japan Association of Medical Informatics (JAMI)","telecom":[{"system":"url","value":"http://jpfhir.jp"},{"system":"email","value":"office@hlfhir.jp"}]}],"description":"家族関係における対象となる両者の続柄","jurisdiction":[{"coding":[{"system":"urn:iso:std:iso:3166","code":"JP","display":"Japan"}]}],"copyright":"This material derives from the HL7 Terminology THO. THO is copyright ©1989+ Health Level Seven International and is made available under the CC0 designation. For more licensing information.","compose":{"include":[{"system":"http://jpfhir.jp/fhir/core/CodeSystem/JP_FamilyMemberHistory_CS"}]}}