{
  "resourceType" : "NamingSystem",
  "id" : "jp-medicationroute-hl7-0162-namingsystem",
  "text" : {
    "status" : "generated",
    "div" : "<div xmlns=\"http://www.w3.org/1999/xhtml\"><h3>Summary</h3><table class=\"grid\"><tr><td>Defining URL</td><td>http://jpfhir.jp/fhir/core/NamingSystem/jp-medicationroute-hl7-0162-namingsystem</td></tr><tr><td>Version</td><td>1.1.2</td></tr><tr><td>Name</td><td>JP_MedicationRoute_HL7_0162_NamingSystem</td></tr><tr><td>Status</td><td>active</td></tr><tr><td>Definition</td><td><div><p>JP MedicationRouteHL7 0162 NamingSystem</p>\n</div></td></tr><tr><td>Publisher</td><td>FHIR Japanese implementation research working group in Japan Association of Medical Informatics (JAMI)</td></tr><tr><td>Copyright</td><td><div><p>Copyright FHIR Japanese implementation research working group in Japan Association of Medical Informatics (JAMI) 一般社団法人日本医療情報学会NeXEHRS課題研究会FHIR日本実装検討WG</p>\n</div></td></tr></table><h3>Identifiers</h3><table class=\"grid\"><tr><td><b>Type</b></td><td><b>Value</b></td><td><b>Preferred</b></td></tr><tr><td>OID</td><td>1.2.392.100495.20.2.34</td><td/></tr><tr><td>URI</td><td>urn:oid:1.2.392.100495.20.2.34</td><td/></tr><tr><td>OID</td><td>2.16.840.1.113883.3.1937.777.10.5.162</td><td/></tr><tr><td>URI</td><td>urn:oid:2.16.840.1.113883.3.1937.777.10.5.162</td><td/></tr><tr><td>URI</td><td>http://jpfhir.jp/fhir/core/CodeSystem/route-codes</td><td>true</td></tr></table></div>"
  },
  "extension" : [{
    "url" : "http://hl7.org/fhir/5.0/StructureDefinition/extension-NamingSystem.url",
    "valueUri" : "http://jpfhir.jp/fhir/core/NamingSystem/jp-medicationroute-hl7-0162-namingsystem"
  },
  {
    "url" : "http://hl7.org/fhir/5.0/StructureDefinition/extension-NamingSystem.version",
    "valueString" : "1.1.2"
  }],
  "name" : "JP_MedicationRoute_HL7_0162_NamingSystem",
  "status" : "active",
  "kind" : "codesystem",
  "date" : "2023-06-26",
  "publisher" : "FHIR Japanese implementation research working group in Japan Association of Medical Informatics (JAMI)",
  "contact" : [{
    "name" : "FHIR Japanese implementation research working group in Japan Association of Medical Informatics (JAMI)",
    "telecom" : [{
      "system" : "url",
      "value" : "http://jpfhir.jp"
    },
    {
      "system" : "email",
      "value" : "office@hlfhir.jp"
    }]
  }],
  "description" : "JP MedicationRouteHL7 0162 NamingSystem",
  "jurisdiction" : [{
    "coding" : [{
      "system" : "urn:iso:std:iso:3166",
      "code" : "JP",
      "display" : "Japan"
    }]
  }],
  "uniqueId" : [{
    "type" : "oid",
    "value" : "1.2.392.100495.20.2.34"
  },
  {
    "type" : "uri",
    "value" : "urn:oid:1.2.392.100495.20.2.34"
  },
  {
    "type" : "oid",
    "value" : "2.16.840.1.113883.3.1937.777.10.5.162"
  },
  {
    "type" : "uri",
    "value" : "urn:oid:2.16.840.1.113883.3.1937.777.10.5.162"
  },
  {
    "type" : "uri",
    "value" : "http://jpfhir.jp/fhir/core/CodeSystem/route-codes",
    "preferred" : true
  }]
}