<?xml version="1.0" encoding="UTF-8"?>

<ValueSet xmlns="http://hl7.org/fhir">
  <id value="jp-microbiology-anti-microbial-drug-vs"/>
  <text>
    <status value="generated"/><div xmlns="http://www.w3.org/1999/xhtml"><ul><li>Include all codes defined in <a href="CodeSystem-jp-microbiology-anti-microbial-drug-cs.html"><code>urn:oid:1.2.392.100495.10.3.100.5.11.5.2</code></a></li></ul></div>
  </text>
  <url value="http://jpfhir.jp/fhir/core/ValueSet/JP_Microbiology_AntiMicrobialDrug_VS"/>
  <version value="1.1.2"/>
  <name value="JP_Microbiology_AntiMicrobialDrug_VS"/>
  <title value="JP Core Microbiology AntiMicrobial Drug ValueSet"/>
  <status value="active"/>
  <experimental value="false"/>
  <date value="2023-06-26"/>
  <publisher value="FHIR Japanese implementation research working group in Japan Association of Medical Informatics (JAMI)"/>
  <contact>
    <name value="FHIR Japanese implementation research working group in Japan Association of Medical Informatics (JAMI)"/>
    <telecom>
      <system value="url"/>
      <value value="http://jpfhir.jp"/>
    </telecom>
    <telecom>
      <system value="email"/>
      <value value="office@hlfhir.jp"/>
    </telecom>
  </contact>
  <description value="微生物学検査 抗微生物学的薬剤値セット &#xA;本コードは厚生労働省院内感染対策サーベイランス事業(https://janis.mhlw.go.jp/)で作成されているマスタを編集・加工して利用している"/>
  <jurisdiction>
    <coding>
      <system value="urn:iso:std:iso:3166"/>
      <code value="JP"/>
    </coding>
  </jurisdiction>
  <copyright value="Copyright FHIR Japanese implementation research working group in Japan Association of Medical Informatics (JAMI) 一般社団法人日本医療情報学会NeXEHRS課題研究会FHIR日本実装検討WG  &#xA;厚生労働省院内感染対策サーベイランス事業(https://janis.mhlw.go.jp/)"/>
  <compose>
    <include>
      <system value="urn:oid:1.2.392.100495.10.3.100.5.11.5.2"/>
    </include>
  </compose>
</ValueSet>