{
  "resourceType": "Immunization",
  "id": "jp-immunization-example-1",
  "meta": {
    "profile": [
      "https://jpfhir.jp/fhir/core/StructureDefinition/JP_Immunization",
      "http://jpfhir.jp/fhir/core/StructureDefinition/JP_Immunization"
    ]
  },
  "text": {
    "status": "generated",
    "div": "<div xmlns=\"http://www.w3.org/1999/xhtml\"><p><b>Generated Narrative</b></p><div style=\"display: inline-block; background-color: #d9e0e7; padding: 6px; margin: 4px; border: 1px solid #8da1b4; border-radius: 5px; line-height: 60%\"><p style=\"margin-bottom: 0px\">Resource \"jp-immunization-example-1\" </p><p style=\"margin-bottom: 0px\">Profiles: <a href=\"StructureDefinition-jp-immunization.html\">JP Core Immunization Profile</a>, <code>http://jpfhir.jp/fhir/core/StructureDefinition/JP_Immunization</code></p></div><p><b>status</b>: completed</p><p><b>vaccineCode</b>: コミナティ筋注 <span style=\"background: LightGoldenRodYellow; margin: 4px; border: 1px solid khaki\"> (unknown#182110901)</span></p><p><b>patient</b>: <a href=\"Patient-jp-patient-example-1.html\">Patient/jp-patient-example-1</a> \" 山田\"</p><p><b>occurrence</b>: 2021-07-01 10:30:00+0900</p><p><b>lotNumber</b>: 12345678</p><p><b>site</b>: 左上腕 <span style=\"background: LightGoldenRodYellow; margin: 4px; border: 1px solid khaki\"> (unknown#74L)</span></p><p><b>doseQuantity</b>: 0.45 mL<span style=\"background: LightGoldenRodYellow\"> (Details: UCUM code mL = 'mL')</span></p><h3>Performers</h3><table class=\"grid\"><tr><td>-</td><td><b>Function</b></td><td><b>Actor</b></td></tr><tr><td>*</td><td>Administering Provider <span style=\"background: LightGoldenRodYellow; margin: 4px; border: 1px solid khaki\"> (<a href=\"http://terminology.hl7.org/3.1.0/CodeSystem-v2-0443.html\">providerRole</a>#AP)</span></td><td><a href=\"Practitioner-jp-practionner-example-male-1.html\">Practitioner/jp-practionner-example-male-1: 埼玉 一郎</a> \" 埼玉\"</td></tr></table><h3>ProtocolApplieds</h3><table class=\"grid\"><tr><td>-</td><td><b>TargetDisease</b></td><td><b>DoseNumber[x]</b></td></tr><tr><td>*</td><td>ＣＯＶＩＤ－１９ <span style=\"background: LightGoldenRodYellow; margin: 4px; border: 1px solid khaki\"> (unknown#S9VN)</span></td><td>1</td></tr></table></div>"
  },
  "status": "completed",
  "vaccineCode": {
    "coding": [
      {
        "system": "urn:oid:1.2.392.200119.4.403.1",
        "code": "182110901",
        "display": "コミナティ筋注"
      }
    ]
  },
  "patient": {
    "reference": "Patient/jp-patient-example-1"
  },
  "occurrenceDateTime": "2021-07-01T10:30:00+09:00",
  "lotNumber": "12345678",
  "site": {
    "coding": [
      {
        "system": "urn:oid:1.2.392.200250.2.2.20.32",
        "code": "74L",
        "display": "左上腕"
      }
    ]
  },
  "doseQuantity": {
    "value": 0.45,
    "unit": "mL",
    "system": "http://unitsofmeasure.org",
    "code": "mL"
  },
  "performer": [
    {
      "function": {
        "coding": [
          {
            "system": "http://terminology.hl7.org/CodeSystem/v2-0443",
            "code": "AP",
            "display": "Administering Provider"
          }
        ]
      },
      "actor": {
        "reference": "Practitioner/jp-practionner-example-male-1",
        "display": "埼玉 一郎"
      }
    }
  ],
  "protocolApplied": [
    {
      "targetDisease": [
        {
          "coding": [
            {
              "system": "urn:oid:1.2.392.200119.4.101.6",
              "code": "S9VN",
              "display": "ＣＯＶＩＤ－１９"
            }
          ]
        }
      ],
      "doseNumberPositiveInt": 1
    }
  ]
}