<?xml version="1.0" encoding="UTF-8"?>

<MedicationRequest xmlns="http://hl7.org/fhir">
  <id value="jp-medicationrequest-injection-example-1"/>
  <meta>
    <profile value="http://jpfhir.jp/fhir/core/StructureDefinition/JP_MedicationRequest_Injection"/>
  </meta>
  <text>
    <status value="generated"/><div xmlns="http://www.w3.org/1999/xhtml"><p><b>Generated Narrative</b></p><div style="display: inline-block; background-color: #d9e0e7; padding: 6px; margin: 4px; border: 1px solid #8da1b4; border-radius: 5px; line-height: 60%"><p style="margin-bottom: 0px">Resource "jp-medicationrequest-injection-example-1" </p><p style="margin-bottom: 0px">Profile: <a href="StructureDefinition-jp-medicationrequest-injection.html">JP Core MedicationRequest Injection Profile</a></p></div><p><b>identifier</b>: id: 1234567890.1.1, id: 1, id: 2</p><p><b>status</b>: active</p><p><b>intent</b>: order</p><p><b>category</b>: Inpatient Order <span style="background: LightGoldenRodYellow; margin: 4px; border: 1px solid khaki"> (<a href="http://terminology.hl7.org/3.1.0/CodeSystem-v2-0482.html">orderType</a>#I)</span>, 入院処方 <span style="background: LightGoldenRodYellow; margin: 4px; border: 1px solid khaki"> (merit9-category#IHP)</span>, 定時処方 <span style="background: LightGoldenRodYellow; margin: 4px; border: 1px solid khaki"> (JHSI0001#FTP)</span></p><p><b>medication</b>: <a name="jp-medicationrequest-injection-medication-example-1"> </a></p><blockquote><div style="display: inline-block; background-color: #d9e0e7; padding: 6px; margin: 4px; border: 1px solid #8da1b4; border-radius: 5px; line-height: 60%"><p style="margin-bottom: 0px">Resource "jp-medicationrequest-injection-medication-example-1" </p><p style="margin-bottom: 0px">Profile: <a href="StructureDefinition-jp-medication.html">JP Core Medication Profile</a></p></div><p><b>status</b>: active</p><h3>Ingredients</h3><table class="grid"><tr><td>-</td><td><b>Extension</b></td><td><b>Item[x]</b></td><td><b>Strength</b></td></tr><tr><td>*</td><td></td><td>ホリゾン注射液１０ｍｇ <span style="background: LightGoldenRodYellow; margin: 4px; border: 1px solid khaki"> (unknown#100558502)</span></td><td>1 アンプル<span style="background: LightGoldenRodYellow"> (Details: urn:oid:1.2.392.100495.20.2.101 code AMP = 'AMP')</span>/1 回<span style="background: LightGoldenRodYellow"> (Details: urn:oid:1.2.392.100495.20.2.101 code KAI = 'KAI')</span></td></tr></table></blockquote><p><b>subject</b>: <a name="jp-patient-example-1"> </a></p><blockquote><div style="display: inline-block; background-color: #d9e0e7; padding: 6px; margin: 4px; border: 1px solid #8da1b4; border-radius: 5px; line-height: 60%"><p style="margin-bottom: 0px">Resource "jp-patient-example-1" </p><p style="margin-bottom: 0px">Profile: <a href="StructureDefinition-jp-patient.html">JP Core Patient Profile</a></p></div><p><b>identifier</b>: id: 1001</p><p><b>name</b>: 山田 太郎(OFFICIAL), ヤマダ タロウ(OFFICIAL)</p><p><b>telecom</b>: ph: 0312345678(HOME)</p><p><b>gender</b>: male</p><p><b>birthDate</b>: 1970-01-01</p><p><b>address</b>: 東京都新宿区</p></blockquote><p><b>authoredOn</b>: 2016-07-01</p><p><b>requester</b>: <a name="jp-practionner-example-female-1"> </a></p><blockquote><div style="display: inline-block; background-color: #d9e0e7; padding: 6px; margin: 4px; border: 1px solid #8da1b4; border-radius: 5px; line-height: 60%"><p style="margin-bottom: 0px">Resource "jp-practionner-example-female-1" </p></div><p><b>name</b>: 東京 春子, トウキョウ ハルコ</p><p><b>gender</b>: female</p></blockquote><p><b>insurance</b>: <a href="Coverage-jp-coverage-example-1.html">Coverage/jp-coverage-example-1</a></p></div>
  </text>
  <contained>
    <Medication>
      <id value="jp-medicationrequest-injection-medication-example-1"/>
      <meta>
        <profile value="http://jpfhir.jp/fhir/core/StructureDefinition/JP_Medication"/>
      </meta>
      <status value="active"/>
      <ingredient>
        <extension url="http://jpfhir.jp/fhir/core/Extension/StructureDefinition/JP_Medication_Ingredient_DrugNo">
          <valueInteger value="1"/>
        </extension>
        <itemCodeableConcept>
          <coding>
            <system value="urn:oid:1.2.392.100495.20.2.74"/>
            <code value="100558502"/>
            <display value="ホリゾン注射液１０ｍｇ"/>
          </coding>
        </itemCodeableConcept>
        <strength>
          <extension url="http://jpfhir.jp/fhir/core/Extension/StructureDefinition/JP_Medication_IngredientStrength_StrengthType">
            <valueCodeableConcept>
              <coding>
                <system value="urn:oid:1.2.392.100495.20.2.22"/>
                <code value="1"/>
                <display value="製剤量"/>
              </coding>
            </valueCodeableConcept>
          </extension>
          <numerator>
            <value value="1"/>
            <unit value="アンプル"/>
            <system value="urn:oid:1.2.392.100495.20.2.101"/>
            <code value="AMP"/>
          </numerator>
          <denominator>
            <value value="1"/>
            <unit value="回"/>
            <system value="urn:oid:1.2.392.100495.20.2.101"/>
            <code value="KAI"/>
          </denominator>
        </strength>
      </ingredient>
    </Medication>
  </contained>
  <contained>
    <BodyStructure>
      <id value="jp-medicationrequest-injection-bodystructure-example-1"/>
      <contained>
        <Patient>
          <id value="jp-patient-example-1"/>
          <meta>
            <profile value="http://jpfhir.jp/fhir/core/StructureDefinition/JP_Patient"/>
          </meta>
          <identifier>
            <value value="1001"/>
          </identifier>
          <name>
            <extension url="http://hl7.org/fhir/StructureDefinition/iso21090-EN-representation">
              <valueCode value="IDE"/>
            </extension>
            <use value="official"/>
            <text value="山田 太郎"/>
            <family value="山田"/>
            <given value="太郎"/>
          </name>
          <name>
            <extension url="http://hl7.org/fhir/StructureDefinition/iso21090-EN-representation">
              <valueCode value="SYL"/>
            </extension>
            <use value="official"/>
            <text value="ヤマダ タロウ"/>
            <family value="ヤマダ"/>
            <given value="タロウ"/>
          </name>
          <telecom>
            <system value="phone"/>
            <value value="0312345678"/>
            <use value="home"/>
          </telecom>
          <gender value="male"/>
          <birthDate value="1970-01-01"/>
          <address>
            <text value="東京都新宿区"/>
            <postalCode value="1600023"/>
          </address>
        </Patient>
      </contained>
      <location>
        <coding>
          <system value="http://terminology.hl7.org/CodeSystem/v2-0550"/>
          <code value="ARM"/>
          <display value="Arm"/>
        </coding>
      </location>
      <locationQualifier>
        <coding>
          <system value="http://terminology.hl7.org/CodeSystem/v2-0495"/>
          <code value="L"/>
          <display value="Left"/>
        </coding>
      </locationQualifier>
      <patient>
        <reference value="#jp-patient-example-1"/>
      </patient>
    </BodyStructure>
  </contained>
  <contained>
    <Device>
      <id value="jp-medicationrequest-injection-device-example-1"/>
      <type>
        <coding>
          <system value="http://jpfhir.jp/medication/99ILL"/>
          <code value="01"/>
          <display value="シリンジ"/>
        </coding>
      </type>
    </Device>
  </contained>
  <contained>
    <Practitioner>
      <id value="jp-practionner-example-female-1"/>
      <name>
        <extension url="http://hl7.org/fhir/StructureDefinition/iso21090-EN-representation">
          <valueCode value="IDE"/>
        </extension>
        <text value="東京 春子"/>
        <family value="東京"/>
        <given value="春子"/>
      </name>
      <name>
        <extension url="http://hl7.org/fhir/StructureDefinition/iso21090-EN-representation">
          <valueCode value="SYL"/>
        </extension>
        <text value="トウキョウ ハルコ"/>
        <family value="トウキョウ"/>
        <given value="ハルコ"/>
      </name>
      <gender value="female"/>
    </Practitioner>
  </contained>
  <contained>
    <Patient>
      <id value="jp-patient-example-1"/>
      <meta>
        <profile value="http://jpfhir.jp/fhir/core/StructureDefinition/JP_Patient"/>
      </meta>
      <identifier>
        <value value="1001"/>
      </identifier>
      <name>
        <extension url="http://hl7.org/fhir/StructureDefinition/iso21090-EN-representation">
          <valueCode value="IDE"/>
        </extension>
        <use value="official"/>
        <text value="山田 太郎"/>
        <family value="山田"/>
        <given value="太郎"/>
      </name>
      <name>
        <extension url="http://hl7.org/fhir/StructureDefinition/iso21090-EN-representation">
          <valueCode value="SYL"/>
        </extension>
        <use value="official"/>
        <text value="ヤマダ タロウ"/>
        <family value="ヤマダ"/>
        <given value="タロウ"/>
      </name>
      <telecom>
        <system value="phone"/>
        <value value="0312345678"/>
        <use value="home"/>
      </telecom>
      <gender value="male"/>
      <birthDate value="1970-01-01"/>
      <address>
        <text value="東京都新宿区"/>
        <postalCode value="1600023"/>
      </address>
    </Patient>
  </contained>
  <identifier>
    <system value="urn:oid:1.2.392.100495.20.3.81"/>
    <value value="1234567890.1.1"/>
  </identifier>
  <identifier>
    <system value="urn:oid:1.2.392.100495.20.3.82"/>
    <value value="1"/>
  </identifier>
  <identifier>
    <system value="urn:oid:1.2.392.100495.20.3.82"/>
    <value value="2"/>
  </identifier>
  <status value="active"/>
  <intent value="order"/>
  <category>
    <coding>
      <system value="http://terminology.hl7.org/CodeSystem/v2-0482"/>
      <code value="I"/>
      <display value="Inpatient Order"/>
    </coding>
  </category>
  <category>
    <coding>
      <system value="http://jpfhir.jp/Common/CodeSystem/merit9-category"/>
      <code value="IHP"/>
      <display value="入院処方"/>
    </coding>
  </category>
  <category>
    <coding>
      <system value="http://jpfhir.jp/Common/CodeSystem/JHSI0001"/>
      <code value="FTP"/>
      <display value="定時処方"/>
    </coding>
  </category>
  <medicationReference>
    <reference value="#jp-medicationrequest-injection-medication-example-1"/>
  </medicationReference>
  <subject>
    <reference value="#jp-patient-example-1"/>
  </subject>
  <authoredOn value="2016-07-01"/>
  <requester>
    <reference value="#jp-practionner-example-female-1"/>
  </requester>
  <insurance>
    <reference value="Coverage/jp-coverage-example-1"/>
  </insurance>
  <dosageInstruction>
    <extension url="http://jpfhir.jp/fhir/core/Extension/StructureDefinition/JP_MedicationRequest_DosageInstruction_Device">
      <valueReference>
        <reference value="#jp-medicationrequest-injection-device-example-1"/>
      </valueReference>
    </extension>
    <text value="ワンショット 静脈注射 静脈内 左腕"/>
    <additionalInstruction>
      <coding>
        <system value="urn:oid:1.2.392.200250.2.2.20.22"/>
        <code value="1"/>
        <display value="ワンショット"/>
      </coding>
    </additionalInstruction>
    <timing>
      <repeat>
        <boundsPeriod>
          <start value="2016-07-01T10:00:00+09:00"/>
        </boundsPeriod>
      </repeat>
    </timing>
    <site>
      <extension url="http://hl7.org/fhir/StructureDefinition/bodySite">
        <valueReference>
          <reference value="#jp-medicationrequest-injection-bodystructure-example-1"/>
        </valueReference>
      </extension>
    </site>
    <route>
      <coding>
        <system value="http://jpfhir.jp/fhir/ePrescription/CodeSystem/route-codes"/>
        <code value="IV"/>
        <display value="静脈内"/>
      </coding>
    </route>
    <method>
      <coding>
        <system value="urn:oid:1.2.392.200250.2.2.20.40"/>
        <code value="30"/>
        <display value="静脈注射"/>
      </coding>
    </method>
    <doseAndRate>
      <type>
        <coding>
          <system value="urn:oid:1.2.392.100495.20.2.22"/>
          <code value="1"/>
        </coding>
      </type>
      <doseQuantity>
        <value value="2"/>
        <unit value="mL"/>
        <system value="urn:oid:1.2.392.100495.20.2.101"/>
        <code value="mL"/>
      </doseQuantity>
    </doseAndRate>
  </dosageInstruction>
</MedicationRequest>