{"resourceType":"ValueSet","id":"jp-medication-instruction-for-dispense-jhsp0002-vs","text":{"status":"generated","div":"<div xmlns=\"http://www.w3.org/1999/xhtml\"><p class=\"res-header-id\"><b>Generated Narrative: ValueSet jp-medication-instruction-for-dispense-jhsp0002-vs</b></p><a name=\"jp-medication-instruction-for-dispense-jhsp0002-vs\"> </a><a name=\"hcjp-medication-instruction-for-dispense-jhsp0002-vs\"> </a><a name=\"hcjp-medication-instruction-for-dispense-jhsp0002-vs-ja\"> </a><ul><li>Include all codes defined in <a href=\"https://simplifier.net/resolve?scope=jpfhir-terminology@1.1.1&amp;canonical=http://jpfhir.jp/fhir/core/CodeSystem/JHSP0002\"><code>http://jpfhir.jp/fhir/core/CodeSystem/JHSP0002</code></a></li></ul></div>"},"url":"http://jpfhir.jp/fhir/Examples/ValueSet/JP_MedicationInstructionForDispenseJHSP0002_VS","version":"1.2.0-dev","name":"JP_MedicationInstructionForDispenseJHSP0002_VS","title":"JP Core Medication JHSP0002 Instruction For Dispense ValueSet","status":"active","experimental":false,"date":"2023-10-31","publisher":"FHIR Japanese implementation research working group in Japan Association of Medical Informatics (JAMI)","contact":[{"name":"FHIR Japanese implementation research working group in Japan Association of Medical Informatics (JAMI)","telecom":[{"system":"url","value":"http://jpfhir.jp"},{"system":"email","value":"office@hlfhir.jp"}]}],"description":"JAHIS処方データ交換規約Ver.3.0C JHSP表0002調剤特別指示の値セット","jurisdiction":[{"coding":[{"system":"urn:iso:std:iso:3166","code":"JP"}]}],"copyright":"Copyright Japanese  Association of Healthcare Information Systems Industry(JAHIS)  一般社団法人保健医療福祉情報システム工業会","compose":{"include":[{"system":"http://jpfhir.jp/fhir/core/CodeSystem/JHSP0002"}]}}