{"resourceType":"ValueSet","id":"jp-reason-codes-jed-vs","text":{"status":"generated","div":"<div xmlns=\"http://www.w3.org/1999/xhtml\"><p class=\"res-header-id\"><b>Generated Narrative: ValueSet jp-reason-codes-jed-vs</b></p><a name=\"jp-reason-codes-jed-vs\"> </a><a name=\"hcjp-reason-codes-jed-vs\"> </a><a name=\"hcjp-reason-codes-jed-vs-ja\"> </a><ul><li>Include these codes as defined in <a href=\"CodeSystem-jp-endoscopyterminology-codes-jed-cs.html\"><code>urn:oid:1.2.392.200270.4.1000.1</code></a><table class=\"none\"><tr><td style=\"white-space:nowrap\"><b>Code</b></td><td><b>Display</b></td></tr><tr><td><a href=\"CodeSystem-jp-endoscopyterminology-codes-jed-cs.html#jp-endoscopyterminology-codes-jed-cs-Z1320021\">Z1320021</a></td><td>スクリーニング</td></tr><tr><td><a href=\"CodeSystem-jp-endoscopyterminology-codes-jed-cs.html#jp-endoscopyterminology-codes-jed-cs-Z1320022\">Z1320022</a></td><td>吐・下血</td></tr><tr><td><a href=\"CodeSystem-jp-endoscopyterminology-codes-jed-cs.html#jp-endoscopyterminology-codes-jed-cs-Z1320023\">Z1320023</a></td><td>吐・下血以外の有症状</td></tr><tr><td><a href=\"CodeSystem-jp-endoscopyterminology-codes-jed-cs.html#jp-endoscopyterminology-codes-jed-cs-Z1320024\">Z1320024</a></td><td>治療前精査</td></tr><tr><td><a href=\"CodeSystem-jp-endoscopyterminology-codes-jed-cs.html#jp-endoscopyterminology-codes-jed-cs-Z1320025\">Z1320025</a></td><td>内視鏡治療後サーベイランス</td></tr><tr><td><a href=\"CodeSystem-jp-endoscopyterminology-codes-jed-cs.html#jp-endoscopyterminology-codes-jed-cs-Z1320026\">Z1320026</a></td><td>便潜血精査</td></tr><tr><td><a href=\"CodeSystem-jp-endoscopyterminology-codes-jed-cs.html#jp-endoscopyterminology-codes-jed-cs-Z1320027\">Z1320027</a></td><td>下血/血便</td></tr><tr><td><a href=\"CodeSystem-jp-endoscopyterminology-codes-jed-cs.html#jp-endoscopyterminology-codes-jed-cs-Z1320028\">Z1320028</a></td><td>下血/血便以外の有症状</td></tr><tr><td><a href=\"CodeSystem-jp-endoscopyterminology-codes-jed-cs.html#jp-endoscopyterminology-codes-jed-cs-Z1320029\">Z1320029</a></td><td>ポリープ経過観察</td></tr><tr><td><a href=\"CodeSystem-jp-endoscopyterminology-codes-jed-cs.html#jp-endoscopyterminology-codes-jed-cs-Z1320030\">Z1320030</a></td><td>内視鏡切除</td></tr><tr><td><a href=\"CodeSystem-jp-endoscopyterminology-codes-jed-cs.html#jp-endoscopyterminology-codes-jed-cs-Z1320031\">Z1320031</a></td><td>大腸癌術後サーベイランス</td></tr><tr><td><a href=\"CodeSystem-jp-endoscopyterminology-codes-jed-cs.html#jp-endoscopyterminology-codes-jed-cs-Z1320032\">Z1320032</a></td><td>大腸癌化療・放射線治療後評価</td></tr><tr><td><a href=\"CodeSystem-jp-endoscopyterminology-codes-jed-cs.html#jp-endoscopyterminology-codes-jed-cs-Z1320033\">Z1320033</a></td><td>炎症性腸疾患サーベイランス</td></tr><tr><td><a href=\"CodeSystem-jp-endoscopyterminology-codes-jed-cs.html#jp-endoscopyterminology-codes-jed-cs-Z1320034\">Z1320034</a></td><td>炎症性腸疾患</td></tr><tr><td><a href=\"CodeSystem-jp-endoscopyterminology-codes-jed-cs.html#jp-endoscopyterminology-codes-jed-cs-Z1320035\">Z1320035</a></td><td>術前(点墨)マーキング</td></tr><tr><td><a href=\"CodeSystem-jp-endoscopyterminology-codes-jed-cs.html#jp-endoscopyterminology-codes-jed-cs-Z1320036\">Z1320036</a></td><td>原因不明の消化管出血精査</td></tr><tr><td><a href=\"CodeSystem-jp-endoscopyterminology-codes-jed-cs.html#jp-endoscopyterminology-codes-jed-cs-Z1320037\">Z1320037</a></td><td>腹部有症状</td></tr><tr><td><a href=\"CodeSystem-jp-endoscopyterminology-codes-jed-cs.html#jp-endoscopyterminology-codes-jed-cs-Z1320038\">Z1320038</a></td><td>便通異常</td></tr><tr><td><a href=\"CodeSystem-jp-endoscopyterminology-codes-jed-cs.html#jp-endoscopyterminology-codes-jed-cs-Z1320039\">Z1320039</a></td><td>他画像検査で異常</td></tr><tr><td><a href=\"CodeSystem-jp-endoscopyterminology-codes-jed-cs.html#jp-endoscopyterminology-codes-jed-cs-Z1320040\">Z1320040</a></td><td>カプセル内視鏡で異常</td></tr><tr><td><a href=\"CodeSystem-jp-endoscopyterminology-codes-jed-cs.html#jp-endoscopyterminology-codes-jed-cs-Z1320041\">Z1320041</a></td><td>外科手術前</td></tr><tr><td><a href=\"CodeSystem-jp-endoscopyterminology-codes-jed-cs.html#jp-endoscopyterminology-codes-jed-cs-Z1320042\">Z1320042</a></td><td>内視鏡治療（他院治療依頼）</td></tr><tr><td><a href=\"CodeSystem-jp-endoscopyterminology-codes-jed-cs.html#jp-endoscopyterminology-codes-jed-cs-Z1320043\">Z1320043</a></td><td>化学療法効果判定</td></tr><tr><td><a href=\"CodeSystem-jp-endoscopyterminology-codes-jed-cs.html#jp-endoscopyterminology-codes-jed-cs-Z1320044\">Z1320044</a></td><td>経過観察</td></tr><tr><td><a href=\"CodeSystem-jp-endoscopyterminology-codes-jed-cs.html#jp-endoscopyterminology-codes-jed-cs-Z1320045\">Z1320045</a></td><td>閉塞性黄疸（良性）</td></tr><tr><td><a href=\"CodeSystem-jp-endoscopyterminology-codes-jed-cs.html#jp-endoscopyterminology-codes-jed-cs-Z1320046\">Z1320046</a></td><td>閉塞性黄疸（悪性）</td></tr><tr><td><a href=\"CodeSystem-jp-endoscopyterminology-codes-jed-cs.html#jp-endoscopyterminology-codes-jed-cs-Z1320047\">Z1320047</a></td><td>LFT(Liver Function Test)異常</td></tr><tr><td><a href=\"CodeSystem-jp-endoscopyterminology-codes-jed-cs.html#jp-endoscopyterminology-codes-jed-cs-Z1320048\">Z1320048</a></td><td>既知及び疑われる胆管結石</td></tr><tr><td><a href=\"CodeSystem-jp-endoscopyterminology-codes-jed-cs.html#jp-endoscopyterminology-codes-jed-cs-Z1320049\">Z1320049</a></td><td>急性膵炎</td></tr><tr><td><a href=\"CodeSystem-jp-endoscopyterminology-codes-jed-cs.html#jp-endoscopyterminology-codes-jed-cs-Z1320050\">Z1320050</a></td><td>反復する膵炎</td></tr><tr><td><a href=\"CodeSystem-jp-endoscopyterminology-codes-jed-cs.html#jp-endoscopyterminology-codes-jed-cs-Z1320051\">Z1320051</a></td><td>慢性膵炎</td></tr><tr><td><a href=\"CodeSystem-jp-endoscopyterminology-codes-jed-cs.html#jp-endoscopyterminology-codes-jed-cs-Z1320052\">Z1320052</a></td><td>慢性の腹痛</td></tr><tr><td><a href=\"CodeSystem-jp-endoscopyterminology-codes-jed-cs.html#jp-endoscopyterminology-codes-jed-cs-Z1320053\">Z1320053</a></td><td>間欠的な腹痛（SODを含む）</td></tr><tr><td><a href=\"CodeSystem-jp-endoscopyterminology-codes-jed-cs.html#jp-endoscopyterminology-codes-jed-cs-Z1320054\">Z1320054</a></td><td>外科的治療後の漏出や狭窄</td></tr><tr><td><a href=\"CodeSystem-jp-endoscopyterminology-codes-jed-cs.html#jp-endoscopyterminology-codes-jed-cs-Z1320055\">Z1320055</a></td><td>胆道のステント交換・抜去</td></tr><tr><td><a href=\"CodeSystem-jp-endoscopyterminology-codes-jed-cs.html#jp-endoscopyterminology-codes-jed-cs-Z1320056\">Z1320056</a></td><td>膵管のステント交換・抜去</td></tr><tr><td><a href=\"CodeSystem-jp-endoscopyterminology-codes-jed-cs.html#jp-endoscopyterminology-codes-jed-cs-Z1320057\">Z1320057</a></td><td>他の画像診断による胆管系の異常</td></tr><tr><td><a href=\"CodeSystem-jp-endoscopyterminology-codes-jed-cs.html#jp-endoscopyterminology-codes-jed-cs-Z1320058\">Z1320058</a></td><td>腫瘍焼灼</td></tr><tr><td><a href=\"CodeSystem-jp-endoscopyterminology-codes-jed-cs.html#jp-endoscopyterminology-codes-jed-cs-ZZZ05121\">ZZZ05121</a></td><td>ポリペクトミー</td></tr><tr><td><a href=\"CodeSystem-jp-endoscopyterminology-codes-jed-cs.html#jp-endoscopyterminology-codes-jed-cs-ZZZ05131\">ZZZ05131</a></td><td>EMR</td></tr><tr><td><a href=\"CodeSystem-jp-endoscopyterminology-codes-jed-cs.html#jp-endoscopyterminology-codes-jed-cs-ZZZ05161\">ZZZ05161</a></td><td>ESD</td></tr><tr><td><a href=\"CodeSystem-jp-endoscopyterminology-codes-jed-cs.html#jp-endoscopyterminology-codes-jed-cs-ZZZ05181\">ZZZ05181</a></td><td>PDT</td></tr><tr><td><a href=\"CodeSystem-jp-endoscopyterminology-codes-jed-cs.html#jp-endoscopyterminology-codes-jed-cs-ZZZ05191\">ZZZ05191</a></td><td>腫瘍焼灼（APC含む）</td></tr><tr><td><a href=\"CodeSystem-jp-endoscopyterminology-codes-jed-cs.html#jp-endoscopyterminology-codes-jed-cs-ZZZ05241\">ZZZ05241</a></td><td>静脈瘤止血（予防含む）</td></tr><tr><td><a href=\"CodeSystem-jp-endoscopyterminology-codes-jed-cs.html#jp-endoscopyterminology-codes-jed-cs-ZZZ05251\">ZZZ05251</a></td><td>非静脈瘤止血（予防含む）</td></tr><tr><td><a href=\"CodeSystem-jp-endoscopyterminology-codes-jed-cs.html#jp-endoscopyterminology-codes-jed-cs-ZZZ05260\">ZZZ05260</a></td><td>拡張術、RIC</td></tr><tr><td><a href=\"CodeSystem-jp-endoscopyterminology-codes-jed-cs.html#jp-endoscopyterminology-codes-jed-cs-ZZZ05291\">ZZZ05291</a></td><td>ステント留置</td></tr><tr><td><a href=\"CodeSystem-jp-endoscopyterminology-codes-jed-cs.html#jp-endoscopyterminology-codes-jed-cs-ZZZ05351\">ZZZ05351</a></td><td>異物除去</td></tr><tr><td><a href=\"CodeSystem-jp-endoscopyterminology-codes-jed-cs.html#jp-endoscopyterminology-codes-jed-cs-ZZZ05340\">ZZZ05340</a></td><td>PEG、PTEG</td></tr><tr><td><a href=\"CodeSystem-jp-endoscopyterminology-codes-jed-cs.html#jp-endoscopyterminology-codes-jed-cs-ZZZ10301\">ZZZ10301</a></td><td>その他（記述する）</td></tr></table></li></ul></div>"},"url":"http://jpfhir.jp/fhir/core/ValueSet/JP_ReasonCodesJed_VS","version":"1.2.0-dev","name":"JP_ReasonCodesJed_VS","title":"JP Core ImagingStudy Endoscopy Reason Code JED ValueSet","status":"active","experimental":false,"date":"2023-10-31","publisher":"FHIR Japanese implementation research working group in Japan Association of Medical Informatics (JAMI)","contact":[{"name":"FHIR Japanese implementation research working group in Japan Association of Medical Informatics (JAMI)","telecom":[{"system":"url","value":"http://jpfhir.jp"},{"system":"email","value":"office@hlfhir.jp"}]}],"description":"日本消化器内視鏡学会が推進するJED (Japan Endoscopy Database) Projectのコード値セットのうち「検査目的」、「治療目的」に該当するコード","jurisdiction":[{"coding":[{"system":"urn:iso:std:iso:3166","code":"JP"}]}],"copyright":"Copyright JED-Project 一般社団法人 日本消化器内視鏡学会","compose":{"include":[{"system":"urn:oid:1.2.392.200270.4.1000.1","concept":[{"code":"Z1320021","display":"スクリーニング"},{"code":"Z1320022","display":"吐・下血"},{"code":"Z1320023","display":"吐・下血以外の有症状"},{"code":"Z1320024","display":"治療前精査"},{"code":"Z1320025","display":"内視鏡治療後サーベイランス"},{"code":"Z1320026","display":"便潜血精査"},{"code":"Z1320027","display":"下血/血便"},{"code":"Z1320028","display":"下血/血便以外の有症状"},{"code":"Z1320029","display":"ポリープ経過観察"},{"code":"Z1320030","display":"内視鏡切除"},{"code":"Z1320031","display":"大腸癌術後サーベイランス"},{"code":"Z1320032","display":"大腸癌化療・放射線治療後評価"},{"code":"Z1320033","display":"炎症性腸疾患サーベイランス"},{"code":"Z1320034","display":"炎症性腸疾患"},{"code":"Z1320035","display":"術前(点墨)マーキング"},{"code":"Z1320036","display":"原因不明の消化管出血精査"},{"code":"Z1320037","display":"腹部有症状"},{"code":"Z1320038","display":"便通異常"},{"code":"Z1320039","display":"他画像検査で異常"},{"code":"Z1320040","display":"カプセル内視鏡で異常"},{"code":"Z1320041","display":"外科手術前"},{"code":"Z1320042","display":"内視鏡治療（他院治療依頼）"},{"code":"Z1320043","display":"化学療法効果判定"},{"code":"Z1320044","display":"経過観察"},{"code":"Z1320045","display":"閉塞性黄疸（良性）"},{"code":"Z1320046","display":"閉塞性黄疸（悪性）"},{"code":"Z1320047","display":"LFT(Liver Function Test)異常"},{"code":"Z1320048","display":"既知及び疑われる胆管結石"},{"code":"Z1320049","display":"急性膵炎"},{"code":"Z1320050","display":"反復する膵炎"},{"code":"Z1320051","display":"慢性膵炎"},{"code":"Z1320052","display":"慢性の腹痛"},{"code":"Z1320053","display":"間欠的な腹痛（SODを含む）"},{"code":"Z1320054","display":"外科的治療後の漏出や狭窄"},{"code":"Z1320055","display":"胆道のステント交換・抜去"},{"code":"Z1320056","display":"膵管のステント交換・抜去"},{"code":"Z1320057","display":"他の画像診断による胆管系の異常"},{"code":"Z1320058","display":"腫瘍焼灼"},{"code":"ZZZ05121","display":"ポリペクトミー"},{"code":"ZZZ05131","display":"EMR"},{"code":"ZZZ05161","display":"ESD"},{"code":"ZZZ05181","display":"PDT"},{"code":"ZZZ05191","display":"腫瘍焼灼（APC含む）"},{"code":"ZZZ05241","display":"静脈瘤止血（予防含む）"},{"code":"ZZZ05251","display":"非静脈瘤止血（予防含む）"},{"code":"ZZZ05260","display":"拡張術、RIC"},{"code":"ZZZ05291","display":"ステント留置"},{"code":"ZZZ05351","display":"異物除去"},{"code":"ZZZ05340","display":"PEG、PTEG"},{"code":"ZZZ10301","display":"その他（記述する）"}]}]}}