<?xml version="1.0" encoding="UTF-8"?>

<Specimen xmlns="http://hl7.org/fhir">
  <id value="jp-specimen-example-1"/>
  <text>
    <status value="generated"/><div xmlns="http://www.w3.org/1999/xhtml"><p><b>Generated Narrative: Specimen</b><a name="jp-specimen-example-1"> </a><a name="hcjp-specimen-example-1"> </a></p><div style="display: inline-block; background-color: #d9e0e7; padding: 6px; margin: 4px; border: 1px solid #8da1b4; border-radius: 5px; line-height: 60%"><p style="margin-bottom: 0px">Resource Specimen &quot;jp-specimen-example-1&quot; </p></div><p><b>identifier</b>: <code>http://abc-hospital.local/identifiers/collections</code>/23234352356</p><p><b>accessionIdentifier</b>: <code>http://abc-hospital.local/specimens/2011</code>/X352356</p><p><b>status</b>: available</p><p><b>type</b>: Urine <span style="background: LightGoldenRodYellow; margin: 4px; border: 1px solid khaki"> (<a href="http://terminology.hl7.org/5.3.0/CodeSystem-v2-0487.html">specimenType</a>#UR)</span></p><p><b>subject</b>: <a href="Patient-jp-patient-example-1.html">Patient/jp-patient-example-1</a> &quot; 山田&quot;</p><p><b>receivedTime</b>: 2021-10-11 11:03:00+0900</p><h3>Containers</h3><table class="grid"><tr><td style="display: none">-</td><td><b>Identifier</b></td><td><b>Description</b></td><td><b>Type</b></td><td><b>Capacity</b></td><td><b>SpecimenQuantity</b></td></tr><tr><td style="display: none">*</td><td>48736-15394-75465</td><td>採尿容器</td><td>採尿容器 <span style="background: LightGoldenRodYellow; margin: 4px; border: 1px solid khaki"> ()</span></td><td>50 mL</td><td>40 mL</td></tr></table></div>
  </text>
  <identifier>
    <system value="http://abc-hospital.local/identifiers/collections"/>
    <value value="23234352356"/>
  </identifier>
  <accessionIdentifier>
    <system value="http://abc-hospital.local/specimens/2011"/>
    <value value="X352356"/>
  </accessionIdentifier>
  <status value="available"/>
  <type>
    <coding>
      <system value="http://terminology.hl7.org/CodeSystem/v2-0487"/>
      <code value="UR"/>
    </coding>
  </type>
  <subject>
    <reference value="Patient/jp-patient-example-1"/>
  </subject>
  <receivedTime value="2021-10-11T11:03:00+09:00"/>
  <container>
    <identifier>
      <value value="48736-15394-75465"/>
    </identifier>
    <description value="採尿容器"/>
    <type>
      <text value="採尿容器"/>
    </type>
    <capacity>
      <value value="50"/>
      <unit value="mL"/>
    </capacity>
    <specimenQuantity>
      <value value="40"/>
      <unit value="mL"/>
    </specimenQuantity>
  </container>
</Specimen>