{
  "resourceType" : "ValueSet",
  "id" : "jp-medication-substitution-not-allowed-reason-vs",
  "text" : {
    "status" : "generated",
    "div" : "<div xmlns=\"http://www.w3.org/1999/xhtml\"><ul><li>Include all codes defined in <code>urn:oid:1.2.392.100495.20.2.41</code></li></ul></div>"
  },
  "url" : "http://jpfhir.jp/fhir/core/ValueSet/JP_MedicationSubstitutionNotAllowedReason_VS",
  "version" : "1.1.2rc",
  "name" : "JP_MedicationSubstitutionNotAllowedReason_VS",
  "title" : "JP Core Medication Substitution Not Allowed Reason ValueSet",
  "status" : "active",
  "experimental" : false,
  "date" : "2022-10-24",
  "publisher" : "FHIR Japanese implementation research working group in Japan Association of Medical Informatics (JAMI)",
  "contact" : [{
    "name" : "FHIR Japanese implementation research working group in Japan Association of Medical Informatics (JAMI)",
    "telecom" : [{
      "system" : "url",
      "value" : "http://jpfhir.jp"
    },
    {
      "system" : "email",
      "value" : "office@hlfhir.jp"
    }]
  }],
  "description" : "後発医薬品変更不可区分の値セット",
  "jurisdiction" : [{
    "coding" : [{
      "system" : "urn:iso:std:iso:3166",
      "code" : "JPN"
    }]
  }],
  "copyright" : "厚生労働省（電子処方箋CDA記述仕様 第1版（平成30年度））",
  "compose" : {
    "include" : [{
      "system" : "urn:oid:1.2.392.100495.20.2.41"
    }]
  }
}