{"resourceType":"CodeSystem","id":"mhlw-codesystem-eprecda-clinicaldepartment-tbl10","meta":{"versionId":"1","lastUpdated":"2022-10-04T10:42:37.261+09:00"},"url":"urn:oid:1.2.392.100495.20.2.51","version":"1.1.2","name":"MHLW_codeSystem_ePreCDA_clinicalDepartment_tbl10","status":"active","date":"2023-08-30T09:03:20+00:00","publisher":"FHIR Japanese implementation research working group in Japan Association of Medical Informatics (JAMI)","contact":[{"name":"FHIR Japanese implementation research working group in Japan Association of Medical Informatics (JAMI)","telecom":[{"system":"url","value":"http://jpfhir.jp"},{"system":"email","value":"office@hlfhir.jp"}]}],"description":"厚労省電子処方CDA規格別表10 診療科コード","jurisdiction":[{"coding":[{"system":"urn:iso:std:iso:3166","code":"JP"}]}],"copyright":"Copyright FHIR Japanese implementation research working group in Japan Association of Medical Informatics (JAMI) 一般社団法人日本医療情報学会NeXEHRS課題研究会FHIR日本実装検討WG","caseSensitive":false,"content":"complete","count":38,"concept":[{"code":"01","display":"内科"},{"code":"02","display":"精神科"},{"code":"03","display":"神経科"},{"code":"04","display":"神経内科"},{"code":"05","display":"呼吸器科"},{"code":"06","display":"消化器科"},{"code":"07","display":"胃腸科"},{"code":"08","display":"循環器科"},{"code":"09","display":"小児科"},{"code":"10","display":"外科"},{"code":"11","display":"整形外科"},{"code":"12","display":"形成外科"},{"code":"13","display":"美容外科"},{"code":"14","display":"脳神経外科"},{"code":"15","display":"呼吸器外科"},{"code":"16","display":"心臓血管外科"},{"code":"17","display":"小児外科"},{"code":"18","display":"皮膚泌尿器科"},{"code":"19","display":"皮膚科"},{"code":"20","display":"泌尿器科"},{"code":"21","display":"性病科"},{"code":"22","display":"肛門科"},{"code":"23","display":"産婦人科"},{"code":"24","display":"産科"},{"code":"25","display":"婦人科"},{"code":"26","display":"眼科"},{"code":"27","display":"耳鼻咽喉科"},{"code":"28","display":"気管食道科"},{"code":"30","display":"放射線科"},{"code":"31","display":"麻酔科"},{"code":"33","display":"心療内科"},{"code":"34","display":"アレルギー科"},{"code":"35","display":"リウマチ科"},{"code":"36","display":"リハビリテーション科"},{"code":"37","display":"病理診断科"},{"code":"38","display":"臨床検査科"},{"code":"39","display":"救急科"},{"code":"90","display":"歯科"}]}