{"resourceType":"CodeSystem","id":"jp-medicationmethodjamidetailusage-cs","url":"urn:oid:1.2.392.200250.2.2.20.40","identifier":[{"system":"urn:ietf:rfc:3986","value":"urn:oid:1.2.392.200250.2.2.20.40"}],"version":"1.1.2","name":"JP_MedicationMethodJAMIDetailUsage_CS","title":"JP Core Medication JAMI Detail Usage Type CodeSystem","status":"active","experimental":false,"date":"2023-06-26","publisher":"FHIR Japanese implementation research working group in Japan Association of Medical Informatics (JAMI)","contact":[{"name":"FHIR Japanese implementation research working group in Japan Association of Medical Informatics (JAMI)","telecom":[{"system":"url","value":"http://jpfhir.jp"},{"system":"email","value":"office@hlfhir.jp"}]}],"description":"JAMI標準用法規格表２用法詳細区分のコードシステム","jurisdiction":[{"coding":[{"system":"urn:iso:std:iso:3166","code":"JP"}]}],"copyright":"Copyright Japan Association of Medical Informatics (JAMI)  一般社団法人日本医療情報学会 https://www.jami.jp/jamistd/","caseSensitive":true,"content":"complete","count":53,"concept":[{"code":"10","display":"経口"},{"code":"11","display":"舌下"},{"code":"12","display":"バッカル"},{"code":"13","display":"経口内塗布"},{"code":"2A","display":"貼付"},{"code":"2B","display":"塗布"},{"code":"2C","display":"湿布"},{"code":"2D","display":"撒布"},{"code":"2E","display":"噴霧"},{"code":"2F","display":"消毒"},{"code":"2G","display":"点耳"},{"code":"2H","display":"点眼"},{"code":"2J","display":"点鼻"},{"code":"2K","display":"うがい"},{"code":"2L","display":"吸入"},{"code":"2M","display":"トローチ"},{"code":"2N","display":"膀胱洗浄"},{"code":"2P","display":"鼻腔内洗浄"},{"code":"2Q","display":"浣腸"},{"code":"2R","display":"肛門挿入"},{"code":"2S","display":"肛門注入"},{"code":"2T","display":"膣内挿入"},{"code":"2U","display":"膀胱注入"},{"code":"30","display":"静脈注射"},{"code":"31","display":"中心静脈注射"},{"code":"32","display":"皮下注射"},{"code":"33","display":"筋肉内注射"},{"code":"34","display":"皮内注射"},{"code":"35","display":"動脈注射"},{"code":"3A","display":"硬膜外注射"},{"code":"3B","display":"脳脊髄腔注射"},{"code":"3C","display":"骨髄内注射"},{"code":"3D","display":"関節腔内注射"},{"code":"3E","display":"腱鞘内注射"},{"code":"3F","display":"腱鞘周囲注射"},{"code":"3G","display":"硝子体内注射"},{"code":"3H","display":"結膜下注射"},{"code":"3J","display":"テノン氏のう内注射"},{"code":"3K","display":"耳茸内注射"},{"code":"3L","display":"咽頭注射"},{"code":"3M","display":"胸腔内注射"},{"code":"3N","display":"痔核注射"},{"code":"3P","display":"角膜内注射"},{"code":"3Q","display":"球後注射"},{"code":"3R","display":"腹腔内注射"},{"code":"3Z","display":"局所・病巣内注射"},{"code":"40","display":"腹膜透析"},{"code":"41","display":"気管内注入"},{"code":"42","display":"涙のう内注入"},{"code":"43","display":"鼓室内注入"},{"code":"44","display":"滑液囊穿刺後の注入"},{"code":"45","display":"腹腔内注入"},{"code":"4Z","display":"病巣内注入"}]}