{"resourceType":"CodeSystem","id":"jp-codesystem-eprecommunication-category","meta":{"versionId":"1","lastUpdated":"2022-10-04T00:43:13.226+09:00"},"url":"http://jpfhir.jp/fhir/ePrescription/CodeSystem/communication-category","version":"1.1.2","name":"JP_codeSystem_ePreCommunication_category","status":"active","date":"2023-08-30T05:38:38+00:00","publisher":"FHIR Japanese implementation research working group in Japan Association of Medical Informatics (JAMI)","contact":[{"name":"FHIR Japanese implementation research working group in Japan Association of Medical Informatics (JAMI)","telecom":[{"system":"url","value":"http://jpfhir.jp"},{"system":"email","value":"office@hlfhir.jp"}]}],"description":"処方箋備考区分","jurisdiction":[{"coding":[{"system":"urn:iso:std:iso:3166","code":"JP"}]}],"copyright":"Copyright Japan Association of Medical Informatics (JAMI)  一般社団法人日本医療情報学会 https://www.jami.jp/jamistd/","caseSensitive":false,"content":"complete","count":3,"concept":[{"code":"1","display":"処方箋備考"},{"code":"2","display":"調剤者への指示"},{"code":"3","display":"残薬確認指示"}]}