{"resourceType":"ValueSet","id":"jp-radiologymodality-vs","text":{"status":"generated","div":"<div xmlns=\"http://www.w3.org/1999/xhtml\"><ul><li>Include these codes as defined in <a href=\"http://dicom.nema.org/resources/ontology/DCM\"><code>http://dicom.nema.org/resources/ontology/DCM</code></a><table class=\"none\"><tr><td style=\"white-space:nowrap\"><b>Code</b></td><td><b>Display</b></td></tr><tr><td><a href=\"http://hl7.org/fhir/R4/codesystem-dicom-dcim.html#dicom-dcim-AR\">AR</a></td><td>Autorefraction</td></tr><tr><td><a href=\"http://hl7.org/fhir/R4/codesystem-dicom-dcim.html#dicom-dcim-AU\">AU</a></td><td>Basic Voice Audio</td></tr><tr><td><a href=\"http://hl7.org/fhir/R4/codesystem-dicom-dcim.html#dicom-dcim-BDUS\">BDUS</a></td><td>Ultrasound Bone Densitometry</td></tr><tr><td><a href=\"http://hl7.org/fhir/R4/codesystem-dicom-dcim.html#dicom-dcim-BI\">BI</a></td><td>Biomagnetic Imaging</td></tr><tr><td><a href=\"http://hl7.org/fhir/R4/codesystem-dicom-dcim.html#dicom-dcim-BMD\">BMD</a></td><td>Bone Mineral Densitometry</td></tr><tr><td><a href=\"http://hl7.org/fhir/R4/codesystem-dicom-dcim.html#dicom-dcim-CR\">CR</a></td><td>Computed Radiography</td></tr><tr><td><a href=\"http://hl7.org/fhir/R4/codesystem-dicom-dcim.html#dicom-dcim-CT\">CT</a></td><td>Computed Tomography</td></tr><tr><td><a href=\"http://hl7.org/fhir/R4/codesystem-dicom-dcim.html#dicom-dcim-DG\">DG</a></td><td>Diaphanography</td></tr><tr><td><a href=\"http://hl7.org/fhir/R4/codesystem-dicom-dcim.html#dicom-dcim-DX\">DX</a></td><td>Digital Radiography</td></tr><tr><td><a href=\"http://hl7.org/fhir/R4/codesystem-dicom-dcim.html#dicom-dcim-ECG\">ECG</a></td><td>Electrocardiography</td></tr><tr><td><a href=\"http://hl7.org/fhir/R4/codesystem-dicom-dcim.html#dicom-dcim-EPS\">EPS</a></td><td>Cardiac Electrophysiology</td></tr><tr><td><a href=\"http://hl7.org/fhir/R4/codesystem-dicom-dcim.html#dicom-dcim-ES\">ES</a></td><td>Endoscopy</td></tr><tr><td><a href=\"http://hl7.org/fhir/R4/codesystem-dicom-dcim.html#dicom-dcim-GM\">GM</a></td><td>General Microscopy</td></tr><tr><td><a href=\"http://hl7.org/fhir/R4/codesystem-dicom-dcim.html#dicom-dcim-HC\">HC</a></td><td>Hard Copy</td></tr><tr><td><a href=\"http://hl7.org/fhir/R4/codesystem-dicom-dcim.html#dicom-dcim-HD\">HD</a></td><td>Hemodynamic Waveform</td></tr><tr><td><a href=\"http://hl7.org/fhir/R4/codesystem-dicom-dcim.html#dicom-dcim-IO\">IO</a></td><td>Intra-oral Radiography</td></tr><tr><td><a href=\"http://hl7.org/fhir/R4/codesystem-dicom-dcim.html#dicom-dcim-IVOCT\">IVOCT</a></td><td>Intravascular Optical Coherence Tomography</td></tr><tr><td><a href=\"http://hl7.org/fhir/R4/codesystem-dicom-dcim.html#dicom-dcim-IVUS\">IVUS</a></td><td>Intravascular Ultrasound</td></tr><tr><td><a href=\"http://hl7.org/fhir/R4/codesystem-dicom-dcim.html#dicom-dcim-KER\">KER</a></td><td>Keratometry</td></tr><tr><td><a href=\"http://hl7.org/fhir/R4/codesystem-dicom-dcim.html#dicom-dcim-KO\">KO</a></td><td>Key Object Selection</td></tr><tr><td><a href=\"http://hl7.org/fhir/R4/codesystem-dicom-dcim.html#dicom-dcim-LEN\">LEN</a></td><td>Lensometry</td></tr><tr><td><a href=\"http://hl7.org/fhir/R4/codesystem-dicom-dcim.html#dicom-dcim-LS\">LS</a></td><td>Laser Scan</td></tr><tr><td><a href=\"http://hl7.org/fhir/R4/codesystem-dicom-dcim.html#dicom-dcim-MG\">MG</a></td><td>Mammography</td></tr><tr><td><a href=\"http://hl7.org/fhir/R4/codesystem-dicom-dcim.html#dicom-dcim-MR\">MR</a></td><td>Magnetic Resonance</td></tr><tr><td><a href=\"http://hl7.org/fhir/R4/codesystem-dicom-dcim.html#dicom-dcim-NM\">NM</a></td><td>Nuclear Medicine</td></tr><tr><td><a href=\"http://hl7.org/fhir/R4/codesystem-dicom-dcim.html#dicom-dcim-OAM\">OAM</a></td><td>Ophthalmic Axial Measurements</td></tr><tr><td><a href=\"http://hl7.org/fhir/R4/codesystem-dicom-dcim.html#dicom-dcim-OCT\">OCT</a></td><td>Optical Coherence Tomography</td></tr><tr><td><a href=\"http://hl7.org/fhir/R4/codesystem-dicom-dcim.html#dicom-dcim-OP\">OP</a></td><td>Ophthalmic Photography</td></tr><tr><td><a href=\"http://hl7.org/fhir/R4/codesystem-dicom-dcim.html#dicom-dcim-OPM\">OPM</a></td><td>Ophthalmic Mapping</td></tr><tr><td><a href=\"http://hl7.org/fhir/R4/codesystem-dicom-dcim.html#dicom-dcim-OPT\">OPT</a></td><td>Ophthalmic Tomography</td></tr><tr><td><a href=\"http://hl7.org/fhir/R4/codesystem-dicom-dcim.html#dicom-dcim-OPV\">OPV</a></td><td>Ophthalmic Visual Field</td></tr><tr><td><a href=\"http://hl7.org/fhir/R4/codesystem-dicom-dcim.html#dicom-dcim-OSS\">OSS</a></td><td>Optical Surface Scanner</td></tr><tr><td><a href=\"http://hl7.org/fhir/R4/codesystem-dicom-dcim.html#dicom-dcim-OT\">OT</a></td><td>Other</td></tr><tr><td><a href=\"http://hl7.org/fhir/R4/codesystem-dicom-dcim.html#dicom-dcim-PR\">PR</a></td><td>Presentation State</td></tr><tr><td><a href=\"http://hl7.org/fhir/R4/codesystem-dicom-dcim.html#dicom-dcim-PT\">PT</a></td><td>Positron emission tomography</td></tr><tr><td><a href=\"http://hl7.org/fhir/R4/codesystem-dicom-dcim.html#dicom-dcim-PX\">PX</a></td><td>Panoramic X-Ray</td></tr><tr><td><a href=\"http://hl7.org/fhir/R4/codesystem-dicom-dcim.html#dicom-dcim-REG\">REG</a></td><td>Registration</td></tr><tr><td><a href=\"http://hl7.org/fhir/R4/codesystem-dicom-dcim.html#dicom-dcim-RF\">RF</a></td><td>Radiofluoroscopy</td></tr><tr><td><a href=\"http://hl7.org/fhir/R4/codesystem-dicom-dcim.html#dicom-dcim-RG\">RG</a></td><td>Radiographic imaging</td></tr><tr><td><a href=\"http://hl7.org/fhir/R4/codesystem-dicom-dcim.html#dicom-dcim-RTDOSE\">RTDOSE</a></td><td>RT Dose</td></tr><tr><td><a href=\"http://hl7.org/fhir/R4/codesystem-dicom-dcim.html#dicom-dcim-RTIMAGE\">RTIMAGE</a></td><td>RT Image</td></tr><tr><td><a href=\"http://hl7.org/fhir/R4/codesystem-dicom-dcim.html#dicom-dcim-RTPLAN\">RTPLAN</a></td><td>RT Plan</td></tr><tr><td><a href=\"http://hl7.org/fhir/R4/codesystem-dicom-dcim.html#dicom-dcim-RTRECORD\">RTRECORD</a></td><td>RT Treatment Record</td></tr><tr><td><a href=\"http://hl7.org/fhir/R4/codesystem-dicom-dcim.html#dicom-dcim-RTSTRUCT\">RTSTRUCT</a></td><td>RT Structure Set</td></tr><tr><td><a href=\"http://hl7.org/fhir/R4/codesystem-dicom-dcim.html#dicom-dcim-SEG\">SEG</a></td><td>Segmentation</td></tr><tr><td><a href=\"http://hl7.org/fhir/R4/codesystem-dicom-dcim.html#dicom-dcim-SM\">SM</a></td><td>Slide Microscopy</td></tr><tr><td><a href=\"http://hl7.org/fhir/R4/codesystem-dicom-dcim.html#dicom-dcim-SMR\">SMR</a></td><td>Stereometric Relationship</td></tr><tr><td><a href=\"http://hl7.org/fhir/R4/codesystem-dicom-dcim.html#dicom-dcim-SR\">SR</a></td><td>Structured Report Document</td></tr><tr><td><a href=\"http://hl7.org/fhir/R4/codesystem-dicom-dcim.html#dicom-dcim-SRF\">SRF</a></td><td>Subjective Refraction</td></tr><tr><td><a href=\"http://hl7.org/fhir/R4/codesystem-dicom-dcim.html#dicom-dcim-TG\">TG</a></td><td>Thermography</td></tr><tr><td><a href=\"http://hl7.org/fhir/R4/codesystem-dicom-dcim.html#dicom-dcim-US\">US</a></td><td>Ultrasound</td></tr><tr><td><a href=\"http://hl7.org/fhir/R4/codesystem-dicom-dcim.html#dicom-dcim-VA\">VA</a></td><td>Visual Acuity</td></tr><tr><td><a href=\"http://hl7.org/fhir/R4/codesystem-dicom-dcim.html#dicom-dcim-XA\">XA</a></td><td>X-Ray Angiography</td></tr><tr><td><a href=\"http://hl7.org/fhir/R4/codesystem-dicom-dcim.html#dicom-dcim-XC\">XC</a></td><td>External-camera Photography</td></tr></table></li></ul></div>"},"url":"http://jpfhir.jp/fhir/core/ValueSet/JP_RadiologyModality_VS","version":"1.1.2","name":"JP_RadiologyModality_VS","title":"JP Core Radiology Modality ValueSet","status":"active","experimental":false,"date":"2023-06-26","publisher":"FHIR Japanese implementation research working group in Japan Association of Medical Informatics (JAMI)","contact":[{"name":"FHIR Japanese implementation research working group in Japan Association of Medical Informatics (JAMI)","telecom":[{"system":"url","value":"http://jpfhir.jp"},{"system":"email","value":"office@hlfhir.jp"}]}],"description":"放射線モダリテに対する 値セット","jurisdiction":[{"coding":[{"system":"urn:iso:std:iso:3166","code":"JP","display":"Japan"}]}],"copyright":"Copyright FHIR Japanese implementation research working group in Japan Association of Medical Informatics (JAMI) 一般社団法人日本医療情報学会NeXEHRS課題研究会FHIR日本実装検討WG","compose":{"include":[{"system":"http://dicom.nema.org/resources/ontology/DCM","concept":[{"code":"AR","display":"Autorefraction"},{"code":"AU","display":"Basic Voice Audio"},{"code":"BDUS","display":"Ultrasound Bone Densitometry"},{"code":"BI","display":"Biomagnetic Imaging"},{"code":"BMD","display":"Bone Mineral Densitometry"},{"code":"CR","display":"Computed Radiography"},{"code":"CT","display":"Computed Tomography"},{"code":"DG","display":"Diaphanography"},{"code":"DX","display":"Digital Radiography"},{"code":"ECG","display":"Electrocardiography"},{"code":"EPS","display":"Cardiac Electrophysiology"},{"code":"ES","display":"Endoscopy"},{"code":"GM","display":"General Microscopy"},{"code":"HC","display":"Hard Copy"},{"code":"HD","display":"Hemodynamic Waveform"},{"code":"IO","display":"Intra-oral Radiography"},{"code":"IVOCT","display":"Intravascular Optical Coherence Tomography"},{"code":"IVUS","display":"Intravascular Ultrasound"},{"code":"KER","display":"Keratometry"},{"code":"KO","display":"Key Object Selection"},{"code":"LEN","display":"Lensometry"},{"code":"LS","display":"Laser Scan"},{"code":"MG","display":"Mammography"},{"code":"MR","display":"Magnetic Resonance"},{"code":"NM","display":"Nuclear Medicine"},{"code":"OAM","display":"Ophthalmic Axial Measurements"},{"code":"OCT","display":"Optical Coherence Tomography"},{"code":"OP","display":"Ophthalmic Photography"},{"code":"OPM","display":"Ophthalmic Mapping"},{"code":"OPT","display":"Ophthalmic Tomography"},{"code":"OPV","display":"Ophthalmic Visual Field"},{"code":"OSS","display":"Optical Surface Scanner"},{"code":"OT","display":"Other"},{"code":"PR","display":"Presentation State"},{"code":"PT","display":"Positron emission tomography"},{"code":"PX","display":"Panoramic X-Ray"},{"code":"REG","display":"Registration"},{"code":"RF","display":"Radiofluoroscopy"},{"code":"RG","display":"Radiographic imaging"},{"code":"RTDOSE","display":"RT Dose"},{"code":"RTIMAGE","display":"RT Image"},{"code":"RTPLAN","display":"RT Plan"},{"code":"RTRECORD","display":"RT Treatment Record"},{"code":"RTSTRUCT","display":"RT Structure Set"},{"code":"SEG","display":"Segmentation"},{"code":"SM","display":"Slide Microscopy"},{"code":"SMR","display":"Stereometric Relationship"},{"code":"SR","display":"Structured Report Document"},{"code":"SRF","display":"Subjective Refraction"},{"code":"TG","display":"Thermography"},{"code":"US","display":"Ultrasound"},{"code":"VA","display":"Visual Acuity"},{"code":"XA","display":"X-Ray Angiography"},{"code":"XC","display":"External-camera Photography"}]}]}}