<?xml version="1.0" encoding="UTF-8"?>

<CodeSystem xmlns="http://hl7.org/fhir">
  <id value="jp-jfagy-non-food-non-medication-allergen-codes-cs"/>
  <text>
    <status value="generated"/><div xmlns="http://www.w3.org/1999/xhtml"><p>This code system http://jpfhir.jp/fhir/Common/CodeSystem/JP_JfagyNonFoodNonMedicationAllergenCodes_CS defines the following codes:</p><table class="codes"><tr><td style="white-space:nowrap"><b>Code</b></td><td><b>Display</b></td></tr><tr><td style="white-space:nowrap">J9N000000000<a name="jp-jfagy-non-food-non-medication-allergen-codes-cs-J9N000000000"> </a></td><td>非食品・非医薬品</td></tr></table></div>
  </text>
  <url value="http://jpfhir.jp/fhir/Common/CodeSystem/JP_JfagyNonFoodNonMedicationAllergenCodes_CS"/>
  <version value="1.1.0a"/>
  <name value="JP_JfagyNonFoodNonMedicationAllergenCodes_CS"/>
  <title value="JFAGY Non Food None Medication Allergen Codes"/>
  <status value="draft"/>
  <date value="2022-08-05T11:49:07+00:00"/>
  <publisher value="FHIR Japanese implementation research working group in Japan Association of Medical Informatics (JAMI)"/>
  <contact>
    <name value="FHIR Japanese implementation research working group in Japan Association of Medical Informatics (JAMI)"/>
    <telecom>
      <system value="url"/>
      <value value="http://jpfhir.jp"/>
    </telecom>
    <telecom>
      <system value="email"/>
      <value value="office@hlfhir.jp"/>
    </telecom>
  </contact>
  <description value="JFAGY アレルゲンコード（非食品・非医薬品）"/>
  <jurisdiction>
    <coding>
      <system value="urn:iso:std:iso:3166"/>
      <code value="JP"/>
    </coding>
  </jurisdiction>
  <copyright value="FHIR Japanese implementation research working group in Japan Association of Medical Informatics (JAMI)"/>
  <caseSensitive value="true"/>
  <content value="complete"/>
  <count value="1"/>
  <concept>
    <code value="J9N000000000"/>
    <display value="非食品・非医薬品"/>
  </concept>
</CodeSystem>