"Id","Path","Slice Name","Alias(s)","Label","Min","Max","Must Support?","Is Modifier?","Is Summary?","Type(s)","Short","Definition","Comments","Requirements","Default Value","Meaning When Missing","Fixed Value","Pattern","Example","Minimum Value","Maximum Value","Maximum Length","Binding Strength","Binding Description","Binding Value Set","Code","Slicing Discriminator","Slicing Description","Slicing Ordered","Slicing Rules","Base Path","Base Min","Base Max","Condition(s)","Constraint(s)","Mapping: Workflow Pattern","Mapping: HL7 v2 Mapping","Mapping: RIM Mapping","Mapping: FiveWs Pattern Mapping"
"DiagnosticReport","DiagnosticReport","","Report
TestResultResultsLabsLaboratory","",0,*,"","","","null {[]} {[]}
","A Diagnostic report - a combination of request information, atomic results, images, interpretation, as well as formatted reports　診断レポート-依頼情報、１項目単位の結果、画像、解釈、およびフォーマットされたレポートの組み合わせ　【JP Core仕様】検体検査結果レポートのプロフィール","The findings and interpretation of diagnostic  tests performed on patients, groups of patients, devices, and locations, and/or specimens derived from these. The report includes clinical context such as requesting and provider information, and some mix of atomic results, images, textual and coded interpretations, and formatted representation of diagnostic reports.

患者、患者のグループ、デバイス、場所、これらから派生した検体に対して実行された診断的検査の結果と解釈。レポートには、依頼情報や依頼者情報などの臨床コンテキスト（文脈）、および１項目単位の結果、画像、テキストとコード化された解釈、および診断レポートのフォーマットされた表現のいくつかの組み合わせが含まれる。
わせ　
【JP Core仕様】検体検査結果レポートのプロフィール","これは単一のレポートをキャプチャすることを目的としており、複数のレポートをカバーする要約情報の表示に使用するのには適していない。たとえば、このリソースは、検査結果の累積レポート形式やシーケンスの詳細な構造化レポート用に作られていない。

【JP Core仕様】DiagnosticReportリソースの共通プロフィール","","","","","","","","",,,,,"",,,,"DiagnosticReport",0,*,"","dom-2:リソースが別のリソースに含まれている場合、ネストされたリソースを含めてはなりません / If the resource is contained in another resource, it SHALL NOT contain nested Resources {contained.contained.empty()}
dom-3:リソースが別のリソースに含まれている場合、それはリソースの他の場所から参照されるか、含有リソースを参照するものとします / If the resource is contained in another resource, it SHALL be referred to from elsewhere in the resource or SHALL refer to the containing resource {contained.where((('#'+id in (%resource.descendants().reference | %resource.descendants().as(canonical) | %resource.descendants().as(uri) | %resource.descendants().as(url))) or descendants().where(reference = '#').exists() or descendants().where(as(canonical) = '#').exists() or descendants().where(as(canonical) = '#').exists()).not()).trace('unmatched', id).empty()}dom-4:リソースが別のリソースに含まれている場合、meta.versionidまたはmeta.lastupdatedを持たないものとします / If a resource is contained in another resource, it SHALL NOT have a meta.versionId or a meta.lastUpdated {contained.meta.versionId.empty() and contained.meta.lastUpdated.empty()}dom-5:別のリソースにリソースが含まれている場合、セキュリティラベルはありません / If a resource is contained in another resource, it SHALL NOT have a security label {contained.meta.security.empty()}dom-6:リソースには、堅牢な管理のための叙述(Narative)が必要です / A resource should have narrative for robust management {text.`div`.exists()}","Event","ORU -> OBR","Entity. Role, or Act","Observation[classCode=OBS, moodCode=EVN]"
"DiagnosticReport.id","DiagnosticReport.id","","","",0,1,"","","Y","id {[]} {[]}
","このアーティファクトの論理ID / Logical id of this artifact","リソースのURLで使用されるリソースの論理ID。割り当てられたら、この値は変更されません。 / The logical id of the resource, as used in the URL for the resource. Once assigned, this value never changes.","リソースにIDがないのは、IDが作成操作を使用してサーバーに送信されている場合です。 / The only time that a resource does not have an id is when it is being submitted to the server using a create operation.","","","","","","","","",,,,,"",,,,"Resource.id",0,1,"",""
"DiagnosticReport.meta","DiagnosticReport.meta","","","",0,1,"","","Y","Meta {[]} {[]}
","リソースに関するメタデータ / Metadata about the resource","リソースに関するメタデータ。これは、インフラストラクチャによって維持されるコンテンツです。コンテンツの変更は、常にリソースのバージョンの変更に関連付けられているとは限りません。 / The metadata about the resource. This is content that is maintained by the infrastructure. Changes to the content might not always be associated with version changes to the resource.","","","","","","","","","",,,,,"",,,,"Resource.meta",0,1,"","ele-1:すべてのFHIR要素には、@valueまたは子供が必要です / All FHIR elements must have a @value or children {hasValue() or (children().count() > id.count())}
"
"DiagnosticReport.implicitRules","DiagnosticReport.implicitRules","","","",0,1,"","Y","Y","uri {[]} {[]}
","このコンテンツが作成されたルールのセット / A set of rules under which this content was created","リソースが構築されたときに従った一連のルールへの参照。コンテンツの処理時に理解する必要があります。多くの場合、これは他のプロファイルなどとともに特別なルールを定義する実装ガイドへの参照です。 / A reference to a set of rules that were followed when the resource was constructed, and which must be understood when processing the content. Often, this is a reference to an implementation guide that defines the special rules along with other profiles etc.","このルールセットを主張することは、コンテンツが限られた取引パートナーのセットによってのみ理解されることを制限します。これにより、本質的に長期的にデータの有用性が制限されます。ただし、既存の健康エコシステムは非常に破壊されており、一般的に計算可能な意味でデータを定義、収集、交換する準備ができていません。可能な限り、実装者や仕様ライターはこの要素の使用を避ける必要があります。多くの場合、使用する場合、URLは、これらの特別なルールを他のプロファイル、バリューセットなどとともに叙述(Narative)の一部として定義する実装ガイドへの参照です。 / Asserting this rule set restricts the content to be only understood by a limited set of trading partners. This inherently limits the usefulness of the data in the long term. However, the existing health eco-system is highly fractured, and not yet ready to define, collect, and exchange data in a generally computable sense. Wherever possible, implementers and/or specification writers should avoid using this element. Often, when used, the URL is a reference to an implementation guide that defines these special rules as part of it's narrative along with other profiles, value sets, etc.","","","","","","","","",,,,,"",,,,"Resource.implicitRules",0,1,"","ele-1:すべてのFHIR要素には、@valueまたは子供が必要です / All FHIR elements must have a @value or children {hasValue() or (children().count() > id.count())}
"
"DiagnosticReport.language","DiagnosticReport.language","","","",0,1,"","","","code {[]} {[]}
","リソースコンテンツの言語 / Language of the resource content","リソースが書かれている基本言語。 / The base language in which the resource is written.","言語は、インデックス作成とアクセシビリティをサポートするために提供されます（通常、テキストから音声までのサービスなどのサービスが言語タグを使用します）。叙述(Narative)のHTML言語タグは、叙述(Narative)に適用されます。リソース上の言語タグを使用して、リソース内のデータから生成された他のプレゼンテーションの言語を指定できます。すべてのコンテンツが基本言語である必要はありません。リソース。言語は、叙述(Narative)に自動的に適用されると想定されるべきではありません。言語が指定されている場合、HTMLのDIV要素にも指定されている場合（XML：LangとHTML Lang属性の関係については、HTML5のルールを参照してください）。 / Language is provided to support indexing and accessibility (typically, services such as text to speech use the language tag). The html language tag in the narrative applies  to the narrative. The language tag on the resource may be used to specify the language of other presentations generated from the data in the resource. Not all the content has to be in the base language. The Resource.language should not be assumed to apply to the narrative automatically. If a language is specified, it should it also be specified on the div element in the html (see rules in HTML5 for information about the relationship between xml:lang and the html lang attribute).","","","","","","","","",,"preferred","人間の言語。 / A human language.","http://hl7.org/fhir/ValueSet/languages","",,,,"Resource.language",0,1,"","ele-1:すべてのFHIR要素には、@valueまたは子供が必要です / All FHIR elements must have a @value or children {hasValue() or (children().count() > id.count())}
"
"DiagnosticReport.text","DiagnosticReport.text","","narrative
htmlxhtmldisplay","",0,1,"","","","Narrative {[]} {[]}
","人間の解釈のためのリソースのテキスト概要 / Text summary of the resource, for human interpretation","リソースの概要を含み、人間へのリソースの内容を表すために使用できる人間の読み取り可能な叙述(Narative)。叙述(Narative)はすべての構造化されたデータをエンコードする必要はありませんが、人間が叙述(Narative)を読むだけで「臨床的に安全」にするために十分な詳細を含める必要があります。リソースの定義は、臨床的安全を確保するために、叙述(Narative)で表現するコンテンツを定義する場合があります。 / A human-readable narrative that contains a summary of the resource and can be used to represent the content of the resource to a human. The narrative need not encode all the structured data, but is required to contain sufficient detail to make it ""clinically safe"" for a human to just read the narrative. Resource definitions may define what content should be represented in the narrative to ensure clinical safety.","含まれるリソースには叙述(Narative)がありません。含まれていないリソースには叙述(Narative)が必要です。場合によっては、リソースには、追加の個別のデータがほとんどまたはまったくないテキストのみがあります（すべてのMinoccur = 1要素が満たされている限り）。これは、情報がtext blob (バイナリー ラージ オブジェクト)としてキャプチャされるレガシーシステムからのデータ、またはテキストが生またはナレーションされ、エンコードされた情報が後で追加される場合に必要になる場合があります。 / Contained resources do not have narrative. Resources that are not contained SHOULD have a narrative. In some cases, a resource may only have text with little or no additional discrete data (as long as all minOccurs=1 elements are satisfied).  This may be necessary for data from legacy systems where information is captured as a ""text blob"" or where text is additionally entered raw or narrated and encoded information is added later.","","","","","","","","",,,,,"",,,,"DomainResource.text",0,1,"","ele-1:すべてのFHIR要素には、@valueまたは子供が必要です / All FHIR elements must have a @value or children {hasValue() or (children().count() > id.count())}
","Act.text?"
"DiagnosticReport.contained","DiagnosticReport.contained","","inline resources
anonymous resourcescontained resources","",0,*,"","","","Resource {[]} {[]}
","インラインリソースが含まれています / Contained, inline Resources","これらのリソースには、それらを含むリソースを除いて独立した存在はありません - 独立して特定することはできず、独自の独立したトランザクションスコープを持つこともできません。 / These resources do not have an independent existence apart from the resource that contains them - they cannot be identified independently, and nor can they have their own independent transaction scope.","識別が失われると、コンテンツを適切に識別できる場合は、これを行うべきではありません。含まれるリソースには、メタ要素にプロファイルとタグがある場合がありますが、セキュリティラベルはありません。 / This should never be done when the content can be identified properly, as once identification is lost, it is extremely difficult (and context dependent) to restore it again. Contained resources may have profiles and tags In their meta elements, but SHALL NOT have security labels.","","","","","","","","",,,,,"",,,,"DomainResource.contained",0,*,"","","N/A"
"DiagnosticReport.extension","DiagnosticReport.extension","","extensions
user content","",0,*,"","","","Extension {[]} {[]}
","実装で定義された追加のコンテンツ / Additional content defined by implementations","リソースの基本的な定義の一部ではない追加情報を表すために使用できます。拡張機能を安全で管理しやすくするために、拡張機能の定義と使用に適用される厳格なガバナンスセットがあります。実装者は拡張機能を定義できますが、拡張機能の定義の一部として満たされる一連の要件があります。 / May be used to represent additional information that is not part of the basic definition of the resource. To make the use of extensions safe and manageable, there is a strict set of governance  applied to the definition and use of extensions. Though any implementer can define an extension, there is a set of requirements that SHALL be met as part of the definition of the extension.","拡張機能を使用または定義する機関や管轄権に関係なく、アプリケーション、プロジェクト、または標準による拡張機能の使用に関連するスティグマはありません。拡張機能の使用は、FHIR仕様がすべての人にコアレベルのシンプルさを保持できるようにするものです。 / There can be no stigma associated with the use of extensions by any application, project, or standard - regardless of the institution or jurisdiction that uses or defines the extensions.  The use of extensions is what allows the FHIR specification to retain a core level of simplicity for everyone.","","","","","","","","",,,,,"",,,,"DomainResource.extension",0,*,"","ele-1:すべてのFHIR要素には、@valueまたは子供が必要です / All FHIR elements must have a @value or children {hasValue() or (children().count() > id.count())}
ext-1:両方ではなく、拡張または値[x]が必要です / Must have either extensions or value[x], not both {extension.exists() != value.exists()}","N/A"
"DiagnosticReport.modifierExtension","DiagnosticReport.modifierExtension","","extensions
user content","",0,*,"","Y","","Extension {[]} {[]}
","無視できない拡張機能 / Extensions that cannot be ignored","リソースの基本的な定義の一部ではなく、それを含む要素の理解および/または含有要素の子孫の理解を変更するために使用される場合があります。通常、修飾子要素は否定または資格を提供します。拡張機能を安全で管理しやすくするために、拡張機能の定義と使用に適用される厳格なガバナンスセットがあります。実装者は拡張機能を定義することが許可されていますが、拡張機能の定義の一部として満たされる一連の要件があります。アプリケーションの処理リソースは、修飾子拡張機能をチェックする必要があります。

モディファイア拡張は、リソースまたはdomainResource上の要素の意味を変更してはなりません（修飾軸自体の意味を変更することはできません）。 / May be used to represent additional information that is not part of the basic definition of the resource and that modifies the understanding of the element that contains it and/or the understanding of the containing element's descendants. Usually modifier elements provide negation or qualification. To make the use of extensions safe and manageable, there is a strict set of governance applied to the definition and use of extensions. Though any implementer is allowed to define an extension, there is a set of requirements that SHALL be met as part of the definition of the extension. Applications processing a resource are required to check for modifier extensions.

Modifier extensions SHALL NOT change the meaning of any elements on Resource or DomainResource (including cannot change the meaning of modifierExtension itself).","拡張機能を使用または定義する機関や管轄権に関係なく、アプリケーション、プロジェクト、または標準による拡張機能の使用に関連するスティグマはありません。拡張機能の使用は、FHIR仕様がすべての人にコアレベルのシンプルさを保持できるようにするものです。 / There can be no stigma associated with the use of extensions by any application, project, or standard - regardless of the institution or jurisdiction that uses or defines the extensions.  The use of extensions is what allows the FHIR specification to retain a core level of simplicity for everyone.","修飾子拡張機能により、安全に無視できる大部分の拡張機能と明確に区別できるように、安全に無視できない拡張機能が可能になります。これにより、実装者が拡張の存在を禁止する必要性を排除することにより、相互運用性が促進されます。詳細については、[修飾子拡張の定義]（拡張性.html＃modifierextension）を参照してください。 / Modifier extensions allow for extensions that *cannot* be safely ignored to be clearly distinguished from the vast majority of extensions which can be safely ignored.  This promotes interoperability by eliminating the need for implementers to prohibit the presence of extensions. For further information, see the [definition of modifier extensions](http://hl7.org/fhir/R4/extensibility.html#modifierExtension).","","","","","","","",,,,,"",,,,"DomainResource.modifierExtension",0,*,"","ele-1:すべてのFHIR要素には、@valueまたは子供が必要です / All FHIR elements must have a @value or children {hasValue() or (children().count() > id.count())}
ext-1:両方ではなく、拡張または値[x]が必要です / Must have either extensions or value[x], not both {extension.exists() != value.exists()}","N/A"
"DiagnosticReport.identifier","DiagnosticReport.identifier","","ReportID
Filler IDPlacer ID","",0,*,"","","Y","Identifier {[]} {[]}
","Business identifier for report　レポートを識別するビジネス識別子","Identifiers assigned to this report by the performer or other systems.
実施者または他のシステムによってこのレポートに割り当てられた識別子。","Usually assigned by the Information System of the diagnostic service provider (filler id).
発生源の検査室からこのレポートについてクエリを作成するとき、およびFHIRコンテキスト外のレポートにリンクするときに使用する識別子を知る必要がある。

【JP Core仕様】レポートをユニークに識別する識別子。依頼者オーダ番号と関連付ける場合が多い。

検体検査の特性として、複数の容器の結果を含む。容器ごと（厳密には項目ごと）に結果のタイミングは異なる場合がある。","発生源の検査室からこのレポートについてクエリを作成するとき、およびFHIRコンテキスト外のレポートにリンクするときに使用する識別子を知る必要がある。","","","","","","","",,,,,"",,,,"DiagnosticReport.identifier",0,*,"","ele-1:すべてのFHIR要素には、@valueまたは子供が必要です / All FHIR elements must have a @value or children {hasValue() or (children().count() > id.count())}
","Event.identifier","OBR-51/ for globally unique filler ID  - OBR-3 , For non-globally unique filler-id the flller/placer number must be combined with the universal service Id -  OBR-2(if present)+OBR-3+OBR-4","id","FiveWs.identifier"
"DiagnosticReport.basedOn","DiagnosticReport.basedOn","","Request
","",0,*,"","","","Reference {[]} {[CanonicalType[http://hl7.org/fhir/StructureDefinition/CarePlan], CanonicalType[http://hl7.org/fhir/StructureDefinition/ImmunizationRecommendation], CanonicalType[http://jpfhir.jp/fhir/core/StructureDefinition/JP_MedicationRequest], CanonicalType[http://jpfhir.jp/fhir/core/StructureDefinition/JP_MedicationRequest_Injection], CanonicalType[http://hl7.org/fhir/StructureDefinition/NutritionOrder], CanonicalType[http://hl7.org/fhir/StructureDefinition/ServiceRequest]]}
","元になった検査や診断の依頼に関する情報【詳細参照】","元になった検査や診断の依頼に関する情報","Note: Usually there is one test request for each result, however in some circumstances multiple test requests may be represented using a single test result resource. Note that there are also cases where one request leads to multiple reports.
通常、１結果ごとに１つの検査依頼があるが、状況によっては、複数の検査要求に対して１レポートがある場合がある。また 1つの検査依頼に対して複数のレポートが作成される場合もあることに注意。

【JP Core仕様】ServiceRequestリソースを参照(ObservationLabResultと同様）","これにより、レポートの許可を追跡し、提案/勧告が行われたかどうかを追跡することができます。 / This allows tracing of authorization for the report and tracking whether proposals/recommendations were acted upon.","","","","","","","",,,,,"",,,,"DiagnosticReport.basedOn",0,*,"","ele-1:すべてのFHIR要素には、@valueまたは子供が必要です / All FHIR elements must have a @value or children {hasValue() or (children().count() > id.count())}
","Event.basedOn","ORC? OBR-2/3?","outboundRelationship[typeCode=FLFS].target"
"DiagnosticReport.status","DiagnosticReport.status","","","",1,1,"","Y","Y","code {[]} {[]}
","診断レポートのステータス","The status of the diagnostic report.　診断レポートのステータス。","Note that FHIR strings SHALL NOT exceed 1MB in size

有れば：ORC-5

もしくは

無ければ：OBR-25(""F"")のAND結果

　例：全部""F""なら""F""、それ以外の場合は要検討

設定する値は、DiagnosticReportStatus（コード）から1つ選ぶ

コード体系：HL7 Table 0038のコードと定義","診断サービスは、暫定/不完全なレポートを日常的に発行し、以前にリリースされたレポートを撤回することもあります。 / Diagnostic services routinely issue provisional/incomplete reports, and sometimes withdraw previously released reports.","","","","","","","",,"required","診断レポートのステータス。 / The status of the diagnostic report.","http://hl7.org/fhir/ValueSet/diagnostic-report-status|4.0.1","",,,,"DiagnosticReport.status",1,1,"","ele-1:すべてのFHIR要素には、@valueまたは子供が必要です / All FHIR elements must have a @value or children {hasValue() or (children().count() > id.count())}
","Event.status","OBR-25 (not 1:1 mapping)","statusCode  Note: final and amended are distinguished by whether observation is the subject of a ControlAct event of type ""revise""","FiveWs.status"
"DiagnosticReport.category","DiagnosticReport.category","","Department
Sub-departmentServiceDiscipline","",1,*,"","","Y","CodeableConcept {[]} {[]}
","診断レポートを作成した臨床分野、部門、または診断サービス（心臓病学、生化学、血液学、放射線医学など）を分類するコード【詳細参照】","診断レポートを作成した臨床分野、部門、または診断サービス（心臓病学、生化学、血液学、放射線医学など）を分類するコード","これは、検索、並べ替え、および表示の目的で使用される。","","","","","","","","",,"preferred","","http://jpfhir.jp/fhir/core/ValueSet/JP_DiagnosticReportCategory_VS","","value:coding.system}
","",,"open","DiagnosticReport.category",0,*,"","ele-1:すべてのFHIR要素には、@valueまたは子供が必要です / All FHIR elements must have a @value or children {hasValue() or (children().count() > id.count())}
","OBR-24","inboundRelationship[typeCode=COMP].source[classCode=LIST, moodCode=EVN, code < LabService].code","FiveWs.class"
"DiagnosticReport.category:laboratory","DiagnosticReport.category","laboratory","Department
Sub-departmentServiceDiscipline","",1,1,"","","Y","CodeableConcept {[]} {[]}
","診断レポートを作成した臨床分野、部門、または診断サービス（心臓病学、生化学、血液学、放射線医学など）を分類するコード【詳細参照】","診断レポートを作成した臨床分野、部門、または診断サービス（心臓病学、生化学、血液学、放射線医学など）を分類するコード","Multiple categories are allowed using various categorization schemes.   The level of granularity is defined by the category concepts in the value set. More fine-grained filtering can be performed using the metadata and/or terminology hierarchy in DiagnosticReport.code.
さまざまなカテゴリ化スキームを使用して、複数のカテゴリを使用できる。粒度のレベルは、それぞれの値セットのカテゴリの概念によって定義される。 DiagnosticReport.codeのメタデータや用語の階層を使用して、よりきめ細かいフィルタリングを実行できる。

【JP Core仕様】Diagnostic Service Section Codesの""LAB""を使用","","","","","","","","",,"required","","http://jpfhir.jp/fhir/core/ValueSet/JP_DiagnosticReportCategory_VS","",,,,"DiagnosticReport.category",0,*,"","ele-1:すべてのFHIR要素には、@valueまたは子供が必要です / All FHIR elements must have a @value or children {hasValue() or (children().count() > id.count())}
","OBR-24","inboundRelationship[typeCode=COMP].source[classCode=LIST, moodCode=EVN, code < LabService].code","FiveWs.class"
"DiagnosticReport.category:laboratory.id","DiagnosticReport.category.id","","","",0,1,"","","","string {[]} {[]}
","要素間参照のための一意のID / Unique id for inter-element referencing","リソース内の要素の一意のID（内部参照用）。これは、スペースを含まない文字列値である場合があります。 / Unique id for the element within a resource (for internal references). This may be any string value that does not contain spaces.","","","","","","","","","",,,,,"",,,,"Element.id",0,1,"","","n/a"
"DiagnosticReport.category:laboratory.extension","DiagnosticReport.category.extension","","extensions
user content","",0,*,"","","","Extension {[]} {[]}
","実装で定義された追加のコンテンツ / Additional content defined by implementations","要素の基本的な定義の一部ではない追加情報を表すために使用できます。拡張機能を安全で管理しやすくするために、拡張機能の定義と使用に適用される厳格なガバナンスセットがあります。実装者は拡張機能を定義できますが、拡張機能の定義の一部として満たされる一連の要件があります。 / May be used to represent additional information that is not part of the basic definition of the element. To make the use of extensions safe and manageable, there is a strict set of governance  applied to the definition and use of extensions. Though any implementer can define an extension, there is a set of requirements that SHALL be met as part of the definition of the extension.","拡張機能を使用または定義する機関や管轄権に関係なく、アプリケーション、プロジェクト、または標準による拡張機能の使用に関連するスティグマはありません。拡張機能の使用は、FHIR仕様がすべての人にコアレベルのシンプルさを保持できるようにするものです。 / There can be no stigma associated with the use of extensions by any application, project, or standard - regardless of the institution or jurisdiction that uses or defines the extensions.  The use of extensions is what allows the FHIR specification to retain a core level of simplicity for everyone.","","","","","","","","",,,,,"","value:url}
","Extensions are always sliced by (at least) url",,"open","Element.extension",0,*,"","ele-1:すべてのFHIR要素には、@valueまたは子供が必要です / All FHIR elements must have a @value or children {hasValue() or (children().count() > id.count())}
ext-1:両方ではなく、拡張または値[x]が必要です / Must have either extensions or value[x], not both {extension.exists() != value.exists()}","n/a"
"DiagnosticReport.category:laboratory.coding","DiagnosticReport.category.coding","","","",0,*,"","","Y","Coding {[]} {[]}
","用語システムによって定義されたコード / Code defined by a terminology system","用語システムによって定義されたコードへの参照。 / A reference to a code defined by a terminology system.","コードは、列挙されたCTなどの非常に正式な定義まで、列挙またはコードリストで非常にさりげなく定義される場合があります。詳細については、HL7 V3コアプリンシップを参照してください。コーディングの順序付けは未定義であり、意味を推測するために使用されません。一般に、せいぜい、コーディング値の1つのみがuserselected = trueとしてラベル付けされます。 / Codes may be defined very casually in enumerations, or code lists, up to very formal definitions such as SNOMED CT - see the HL7 v3 Core Principles for more information.  Ordering of codings is undefined and SHALL NOT be used to infer meaning. Generally, at most only one of the coding values will be labeled as UserSelected = true.","コードシステム内の代替エンコーディング、および他のコードシステムへの翻訳が可能になります。 / Allows for alternative encodings within a code system, and translations to other code systems.","","","","","","","",,,,,"",,,,"CodeableConcept.coding",0,*,"","ele-1:すべてのFHIR要素には、@valueまたは子供が必要です / All FHIR elements must have a @value or children {hasValue() or (children().count() > id.count())}
","C*E.1-8, C*E.10-22","union(., ./translation)"
"DiagnosticReport.category:laboratory.coding.id","DiagnosticReport.category.coding.id","","","",0,1,"","","","string {[]} {[]}
","要素間参照のための一意のID / Unique id for inter-element referencing","リソース内の要素の一意のID（内部参照用）。これは、スペースを含まない文字列値である場合があります。 / Unique id for the element within a resource (for internal references). This may be any string value that does not contain spaces.","","","","","","","","","",,,,,"",,,,"Element.id",0,1,"","","n/a"
"DiagnosticReport.category:laboratory.coding.extension","DiagnosticReport.category.coding.extension","","extensions
user content","",0,*,"","","","Extension {[]} {[]}
","実装で定義された追加のコンテンツ / Additional content defined by implementations","要素の基本的な定義の一部ではない追加情報を表すために使用できます。拡張機能を安全で管理しやすくするために、拡張機能の定義と使用に適用される厳格なガバナンスセットがあります。実装者は拡張機能を定義できますが、拡張機能の定義の一部として満たされる一連の要件があります。 / May be used to represent additional information that is not part of the basic definition of the element. To make the use of extensions safe and manageable, there is a strict set of governance  applied to the definition and use of extensions. Though any implementer can define an extension, there is a set of requirements that SHALL be met as part of the definition of the extension.","拡張機能を使用または定義する機関や管轄権に関係なく、アプリケーション、プロジェクト、または標準による拡張機能の使用に関連するスティグマはありません。拡張機能の使用は、FHIR仕様がすべての人にコアレベルのシンプルさを保持できるようにするものです。 / There can be no stigma associated with the use of extensions by any application, project, or standard - regardless of the institution or jurisdiction that uses or defines the extensions.  The use of extensions is what allows the FHIR specification to retain a core level of simplicity for everyone.","","","","","","","","",,,,,"","value:url}
","Extensions are always sliced by (at least) url",,"open","Element.extension",0,*,"","ele-1:すべてのFHIR要素には、@valueまたは子供が必要です / All FHIR elements must have a @value or children {hasValue() or (children().count() > id.count())}
ext-1:両方ではなく、拡張または値[x]が必要です / Must have either extensions or value[x], not both {extension.exists() != value.exists()}","n/a"
"DiagnosticReport.category:laboratory.coding.system","DiagnosticReport.category.coding.system","","","",1,1,"","","Y","uri {[]} {[]}
","用語システムのアイデンティティ / Identity of the terminology system","コード内のシンボルの意味を定義するコードシステムの識別。 / The identification of the code system that defines the meaning of the symbol in the code.","uriは、oid（urn：oid：...）またはuuid（urn：uuid：...）である場合があります。OIDとUUIDは、HL7 OIDレジストリへの参照となります。それ以外の場合、URIは、FHIRの特別なURIを定義したHL7のリストから来るか、システムを明確かつ明確に確立する定義を参照する必要があります。 / The URI may be an OID (urn:oid:...) or a UUID (urn:uuid:...).  OIDs and UUIDs SHALL be references to the HL7 OID registry. Otherwise, the URI should come from HL7's list of FHIR defined special URIs or it should reference to some definition that establishes the system clearly and unambiguously.","シンボルの定義のソースについて明確である必要があります。 / Need to be unambiguous about the source of the definition of the symbol.","","","<valueUri xmlns=""http://hl7.org/fhir"" value=""http://loinc.org""/>","","","","",,,,,"",,,,"Coding.system",0,1,"","ele-1:すべてのFHIR要素には、@valueまたは子供が必要です / All FHIR elements must have a @value or children {hasValue() or (children().count() > id.count())}
","C*E.3","./codeSystem"
"DiagnosticReport.category:laboratory.coding.version","DiagnosticReport.category.coding.version","","","",0,1,"","","Y","string {[]} {[]}
","システムのバージョン - 関連する場合 / Version of the system - if relevant","このコードを選択するときに使用されたコードシステムのバージョン。コードの意味がバージョン全体で一貫しているため、適切にメンテナンスしたコードシステムでは報告されたバージョンを必要としないことに注意してください。ただし、これは一貫して保証することはできず、意味が一貫していることが保証されていない場合、バージョンを交換する必要があります。 / The version of the code system which was used when choosing this code. Note that a well-maintained code system does not need the version reported, because the meaning of codes is consistent across versions. However this cannot consistently be assured, and when the meaning is not guaranteed to be consistent, the version SHOULD be exchanged.","用語がコードシステムバージョンを識別するために使用する文字列を明確に定義していない場合、推奨は、そのバージョンがバージョンの日付として公式に公開された日付（FHIR日付形式で表現）を使用することです。 / Where the terminology does not clearly define what string should be used to identify code system versions, the recommendation is to use the date (expressed in FHIR date format) on which that version was officially published as the version date.","","","","","","","","",,,,,"",,,,"Coding.version",0,1,"","ele-1:すべてのFHIR要素には、@valueまたは子供が必要です / All FHIR elements must have a @value or children {hasValue() or (children().count() > id.count())}
","C*E.7","./codeSystemVersion"
"DiagnosticReport.category:laboratory.coding.code","DiagnosticReport.category.coding.code","","","",1,1,"","","Y","code {[]} {[]}
","システムによって定義された構文のシンボル / Symbol in syntax defined by the system","システムによって定義された構文のシンボル。シンボルは、定義されたコードまたはコーディングシステムによって定義された構文の式（例：調整後）である場合があります。 / A symbol in syntax defined by the system. The symbol may be a predefined code or an expression in a syntax defined by the coding system (e.g. post-coordination).","","システム内の特定のコードを参照する必要があります。 / Need to refer to a particular code in the system.","","","<valueCode xmlns=""http://hl7.org/fhir"" value=""LP29693-6""/>","","","","",,,,,"",,,,"Coding.code",0,1,"","ele-1:すべてのFHIR要素には、@valueまたは子供が必要です / All FHIR elements must have a @value or children {hasValue() or (children().count() > id.count())}
","C*E.1","./code"
"DiagnosticReport.category:laboratory.coding.display","DiagnosticReport.category.coding.display","","","",0,1,"","","Y","string {[]} {[]}
","システムによって定義された表現 / Representation defined by the system","システムのルールに従って、システム内のコードの意味の表現。 / A representation of the meaning of the code in the system, following the rules of the system.","","システムを知らない読者のために、コードの人間の読み取り可能な意味を持ち込むことができる必要があります。 / Need to be able to carry a human-readable meaning of the code for readers that do not know  the system.","","","","","","","",,,,,"",,,,"Coding.display",0,1,"","ele-1:すべてのFHIR要素には、@valueまたは子供が必要です / All FHIR elements must have a @value or children {hasValue() or (children().count() > id.count())}
","C*E.2 - but note this is not well followed","CV.displayName"
"DiagnosticReport.category:laboratory.coding.userSelected","DiagnosticReport.category.coding.userSelected","","","",0,1,"","","Y","boolean {[]} {[]}
","このコーディングがユーザーによって直接選択された場合 / If this coding was chosen directly by the user","このコーディングがユーザーによって直接選択されたことを示します。利用可能なアイテムのピックリスト（コードまたはディスプレイ）。 / Indicates that this coding was chosen by a user directly - e.g. off a pick list of available items (codes or displays).","一連の代替案の中で、直接選択されたコードが新しい翻訳の最も適切な出発点です。この要素の使用とその結果をより完全に明確にするためには、「直接選択された」ことについては曖昧さがあり、取引パートナー契約が必要になる場合があります。 / Amongst a set of alternatives, a directly chosen code is the most appropriate starting point for new translations. There is some ambiguity about what exactly 'directly chosen' implies, and trading partner agreement may be needed to clarify the use of this element and its consequences more completely.","これは、臨床安全基準として特定されています - この正確なシステム/コードペアは、いくつかのルールまたは言語処理に基づいてシステムによって推測されるのではなく、明示的に選択されたことです。 / This has been identified as a clinical safety criterium - that this exact system/code pair was chosen explicitly, rather than inferred by the system based on some rules or language processing.","","","","","","","",,,,,"",,,,"Coding.userSelected",0,1,"","ele-1:すべてのFHIR要素には、@valueまたは子供が必要です / All FHIR elements must have a @value or children {hasValue() or (children().count() > id.count())}
","Sometimes implied by being first","CD.codingRationale"
"DiagnosticReport.category:laboratory.text","DiagnosticReport.category.text","","","",0,1,"","","Y","string {[]} {[]}
","コンセプトの単純なテキスト表現 / Plain text representation of the concept","データを入力したユーザー、および/またはユーザーの意図された意味を表すユーザーによって見られる/選択/発言された概念の人間の言語表現。 / A human language representation of the concept as seen/selected/uttered by the user who entered the data and/or which represents the intended meaning of the user.","多くの場合、テキストはコーディングの1つの表示名と同じです。 / Very often the text is the same as a displayName of one of the codings.","用語からのコードは、それらを使用する人間のすべてのニュアンスを使用して、常に正しい意味をキャプチャするとは限りません。または、適切なコードがまったくない場合があります。これらの場合、テキストはソースの完全な意味をキャプチャするために使用されます。 / The codes from the terminologies do not always capture the correct meaning with all the nuances of the human using them, or sometimes there is no appropriate code at all. In these cases, the text is used to capture the full meaning of the source.","","","","","","","",,,,,"",,,,"CodeableConcept.text",0,1,"","ele-1:すべてのFHIR要素には、@valueまたは子供が必要です / All FHIR elements must have a @value or children {hasValue() or (children().count() > id.count())}
","C*E.9. But note many systems use C*E.2 for this","./originalText[mediaType/code=""text/plain""]/data"
"DiagnosticReport.code","DiagnosticReport.code","","Type
","",1,1,"","","Y","CodeableConcept {[]} {[]}
","診断レポートを説明するコードまたは名前【詳細参照】","診断レポートを説明するコードまたは名前","Not all terminology uses fit this general pattern. In some cases, models should not use CodeableConcept and use Coding directly and provide their own structure for managing text, codings, translations and the relationship between elements and pre- and post-coordination.
すべてのターミノロジの使用がこの一般的なパターンに適合するわけではない。場合によっては、モデルはCodeableConceptを使用せず、コーディングを直接使用して、テキスト、コーディング、翻訳、および要素と事前・事後の用語作成（pre- and post-coordination）との関係を管理するための独自の構造を提供する必要がある。

【JP Core仕様】LOINCの臨床検査の分類コードを割り当てる。

検査レポートの利用用途に合わせて、JLAC10のコードを振っても良い。","","","","","","","","",,"preferred","","http://jpfhir.jp/fhir/core/ValueSet/JP_DocumentCodes_DiagnosticReport_VS","",,,,"DiagnosticReport.code",1,1,"","ele-1:すべてのFHIR要素には、@valueまたは子供が必要です / All FHIR elements must have a @value or children {hasValue() or (children().count() > id.count())}
","Event.code","OBR-4 (HL7 v2 doesn't provide an easy way to indicate both the ordered test and the performed panel)","code","FiveWs.what[x]"
"DiagnosticReport.code.id","DiagnosticReport.code.id","","","",0,1,"","","","string {[]} {[]}
","要素間参照のための一意のID / Unique id for inter-element referencing","リソース内の要素の一意のID（内部参照用）。これは、スペースを含まない文字列値である場合があります。 / Unique id for the element within a resource (for internal references). This may be any string value that does not contain spaces.","","","","","","","","","",,,,,"",,,,"Element.id",0,1,"","","n/a"
"DiagnosticReport.code.extension","DiagnosticReport.code.extension","","extensions
user content","",0,*,"","","","Extension {[]} {[]}
","実装で定義された追加のコンテンツ / Additional content defined by implementations","要素の基本的な定義の一部ではない追加情報を表すために使用できます。拡張機能を安全で管理しやすくするために、拡張機能の定義と使用に適用される厳格なガバナンスセットがあります。実装者は拡張機能を定義できますが、拡張機能の定義の一部として満たされる一連の要件があります。 / May be used to represent additional information that is not part of the basic definition of the element. To make the use of extensions safe and manageable, there is a strict set of governance  applied to the definition and use of extensions. Though any implementer can define an extension, there is a set of requirements that SHALL be met as part of the definition of the extension.","拡張機能を使用または定義する機関や管轄権に関係なく、アプリケーション、プロジェクト、または標準による拡張機能の使用に関連するスティグマはありません。拡張機能の使用は、FHIR仕様がすべての人にコアレベルのシンプルさを保持できるようにするものです。 / There can be no stigma associated with the use of extensions by any application, project, or standard - regardless of the institution or jurisdiction that uses or defines the extensions.  The use of extensions is what allows the FHIR specification to retain a core level of simplicity for everyone.","","","","","","","","",,,,,"","value:url}
","Extensions are always sliced by (at least) url",,"open","Element.extension",0,*,"","ele-1:すべてのFHIR要素には、@valueまたは子供が必要です / All FHIR elements must have a @value or children {hasValue() or (children().count() > id.count())}
ext-1:両方ではなく、拡張または値[x]が必要です / Must have either extensions or value[x], not both {extension.exists() != value.exists()}","n/a"
"DiagnosticReport.code.coding","DiagnosticReport.code.coding","","","",0,*,"","","Y","Coding {[]} {[]}
","用語システムによって定義されたコード / Code defined by a terminology system","用語システムによって定義されたコードへの参照。 / A reference to a code defined by a terminology system.","コードは、列挙されたCTなどの非常に正式な定義まで、列挙またはコードリストで非常にさりげなく定義される場合があります。詳細については、HL7 V3コアプリンシップを参照してください。コーディングの順序付けは未定義であり、意味を推測するために使用されません。一般に、せいぜい、コーディング値の1つのみがuserselected = trueとしてラベル付けされます。 / Codes may be defined very casually in enumerations, or code lists, up to very formal definitions such as SNOMED CT - see the HL7 v3 Core Principles for more information.  Ordering of codings is undefined and SHALL NOT be used to infer meaning. Generally, at most only one of the coding values will be labeled as UserSelected = true.","コードシステム内の代替エンコーディング、および他のコードシステムへの翻訳が可能になります。 / Allows for alternative encodings within a code system, and translations to other code systems.","","","","","","","",,,,,"","value:system}
","",,"open","CodeableConcept.coding",0,*,"","ele-1:すべてのFHIR要素には、@valueまたは子供が必要です / All FHIR elements must have a @value or children {hasValue() or (children().count() > id.count())}
","C*E.1-8, C*E.10-22","union(., ./translation)"
"DiagnosticReport.code.coding:laboratoryCode","DiagnosticReport.code.coding","laboratoryCode","","",0,1,"","","Y","Coding {[]} {[]}
","検体検査レポート項目コード。本ユースケースにおける項目コード推奨値をスライスにて示している【詳細参照】","検体検査レポート項目コード。本ユースケースにおける項目コード推奨値をスライスにて示している。","推奨コードは必須ではない、派生先によるコード体系を作成し割り振ることを否定しない","コードシステム内の代替エンコーディング、および他のコードシステムへの翻訳が可能になります。 / Allows for alternative encodings within a code system, and translations to other code systems.","","","","","","","",,,,,"",,,,"CodeableConcept.coding",0,*,"","ele-1:すべてのFHIR要素には、@valueまたは子供が必要です / All FHIR elements must have a @value or children {hasValue() or (children().count() > id.count())}
","C*E.1-8, C*E.10-22","union(., ./translation)"
"DiagnosticReport.code.coding:laboratoryCode.id","DiagnosticReport.code.coding.id","","","",0,1,"","","","string {[]} {[]}
","要素間参照のための一意のID / Unique id for inter-element referencing","リソース内の要素の一意のID（内部参照用）。これは、スペースを含まない文字列値である場合があります。 / Unique id for the element within a resource (for internal references). This may be any string value that does not contain spaces.","","","","","","","","","",,,,,"",,,,"Element.id",0,1,"","","n/a"
"DiagnosticReport.code.coding:laboratoryCode.extension","DiagnosticReport.code.coding.extension","","extensions
user content","",0,*,"","","","Extension {[]} {[]}
","実装で定義された追加のコンテンツ / Additional content defined by implementations","要素の基本的な定義の一部ではない追加情報を表すために使用できます。拡張機能を安全で管理しやすくするために、拡張機能の定義と使用に適用される厳格なガバナンスセットがあります。実装者は拡張機能を定義できますが、拡張機能の定義の一部として満たされる一連の要件があります。 / May be used to represent additional information that is not part of the basic definition of the element. To make the use of extensions safe and manageable, there is a strict set of governance  applied to the definition and use of extensions. Though any implementer can define an extension, there is a set of requirements that SHALL be met as part of the definition of the extension.","拡張機能を使用または定義する機関や管轄権に関係なく、アプリケーション、プロジェクト、または標準による拡張機能の使用に関連するスティグマはありません。拡張機能の使用は、FHIR仕様がすべての人にコアレベルのシンプルさを保持できるようにするものです。 / There can be no stigma associated with the use of extensions by any application, project, or standard - regardless of the institution or jurisdiction that uses or defines the extensions.  The use of extensions is what allows the FHIR specification to retain a core level of simplicity for everyone.","","","","","","","","",,,,,"","value:url}
","Extensions are always sliced by (at least) url",,"open","Element.extension",0,*,"","ele-1:すべてのFHIR要素には、@valueまたは子供が必要です / All FHIR elements must have a @value or children {hasValue() or (children().count() > id.count())}
ext-1:両方ではなく、拡張または値[x]が必要です / Must have either extensions or value[x], not both {extension.exists() != value.exists()}","n/a"
"DiagnosticReport.code.coding:laboratoryCode.system","DiagnosticReport.code.coding.system","","","",1,1,"","","Y","uri {[]} {[]}
","用語システムのアイデンティティ / Identity of the terminology system","コード内のシンボルの意味を定義するコードシステムの識別。 / The identification of the code system that defines the meaning of the symbol in the code.","uriは、oid（urn：oid：...）またはuuid（urn：uuid：...）である場合があります。OIDとUUIDは、HL7 OIDレジストリへの参照となります。それ以外の場合、URIは、FHIRの特別なURIを定義したHL7のリストから来るか、システムを明確かつ明確に確立する定義を参照する必要があります。 / The URI may be an OID (urn:oid:...) or a UUID (urn:uuid:...).  OIDs and UUIDs SHALL be references to the HL7 OID registry. Otherwise, the URI should come from HL7's list of FHIR defined special URIs or it should reference to some definition that establishes the system clearly and unambiguously.","シンボルの定義のソースについて明確である必要があります。 / Need to be unambiguous about the source of the definition of the symbol.","","","","<valueUri xmlns=""http://hl7.org/fhir"" value=""http://jpfhir.jp/fhir/core/CodeSystem/JP_DocumentCodes_CS""/>","","","",,,,,"",,,,"Coding.system",0,1,"","ele-1:すべてのFHIR要素には、@valueまたは子供が必要です / All FHIR elements must have a @value or children {hasValue() or (children().count() > id.count())}
","C*E.3","./codeSystem"
"DiagnosticReport.code.coding:laboratoryCode.version","DiagnosticReport.code.coding.version","","","",0,1,"","","Y","string {[]} {[]}
","システムのバージョン - 関連する場合 / Version of the system - if relevant","このコードを選択するときに使用されたコードシステムのバージョン。コードの意味がバージョン全体で一貫しているため、適切にメンテナンスしたコードシステムでは報告されたバージョンを必要としないことに注意してください。ただし、これは一貫して保証することはできず、意味が一貫していることが保証されていない場合、バージョンを交換する必要があります。 / The version of the code system which was used when choosing this code. Note that a well-maintained code system does not need the version reported, because the meaning of codes is consistent across versions. However this cannot consistently be assured, and when the meaning is not guaranteed to be consistent, the version SHOULD be exchanged.","用語がコードシステムバージョンを識別するために使用する文字列を明確に定義していない場合、推奨は、そのバージョンがバージョンの日付として公式に公開された日付（FHIR日付形式で表現）を使用することです。 / Where the terminology does not clearly define what string should be used to identify code system versions, the recommendation is to use the date (expressed in FHIR date format) on which that version was officially published as the version date.","","","","","","","","",,,,,"",,,,"Coding.version",0,1,"","ele-1:すべてのFHIR要素には、@valueまたは子供が必要です / All FHIR elements must have a @value or children {hasValue() or (children().count() > id.count())}
","C*E.7","./codeSystemVersion"
"DiagnosticReport.code.coding:laboratoryCode.code","DiagnosticReport.code.coding.code","","","",0,1,"","","Y","code {[]} {[]}
","システムによって定義された構文のシンボル / Symbol in syntax defined by the system","システムによって定義された構文のシンボル。シンボルは、定義されたコードまたはコーディングシステムによって定義された構文の式（例：調整後）である場合があります。 / A symbol in syntax defined by the system. The symbol may be a predefined code or an expression in a syntax defined by the coding system (e.g. post-coordination).","","システム内の特定のコードを参照する必要があります。 / Need to refer to a particular code in the system.","","","","<valueCode xmlns=""http://hl7.org/fhir"" value=""11502-2""/>","","","",,,,,"",,,,"Coding.code",0,1,"","ele-1:すべてのFHIR要素には、@valueまたは子供が必要です / All FHIR elements must have a @value or children {hasValue() or (children().count() > id.count())}
","C*E.1","./code"
"DiagnosticReport.code.coding:laboratoryCode.display","DiagnosticReport.code.coding.display","","","",0,1,"","","Y","string {[]} {[]}
","システムによって定義された表現 / Representation defined by the system","システムのルールに従って、システム内のコードの意味の表現。 / A representation of the meaning of the code in the system, following the rules of the system.","","システムを知らない読者のために、コードの人間の読み取り可能な意味を持ち込むことができる必要があります。 / Need to be able to carry a human-readable meaning of the code for readers that do not know  the system.","","","","<valueString xmlns=""http://hl7.org/fhir"" value=""検体検査報告書""/>","","","",,,,,"",,,,"Coding.display",0,1,"","ele-1:すべてのFHIR要素には、@valueまたは子供が必要です / All FHIR elements must have a @value or children {hasValue() or (children().count() > id.count())}
","C*E.2 - but note this is not well followed","CV.displayName"
"DiagnosticReport.code.coding:laboratoryCode.userSelected","DiagnosticReport.code.coding.userSelected","","","",0,1,"","","Y","boolean {[]} {[]}
","このコーディングがユーザーによって直接選択された場合 / If this coding was chosen directly by the user","このコーディングがユーザーによって直接選択されたことを示します。利用可能なアイテムのピックリスト（コードまたはディスプレイ）。 / Indicates that this coding was chosen by a user directly - e.g. off a pick list of available items (codes or displays).","一連の代替案の中で、直接選択されたコードが新しい翻訳の最も適切な出発点です。この要素の使用とその結果をより完全に明確にするためには、「直接選択された」ことについては曖昧さがあり、取引パートナー契約が必要になる場合があります。 / Amongst a set of alternatives, a directly chosen code is the most appropriate starting point for new translations. There is some ambiguity about what exactly 'directly chosen' implies, and trading partner agreement may be needed to clarify the use of this element and its consequences more completely.","これは、臨床安全基準として特定されています - この正確なシステム/コードペアは、いくつかのルールまたは言語処理に基づいてシステムによって推測されるのではなく、明示的に選択されたことです。 / This has been identified as a clinical safety criterium - that this exact system/code pair was chosen explicitly, rather than inferred by the system based on some rules or language processing.","","","","","","","",,,,,"",,,,"Coding.userSelected",0,1,"","ele-1:すべてのFHIR要素には、@valueまたは子供が必要です / All FHIR elements must have a @value or children {hasValue() or (children().count() > id.count())}
","Sometimes implied by being first","CD.codingRationale"
"DiagnosticReport.code.text","DiagnosticReport.code.text","","","",0,1,"","","Y","string {[]} {[]}
","コンセプトの単純なテキスト表現 / Plain text representation of the concept","データを入力したユーザー、および/またはユーザーの意図された意味を表すユーザーによって見られる/選択/発言された概念の人間の言語表現。 / A human language representation of the concept as seen/selected/uttered by the user who entered the data and/or which represents the intended meaning of the user.","多くの場合、テキストはコーディングの1つの表示名と同じです。 / Very often the text is the same as a displayName of one of the codings.","用語からのコードは、それらを使用する人間のすべてのニュアンスを使用して、常に正しい意味をキャプチャするとは限りません。または、適切なコードがまったくない場合があります。これらの場合、テキストはソースの完全な意味をキャプチャするために使用されます。 / The codes from the terminologies do not always capture the correct meaning with all the nuances of the human using them, or sometimes there is no appropriate code at all. In these cases, the text is used to capture the full meaning of the source.","","","","","","","",,,,,"",,,,"CodeableConcept.text",0,1,"","ele-1:すべてのFHIR要素には、@valueまたは子供が必要です / All FHIR elements must have a @value or children {hasValue() or (children().count() > id.count())}
","C*E.9. But note many systems use C*E.2 for this","./originalText[mediaType/code=""text/plain""]/data"
"DiagnosticReport.subject","DiagnosticReport.subject","","Patient
","",0,1,"","","Y","Reference {[]} {[CanonicalType[http://jpfhir.jp/fhir/core/StructureDefinition/JP_Patient]]}
","The subject of the report - usually, but not always, the patient　レポートの対象、常にではないが、通常は患者","診断レポートの対象患者に関する情報","References SHALL be a reference to an actual FHIR resource, and SHALL be resolvable (allowing for access control, temporary unavailability, etc.). Resolution can be either by retrieval from the URL, or, where applicable by resource type, by treating an absolute reference as a canonical URL and looking it up in a local registry/repository.
参照は、実際のFHIRリソースへの参照である必要があり、内容に辿り着ける（解決できる）必要がある（アクセス制御、一時的な使用不可などを考慮に入れる）。解決は、URLから取得するか、リソースタイプによって該当する場合は、絶対参照を正規URLとして扱い、ローカルレジストリ/リポジトリで検索することによって行うことができる。

【JP Core仕様】Patientリソースを参照","主題のコンテキストを知っておく必要があります。 / SHALL know the subject context.","","","","","","","",,,,,"",,,,"DiagnosticReport.subject",0,1,"","ele-1:すべてのFHIR要素には、@valueまたは子供が必要です / All FHIR elements must have a @value or children {hasValue() or (children().count() > id.count())}
","Event.subject","PID-3 (no HL7 v2 mapping for Group or Device)","participation[typeCode=SBJ]","FiveWs.subject[x]","FiveWs.subject"
"DiagnosticReport.encounter","DiagnosticReport.encounter","","Context
","",0,1,"","","Y","Reference {[]} {[CanonicalType[http://jpfhir.jp/fhir/core/StructureDefinition/JP_Encounter]]}
","診断レポートが関係するヘルスケアイベントに関する情報【詳細参照】","診断レポートが関係するヘルスケアイベントに関する情報","This will typically be the encounter the event occurred within, but some events may be initiated prior to or after the official completion of an encounter but still be tied to the context of the encounter (e.g. pre-admission laboratory tests).

【JP Core仕様】入院外来の区別や所在場所、担当診療科の情報に使用する。

※このプロファイルの用途では通常は必須と考えられるが、ユースケースにより使用されない場合を考慮し、1..1に制約しない。","リクエストをエンカウンターコンテキストにリンクします。 / Links the request to the Encounter context.","","","","","","","",,,,,"",,,,"DiagnosticReport.encounter",0,1,"","ele-1:すべてのFHIR要素には、@valueまたは子供が必要です / All FHIR elements must have a @value or children {hasValue() or (children().count() > id.count())}
","Event.encounter","PV1-19","inboundRelationship[typeCode=COMP].source[classCode=ENC, moodCode=EVN]","FiveWs.context"
"DiagnosticReport.effective[x]","DiagnosticReport.effective[x]","","Observation time
Effective TimeOccurrence","",0,1,"","","Y","dateTime {[]} {[]}
Period {[]} {[]}","診断レポートの作成日時【詳細参照】","診断レポートの作成日時","If the diagnostic procedure was performed on the patient, this is the time it was performed. If there are specimens, the diagnostically relevant time can be derived from the specimen collection times, but the specimen information is not always available, and the exact relationship between the specimens and the diagnostically relevant time is not always automatic.
診断手順が患者に対して実行された場合、これは実施された時刻。対象が検体である場合は、検体採取時間から診断関連時刻を導き出すことができるが、検体情報が常に入手できるとは限らず、検体と診断関連時刻の正確な関係は必ずしも自明ではない。

【JP Core仕様】検体採取時間","このレポートを提出/提示するために、患者履歴のどこにあるかを知る必要があります。 / Need to know where in the patient history to file/present this report.","","","","","","","",,,,,"",,,,"DiagnosticReport.effective[x]",0,1,"","ele-1:すべてのFHIR要素には、@valueまたは子供が必要です / All FHIR elements must have a @value or children {hasValue() or (children().count() > id.count())}
","Event.occurrence[x]","OBR-7","effectiveTime","FiveWs.done[x]"
"DiagnosticReport.issued","DiagnosticReport.issued","","Date published
Date IssuedDate Verified","",0,1,"","","Y","instant {[]} {[]}
","このバージョンの診断レポートが医療者に提供/確定された日時【詳細参照】","このバージョンの診断レポートが医療者に提供/確定された日時","May be different from the update time of the resource itself, because that is the status of the record (potentially a secondary copy), not the actual release time of the report.
リソース自体の更新時刻とは異なる場合がある。これは、レポートの実際の提供時刻ではなく、リソース自体の更新時刻はレコード（場合によってはセカンダリコピー）のステータスの更新時刻となるため。

【JP Core仕様】このデータが出来た時間","臨床医は、報告書が発表された日付を確認できる必要があります。 / Clinicians need to be able to check the date that the report was released.","","","","","","","",,,,,"",,,,"DiagnosticReport.issued",0,1,"","ele-1:すべてのFHIR要素には、@valueまたは子供が必要です / All FHIR elements must have a @value or children {hasValue() or (children().count() > id.count())}
","OBR-22","participation[typeCode=VRF or AUT].time","FiveWs.recorded"
"DiagnosticReport.performer","DiagnosticReport.performer","","Laboratory
ServicePractitionerDepartmentCompanyAuthorized byDirector","",0,*,"","","Y","Reference {[]} {[CanonicalType[http://jpfhir.jp/fhir/core/StructureDefinition/JP_Practitioner], CanonicalType[http://jpfhir.jp/fhir/core/StructureDefinition/JP_PractitionerRole], CanonicalType[http://jpfhir.jp/fhir/core/StructureDefinition/JP_Organization], CanonicalType[http://hl7.org/fhir/StructureDefinition/CareTeam]]}
","診断レポートの作成発行に責任をもつ診断サービス/担当者に関する情報【詳細参照】","診断レポートの作成発行に責任をもつ診断サービス/担当者に関する情報","This is not necessarily the source of the atomic data items or the entity that interpreted the results. It is the entity that takes responsibility for the clinical report.
必ずしも１項目データ単位のデータソースまたは結果を解釈した主体でなない。臨床レポートに責任をもつ主体のこと。

【JP Core仕様】検査に関わった人もしくは組織","結果についてクエリがある場合は、誰に連絡するかを知る必要があります。また、二次データ分析のためにレポートのソースを追跡する必要がある場合があります。 / Need to know whom to contact if there are queries about the results. Also may need to track the source of reports for secondary data analysis.","","","","","","","",,,,,"",,,,"DiagnosticReport.performer",0,*,"","ele-1:すべてのFHIR要素には、@valueまたは子供が必要です / All FHIR elements must have a @value or children {hasValue() or (children().count() > id.count())}
","Event.performer.actor","PRT-8 (where this PRT-4-Participation = ""PO"")",".participation[typeCode=PRF]","FiveWs.actor"
"DiagnosticReport.resultsInterpreter","DiagnosticReport.resultsInterpreter","","Analyzed by
Reported by","",0,*,"","","Y","Reference {[]} {[CanonicalType[http://jpfhir.jp/fhir/core/StructureDefinition/JP_Practitioner], CanonicalType[http://jpfhir.jp/fhir/core/StructureDefinition/JP_PractitionerRole], CanonicalType[http://jpfhir.jp/fhir/core/StructureDefinition/JP_Organization], CanonicalType[http://hl7.org/fhir/StructureDefinition/CareTeam]]}
","診断レポートの結論と解釈に責任を持つ医療者/組織に関する情報【詳細参照】","診断レポートの結論と解釈に責任を持つ医療者/組織に関する情報","Might not be the same entity that takes responsibility for the clinical report.
レポートに責任を持つ主体とは異なる場合がある。

【JP Core仕様】検査責任者","結果についてクエリがある場合は、誰に連絡するかを知る必要があります。また、二次データ分析のためにレポートのソースを追跡する必要がある場合があります。 / Need to know whom to contact if there are queries about the results. Also may need to track the source of reports for secondary data analysis.","","","","","","","",,,,,"",,,,"DiagnosticReport.resultsInterpreter",0,*,"","ele-1:すべてのFHIR要素には、@valueまたは子供が必要です / All FHIR elements must have a @value or children {hasValue() or (children().count() > id.count())}
","Event.performer.actor","OBR-32, PRT-8 (where this PRT-4-Participation = ""PI"")",".participation[typeCode=PRF]","FiveWs.actor"
"DiagnosticReport.specimen","DiagnosticReport.specimen","","","",0,*,"","","","Reference {[]} {[CanonicalType[http://hl7.org/fhir/StructureDefinition/Specimen]]}
","診断レポートのもとになった検体に関する情報【詳細参照】","診断レポートのもとになった検体に関する情報","If the specimen is sufficiently specified with a code in the test result name, then this additional data may be redundant. If there are multiple specimens, these may be represented per observation or group.
検査結果名称のコードを見れば検体情報が十分に判明するような場合には、この検体情報は冗長になる。複数の検体が関与する場合には、検査や検査グループごとに検体情報が記述されることがある。

【JP Core仕様】該当するspecimenを設定","レポートの基礎となる収集された標本に関する情報を報告できる必要があります。 / Need to be able to report information about the collected specimens on which the report is based.","","","","","","","",,,,,"",,,,"DiagnosticReport.specimen",0,*,"","ele-1:すべてのFHIR要素には、@valueまたは子供が必要です / All FHIR elements must have a @value or children {hasValue() or (children().count() > id.count())}
","SPM","participation[typeCode=SBJ]"
"DiagnosticReport.result","DiagnosticReport.result","","Data
Atomic ValueResultAtomic resultDataTestAnalyteBatteryOrganizer","",0,*,"","","","Reference {[]} {[CanonicalType[http://jpfhir.jp/fhir/core/StructureDefinition/JP_Observation_LabResult]]}
","診断レポートの一部となるObservationsに関する情報【詳細参照】","[Observations](observation.html)  that are part of this diagnostic report.
診断レポートの一部","Observations can contain observations.
Observationはobservationを含みうる。

【JP Core仕様】該当するObservationを設定","個々の結果または結果のグループをサポートする必要がある。結果のグループ化は任意だが、意味がある場合にグループ化される。","","","","","","","",,,,,"",,,,"DiagnosticReport.result",0,*,"","ele-1:すべてのFHIR要素には、@valueまたは子供が必要です / All FHIR elements must have a @value or children {hasValue() or (children().count() > id.count())}
","OBXs","outboundRelationship[typeCode=COMP].target"
"DiagnosticReport.imagingStudy","DiagnosticReport.imagingStudy","","","",0,*,"","","","Reference {[]} {[CanonicalType[http://hl7.org/fhir/StructureDefinition/ImagingStudy]]}
","診断レポートに関連づけれられたDICOM検査画像に関する情報【詳細参照】","診断レポートに関連づけれられたDICOM検査画像に関する情報","ImagingStudy and the image element are somewhat overlapping - typically, the list of image references in the image element will also be found in one of the imaging study resources. However, each caters to different types of displays for different types of purposes. Neither, either, or both may be provided.
ImagingStudyと画像要素は多少重複する。通常、画像要素内の画像参照のリストは、画像検査リソースのひとつにも存在する。。ただし、それぞれがさまざまなタイプの目的のためにさまざまなタイプのディスプレイに対応している。どちらも、どちらか、または両方を提供することはできない。

【JP Core仕様】使わない","","","","","","","","",,,,,"",,,,"DiagnosticReport.imagingStudy",0,*,"","ele-1:すべてのFHIR要素には、@valueまたは子供が必要です / All FHIR elements must have a @value or children {hasValue() or (children().count() > id.count())}
","outboundRelationship[typeCode=COMP].target[classsCode=DGIMG, moodCode=EVN]"
"DiagnosticReport.media","DiagnosticReport.media","","DICOM
SlidesScans","",0,*,"","","Y","BackboneElement {[]} {[]}
","診断レポートに関連づけられたメディアに関する情報【詳細参照】","診断レポートに関連づけられたメディアに関する情報","【JP Core仕様】レポート1つに対して、複数の画像・コメントがぶら下がる","多くの診断業務では提供情報の一部としてレポートに画像を含む。","","","","","","","",,,,,"",,,,"DiagnosticReport.media",0,*,"","ele-1:すべてのFHIR要素には、@valueまたは子供が必要です / All FHIR elements must have a @value or children {hasValue() or (children().count() > id.count())}
","OBX?","outboundRelationship[typeCode=COMP].target"
"DiagnosticReport.media.id","DiagnosticReport.media.id","","","",0,1,"","","","string {[]} {[]}
","要素間参照のための一意のID / Unique id for inter-element referencing","リソース内の要素の一意のID（内部参照用）。これは、スペースを含まない文字列値である場合があります。 / Unique id for the element within a resource (for internal references). This may be any string value that does not contain spaces.","","","","","","","","","",,,,,"",,,,"Element.id",0,1,"","","n/a"
"DiagnosticReport.media.extension","DiagnosticReport.media.extension","","extensions
user content","",0,*,"","","","Extension {[]} {[]}
","実装で定義された追加のコンテンツ / Additional content defined by implementations","要素の基本的な定義の一部ではない追加情報を表すために使用できます。拡張機能を安全で管理しやすくするために、拡張機能の定義と使用に適用される厳格なガバナンスセットがあります。実装者は拡張機能を定義できますが、拡張機能の定義の一部として満たされる一連の要件があります。 / May be used to represent additional information that is not part of the basic definition of the element. To make the use of extensions safe and manageable, there is a strict set of governance  applied to the definition and use of extensions. Though any implementer can define an extension, there is a set of requirements that SHALL be met as part of the definition of the extension.","拡張機能を使用または定義する機関や管轄権に関係なく、アプリケーション、プロジェクト、または標準による拡張機能の使用に関連するスティグマはありません。拡張機能の使用は、FHIR仕様がすべての人にコアレベルのシンプルさを保持できるようにするものです。 / There can be no stigma associated with the use of extensions by any application, project, or standard - regardless of the institution or jurisdiction that uses or defines the extensions.  The use of extensions is what allows the FHIR specification to retain a core level of simplicity for everyone.","","","","","","","","",,,,,"",,,,"Element.extension",0,*,"","ele-1:すべてのFHIR要素には、@valueまたは子供が必要です / All FHIR elements must have a @value or children {hasValue() or (children().count() > id.count())}
ext-1:両方ではなく、拡張または値[x]が必要です / Must have either extensions or value[x], not both {extension.exists() != value.exists()}","n/a"
"DiagnosticReport.media.modifierExtension","DiagnosticReport.media.modifierExtension","","extensions
user contentmodifiers","",0,*,"","Y","Y","Extension {[]} {[]}
","認識されていなくても無視できない拡張機能 / Extensions that cannot be ignored even if unrecognized","要素の基本的な定義の一部ではなく、それが含まれている要素の理解、および/または含まれる要素の子孫の理解を変更するために使用される場合があります。通常、修飾子要素は否定または資格を提供します。拡張機能を安全で管理しやすくするために、拡張機能の定義と使用に適用される厳格なガバナンスセットがあります。実装者は拡張機能を定義できますが、拡張機能の定義の一部として満たされる一連の要件があります。アプリケーションの処理リソースは、修飾子拡張機能をチェックする必要があります。

モディファイア拡張は、リソースまたはdomainResource上の要素の意味を変更してはなりません（修飾軸自体の意味を変更することはできません）。 / May be used to represent additional information that is not part of the basic definition of the element and that modifies the understanding of the element in which it is contained and/or the understanding of the containing element's descendants. Usually modifier elements provide negation or qualification. To make the use of extensions safe and manageable, there is a strict set of governance applied to the definition and use of extensions. Though any implementer can define an extension, there is a set of requirements that SHALL be met as part of the definition of the extension. Applications processing a resource are required to check for modifier extensions.

Modifier extensions SHALL NOT change the meaning of any elements on Resource or DomainResource (including cannot change the meaning of modifierExtension itself).","拡張機能を使用または定義する機関や管轄権に関係なく、アプリケーション、プロジェクト、または標準による拡張機能の使用に関連するスティグマはありません。拡張機能の使用は、FHIR仕様がすべての人にコアレベルのシンプルさを保持できるようにするものです。 / There can be no stigma associated with the use of extensions by any application, project, or standard - regardless of the institution or jurisdiction that uses or defines the extensions.  The use of extensions is what allows the FHIR specification to retain a core level of simplicity for everyone.","修飾子拡張機能により、安全に無視できる大部分の拡張機能と明確に区別できるように、安全に無視できない拡張機能が可能になります。これにより、実装者が拡張の存在を禁止する必要性を排除することにより、相互運用性が促進されます。詳細については、[修飾子拡張の定義]（拡張性.html＃modifierextension）を参照してください。 / Modifier extensions allow for extensions that *cannot* be safely ignored to be clearly distinguished from the vast majority of extensions which can be safely ignored.  This promotes interoperability by eliminating the need for implementers to prohibit the presence of extensions. For further information, see the [definition of modifier extensions](http://hl7.org/fhir/R4/extensibility.html#modifierExtension).","","","","","","","",,,,,"",,,,"BackboneElement.modifierExtension",0,*,"","ele-1:すべてのFHIR要素には、@valueまたは子供が必要です / All FHIR elements must have a @value or children {hasValue() or (children().count() > id.count())}
ext-1:両方ではなく、拡張または値[x]が必要です / Must have either extensions or value[x], not both {extension.exists() != value.exists()}","N/A"
"DiagnosticReport.media.comment","DiagnosticReport.media.comment","","","",0,1,"","","","string {[]} {[]}
","画像についてのコメント（例：説明） / Comment about the image (e.g. explanation)","画像についてのコメント。通常、これは、画像が含まれている理由の説明を提供するため、または重要な機能に視聴者の注意を引くために使用されます。 / A comment about the image. Typically, this is used to provide an explanation for why the image is included, or to draw the viewer's attention to important features.","The comment should be displayed with the image. It would be common for the report to include additional discussion of the image contents in other sections such as the conclusion.

【JP Core仕様】画像に対するコメント","レポートのプロバイダーは、レポートに含まれる各画像についてコメントする必要があります。 / The provider of the report should make a comment about each image included in the report.","","","","","","","",,,,,"",,,,"DiagnosticReport.media.comment",0,1,"","ele-1:すべてのFHIR要素には、@valueまたは子供が必要です / All FHIR elements must have a @value or children {hasValue() or (children().count() > id.count())}
",".inboundRelationship[typeCode=COMP].source[classCode=OBS, moodCode=EVN, code=""annotation""].value"
"DiagnosticReport.media.link","DiagnosticReport.media.link","","","",1,1,"","","Y","Reference {[]} {[CanonicalType[http://hl7.org/fhir/StructureDefinition/Media]]}
","画像ソースへの参照 / Reference to the image source","画像ソースへの参照。 / Reference to the image source.","References SHALL be a reference to an actual FHIR resource, and SHALL be resolvable (allowing for access control, temporary unavailability, etc.). Resolution can be either by retrieval from the URL, or, where applicable by resource type, by treating an absolute reference as a canonical URL and looking it up in a local registry/repository.

【JP Core仕様】画像に対するリンク","","","","","","","","",,,,,"",,,,"DiagnosticReport.media.link",1,1,"","ele-1:すべてのFHIR要素には、@valueまたは子供が必要です / All FHIR elements must have a @value or children {hasValue() or (children().count() > id.count())}
",".value.reference"
"DiagnosticReport.conclusion","DiagnosticReport.conclusion","","Report
","",0,1,"","","","string {[]} {[]}
","簡潔かつ臨床的な文脈で表現した診断レポートの要約結論（解釈、インプレッション）","Concise and clinically contextualized summary conclusion (interpretation/impression) of the diagnostic report.
 診断レポートの簡潔で臨床的に文脈化された要約結論（解釈/印象）。","Note that FHIR strings SHALL NOT exceed 1MB in size

【JP Core仕様】原則使わない","基本的な結果データの中で失われない結論を提供できる必要があります。 / Need to be able to provide a conclusion that is not lost among the basic result data.","","","","","","","",,,,,"",,,,"DiagnosticReport.conclusion",0,1,"","ele-1:すべてのFHIR要素には、@valueまたは子供が必要です / All FHIR elements must have a @value or children {hasValue() or (children().count() > id.count())}
","OBX","inboundRelationship[typeCode=""SPRT""].source[classCode=OBS, moodCode=EVN, code=LOINC:48767-8].value (type=ST)"
"DiagnosticReport.conclusionCode","DiagnosticReport.conclusionCode","","","",0,*,"","","","CodeableConcept {[]} {[]}
","診断レポートの要約結論（解釈、インプレッション）を表すコード【詳細参照】","診断レポートの要約結論（解釈、インプレッション）を表すコード","Not all terminology uses fit this general pattern. In some cases, models should not use CodeableConcept and use Coding directly and provide their own structure for managing text, codings, translations and the relationship between elements and pre- and post-coordination.
すべてのターミノロジの使用がこの一般的なパターンに適合するわけではない。場合によっては、モデルはCodeableConceptを使用せず、コーディングを直接使用して、テキスト、コーディング、翻訳、および要素と事前・事後の用語作成（pre- and post-coordination）との関係を管理するための独自の構造を提供する必要がある。

【JP Core仕様】原則使わない","","","","","","","","",,"example","レポートの補助として提供される診断コード。 / Diagnosis codes provided as adjuncts to the report.","http://hl7.org/fhir/ValueSet/clinical-findings","",,,,"DiagnosticReport.conclusionCode",0,*,"","ele-1:すべてのFHIR要素には、@valueまたは子供が必要です / All FHIR elements must have a @value or children {hasValue() or (children().count() > id.count())}
","OBX","inboundRelationship[typeCode=SPRT].source[classCode=OBS, moodCode=EVN, code=LOINC:54531-9].value (type=CD)"
"DiagnosticReport.presentedForm","DiagnosticReport.presentedForm","","","",0,*,"","","","Attachment {[]} {[]}
","診断サービス/担当者によって発行された診断レポート全体のコンテンツ（例えばPDFファイルなど）【詳細参照】","診断サービス/担当者によって発行された診断レポート全体のコンテンツ（例えばPDFファイルなど）","""application/pdf"" is recommended as the most reliable and interoperable in this context.
application / pdf」がこのコンテキストで最も信頼でき相互運用可能なものとして推奨される。

【JP Core仕様】原則使わない","実験室に、臨床忠実度のために独自の完全にフォーマットされたレポートを提供する能力を提供します。 / Gives laboratory the ability to provide its own fully formatted report for clinical fidelity.","","","","","","","",,,,,"",,,,"DiagnosticReport.presentedForm",0,*,"","ele-1:すべてのFHIR要素には、@valueまたは子供が必要です / All FHIR elements must have a @value or children {hasValue() or (children().count() > id.count())}
","OBX","text (type=ED)"
