{
  "resourceType" : "Condition",
  "id" : "jp-condition-diagnosis-example-1",
  "meta" : {
    "profile" : ["http://jpfhir.jp/fhir/core/StructureDefinition/JP_Condition_Diagnosis"]
  },
  "text" : {
    "status" : "extensions",
    "div" : "<div xmlns=\"http://www.w3.org/1999/xhtml\"><p class=\"res-header-id\"><b>Generated Narrative: Condition jp-condition-diagnosis-example-1</b></p><a name=\"jp-condition-diagnosis-example-1\"> </a><a name=\"hcjp-condition-diagnosis-example-1\"> </a><a name=\"jp-condition-diagnosis-example-1-ja\"> </a><p><b>JP Core Disease Outcome Extension</b>: <span title=\"Codes:{http://terminology.sample.com/CodeSystem/disease-outcome 2}, {http://jpfhir.jp/fhir/core/CodeSystem/JP_ConditionDiseaseOutcomeJHSD0006_CS M}\">寛解</span></p><p><b>identifier</b>: <code>http://terminology.sample.com/IdSystem/disease/1311234567</code>/123456789012345</p><p><b>clinicalStatus</b>: <span title=\"Codes:{http://terminology.hl7.org/CodeSystem/condition-clinical remission}\">Remission</span></p><p><b>verificationStatus</b>: <span title=\"Codes:{http://terminology.hl7.org/CodeSystem/condition-ver-status confirmed}\">Confirmed</span></p><p><b>category</b>: <span title=\"Codes:{http://terminology.hl7.org/CodeSystem/condition-category problem-list-item}\">Problem List Item</span></p><p><b>severity</b>: <span title=\"Codes:{http://jpfhir.jp/fhir/core/CodeSystem/JP_ConditionSeverity_CS MO}\">中度</span></p><p><b>code</b>: <span title=\"Codes:{http://terminology.sample.com/CodeSystem/disease/1311234567 MD13062}, {urn:oid:1.2.392.200119.4.101.6 VSES}\">過敏性大腸炎の初期疾患</span></p><p><b>bodySite</b>: <span title=\"Codes:\">大腸</span></p><p><b>subject</b>: <a href=\"Patient-jp-patient-example-1.html\">山田 太郎</a></p><p><b>onset</b>: 2017-02-28</p><p><b>abatement</b>: 2017-03-07</p><p><b>recordedDate</b>: 2017-03-07</p></div>"
  },
  "extension" : [{
    "url" : "http://jpfhir.jp/fhir/core/Extension/StructureDefinition/JP_Condition_DiseaseOutcome",
    "valueCodeableConcept" : {
      "coding" : [{
        "system" : "http://terminology.sample.com/CodeSystem/disease-outcome",
        "code" : "2",
        "display" : "寛解"
      },
      {
        "system" : "http://jpfhir.jp/fhir/core/CodeSystem/JP_ConditionDiseaseOutcomeJHSD0006_CS",
        "code" : "M",
        "display" : "寛解"
      }],
      "text" : "寛解"
    }
  }],
  "identifier" : [{
    "system" : "http://terminology.sample.com/IdSystem/disease/1311234567",
    "value" : "123456789012345"
  }],
  "clinicalStatus" : {
    "coding" : [{
      "system" : "http://terminology.hl7.org/CodeSystem/condition-clinical",
      "code" : "remission",
      "display" : "Remission"
    }]
  },
  "verificationStatus" : {
    "coding" : [{
      "system" : "http://terminology.hl7.org/CodeSystem/condition-ver-status",
      "code" : "confirmed"
    }]
  },
  "category" : [{
    "coding" : [{
      "system" : "http://terminology.hl7.org/CodeSystem/condition-category",
      "code" : "problem-list-item"
    }]
  }],
  "severity" : {
    "coding" : [{
      "system" : "http://jpfhir.jp/fhir/core/CodeSystem/JP_ConditionSeverity_CS",
      "code" : "MO",
      "display" : "中度"
    }]
  },
  "code" : {
    "extension" : [{
      "url" : "http://jpfhir.jp/fhir/core/Extension/StructureDefinition/JP_Condition_DiseasePrefixModifier",
      "valueCodeableConcept" : {
        "coding" : [{
          "system" : "urn:oid:1.2.392.200119.4.102.5",
          "code" : "3216",
          "display" : "過敏性"
        }],
        "text" : "過敏性"
      }
    },
    {
      "url" : "http://jpfhir.jp/fhir/core/Extension/StructureDefinition/JP_Condition_DiseasePostfixModifier",
      "valueCodeableConcept" : {
        "coding" : [{
          "system" : "urn:oid:1.2.392.200119.4.102.5",
          "code" : "1111",
          "display" : "の初期"
        }],
        "text" : "の初期"
      }
    },
    {
      "url" : "http://jpfhir.jp/fhir/core/Extension/StructureDefinition/JP_Condition_DiseasePostfixModifier",
      "valueCodeableConcept" : {
        "coding" : [{
          "system" : "urn:oid:1.2.392.200119.4.102.5",
          "code" : "08MV",
          "display" : "疾患"
        }],
        "text" : "疾患"
      }
    }],
    "coding" : [{
      "system" : "http://terminology.sample.com/CodeSystem/disease/1311234567",
      "code" : "MD13062",
      "display" : "大腸炎"
    },
    {
      "system" : "urn:oid:1.2.392.200119.4.101.6",
      "code" : "VSES",
      "display" : "大腸炎"
    }],
    "text" : "過敏性大腸炎の初期疾患"
  },
  "bodySite" : [{
    "text" : "大腸"
  }],
  "subject" : {
    "reference" : "Patient/jp-patient-example-1",
    "display" : "山田 太郎"
  },
  "onsetDateTime" : "2017-02-28",
  "abatementDateTime" : "2017-03-07",
  "recordedDate" : "2017-03-07"
}