"Id","Path","Slice Name","Alias(s)","Label","Min","Max","Must Support?","Is Modifier?","Is Summary?","Type(s)","Short","Definition","Comments","Requirements","Default Value","Meaning When Missing","Fixed Value","Pattern","Example","Minimum Value","Maximum Value","Maximum Length","Binding Strength","Binding Description","Binding Value Set","Code","Slicing Discriminator","Slicing Description","Slicing Ordered","Slicing Rules","Base Path","Base Min","Base Max","Condition(s)","Constraint(s)","Mapping: HL7 v2 Mapping","Mapping: RIM Mapping"
"Quantity","Quantity","","","",0,*,"","","","null {[]} {[]}
","薬剤に関する数量と単位を定めた簡易データイプ","薬剤に関する数量と単位を定めた簡易データイプ","薬剤に関する簡易的な数量と単位を定めている。ValueおよびCodeを必須とし、comparatorは記述不可。単位についてはMERIT9医薬品単位略号の利用を推進している。(**SHOULD**)","","","","","","","","",,,,,"",,,,"Quantity",0,*,"ele-1
","","SN (see also Range) or CQ","n/a","PQ, IVL<PQ>, MO, CO, depending on the values"
"Quantity.id","Quantity.id","","","",0,1,"","","","string {[]} {[]}
","要素間参照のための一意のID / Unique id for inter-element referencing","リソース内の要素の一意のID（内部参照用）。これは、スペースを含まない文字列値である場合があります。 / Unique id for the element within a resource (for internal references). This may be any string value that does not contain spaces.","","","","","","","","","",,,,,"",,,,"Element.id",0,1,"","","n/a"
"Quantity.extension","Quantity.extension","","extensions
user content","",0,*,"","","","Extension {[]} {[]}
","実装で定義された追加のコンテンツ / Additional content defined by implementations","要素の基本的な定義の一部ではない追加情報を表すために使用できます。拡張機能を安全で管理しやすくするために、拡張機能の定義と使用に適用される厳格なガバナンスセットがあります。実装者は拡張機能を定義できますが、拡張機能の定義の一部として満たされる一連の要件があります。 / May be used to represent additional information that is not part of the basic definition of the element. To make the use of extensions safe and manageable, there is a strict set of governance  applied to the definition and use of extensions. Though any implementer can define an extension, there is a set of requirements that SHALL be met as part of the definition of the extension.","拡張機能を使用または定義する機関や管轄権に関係なく、アプリケーション、プロジェクト、または標準による拡張機能の使用に関連するスティグマはありません。拡張機能の使用は、FHIR仕様がすべての人にコアレベルのシンプルさを保持できるようにするものです。 / There can be no stigma associated with the use of extensions by any application, project, or standard - regardless of the institution or jurisdiction that uses or defines the extensions.  The use of extensions is what allows the FHIR specification to retain a core level of simplicity for everyone.","","","","","","","","",,,,,"","value:url}
","Extensions are always sliced by (at least) url",,"open","Element.extension",0,*,"","ele-1:すべてのFHIR要素には、@valueまたは子供が必要です / All FHIR elements must have a @value or children {hasValue() or (children().count() > id.count())}
ext-1:両方ではなく、拡張または値[x]が必要です / Must have either extensions or value[x], not both {extension.exists() != value.exists()}","n/a"
"Quantity.value","Quantity.value","","","",1,1,"","","Y","decimal {[]} {[]}
","（精度が暗示された）数値","計測された量。精度を含めた値が暗示される。","暗示された精度については常に尊重すべきである。貨幣計算では制度に関する独自のルールがある（会計についての標準的な教科書を参照すること）。","精度は、測定のほとんどすべての場合に暗黙的に処理されます。 / Precision is handled implicitly in almost all cases of measurement.","","","","","","","",,,,,"",,,,"Quantity.value",0,1,"","ele-1:すべてのFHIR要素には、@valueまたは子供が必要です / All FHIR elements must have a @value or children {hasValue() or (children().count() > id.count())}
","SN.2  / CQ - N/A","PQ.value, CO.value, MO.value, IVL.high or IVL.low depending on the value"
"Quantity.comparator","Quantity.comparator","","","",0,0,"","Y","Y","code {[]} {[]}
","<|<= |> = |>  - 価値を理解する方法 / < | <= | >= | > - how to understand the value","この文脈で使用することは許可されていません / Not allowed to be used in this context","","測定方法の制限があるため、値が<5ug/Lまたは> 400mg/Lの測定値を処理するためのフレームワークが必要です。 / Need a framework for handling measures where the value is <5ug/L or >400mg/L due to the limitations of measuring methodology.","","コンパレータがない場合、値の変更はありません / If there is no comparator, then there is no modification of the value","","","","","",,"required","量を理解し、表現する方法。 / How the Quantity should be understood and represented.","http://hl7.org/fhir/ValueSet/quantity-comparator|4.0.1","",,,,"Quantity.comparator",0,1,"","ele-1:すべてのFHIR要素には、@valueまたは子供が必要です / All FHIR elements must have a @value or children {hasValue() or (children().count() > id.count())}
","SN.1  / CQ.1","IVL properties"
"Quantity.unit","Quantity.unit","","","",0,1,"","","Y","string {[]} {[]}
","単位表現","人間にも可読な単位表現","FHIRの文字列は1MB以上の大きさとなってなはらない(SHALL NOT)。","コンテキストによってさまざまな単位の表現がある。固定された特定の表現が求められることがある。たとえば、mcgはmicrogramを表す。","","","","","","","",,,,,"",,,,"Quantity.unit",0,1,"","ele-1:すべてのFHIR要素には、@valueまたは子供が必要です / All FHIR elements must have a @value or children {hasValue() or (children().count() > id.count())}
","(see OBX.6 etc.) / CQ.2","PQ.unit"
"Quantity.system","Quantity.system","","","",0,1,"","","Y","uri {[]} {[]}
","コード化された単位表現を規定するシステム","単位をコード化して表現するシステムについてのID。","以下参照。 http://en.wikipedia.org/wiki/Uniform_resource_identifier","システムによって定義される単位のコードを把握しておく必要がある。","","","","","","","",,,,,"",,,,"Quantity.system",0,1,"qty-3
","ele-1:すべてのFHIR要素には、@valueまたは子供が必要です / All FHIR elements must have a @value or children {hasValue() or (children().count() > id.count())}
","(see OBX.6 etc.) / CQ.2","CO.codeSystem, PQ.translation.codeSystem"
"Quantity.code","Quantity.code","","","",1,1,"","","Y","code {[]} {[]}
","単位のコード化された形式、【JP Core仕様】MERIT9医薬品単位略号マスタコードを推奨","単位のコード化された形式、【JP Core仕様】MERIT9医薬品単位略号マスタコードを推奨(**SHOULD**)","単位のコード化された形式、【JP Core仕様】MERIT9医薬品単位略号マスタコードを推奨(**SHOULD**)されるが、ローカルコード等を利用することも可能とする","すべてのフォームに固定されたユニットの計算可能な形式が必要です。UCUMはこれを数量で提供しますが、Snomed CTは多くの関心のある単位を提供します。 / Need a computable form of the unit that is fixed across all forms. UCUM provides this for quantities, but SNOMED CT provides many units of interest.","","","","","","","",,"preferred","","http://jpfhir.jp/fhir/core/ValueSet/JP_MedicationUnitMERIT9_VS","",,,,"Quantity.code",0,1,"","ele-1:すべてのFHIR要素には、@valueまたは子供が必要です / All FHIR elements must have a @value or children {hasValue() or (children().count() > id.count())}
","(see OBX.6 etc.) / CQ.2","PQ.code, MO.currency, PQ.translation.code"
