<?xml version="1.0" encoding="UTF-8"?>

<CodeSystem xmlns="http://hl7.org/fhir">
  <id value="jp-procedure-codes-medical-cs"/>
  <text>
    <status value="generated"/><div xmlns="http://www.w3.org/1999/xhtml"><p>This code system http://jpfhir.jp/fhir/Common/CodeSystem/JP_ProcedureCodesMedical_CS defines the following codes:</p><table class="codes"><tr><td style="white-space:nowrap"><b>Code</b></td><td><b>Display</b></td></tr><tr><td style="white-space:nowrap">140000610<a name="jp-procedure-codes-medical-cs-140000610"> </a></td><td>創傷処置（１００ｃｍ２未満）</td></tr><tr><td style="white-space:nowrap">140002210<a name="jp-procedure-codes-medical-cs-140002210"> </a></td><td>消炎鎮痛等処置（湿布処置）（１日につき）</td></tr><tr><td style="white-space:nowrap">140002450<a name="jp-procedure-codes-medical-cs-140002450"> </a></td><td>肛門処置（１日につき）</td></tr><tr><td style="white-space:nowrap">140002510<a name="jp-procedure-codes-medical-cs-140002510"> </a></td><td>流注膿瘍穿刺</td></tr><tr><td style="white-space:nowrap">140002610<a name="jp-procedure-codes-medical-cs-140002610"> </a></td><td>脳室穿刺</td></tr></table></div>
  </text>
  <url value="http://jpfhir.jp/fhir/Common/CodeSystem/JP_ProcedureCodesMedical_CS"/>
  <version value="1.1.0a"/>
  <name value="JP_ProcedureCodesMedical_CS"/>
  <title value="JP Procedure Codes(Medical)"/>
  <status value="draft"/>
  <date value="2022-06-28T12:45:55+00:00"/>
  <publisher value="FHIR Japanese implementation research working group in Japan Association of Medical Informatics (JAMI)"/>
  <contact>
    <name value="FHIR Japanese implementation research working group in Japan Association of Medical Informatics (JAMI)"/>
    <telecom>
      <system value="url"/>
      <value value="http://jpfhir.jp"/>
    </telecom>
    <telecom>
      <system value="email"/>
      <value value="office@hlfhir.jp"/>
    </telecom>
  </contact>
  <description value="Procesureで使用する処置のコード 医科診療行為マスタ"/>
  <jurisdiction>
    <coding>
      <system value="urn:iso:std:iso:3166"/>
      <code value="JP"/>
    </coding>
  </jurisdiction>
  <copyright value="FHIR Japanese implementation research working group in Japan Association of Medical Informatics (JAMI)"/>
  <caseSensitive value="true"/>
  <content value="complete"/>
  <count value="5"/>
  <concept>
    <code value="140000610"/>
    <display value="創傷処置（１００ｃｍ２未満）"/>
  </concept>
  <concept>
    <code value="140002210"/>
    <display value="消炎鎮痛等処置（湿布処置）（１日につき）"/>
  </concept>
  <concept>
    <code value="140002450"/>
    <display value="肛門処置（１日につき）"/>
  </concept>
  <concept>
    <code value="140002510"/>
    <display value="流注膿瘍穿刺"/>
  </concept>
  <concept>
    <code value="140002610"/>
    <display value="脳室穿刺"/>
  </concept>
</CodeSystem>