<?xml version="1.0" encoding="UTF-8"?>

<CodeSystem xmlns="http://hl7.org/fhir">
  <id value="jp-procedure-not-performed-reason-cs"/>
  <text>
    <status value="generated"/><div xmlns="http://www.w3.org/1999/xhtml"><p>This code system http://jpfhir.jp/fhir/Common/CodeSystem/JP_ProcedureNotPerformedReason_CS defines the following codes:</p><table class="codes"><tr><td style="white-space:nowrap"><b>Code</b></td><td><b>Display</b></td></tr><tr><td style="white-space:nowrap">JPPNPR001<a name="jp-procedure-not-performed-reason-cs-JPPNPR001"> </a></td><td>処置が禁忌</td></tr><tr><td style="white-space:nowrap">JPPNPR002<a name="jp-procedure-not-performed-reason-cs-JPPNPR002"> </a></td><td>処置が適応外</td></tr><tr><td style="white-space:nowrap">JPPNPR003<a name="jp-procedure-not-performed-reason-cs-JPPNPR003"> </a></td><td>処置を拒否、または望まず</td></tr><tr><td style="white-space:nowrap">JPPNPR004<a name="jp-procedure-not-performed-reason-cs-JPPNPR004"> </a></td><td>処置が継続困難</td></tr><tr><td style="white-space:nowrap">JPPNPR005<a name="jp-procedure-not-performed-reason-cs-JPPNPR005"> </a></td><td>処置が実施困難</td></tr></table></div>
  </text>
  <url value="http://jpfhir.jp/fhir/Common/CodeSystem/JP_ProcedureNotPerformedReason_CS"/>
  <version value="1.1.0a"/>
  <name value="JP_ProcedureNotPerformedReason_CS"/>
  <title value="JP Core Procedure Not Performed Reason"/>
  <status value="draft"/>
  <date value="2022-08-08T16:49:32+00:00"/>
  <publisher value="FHIR Japanese implementation research working group in Japan Association of Medical Informatics (JAMI)"/>
  <contact>
    <name value="FHIR Japanese implementation research working group in Japan Association of Medical Informatics (JAMI)"/>
    <telecom>
      <system value="url"/>
      <value value="http://jpfhir.jp"/>
    </telecom>
    <telecom>
      <system value="email"/>
      <value value="office@hlfhir.jp"/>
    </telecom>
  </contact>
  <description value="処置が実施されなかった理由、または開始された処置が完了しなかった理由を示すコード"/>
  <jurisdiction>
    <coding>
      <system value="urn:iso:std:iso:3166"/>
      <code value="JP"/>
    </coding>
  </jurisdiction>
  <copyright value="FHIR Japanese implementation research working group in Japan Association of Medical Informatics (JAMI)"/>
  <caseSensitive value="true"/>
  <content value="complete"/>
  <count value="5"/>
  <concept>
    <code value="JPPNPR001"/>
    <display value="処置が禁忌"/>
  </concept>
  <concept>
    <code value="JPPNPR002"/>
    <display value="処置が適応外"/>
  </concept>
  <concept>
    <code value="JPPNPR003"/>
    <display value="処置を拒否、または望まず"/>
  </concept>
  <concept>
    <code value="JPPNPR004"/>
    <display value="処置が継続困難"/>
  </concept>
  <concept>
    <code value="JPPNPR005"/>
    <display value="処置が実施困難"/>
  </concept>
</CodeSystem>