<?xml version="1.0" encoding="UTF-8"?>

<Patient xmlns="http://hl7.org/fhir">
  <id value="jp-patient-example-1"/>
  <meta>
    <profile value="http://jpfhir.jp/fhir/core/StructureDefinition/JP_Patient"/>
  </meta>
  <text>
    <status value="generated"/><div xmlns="http://www.w3.org/1999/xhtml"><p><b>山田 太郎(OFFICIAL)</b> male, DoB: 1970-01-01 ( id: 00000010)</p></div>
  </text>
  <identifier>
    <system value="urn:oid:1.2.392.100495.20.3.51.11311234567"/>
    <value value="00000010"/>
  </identifier>
  <name>
    <extension url="http://hl7.org/fhir/StructureDefinition/iso21090-EN-representation">
      <valueCode value="IDE"/>
    </extension>
    <use value="official"/>
    <text value="山田 太郎"/>
    <family value="山田"/>
    <given value="太郎"/>
  </name>
  <name>
    <extension url="http://hl7.org/fhir/StructureDefinition/iso21090-EN-representation">
      <valueCode value="SYL"/>
    </extension>
    <use value="official"/>
    <text value="ヤマダ タロウ"/>
    <family value="ヤマダ"/>
    <given value="タロウ"/>
  </name>
  <telecom>
    <system value="phone"/>
    <value value="0312345678"/>
    <use value="home"/>
  </telecom>
  <gender value="male"/>
  <birthDate value="1970-01-01"/>
  <address>
    <text value="東京都新宿区"/>
    <postalCode value="1600023"/>
  </address>
</Patient>