{
  "resourceType": "ValueSet",
  "id": "jp-procedure-not-performed-reason-vs",
  "text": {
    "status": "generated",
    "div": "<div xmlns=\"http://www.w3.org/1999/xhtml\"><ul><li>Include all codes defined in <a href=\"CodeSystem-jp-procedure-not-performed-reason-cs.html\"><code>http://jpfhir.jp/fhir/Common/CodeSystem/JP_ProcedureNotPerformedReason_CS</code></a></li></ul></div>"
  },
  "url": "http://jpfhir.jp/fhir/Common/ValueSet/JP_ProcedureNotPerformedReason_VS",
  "version": "1.1.0a",
  "name": "JP_ProcedureNotPerformedReason_VS",
  "title": "JP Procedure Not Performed Reason",
  "status": "draft",
  "date": "2022-06-29T23:41:52+00:00",
  "publisher": "FHIR Japanese implementation research working group in Japan Association of Medical Informatics (JAMI)",
  "contact": [
    {
      "name": "FHIR Japanese implementation research working group in Japan Association of Medical Informatics (JAMI)",
      "telecom": [
        {
          "system": "url",
          "value": "http://jpfhir.jp"
        },
        {
          "system": "email",
          "value": "office@hlfhir.jp"
        }
      ]
    }
  ],
  "description": "Situation codes describing the reason that a procedure, which might otherwise be expected, was not performed, or a procedure that was started and was not completed.",
  "jurisdiction": [
    {
      "coding": [
        {
          "system": "urn:iso:std:iso:3166",
          "code": "JP"
        }
      ]
    }
  ],
  "copyright": "FHIR Japanese implementation research working group in Japan Association of Medical Informatics (JAMI)",
  "compose": {
    "include": [
      {
        "system": "http://jpfhir.jp/fhir/Common/CodeSystem/JP_ProcedureNotPerformedReason_CS"
      }
    ]
  }
}