<?xml version="1.0" encoding="UTF-8"?>

<CodeSystem xmlns="http://hl7.org/fhir">
  <id value="jp-medication-example-ratecomment-cs"/>
  <text>
    <status value="generated"/><div xmlns="http://www.w3.org/1999/xhtml"><p>This code system <code>http://jpfhir.jp/fhir/Examples/CodeSystem/JP_MedicationAdministrationDosageRateComment_CS</code> defines many codes, of which the following are a subset:</p><table class="codes"><tr><td style="white-space:nowrap"><b>Code</b></td><td><b>Display</b></td></tr><tr><td style="white-space:nowrap">01<a name="jp-medication-example-ratecomment-cs-01"> </a></td><td>１時間一定速度で</td></tr><tr><td style="white-space:nowrap">02<a name="jp-medication-example-ratecomment-cs-02"> </a></td><td>２時間一定速度で</td></tr><tr><td style="white-space:nowrap">03<a name="jp-medication-example-ratecomment-cs-03"> </a></td><td>３時間一定速度で</td></tr><tr><td style="white-space:nowrap">04<a name="jp-medication-example-ratecomment-cs-04"> </a></td><td>４時間一定速度で</td></tr><tr><td style="white-space:nowrap">05<a name="jp-medication-example-ratecomment-cs-05"> </a></td><td>５時間一定速度で</td></tr><tr><td style="white-space:nowrap">10<a name="jp-medication-example-ratecomment-cs-10"> </a></td><td>倍速で実施</td></tr></table></div>
  </text>
  <url value="http://jpfhir.jp/fhir/Examples/CodeSystem/JP_MedicationAdministrationDosageRateComment_CS"/>
  <version value="1.1.2rc"/>
  <name value="JP_MedicationExampleRateComment_CS"/>
  <title value="JP Core Medication Example RateComment CodeSystem"/>
  <status value="active"/>
  <experimental value="false"/>
  <date value="2022-10-24"/>
  <publisher value="FHIR Japanese implementation research working group in Japan Association of Medical Informatics (JAMI)"/>
  <contact>
    <name value="FHIR Japanese implementation research working group in Japan Association of Medical Informatics (JAMI)"/>
    <telecom>
      <system value="url"/>
      <value value="http://jpfhir.jp"/>
    </telecom>
    <telecom>
      <system value="email"/>
      <value value="office@hlfhir.jp"/>
    </telecom>
  </contact>
  <description value="注射投与速度コメントのコードシステム例"/>
  <jurisdiction>
    <coding>
      <system value="urn:iso:std:iso:3166"/>
      <code value="JPN"/>
    </coding>
  </jurisdiction>
  <copyright value="Copyright FHIR Japanese implementation research working group in Japan Association of Medical Informatics (JAMI) 一般社団法人日本医療情報学会NeXEHRS課題研究会FHIR日本実装検討WG"/>
  <caseSensitive value="true"/>
  <content value="fragment"/>
  <concept>
    <code value="01"/>
    <display value="１時間一定速度で"/>
  </concept>
  <concept>
    <code value="02"/>
    <display value="２時間一定速度で"/>
  </concept>
  <concept>
    <code value="03"/>
    <display value="３時間一定速度で"/>
  </concept>
  <concept>
    <code value="04"/>
    <display value="４時間一定速度で"/>
  </concept>
  <concept>
    <code value="05"/>
    <display value="５時間一定速度で"/>
  </concept>
  <concept>
    <code value="10"/>
    <display value="倍速で実施"/>
  </concept>
</CodeSystem>