{
  "resourceType": "CodeSystem",
  "id": "jp-observation-bodymeasurement-category-cs",
  "text": {
    "status": "generated",
    "div": "<div xmlns=\"http://www.w3.org/1999/xhtml\"><p>This code system http://jpfhir.jp/fhir/Common/CodeSystem/JP_ObservationBodyMeasurementCategory_CS defines the following codes:</p><table class=\"codes\"><tr><td style=\"white-space:nowrap\"><b>Code</b></td><td><b>Display</b></td></tr><tr><td style=\"white-space:nowrap\">weight<a name=\"jp-observation-bodymeasurement-category-cs-weight\"> </a></td><td>体重</td></tr><tr><td style=\"white-space:nowrap\">height<a name=\"jp-observation-bodymeasurement-category-cs-height\"> </a></td><td>身長</td></tr><tr><td style=\"white-space:nowrap\">chest-circumference<a name=\"jp-observation-bodymeasurement-category-cs-chest-circumference\"> </a></td><td>胸囲</td></tr><tr><td style=\"white-space:nowrap\">abdominal-circumference<a name=\"jp-observation-bodymeasurement-category-cs-abdominal-circumference\"> </a></td><td>腹囲</td></tr><tr><td style=\"white-space:nowrap\">deglutition<a name=\"jp-observation-bodymeasurement-category-cs-deglutition\"> </a></td><td>嚥下</td></tr><tr><td style=\"white-space:nowrap\">body-fat-percentage<a name=\"jp-observation-bodymeasurement-category-cs-body-fat-percentage\"> </a></td><td>体脂肪率</td></tr><tr><td style=\"white-space:nowrap\">perimeter<a name=\"jp-observation-bodymeasurement-category-cs-perimeter\"> </a></td><td>周囲</td></tr><tr><td style=\"white-space:nowrap\">pregnancy-delivery<a name=\"jp-observation-bodymeasurement-category-cs-pregnancy-delivery\"> </a></td><td>妊娠・分娩</td></tr><tr><td style=\"white-space:nowrap\">assessment<a name=\"jp-observation-bodymeasurement-category-cs-assessment\"> </a></td><td>アセスメント</td></tr><tr><td style=\"white-space:nowrap\">perimeter-length<a name=\"jp-observation-bodymeasurement-category-cs-perimeter-length\"> </a></td><td>周囲長</td></tr><tr><td style=\"white-space:nowrap\">muscle-circumference<a name=\"jp-observation-bodymeasurement-category-cs-muscle-circumference\"> </a></td><td>筋囲</td></tr><tr><td style=\"white-space:nowrap\">muscle-area<a name=\"jp-observation-bodymeasurement-category-cs-muscle-area\"> </a></td><td>筋面積</td></tr><tr><td style=\"white-space:nowrap\">subcutaneous-fat-thickness<a name=\"jp-observation-bodymeasurement-category-cs-subcutaneous-fat-thickness\"> </a></td><td>皮下脂肪厚</td></tr><tr><td style=\"white-space:nowrap\">body-mass-index<a name=\"jp-observation-bodymeasurement-category-cs-body-mass-index\"> </a></td><td>肥満度</td></tr><tr><td style=\"white-space:nowrap\">rohrer-index<a name=\"jp-observation-bodymeasurement-category-cs-rohrer-index\"> </a></td><td>ローレル指数</td></tr><tr><td style=\"white-space:nowrap\">height-estimates<a name=\"jp-observation-bodymeasurement-category-cs-height-estimates\"> </a></td><td>身長推定値</td></tr><tr><td style=\"white-space:nowrap\">head-circumference<a name=\"jp-observation-bodymeasurement-category-cs-head-circumference\"> </a></td><td>頭囲</td></tr><tr><td style=\"white-space:nowrap\">grip-strength<a name=\"jp-observation-bodymeasurement-category-cs-grip-strength\"> </a></td><td>握力</td></tr></table></div>"
  },
  "url": "http://jpfhir.jp/fhir/Common/CodeSystem/JP_ObservationBodyMeasurementCategory_CS",
  "version": "1.1.0a",
  "name": "JP_ObservationBodyMeasurementCategory_CS",
  "title": "JP Core Observation BodyMeasurement Category CodeSystem",
  "status": "draft",
  "date": "2022-09-02T02:32:56+00:00",
  "publisher": "FHIR Japanese implementation research working group in Japan Association of Medical Informatics (JAMI)",
  "contact": [
    {
      "name": "FHIR Japanese implementation research working group in Japan Association of Medical Informatics (JAMI)",
      "telecom": [
        {
          "system": "url",
          "value": "http://jpfhir.jp"
        },
        {
          "system": "email",
          "value": "office@hlfhir.jp"
        }
      ]
    }
  ],
  "description": "Observation（身体計測）で使用する分類のコード",
  "jurisdiction": [
    {
      "coding": [
        {
          "system": "urn:iso:std:iso:3166",
          "code": "JP"
        }
      ]
    }
  ],
  "copyright": "FHIR Japanese implementation research working group in Japan Association of Medical Informatics (JAMI)",
  "caseSensitive": true,
  "valueSet": "http://jpfhir.jp/fhir/Common/ValueSet/JP_ObservationBodyMeasurementCategory_VS",
  "content": "complete",
  "count": 18,
  "concept": [
    {
      "code": "weight",
      "display": "体重"
    },
    {
      "code": "height",
      "display": "身長"
    },
    {
      "code": "chest-circumference",
      "display": "胸囲"
    },
    {
      "code": "abdominal-circumference",
      "display": "腹囲"
    },
    {
      "code": "deglutition",
      "display": "嚥下"
    },
    {
      "code": "body-fat-percentage",
      "display": "体脂肪率"
    },
    {
      "code": "perimeter",
      "display": "周囲"
    },
    {
      "code": "pregnancy-delivery",
      "display": "妊娠・分娩"
    },
    {
      "code": "assessment",
      "display": "アセスメント"
    },
    {
      "code": "perimeter-length",
      "display": "周囲長"
    },
    {
      "code": "muscle-circumference",
      "display": "筋囲"
    },
    {
      "code": "muscle-area",
      "display": "筋面積"
    },
    {
      "code": "subcutaneous-fat-thickness",
      "display": "皮下脂肪厚"
    },
    {
      "code": "body-mass-index",
      "display": "肥満度"
    },
    {
      "code": "rohrer-index",
      "display": "ローレル指数"
    },
    {
      "code": "height-estimates",
      "display": "身長推定値"
    },
    {
      "code": "head-circumference",
      "display": "頭囲"
    },
    {
      "code": "grip-strength",
      "display": "握力"
    }
  ]
}