"Id","Path","Slice Name","Alias(s)","Label","Min","Max","Must Support?","Is Modifier?","Is Summary?","Type(s)","Short","Definition","Comments","Requirements","Default Value","Meaning When Missing","Fixed Value","Pattern","Example","Minimum Value","Maximum Value","Maximum Length","Binding Strength","Binding Description","Binding Value Set","Code","Slicing Discriminator","Slicing Description","Slicing Ordered","Slicing Rules","Base Path","Base Min","Base Max","Condition(s)","Constraint(s)","Mapping: HL7 v2 Mapping","Mapping: RIM Mapping","Mapping: ServD"
"HumanName","HumanName","","","",0,*,"","","","","Name of a human - parts and usage　人の名前情報、その一部分と使い方","A human's name with the ability to identify parts and usage.

識別のための人の名前情報、","Names may be changed, or repudiated, or people may have different names in different contexts. Names may be divided into parts of different type that have variable significance depending on context, though the division into parts does not always matter. With personal names, the different parts might or might not be imbued with some implicit meaning; various cultures associate different importance with the name parts and the degree to which systems must care about name parts around the world varies widely.

名前が変更されたり、違っていると指摘されたり、コンテキストによって使われる名前が異なる場合がある。名前は、コンテキストに応じて重要性が異なるさまざまなタイプの部分に分割される場合があり、部分への分割は必ずしも重要ではない。個人名の場合、さまざまな部分に暗黙の意味が含まれている場合と含まれていない場合がある。さまざまな文化が名前の部分にさまざまな重要性を関連付けており、システムが世界中の名前の部分を気にする必要がある程度は大きく異なる。","","","","","","","","",,,,,"",,,,"HumanName",0,*,"ele-1
","ele-1:All FHIR elements must have a @value or children {hasValue() or (children().count() > id.count())}
","XPN","n/a","EN (actually, PN)","ProviderName"
"HumanName.id","HumanName.id","","","",0,1,"","","","string {[]} {[]}
","Unique id for inter-element referencing","Unique id for the element within a resource (for internal references). This may be any string value that does not contain spaces.","","","","","","","","","",,,,,"",,,,"Element.id",0,1,"","","n/a"
"HumanName.extension","HumanName.extension","","","",1,*,"","","","Extension {[]} {[]}
","Extension","An Extension","","","","","","","","","",,,,,"","value:url}
","Extensions are always sliced by (at least) url",,"open","Element.extension",0,*,"","ele-1:All FHIR elements must have a @value or children {hasValue() or (children().count() > id.count())}
ext-1:Must have either extensions or value[x], not both {extension.exists() != value.exists()}"
"HumanName.extension:nameRepresentationUse","HumanName.extension","nameRepresentationUse","","",1,*,"","","","Extension {[CanonicalType[http://hl7.org/fhir/StructureDefinition/iso21090-EN-representation]]} {[]}
","ABC | IDE | SYL","Name Representation.

名前の表現方法","The transcription of the name - how it is represented (for e.g. Japanese names).

名前の文字起こし-表現方法（日本の名前など）。","","","","","","","","",,,,,"",,,,"Element.extension",0,*,"","ele-1:All FHIR elements must have a @value or children {hasValue() or (children().count() > id.count())}
ext-1:Must have either extensions or value[x], not both {extension.exists() != value.exists()}","ENXP.use"
"HumanName.extension:nameRepresentationUse/kanji","HumanName.extension","nameRepresentationUse/kanji","","",0,1,"","","","Extension {[]} {[]}
","Extension","漢字氏名","","","","","","","","","",,,,,"",,,,"Element.extension",0,*,"","ele-1:All FHIR elements must have a @value or children {hasValue() or (children().count() > id.count())}
ext-1:Must have either extensions or value[x], not both {extension.exists() != value.exists()}"
"HumanName.extension:nameRepresentationUse/kanji.id","HumanName.extension.id","","","",0,1,"","","","string {[]} {[]}
","Unique id for inter-element referencing","Unique id for the element within a resource (for internal references). This may be any string value that does not contain spaces.","","","","","","","","","",,,,,"",,,,"Element.id",0,1,"","","n/a"
"HumanName.extension:nameRepresentationUse/kanji.extension","HumanName.extension.extension","","extensions
user content","",0,*,"","","","Extension {[]} {[]}
","Additional content defined by implementations","May be used to represent additional information that is not part of the basic definition of the element. To make the use of extensions safe and manageable, there is a strict set of governance  applied to the definition and use of extensions. Though any implementer can define an extension, there is a set of requirements that SHALL be met as part of the definition of the extension.","There can be no stigma associated with the use of extensions by any application, project, or standard - regardless of the institution or jurisdiction that uses or defines the extensions.  The use of extensions is what allows the FHIR specification to retain a core level of simplicity for everyone.","","","","","","","","",,,,,"","value:url}
","Extensions are always sliced by (at least) url",,"open","Element.extension",0,*,"","ele-1:All FHIR elements must have a @value or children {hasValue() or (children().count() > id.count())}
ext-1:Must have either extensions or value[x], not both {extension.exists() != value.exists()}","n/a"
"HumanName.extension:nameRepresentationUse/kanji.url","HumanName.extension.url","","","",1,1,"","","","uri {[]} {[]}
","identifies the meaning of the extension","Source of the definition for the extension code - a logical name or a URL.","The definition may point directly to a computable or human-readable definition of the extensibility codes, or it may be a logical URI as declared in some other specification. The definition SHALL be a URI for the Structure Definition defining the extension.","","","","","","","","",,,,,"",,,,"Extension.url",1,1,"","","N/A"
"HumanName.extension:nameRepresentationUse/kanji.value[x]","HumanName.extension.value[x]","","","",1,1,"","","","code {[]} {[]}
","Value of extension","Value of extension - must be one of a constrained set of the data types (see [Extensibility](http://hl7.org/fhir/R4/extensibility.html) for a list).","","","","","","","","","",,,,,"","type:$this}
","",,"closed","Extension.value[x]",0,1,"","ele-1:All FHIR elements must have a @value or children {hasValue() or (children().count() > id.count())}
","N/A"
"HumanName.extension:nameRepresentationUse/kanji.value[x]:valueCode","HumanName.extension.value[x]","valueCode","","",1,1,"","","","code {[]} {[]}
","Value of extension","Value of extension - must be one of a constrained set of the data types (see [Extensibility](http://hl7.org/fhir/R4/extensibility.html) for a list).","","","","","<valueCode xmlns=""http://hl7.org/fhir"" value=""IDE""/>","","","","",,,,,"",,,,"Extension.value[x]",0,1,"","ele-1:All FHIR elements must have a @value or children {hasValue() or (children().count() > id.count())}
","N/A"
"HumanName.extension:nameRepresentationUse/kana","HumanName.extension","nameRepresentationUse/kana","","",0,1,"","","","Extension {[]} {[]}
","Extension","カナ氏名","","","","","","","","","",,,,,"",,,,"Element.extension",0,*,"","ele-1:All FHIR elements must have a @value or children {hasValue() or (children().count() > id.count())}
ext-1:Must have either extensions or value[x], not both {extension.exists() != value.exists()}"
"HumanName.extension:nameRepresentationUse/kana.id","HumanName.extension.id","","","",0,1,"","","","string {[]} {[]}
","Unique id for inter-element referencing","Unique id for the element within a resource (for internal references). This may be any string value that does not contain spaces.","","","","","","","","","",,,,,"",,,,"Element.id",0,1,"","","n/a"
"HumanName.extension:nameRepresentationUse/kana.extension","HumanName.extension.extension","","extensions
user content","",0,*,"","","","Extension {[]} {[]}
","Additional content defined by implementations","May be used to represent additional information that is not part of the basic definition of the element. To make the use of extensions safe and manageable, there is a strict set of governance  applied to the definition and use of extensions. Though any implementer can define an extension, there is a set of requirements that SHALL be met as part of the definition of the extension.","There can be no stigma associated with the use of extensions by any application, project, or standard - regardless of the institution or jurisdiction that uses or defines the extensions.  The use of extensions is what allows the FHIR specification to retain a core level of simplicity for everyone.","","","","","","","","",,,,,"","value:url}
","Extensions are always sliced by (at least) url",,"open","Element.extension",0,*,"","ele-1:All FHIR elements must have a @value or children {hasValue() or (children().count() > id.count())}
ext-1:Must have either extensions or value[x], not both {extension.exists() != value.exists()}","n/a"
"HumanName.extension:nameRepresentationUse/kana.url","HumanName.extension.url","","","",1,1,"","","","uri {[]} {[]}
","identifies the meaning of the extension","Source of the definition for the extension code - a logical name or a URL.","The definition may point directly to a computable or human-readable definition of the extensibility codes, or it may be a logical URI as declared in some other specification. The definition SHALL be a URI for the Structure Definition defining the extension.","","","","","","","","",,,,,"",,,,"Extension.url",1,1,"","","N/A"
"HumanName.extension:nameRepresentationUse/kana.value[x]","HumanName.extension.value[x]","","","",1,1,"","","","code {[]} {[]}
","Value of extension","Value of extension - must be one of a constrained set of the data types (see [Extensibility](http://hl7.org/fhir/R4/extensibility.html) for a list).","","","","","","","","","",,,,,"","type:$this}
","",,"closed","Extension.value[x]",0,1,"","ele-1:All FHIR elements must have a @value or children {hasValue() or (children().count() > id.count())}
","N/A"
"HumanName.extension:nameRepresentationUse/kana.value[x]:valueCode","HumanName.extension.value[x]","valueCode","","",1,1,"","","","code {[]} {[]}
","Value of extension","Value of extension - must be one of a constrained set of the data types (see [Extensibility](http://hl7.org/fhir/R4/extensibility.html) for a list).","","","","","<valueCode xmlns=""http://hl7.org/fhir"" value=""SYL""/>","","","","",,,,,"",,,,"Extension.value[x]",0,1,"","ele-1:All FHIR elements must have a @value or children {hasValue() or (children().count() > id.count())}
","N/A"
"HumanName.extension:nameRepresentationUse/alphabet","HumanName.extension","nameRepresentationUse/alphabet","","",0,1,"","","","Extension {[]} {[]}
","Extension","英字氏名","","","","","","","","","",,,,,"",,,,"Element.extension",0,*,"","ele-1:All FHIR elements must have a @value or children {hasValue() or (children().count() > id.count())}
ext-1:Must have either extensions or value[x], not both {extension.exists() != value.exists()}"
"HumanName.extension:nameRepresentationUse/alphabet.id","HumanName.extension.id","","","",0,1,"","","","string {[]} {[]}
","Unique id for inter-element referencing","Unique id for the element within a resource (for internal references). This may be any string value that does not contain spaces.","","","","","","","","","",,,,,"",,,,"Element.id",0,1,"","","n/a"
"HumanName.extension:nameRepresentationUse/alphabet.extension","HumanName.extension.extension","","extensions
user content","",0,*,"","","","Extension {[]} {[]}
","Additional content defined by implementations","May be used to represent additional information that is not part of the basic definition of the element. To make the use of extensions safe and manageable, there is a strict set of governance  applied to the definition and use of extensions. Though any implementer can define an extension, there is a set of requirements that SHALL be met as part of the definition of the extension.","There can be no stigma associated with the use of extensions by any application, project, or standard - regardless of the institution or jurisdiction that uses or defines the extensions.  The use of extensions is what allows the FHIR specification to retain a core level of simplicity for everyone.","","","","","","","","",,,,,"","value:url}
","Extensions are always sliced by (at least) url",,"open","Element.extension",0,*,"","ele-1:All FHIR elements must have a @value or children {hasValue() or (children().count() > id.count())}
ext-1:Must have either extensions or value[x], not both {extension.exists() != value.exists()}","n/a"
"HumanName.extension:nameRepresentationUse/alphabet.url","HumanName.extension.url","","","",1,1,"","","","uri {[]} {[]}
","identifies the meaning of the extension","Source of the definition for the extension code - a logical name or a URL.","The definition may point directly to a computable or human-readable definition of the extensibility codes, or it may be a logical URI as declared in some other specification. The definition SHALL be a URI for the Structure Definition defining the extension.","","","","","","","","",,,,,"",,,,"Extension.url",1,1,"","","N/A"
"HumanName.extension:nameRepresentationUse/alphabet.value[x]","HumanName.extension.value[x]","","","",1,1,"","","","code {[]} {[]}
","Value of extension","Value of extension - must be one of a constrained set of the data types (see [Extensibility](http://hl7.org/fhir/R4/extensibility.html) for a list).","","","","","","","","","",,,,,"","type:$this}
","",,"closed","Extension.value[x]",0,1,"","ele-1:All FHIR elements must have a @value or children {hasValue() or (children().count() > id.count())}
","N/A"
"HumanName.extension:nameRepresentationUse/alphabet.value[x]:valueCode","HumanName.extension.value[x]","valueCode","","",1,1,"","","","code {[]} {[]}
","Value of extension","Value of extension - must be one of a constrained set of the data types (see [Extensibility](http://hl7.org/fhir/R4/extensibility.html) for a list).","","","","","<valueCode xmlns=""http://hl7.org/fhir"" value=""ABC""/>","","","","",,,,,"",,,,"Extension.value[x]",0,1,"","ele-1:All FHIR elements must have a @value or children {hasValue() or (children().count() > id.count())}
","N/A"
"HumanName.use","HumanName.use","","","",0,1,"","Y","Y","code {[]} {[]}
","usual | official | temp | nickname | anonymous | old | maiden","Identifies the purpose for this name.

この名前の使用目的","Applications can assume that a name is current unless it explicitly says that it is temporary or old.

アプリケーションは、名前が明示的に一時的な名前（temp ）あるいは以前の名前だ（old ）と設定されていない場合には、現時点での名前だとみなしてよい。","Allows the appropriate name for a particular context of use to be selected from among a set of names.

一連の名前の中から、特定の使用状況に適した名前を選択できるようになる。","","","","","","","",,"required","The use of a human name.","http://hl7.org/fhir/ValueSet/name-use|4.0.1","",,,,"HumanName.use",0,1,"","ele-1:All FHIR elements must have a @value or children {hasValue() or (children().count() > id.count())}
","XPN.7, but often indicated by which field contains the name","unique(./use)","./NamePurpose"
"HumanName.text","HumanName.text","","","",0,1,"","","Y","string {[]} {[]}
","Text representation of the full name　名前全体のテキスト表現","Specifies the entire name as it should be displayed e.g. on an application UI. This may be provided instead of or as well as the specific parts.

アプリケーションUIなどで、表示する名前全体を指定する。名前の特定の部分の代わり、または特定の部分と同じとして使われることがある。","Can provide both a text representation and parts. Applications updating a name SHALL ensure that when both text and parts are present,  no content is included in the text that isn't found in a part.

テキスト要素の表現とその部分構成要素の両方を提供できる。名前を更新するアプリケーションは、テキストと部分構成要素の両方が存在する場合、部分構成要素にないコンテンツがテキスト要素に含まれないようにする必要がある。","A renderable, unencoded form.","","","","","","","",,,,,"",,,,"HumanName.text",0,1,"","ele-1:All FHIR elements must have a @value or children {hasValue() or (children().count() > id.count())}
","implied by XPN.11","./formatted"
"HumanName.family","HumanName.family","","surname
","",0,1,"","","Y","string {[]} {[]}
","Family name (often called 'Surname')　名前のうち姓の部分。ファミリ名","The part of a name that links to the genealogy. In some cultures (e.g. Eritrea) the family name of a son is the first name of his father.

家系図にリンクする名前の部分。一部の文化では、息子の家系の名前は父親の名である。","Family Name may be decomposed into specific parts using extensions (de, nl, es related cultures).

ファミリ名は、拡張子（de、nl、es関連のカルチャ）を使用して特定の部分に分解できる。","","","","","","","","",,,,,"",,,,"HumanName.family",0,1,"","ele-1:All FHIR elements must have a @value or children {hasValue() or (children().count() > id.count())}
","XPN.1/FN.1","./part[partType = FAM]","./FamilyName"
"HumanName.given","HumanName.given","","first name
middle name","",0,*,"","","Y","string {[]} {[]}
","Given names (not always 'first'). Includes middle names　名前の名の部分で、ミドルネームを含む。","Given name.

名前の名の部分。","If only initials are recorded, they may be used in place of the full name parts. Initials may be separated into multiple given names but often aren't due to paractical limitations.  This element is not called ""first name"" since given names do not always come first.

イニシャルのみが記録されている場合は、フルネームの部分の代わりに使用できる。イニシャルは複数の名前に分けることができるが、多くの場合、実用的な制限のためではない。名が常に最初に来るとは限らないため、この要素は「first name」とは呼ばない。","","","","","","","","",,,,,"",,,,"HumanName.given",0,*,"","ele-1:All FHIR elements must have a @value or children {hasValue() or (children().count() > id.count())}
","XPN.2 + XPN.3","./part[partType = GIV]","./GivenNames"
"HumanName.prefix","HumanName.prefix","","","",0,*,"","","Y","string {[]} {[]}
","Parts that come before the name　名前の名の前に来る部分","Part of the name that is acquired as a title due to academic, legal, employment or nobility status, etc. and that appears at the start of the name.

学問的、法的な、雇用または貴族の地位などのために称号として取得され、名前の先頭に表示される名前の一部。","Note that FHIR strings SHALL NOT exceed 1MB in size

FHIR文字列のサイズは1MBを超えてはならないことに注意。","","","","","","","","",,,,,"",,,,"HumanName.prefix",0,*,"","ele-1:All FHIR elements must have a @value or children {hasValue() or (children().count() > id.count())}
","XPN.5","./part[partType = PFX]","./TitleCode"
"HumanName.suffix","HumanName.suffix","","","",0,*,"","","Y","string {[]} {[]}
","Parts that come after the name　名前の名のあとに続く部分","Part of the name that is acquired as a title due to academic, legal, employment or nobility status, etc. and that appears at the end of the name.

学問的、法的な、雇用または貴族の地位などのために称号として取得され、名前の最後に表示される名前の一部。","Note that FHIR strings SHALL NOT exceed 1MB in size

FHIR文字列のサイズは1MBを超えてはならないことに注意。","","","","","","","","",,,,,"",,,,"HumanName.suffix",0,*,"","ele-1:All FHIR elements must have a @value or children {hasValue() or (children().count() > id.count())}
","XPN/4","./part[partType = SFX]"
"HumanName.period","HumanName.period","","","",0,1,"","","Y","Period {[]} {[]}
","Time period when name was/is in use　名前が使われる期間","Indicates the period of time when this name was valid for the named person.

この名前が指名された人に対して有効であった期間。","A Period specifies a range of time; the context of use will specify whether the entire range applies (e.g. ""the patient was an inpatient of the hospital for this time range"") or one value from the range applies (e.g. ""give to the patient between these two times"").

Period is not used for a duration (a measure of elapsed time). See [Duration](datatypes.html#Duration).

Period（期間）は時間の範囲を指定します。使用状況は、範囲全体が適用されるか（たとえば、「患者はこの時間範囲で入院していた」）、範囲から1つの値が適用されるか（たとえば、「この2回の間に患者に投与する」）を指定する。
Period（期間）は、Duration（時間区間＝経過時間の測定値）には使用されない。 [Duration]（datatypes.html＃Duration）を参照のこと。","Allows names to be placed in historical context.","","","","","","","",,,,,"",,,,"HumanName.period",0,1,"","ele-1:All FHIR elements must have a @value or children {hasValue() or (children().count() > id.count())}
","XPN.13 + XPN.14","./usablePeriod[type=""IVL<TS>""]","./StartDate and ./EndDate"
