{
  "resourceType": "MedicationRequest",
  "id": "jp-medicationrequest-example-2",
  "meta": {
    "profile": [
      "http://jpfhir.jp/fhir/core/StructureDefinition/JP_MedicationRequest"
    ]
  },
  "text": {
    "status": "generated",
    "div": "<div xmlns=\"http://www.w3.org/1999/xhtml\"><p><b>Generated Narrative: MedicationRequest</b></p><div style=\"display: inline-block; background-color: #d9e0e7; padding: 6px; margin: 4px; border: 1px solid #8da1b4; border-radius: 5px; line-height: 60%\"><p style=\"margin-bottom: 0px\">Resource MedicationRequest \"jp-medicationrequest-example-2\" </p><p style=\"margin-bottom: 0px\">Profile: <a href=\"StructureDefinition-jp-medicationrequest.html\">JP Core MedicationRequest Profile</a></p></div><p><b>identifier</b>: id: 2, id: 2, id: 1234567890.1.2</p><p><b>status</b>: active</p><p><b>intent</b>: order</p><p><b>medication</b>: パンスポリンＴ錠１００ １００ｍｇ <span style=\"background: LightGoldenRodYellow; margin: 4px; border: 1px solid khaki\"> (unknown#110626901)</span></p><p><b>subject</b>: <a href=\"Patient-jp-patient-example-1.html\">Patient/jp-patient-example-1</a> \" 山田\"</p><p><b>authoredOn</b>: 2020-04-01 12:28:17+0900</p><blockquote><p><b>dispenseRequest</b></p><p><b>quantity</b>: 18 錠<span style=\"background: LightGoldenRodYellow\"> (Details: urn:oid:1.2.392.100495.20.2.101 code TAB = '錠')</span></p></blockquote></div>"
  },
  "identifier": [
    {
      "system": "urn:oid:1.2.392.100495.20.3.81",
      "value": "2"
    },
    {
      "system": "urn:oid:1.2.392.100495.20.3.82",
      "value": "2"
    },
    {
      "system": "http://jpfhir.jp/fhir/Common/IdSystem/resourceInstance-identifier",
      "value": "1234567890.1.2"
    }
  ],
  "status": "active",
  "intent": "order",
  "medicationCodeableConcept": {
    "coding": [
      {
        "system": "urn:oid:1.2.392.200119.4.403.1",
        "code": "110626901",
        "display": "パンスポリンＴ錠１００ １００ｍｇ"
      }
    ]
  },
  "subject": {
    "reference": "Patient/jp-patient-example-1"
  },
  "authoredOn": "2020-04-01T12:28:17+09:00",
  "dosageInstruction": [
    {
      "extension": [
        {
          "url": "http://jpfhir.jp/fhir/core/Extension/StructureDefinition/JP_MedicationRequest_DosageInstruction_PeriodOfUse",
          "valuePeriod": {
            "start": "2020-04-01"
          }
        },
        {
          "url": "http://jpfhir.jp/fhir/core/Extension/StructureDefinition/JP_MedicationRequest_DosageInstruction_UsageDuration",
          "valueDuration": {
            "value": 3,
            "unit": "日",
            "system": "http://unitsofmeasure.org",
            "code": "d"
          }
        }
      ],
      "text": "内服・経口・１日３回朝昼夕食後",
      "timing": {
        "code": {
          "coding": [
            {
              "system": "urn:oid:1.2.392.200250.2.2.20.20",
              "code": "1013044400000000",
              "display": "内服・経口・１日３回朝昼夕食後"
            }
          ]
        }
      },
      "route": {
        "coding": [
          {
            "system": "http://jpfhir.jp/fhir/Common/CodeSystem/route-codes",
            "code": "PO",
            "display": "口"
          }
        ]
      },
      "method": {
        "coding": [
          {
            "system": "urn:oid:1.2.392.200250.2.2.20.40",
            "code": "10",
            "display": "経口"
          }
        ]
      },
      "doseAndRate": [
        {
          "type": {
            "coding": [
              {
                "system": "urn:oid:1.2.392.100495.20.2.22",
                "code": "1",
                "display": "製剤量"
              }
            ]
          },
          "doseQuantity": {
            "value": 2,
            "unit": "錠",
            "system": "urn:oid:1.2.392.100495.20.2.101",
            "code": "TAB"
          },
          "rateRatio": {
            "numerator": {
              "value": 6,
              "unit": "錠",
              "system": "urn:oid:1.2.392.100495.20.2.101",
              "code": "TAB"
            },
            "denominator": {
              "value": 1,
              "unit": "日",
              "system": "http://unitsofmeasure.org",
              "code": "d"
            }
          }
        }
      ]
    }
  ],
  "dispenseRequest": {
    "quantity": {
      "value": 18,
      "unit": "錠",
      "system": "urn:oid:1.2.392.100495.20.2.101",
      "code": "TAB"
    },
    "expectedSupplyDuration": {
      "value": 3,
      "unit": "日",
      "system": "http://unitsofmeasure.org",
      "code": "d"
    }
  }
}