{"resourceType":"CodeSystem","id":"jp-undefined-cs","url":"http://jpfhir.jp/fhir/core/CodeSystem/JP_Undefined_CS","version":"1.2.0-dev","name":"JP_Undefined_CS","title":"JP Core Undefined CodeSystem","status":"active","experimental":false,"date":"2023-10-31","publisher":"FHIR Japanese implementation research working group in Japan Association of Medical Informatics (JAMI)","contact":[{"name":"FHIR Japanese implementation research working group in Japan Association of Medical Informatics (JAMI)","telecom":[{"system":"url","value":"http://jpfhir.jp"},{"system":"email","value":"office@hlfhir.jp"}]}],"description":"未定義のコードシステム。使用する予定のコードシステムが利用できない場合や方針未決定の場合等に割り振る特別なリソースである。","jurisdiction":[{"coding":[{"system":"http://unstats.un.org/unsd/methods/m49/m49.htm","code":"392","display":"JPN"}]}],"copyright":"Copyright FHIR Japanese implementation research working group in Japan Association of Medical Informatics (JAMI) 一般社団法人日本医療情報学会NeXEHRS課題研究会FHIR日本実装検討WG","caseSensitive":true,"content":"complete"}