{"resourceType":"SearchParameter","id":"jp-organization-prefectureno-sp","text":{"status":"generated","div":"<div xmlns=\"http://www.w3.org/1999/xhtml\"><p class=\"res-header-id\"><b>Generated Narrative: SearchParameter jp-organization-prefectureno-sp</b></p><a name=\"jp-organization-prefectureno-sp\"> </a><a name=\"hcjp-organization-prefectureno-sp\"> </a><a name=\"hcjp-organization-prefectureno-sp-ja\"> </a><h2>JP_Organization_PrefectureNo_SP</h2><p>Parameter <code>jp-prefectureno</code>:<code>token</code></p><div><p>OrganizationリソースのPrefectureNo(都道府県番号)に関する検索を定義する。</p>\n</div><table class=\"grid\"><tr><td>Resource</td><td><a href=\"http://hl7.org/fhir/R4/organization.html\">Organization</a></td></tr><tr><td>Expression</td><td><code>Organization.extension.where(url='http://jpfhir.jp/fhir/core/Extension/StructureDefinition/JP_Organization_PrefectureNo').value.as(code)</code></td></tr><tr><td>Processing Mode</td><td>Normal</td></tr><tr><td>Multiples</td><td><ul><li>multipleAnd: The parameter may repeat in order to specify multiple values that must all be true</li><li>multipleOr: The parameter may have multiple values (separated by comma) where at least one must be true</li></ul></td></tr></table></div>"},"url":"http://jpfhir.jp/fhir/core/SearchParameter/JP_Organization_PrefectureNo_SP","version":"1.2.0-dev","name":"JP_Organization_PrefectureNo_SP","status":"active","date":"2023-10-31","publisher":"FHIR Japanese implementation research working group in Japan Association of Medical Informatics (JAMI)","contact":[{"name":"FHIR Japanese implementation research working group in Japan Association of Medical Informatics (JAMI)","telecom":[{"system":"url","value":"http://jpfhir.jp"},{"system":"email","value":"office@hlfhir.jp"}]}],"description":"OrganizationリソースのPrefectureNo(都道府県番号)に関する検索を定義する。","jurisdiction":[{"coding":[{"system":"urn:iso:std:iso:3166","code":"JPN","display":"Japan"}]}],"code":"jp-prefectureno","base":["Organization"],"type":"token","expression":"Organization.extension.where(url='http://jpfhir.jp/fhir/core/Extension/StructureDefinition/JP_Organization_PrefectureNo').value.as(code)","xpathUsage":"normal","multipleOr":true,"_multipleOr":{"extension":[{"url":"http://hl7.org/fhir/StructureDefinition/capabilitystatement-expectation","valueCode":"MAY"}]},"multipleAnd":true,"_multipleAnd":{"extension":[{"url":"http://hl7.org/fhir/StructureDefinition/capabilitystatement-expectation","valueCode":"MAY"}]}}