{"resourceType":"ValueSet","id":"jp-simpleobservationcategory-vs","text":{"status":"generated","div":"<div xmlns=\"http://www.w3.org/1999/xhtml\"><p class=\"res-header-id\"><b>Generated Narrative: ValueSet jp-simpleobservationcategory-vs</b></p><a name=\"jp-simpleobservationcategory-vs\"> </a><a name=\"hcjp-simpleobservationcategory-vs\"> </a><a name=\"hcjp-simpleobservationcategory-vs-ja\"> </a><ul><li>Include all codes defined in <a href=\"CodeSystem-jp-simpleobservationcategory-cs.html\"><code>http://jpfhir.jp/fhir/core/CodeSystem/JP_SimpleObservationCategory_CS</code></a></li></ul></div>"},"url":"http://jpfhir.jp/fhir/core/ValueSet/JP_SimpleObservationCategory_VS","version":"1.2.0-dev","name":"JP_SimpleObservationCategory_VS","title":"JP Core Simple Observation Category ValueSet","status":"active","experimental":false,"date":"2023-10-31","publisher":"FHIR Japanese implementation research working group in Japan Association of Medical Informatics (JAMI)","contact":[{"name":"FHIR Japanese implementation research working group in Japan Association of Medical Informatics (JAMI)","telecom":[{"system":"url","value":"http://jpfhir.jp"},{"system":"email","value":"office@hlfhir.jp"}]}],"description":"JP Coreにて定義したObservationリソースに関する分類の値セット","jurisdiction":[{"coding":[{"system":"http://unstats.un.org/unsd/methods/m49/m49.htm","code":"392","display":"JPN"}]}],"copyright":"Copyright FHIR Japanese implementation research working group in Japan Association of Medical Informatics (JAMI) 一般社団法人日本医療情報学会NeXEHRS課題研究会FHIR日本実装検討WG","compose":{"include":[{"system":"http://jpfhir.jp/fhir/core/CodeSystem/JP_SimpleObservationCategory_CS"}]}}