{"resourceType":"ValueSet","id":"jp-observation-bodymeasurement-category-vs","text":{"status":"generated","div":"<div xmlns=\"http://www.w3.org/1999/xhtml\"><p class=\"res-header-id\"><b>Generated Narrative: ValueSet jp-observation-bodymeasurement-category-vs</b></p><a name=\"jp-observation-bodymeasurement-category-vs\"> </a><a name=\"hcjp-observation-bodymeasurement-category-vs\"> </a><a name=\"hcjp-observation-bodymeasurement-category-vs-ja\"> </a><ul><li>Include all codes defined in <a href=\"CodeSystem-jp-observation-bodymeasurement-category-cs.html\"><code>http://jpfhir.jp/fhir/core/CodeSystem/JP_ObservationBodyMeasurementCategory_CS</code></a></li></ul></div>"},"url":"http://jpfhir.jp/fhir/core/ValueSet/JP_ObservationBodyMeasurementCategory_VS","version":"1.2.0-dev","name":"JP_ObservationBodyMeasurementCategory_VS","title":"JP Core Observation BodyMeasurement Category ValueSet","status":"active","experimental":false,"date":"2023-10-31","publisher":"FHIR Japanese implementation research working group in Japan Association of Medical Informatics (JAMI)","contact":[{"name":"FHIR Japanese implementation research working group in Japan Association of Medical Informatics (JAMI)","telecom":[{"system":"url","value":"http://jpfhir.jp"},{"system":"email","value":"office@hlfhir.jp"}]}],"description":"Observation（身体計測）カテゴリで使用する分類の値セット","jurisdiction":[{"coding":[{"system":"http://unstats.un.org/unsd/methods/m49/m49.htm","code":"392","display":"JPN"}]}],"copyright":"Copyright MEDIS-DC 医療情報システム開発センター","compose":{"include":[{"system":"http://jpfhir.jp/fhir/core/CodeSystem/JP_ObservationBodyMeasurementCategory_CS"}]}}