"Id","Path","Slice Name","Alias(s)","Label","Min","Max","Must Support?","Is Modifier?","Is Summary?","Type(s)","Short","Definition","Comments","Requirements","Default Value","Meaning When Missing","Fixed Value","Pattern","Example","Minimum Value","Maximum Value","Maximum Length","Binding Strength","Binding Description","Binding Value Set","Code","Slicing Discriminator","Slicing Description","Slicing Ordered","Slicing Rules","Base Path","Base Min","Base Max","Condition(s)","Constraint(s)","Mapping: Workflow Pattern","Mapping: HL7 v2 Mapping","Mapping: RIM Mapping","Mapping: FiveWs Pattern Mapping"
"DiagnosticReport","DiagnosticReport","","Report
TestResultResultsLabsLaboratory","",0,*,"","","","null {[]} {[]}
","病理にて作成された診断レポート。","病理にて作成された診断レポート。","これは単一のレポートをキャプチャすることを目的としており、複数のレポートをカバーする概要情報の表示に使用するのに適していません。たとえば、このリソースは、実験室の累積レポート形式や、シーケンスのための詳細な構造化されたレポート向けに設計されていません。 / This is intended to capture a single report and is not suitable for use in displaying summary information that covers multiple reports.  For example, this resource has not been designed for laboratory cumulative reporting formats nor detailed structured reports for sequencing.","","","","","","","","",,,,,"",,,,"DiagnosticReport",0,*,"","dom-2:リソースが別のリソースに含まれている場合、ネストされたリソースを含めてはなりません / If the resource is contained in another resource, it SHALL NOT contain nested Resources {contained.contained.empty()}
dom-3:リソースが別のリソースに含まれている場合、それはリソースの他の場所から参照されるか、含有リソースを参照するものとします / If the resource is contained in another resource, it SHALL be referred to from elsewhere in the resource or SHALL refer to the containing resource {contained.where((('#'+id in (%resource.descendants().reference | %resource.descendants().as(canonical) | %resource.descendants().as(uri) | %resource.descendants().as(url))) or descendants().where(reference = '#').exists() or descendants().where(as(canonical) = '#').exists() or descendants().where(as(canonical) = '#').exists()).not()).trace('unmatched', id).empty()}dom-4:リソースが別のリソースに含まれている場合、meta.versionidもmeta.lastupdatedも持ってはならない。 / If a resource is contained in another resource, it SHALL NOT have a meta.versionId or a meta.lastUpdated {contained.meta.versionId.empty() and contained.meta.lastUpdated.empty()}dom-5:別のリソースにリソースが含まれている場合、セキュリティラベルはありません / If a resource is contained in another resource, it SHALL NOT have a security label {contained.meta.security.empty()}dom-6:リソースには、堅牢な管理のための叙述(Narative)が存在することが望ましい / A resource should have narrative for robust management {text.`div`.exists()}","Event","ORU -> OBR","Entity. Role, or Act","Observation[classCode=OBS, moodCode=EVN]"
"DiagnosticReport.id","DiagnosticReport.id","","","",0,1,"","","Y","id {[]} {[]}
","このアーティファクトの論理ID / Logical id of this artifact","リソースのURLで使用されるリソースの論理ID。割り当てられたら、この値は変更されません。 / The logical id of the resource, as used in the URL for the resource. Once assigned, this value never changes.","リソースにIDがないのは、IDが作成操作を使用してサーバーに送信されている場合です。 / The only time that a resource does not have an id is when it is being submitted to the server using a create operation.","","","","","","","","",,,,,"",,,,"Resource.id",0,1,"",""
"DiagnosticReport.meta","DiagnosticReport.meta","","","",0,1,"","","Y","Meta {[]} {[]}
","リソースに関するMetadata / Metadata about the resource","リソースに関するMetadata。これは、インフラストラクチャによって維持されるコンテンツです。コンテンツの変更は、常にリソースのバージョンの変更に関連付けられているとは限りません。 / The metadata about the resource. This is content that is maintained by the infrastructure. Changes to the content might not always be associated with version changes to the resource.","","","","","","","","","",,,,,"",,,,"Resource.meta",0,1,"","ele-1:すべてのFHIR要素には、@valueまたは子要素が必要です / All FHIR elements must have a @value or children {hasValue() or (children().count() > id.count())}
"
"DiagnosticReport.implicitRules","DiagnosticReport.implicitRules","","","",0,1,"","Y","Y","uri {[]} {[]}
","このコンテンツが作成されたルールのセット / A set of rules under which this content was created","リソースが構築されたときに従った一連のルールへの参照。コンテンツの処理時に理解する必要があります。多くの場合、これは他のプロファイルなどとともに特別なルールを定義する実装ガイドへの参照です。 / A reference to a set of rules that were followed when the resource was constructed, and which must be understood when processing the content. Often, this is a reference to an implementation guide that defines the special rules along with other profiles etc.","このルールセットを主張することは、コンテンツが限られた取引パートナーのセットによってのみ理解されることを制限します。これにより、本質的に長期的にデータの有用性が制限されます。ただし、既存の健康エコシステムは非常に破壊されており、一般的に計算可能な意味でデータを定義、収集、交換する準備ができていません。可能な限り、実装者や仕様ライターはこの要素の使用を避ける必要があります。多くの場合、使用する場合、URLは、これらの特別なルールを他のプロファイル、バリューセットなどとともに叙述(Narative)の一部として定義する実装ガイドへの参照です。 / Asserting this rule set restricts the content to be only understood by a limited set of trading partners. This inherently limits the usefulness of the data in the long term. However, the existing health eco-system is highly fractured, and not yet ready to define, collect, and exchange data in a generally computable sense. Wherever possible, implementers and/or specification writers should avoid using this element. Often, when used, the URL is a reference to an implementation guide that defines these special rules as part of it's narrative along with other profiles, value sets, etc.","","","","","","","","",,,,,"",,,,"Resource.implicitRules",0,1,"","ele-1:すべてのFHIR要素には、@valueまたは子要素が必要です / All FHIR elements must have a @value or children {hasValue() or (children().count() > id.count())}
"
"DiagnosticReport.language","DiagnosticReport.language","","","",0,1,"","","","code {[]} {[]}
","リソースコンテンツの言語 / Language of the resource content","リソースが書かれている基本言語。 / The base language in which the resource is written.","言語は、インデックス作成とアクセシビリティをサポートするために提供されます（通常、テキストから音声までのサービスなどのサービスが言語タグを使用します）。叙述(Narative)のHTML言語タグは、叙述(Narative)に適用されます。リソース上の言語タグを使用して、リソース内のデータから生成された他のプレゼンテーションの言語を指定できます。すべてのコンテンツが基本言語である必要はありません。リソース。言語は、叙述(Narative)に自動的に適用されると想定されるべきではありません。言語が指定されている場合、HTMLのDIV要素にも指定されている場合（XML：LangとHTML Lang属性の関係については、HTML5のルールを参照してください）。 / Language is provided to support indexing and accessibility (typically, services such as text to speech use the language tag). The html language tag in the narrative applies  to the narrative. The language tag on the resource may be used to specify the language of other presentations generated from the data in the resource. Not all the content has to be in the base language. The Resource.language should not be assumed to apply to the narrative automatically. If a language is specified, it should it also be specified on the div element in the html (see rules in HTML5 for information about the relationship between xml:lang and the html lang attribute).","","","","","","","","",,"preferred","人間の言語。 / A human language.","http://hl7.org/fhir/ValueSet/languages|4.0.1","",,,,"Resource.language",0,1,"","ele-1:すべてのFHIR要素には、@valueまたは子要素が必要です / All FHIR elements must have a @value or children {hasValue() or (children().count() > id.count())}
"
"DiagnosticReport.text","DiagnosticReport.text","","narrative
htmlxhtmldisplay","",0,1,"","","","Narrative {[]} {[]}
","人間の解釈のためのリソースのテキスト概要 / Text summary of the resource, for human interpretation","リソースの概要を含み、人間へのリソースの内容を表すために使用できる人間の読み取り可能な叙述(Narative)。叙述(Narative)はすべての構造化されたデータをエンコードする必要はありませんが、人間が叙述(Narative)を読むだけで「臨床的に安全」にするために十分な詳細を含める必要があります。リソースの定義は、臨床的安全を確保するために、叙述(Narative)で表現するコンテンツを定義する場合があります。 / A human-readable narrative that contains a summary of the resource and can be used to represent the content of the resource to a human. The narrative need not encode all the structured data, but is required to contain sufficient detail to make it ""clinically safe"" for a human to just read the narrative. Resource definitions may define what content should be represented in the narrative to ensure clinical safety.","含まれるリソースには叙述(Narative)がありません。含まれていないリソースには叙述(Narative)が必要です。場合によっては、リソースには、追加の個別のデータがほとんどまたはまったくないテキストのみがあります（すべてのMinoccur = 1要素が満たされている限り）。これは、情報がtext blob (バイナリー ラージ オブジェクト)としてキャプチャされるレガシーシステムからのデータ、またはテキストが生またはナレーションされ、エンコードされた情報が後で追加される場合に必要になる場合があります。 / Contained resources do not have narrative. Resources that are not contained SHOULD have a narrative. In some cases, a resource may only have text with little or no additional discrete data (as long as all minOccurs=1 elements are satisfied).  This may be necessary for data from legacy systems where information is captured as a ""text blob"" or where text is additionally entered raw or narrated and encoded information is added later.","","","","","","","","",,,,,"",,,,"DomainResource.text",0,1,"","ele-1:すべてのFHIR要素には、@valueまたは子要素が必要です / All FHIR elements must have a @value or children {hasValue() or (children().count() > id.count())}
","Act.text?"
"DiagnosticReport.contained","DiagnosticReport.contained","","inline resources
anonymous resourcescontained resources","",0,*,"","","","Resource {[]} {[]}
","インラインリソースが含まれています / Contained, inline Resources","これらのリソースには、それらを含むリソースを除いて独立した存在はありません - 独立して特定することはできず、独自の独立したトランザクションスコープを持つこともできません。 / These resources do not have an independent existence apart from the resource that contains them - they cannot be identified independently, and nor can they have their own independent transaction scope.","識別が失われると、コンテンツを適切に識別できる場合は、これを行うべきではありません。含まれるリソースには、メタ要素にプロファイルとタグがある場合がありますが、セキュリティラベルはありません。 / This should never be done when the content can be identified properly, as once identification is lost, it is extremely difficult (and context dependent) to restore it again. Contained resources may have profiles and tags In their meta elements, but SHALL NOT have security labels.","","","","","","","","",,,,,"",,,,"DomainResource.contained",0,*,"","","N/A"
"DiagnosticReport.extension","DiagnosticReport.extension","","extensions
user content","",0,*,"","","","Extension {[]} {[]}
","実装で定義された追加のコンテンツ / Additional content defined by implementations","リソースの基本的な定義の一部ではない追加情報を表すために使用できます。拡張機能を安全で管理しやすくするために、拡張機能の定義と使用に適用される厳格なガバナンスセットがあります。実装者は拡張機能を定義できますが、拡張機能の定義の一部として満たされる一連の要件があります。 / May be used to represent additional information that is not part of the basic definition of the resource. To make the use of extensions safe and manageable, there is a strict set of governance  applied to the definition and use of extensions. Though any implementer can define an extension, there is a set of requirements that SHALL be met as part of the definition of the extension.","拡張機能を使用または定義する機関や管轄権に関係なく、アプリケーション、プロジェクト、または標準による拡張機能の使用に関連するスティグマはありません。拡張機能の使用は、FHIR仕様がすべての人にコアレベルのシンプルさを保持できるようにするものです。 / There can be no stigma associated with the use of extensions by any application, project, or standard - regardless of the institution or jurisdiction that uses or defines the extensions.  The use of extensions is what allows the FHIR specification to retain a core level of simplicity for everyone.","","","","","","","","",,,,,"",,,,"DomainResource.extension",0,*,"","ele-1:すべてのFHIR要素には、@valueまたは子要素が必要です / All FHIR elements must have a @value or children {hasValue() or (children().count() > id.count())}
ext-1:両方ではなく、拡張または値[x]が必要です / Must have either extensions or value[x], not both {extension.exists() != value.exists()}","N/A"
"DiagnosticReport.modifierExtension","DiagnosticReport.modifierExtension","","extensions
user content","",0,*,"","Y","","Extension {[]} {[]}
","無視できない拡張機能 / Extensions that cannot be ignored","リソースの基本的な定義の一部ではなく、それを含む要素の理解および/または含有要素の子孫の理解を変更するために使用される場合があります。通常、修飾子要素は否定または資格を提供します。拡張機能を安全で管理しやすくするために、拡張機能の定義と使用に適用される厳格なガバナンスセットがあります。実装者は拡張機能を定義することが許可されていますが、拡張機能の定義の一部として満たされる一連の要件があります。アプリケーションの処理リソースは、修飾子拡張機能をチェックする必要があります。

モディファイア拡張は、リソースまたはdomainResource上の要素の意味を変更してはなりません（修飾軸自体の意味を変更することはできません）。 / May be used to represent additional information that is not part of the basic definition of the resource and that modifies the understanding of the element that contains it and/or the understanding of the containing element's descendants. Usually modifier elements provide negation or qualification. To make the use of extensions safe and manageable, there is a strict set of governance applied to the definition and use of extensions. Though any implementer is allowed to define an extension, there is a set of requirements that SHALL be met as part of the definition of the extension. Applications processing a resource are required to check for modifier extensions.

Modifier extensions SHALL NOT change the meaning of any elements on Resource or DomainResource (including cannot change the meaning of modifierExtension itself).","拡張機能を使用または定義する機関や管轄権に関係なく、アプリケーション、プロジェクト、または標準による拡張機能の使用に関連するスティグマはありません。拡張機能の使用は、FHIR仕様がすべての人にコアレベルのシンプルさを保持できるようにするものです。 / There can be no stigma associated with the use of extensions by any application, project, or standard - regardless of the institution or jurisdiction that uses or defines the extensions.  The use of extensions is what allows the FHIR specification to retain a core level of simplicity for everyone.","修飾子拡張機能により、安全に無視できる大部分の拡張機能と明確に区別できるように、安全に無視できない拡張機能が可能になります。これにより、実装者が拡張の存在を禁止する必要性を排除することにより、相互運用性が促進されます。詳細については、[修飾子拡張の定義]（拡張性.html＃modifierextension）を参照してください。 / Modifier extensions allow for extensions that *cannot* be safely ignored to be clearly distinguished from the vast majority of extensions which can be safely ignored.  This promotes interoperability by eliminating the need for implementers to prohibit the presence of extensions. For further information, see the [definition of modifier extensions](http://hl7.org/fhir/R4/extensibility.html#modifierExtension).","","","","","","","",,,,,"",,,,"DomainResource.modifierExtension",0,*,"","ele-1:すべてのFHIR要素には、@valueまたは子要素が必要です / All FHIR elements must have a @value or children {hasValue() or (children().count() > id.count())}
ext-1:両方ではなく、拡張または値[x]が必要です / Must have either extensions or value[x], not both {extension.exists() != value.exists()}","N/A"
"DiagnosticReport.identifier","DiagnosticReport.identifier","","ReportID
Filler IDPlacer ID","",0,*,"","","Y","Identifier {[]} {[]}
","システムが管理する、施設内で診断レポートを一意に識別するためのID【詳細参照】","システムが管理する、施設内で診断レポートを一意に識別するためのID","病理では標本番号（受付番号、病理番号）＋版数を指定する。","ソース研究所からのこのレポートについてクエリを作成する際に使用するidentifierを知る必要があります。 / Need to know what identifier to use when making queries about this report from the source laboratory, and for linking to the report outside FHIR context.","","","","","","","",,,,,"",,,,"DiagnosticReport.identifier",0,*,"","ele-1:すべてのFHIR要素には、@valueまたは子要素が必要です / All FHIR elements must have a @value or children {hasValue() or (children().count() > id.count())}
","Event.identifier","OBR-51/ for globally unique filler ID  - OBR-3 , For non-globally unique filler-id the flller/placer number must be combined with the universal service Id -  OBR-2(if present)+OBR-3+OBR-4","id","FiveWs.identifier"
"DiagnosticReport.basedOn","DiagnosticReport.basedOn","","Request
","",0,*,"","","","Reference {[]} {[CanonicalType[http://jpfhir.jp/fhir/core/StructureDefinition/JP_ServiceRequest_Common]]}
","他のシステムから依頼されたオーダ情報【詳細参照】","他のシステムから依頼されたオーダ情報","通常、依頼元となるServiceRequestリソースを参照する。他のシステムと連携していない場合は参照不要。","これにより、レポートの許可を追跡し、提案/勧告が行われたかどうかを追跡することができます。 / This allows tracing of authorization for the report and tracking whether proposals/recommendations were acted upon.","","","","","","","",,,,,"",,,,"DiagnosticReport.basedOn",0,*,"","ele-1:すべてのFHIR要素には、@valueまたは子要素が必要です / All FHIR elements must have a @value or children {hasValue() or (children().count() > id.count())}
","Event.basedOn","ORC? OBR-2/3?","outboundRelationship[typeCode=FLFS].target"
"DiagnosticReport.status","DiagnosticReport.status","","","",1,1,"","Y","Y","code {[]} {[]}
","診断レポートのステータス【詳細参照】","診断レポートのステータス","preliminary（中間）|final（確定済、承認済）|appended（追加）|amended（修正）|corrected（訂正）","診断サービスは、暫定/不完全なレポートを日常的に発行し、以前にリリースされたレポートを撤回することもあります。 / Diagnostic services routinely issue provisional/incomplete reports, and sometimes withdraw previously released reports.","","","","","","","",,"required","診断レポートのステータス。 / The status of the diagnostic report.","http://hl7.org/fhir/ValueSet/diagnostic-report-status|4.0.1","",,,,"DiagnosticReport.status",1,1,"","ele-1:すべてのFHIR要素には、@valueまたは子要素が必要です / All FHIR elements must have a @value or children {hasValue() or (children().count() > id.count())}
","Event.status","OBR-25 (not 1:1 mapping)","statusCode  Note: final and amended are distinguished by whether observation is the subject of a ControlAct event of type ""revise""","FiveWs.status"
"DiagnosticReport.category","DiagnosticReport.category","","Department
Sub-departmentServiceDiscipline","",0,*,"","","Y","CodeableConcept {[]} {[]}
","診断レポートの分野を表すコード【詳細参照】","診断レポートの分野を表すコード","Value Set：JPCore_DiagnosticReport_Categoryの中から「LP7839-6」（Pathology（病理））を指定する。","","","","","","","","",,"example","診断サービスセクションのコード。 / Codes for diagnostic service sections.","http://hl7.org/fhir/ValueSet/diagnostic-service-sections|4.0.1","",,,,"DiagnosticReport.category",0,*,"","ele-1:すべてのFHIR要素には、@valueまたは子要素が必要です / All FHIR elements must have a @value or children {hasValue() or (children().count() > id.count())}
","OBR-24","inboundRelationship[typeCode=COMP].source[classCode=LIST, moodCode=EVN, code < LabService].code","FiveWs.class"
"DiagnosticReport.code","DiagnosticReport.code","","Type
","",1,1,"","","Y","CodeableConcept {[]} {[]}
","病理分野の診断レポートを分類するためのコード【詳細参照】","病理分野の診断レポートを分類するためのコード","Value Set：JPCore_DocumentCodeの中から適切な病理分野の報告書のコードを指定する。例：組織診は「11526-1」（病理検査報告書）、細胞診は「47526-9」（細胞診報告書）、剖検は「18743-5」（剖検報告書）を指定する。","","","","","","","","",,"preferred","診断レポートを説明するコード。 / Codes that describe Diagnostic Reports.","http://hl7.org/fhir/ValueSet/report-codes|4.0.1","",,,,"DiagnosticReport.code",1,1,"","ele-1:すべてのFHIR要素には、@valueまたは子要素が必要です / All FHIR elements must have a @value or children {hasValue() or (children().count() > id.count())}
","Event.code","OBR-4 (HL7 v2 doesn't provide an easy way to indicate both the ordered test and the performed panel)","code","FiveWs.what[x]"
"DiagnosticReport.subject","DiagnosticReport.subject","","Patient
","",0,1,"","","Y","Reference {[]} {[CanonicalType[http://jpfhir.jp/fhir/core/StructureDefinition/JP_Patient]]}
","診断レポートの対象患者に関する情報【詳細参照】","診断レポートの対象患者に関する情報","JP Core Patientリソースを参照する。","主題のコンテキストを知っておく必要があります。 / SHALL know the subject context.","","","","","","","",,,,,"",,,,"DiagnosticReport.subject",0,1,"","ele-1:すべてのFHIR要素には、@valueまたは子要素が必要です / All FHIR elements must have a @value or children {hasValue() or (children().count() > id.count())}
","Event.subject","PID-3 (no HL7 v2 mapping for Group or Device)","participation[typeCode=SBJ]","FiveWs.subject[x]","FiveWs.subject"
"DiagnosticReport.encounter","DiagnosticReport.encounter","","Context
","",0,1,"","","Y","Reference {[]} {[CanonicalType[http://jpfhir.jp/fhir/core/StructureDefinition/JP_Encounter]]}
","この診断レポートを書くきっかけとなった情報【詳細参照】","この診断レポートを書くきっかけとなった情報","JP Core Encounterリソースを参照する。","リクエストをエンカウンターコンテキストにリンクします。 / Links the request to the Encounter context.","","","","","","","",,,,,"",,,,"DiagnosticReport.encounter",0,1,"","ele-1:すべてのFHIR要素には、@valueまたは子要素が必要です / All FHIR elements must have a @value or children {hasValue() or (children().count() > id.count())}
","Event.encounter","PV1-19","inboundRelationship[typeCode=COMP].source[classCode=ENC, moodCode=EVN]","FiveWs.context"
"DiagnosticReport.effective[x]","DiagnosticReport.effective[x]","","Observation time
Effective TimeOccurrence","",0,1,"","","Y","dateTime {[]} {[]}
","診断レポートの作成日時【詳細参照】","診断レポートの作成日時","DateTimeを採用する。","このレポートを提出/提示するために、患者履歴のどこにあるかを知る必要があります。 / Need to know where in the patient history to file/present this report.","","","","","","","",,,,,"",,,,"DiagnosticReport.effective[x]",0,1,"","ele-1:すべてのFHIR要素には、@valueまたは子要素が必要です / All FHIR elements must have a @value or children {hasValue() or (children().count() > id.count())}
","Event.occurrence[x]","OBR-7","effectiveTime","FiveWs.done[x]"
"DiagnosticReport.issued","DiagnosticReport.issued","","Date published
Date IssuedDate Verified","",0,1,"","","Y","instant {[]} {[]}
","レポート確定日時【詳細参照】","レポート確定日時","StatusがFinalになった日時を指定する。","臨床医は、報告書が発表された日付を確認できる必要があります。 / Clinicians need to be able to check the date that the report was released.","","","","","","","",,,,,"",,,,"DiagnosticReport.issued",0,1,"","ele-1:すべてのFHIR要素には、@valueまたは子要素が必要です / All FHIR elements must have a @value or children {hasValue() or (children().count() > id.count())}
","OBR-22","participation[typeCode=VRF or AUT].time","FiveWs.recorded"
"DiagnosticReport.performer","DiagnosticReport.performer","","Laboratory
ServicePractitionerDepartmentCompanyAuthorized byDirector","",0,*,"","","Y","Reference {[]} {[CanonicalType[http://jpfhir.jp/fhir/core/StructureDefinition/JP_Practitioner], CanonicalType[http://jpfhir.jp/fhir/core/StructureDefinition/JP_PractitionerRole], CanonicalType[http://jpfhir.jp/fhir/core/StructureDefinition/JP_Organization]]}
","レポートを確定した医師","レポートを確定した医師","これは、必ずしもアトミックデータ項目または結果を解釈したエンティティのソースではありません。臨床報告に責任を負うのはエンティティです。 / This is not necessarily the source of the atomic data items or the entity that interpreted the results. It is the entity that takes responsibility for the clinical report.","結果についてクエリがある場合は、誰に連絡するかを知る必要があります。また、二次データ分析のためにレポートのソースを追跡する必要がある場合があります。 / Need to know whom to contact if there are queries about the results. Also may need to track the source of reports for secondary data analysis.","","","","","","","",,,,,"",,,,"DiagnosticReport.performer",0,*,"","ele-1:すべてのFHIR要素には、@valueまたは子要素が必要です / All FHIR elements must have a @value or children {hasValue() or (children().count() > id.count())}
","Event.performer.actor","PRT-8 (where this PRT-4-Participation = ""PO"")",".participation[typeCode=PRF]","FiveWs.actor"
"DiagnosticReport.resultsInterpreter","DiagnosticReport.resultsInterpreter","","Analyzed by
Reported by","",0,*,"","","Y","Reference {[]} {[CanonicalType[http://jpfhir.jp/fhir/core/StructureDefinition/JP_Practitioner], CanonicalType[http://jpfhir.jp/fhir/core/StructureDefinition/JP_PractitionerRole], CanonicalType[http://jpfhir.jp/fhir/core/StructureDefinition/JP_Organization]]}
","この診断レポートの作成者【詳細参照】","この診断レポートの作成者","複数いる場合は、列記する。","結果についてクエリがある場合は、誰に連絡するかを知る必要があります。また、二次データ分析のためにレポートのソースを追跡する必要がある場合があります。 / Need to know whom to contact if there are queries about the results. Also may need to track the source of reports for secondary data analysis.","","","","","","","",,,,,"",,,,"DiagnosticReport.resultsInterpreter",0,*,"","ele-1:すべてのFHIR要素には、@valueまたは子要素が必要です / All FHIR elements must have a @value or children {hasValue() or (children().count() > id.count())}
","Event.performer.actor","OBR-32, PRT-8 (where this PRT-4-Participation = ""PI"")",".participation[typeCode=PRF]","FiveWs.actor"
"DiagnosticReport.specimen","DiagnosticReport.specimen","","","",0,*,"","","","Reference {[]} {[CanonicalType[http://jpfhir.jp/fhir/core/StructureDefinition/JP_Specimen_Common]]}
","この診断レポートの検体に関する情報【詳細参照】","この診断レポートの検体に関する情報","JP Core Specimenリソースを参照する。","レポートの基礎となる収集された標本に関する情報を報告できる必要があります。 / Need to be able to report information about the collected specimens on which the report is based.","","","","","","","",,,,,"",,,,"DiagnosticReport.specimen",0,*,"","ele-1:すべてのFHIR要素には、@valueまたは子要素が必要です / All FHIR elements must have a @value or children {hasValue() or (children().count() > id.count())}
","SPM","participation[typeCode=SBJ]"
"DiagnosticReport.result","DiagnosticReport.result","","Data
Atomic ValueResultAtomic resultDataTestAnalyteBatteryOrganizer","",0,*,"","","","Reference {[]} {[CanonicalType[http://jpfhir.jp/fhir/core/StructureDefinition/JP_Observation_Common]]}
","この診断レポートの一部となるObservationに関する情報【詳細参照】","この診断レポートの一部となるObservationに関する情報","病理では未使用。","個々の結果、または結果のグループが任意であるが意味のある結果のグループをサポートする必要があります。 / Need to support individual results, or  groups of results, where the result grouping is arbitrary, but meaningful.","","","","","","","",,,,,"",,,,"DiagnosticReport.result",0,*,"","ele-1:すべてのFHIR要素には、@valueまたは子要素が必要です / All FHIR elements must have a @value or children {hasValue() or (children().count() > id.count())}
","OBXs","outboundRelationship[typeCode=COMP].target"
"DiagnosticReport.imagingStudy","DiagnosticReport.imagingStudy","","","",0,*,"","","","Reference {[]} {[CanonicalType[http://hl7.org/fhir/StructureDefinition/ImagingStudy|4.0.1]]}
","診断レポートに関連づけれられたDICOM画像に関する情報【詳細参照】","診断レポートに関連づけれられたDICOM画像に関する情報","JP Core ImagingStudy Pathologyリソースを参照する。","","","","","","","","",,,,,"",,,,"DiagnosticReport.imagingStudy",0,*,"","ele-1:すべてのFHIR要素には、@valueまたは子要素が必要です / All FHIR elements must have a @value or children {hasValue() or (children().count() > id.count())}
","outboundRelationship[typeCode=COMP].target[classsCode=DGIMG, moodCode=EVN]"
"DiagnosticReport.media","DiagnosticReport.media","","DICOM
SlidesScans","",0,*,"","","Y","BackboneElement {[]} {[]}
","診断レポートに関連づけられたメディアに関する情報【詳細参照】","診断レポートに関連づけられたメディアに関する情報","主に、レポートに添付される画像を指す。","多くの診断サービスには、サービスの一部としてレポートに画像が含まれています。 / Many diagnostic services include images in the report as part of their service.","","","","","","","",,,,,"",,,,"DiagnosticReport.media",0,*,"","ele-1:すべてのFHIR要素には、@valueまたは子要素が必要です / All FHIR elements must have a @value or children {hasValue() or (children().count() > id.count())}
","OBX?","outboundRelationship[typeCode=COMP].target"
"DiagnosticReport.media.id","DiagnosticReport.media.id","","","",0,1,"","","","string {[]} {[]}
","要素間参照のための一意のID / Unique id for inter-element referencing","リソース内の要素の一意のID（内部参照用）。これは、スペースを含まない文字列値である場合があります。 / Unique id for the element within a resource (for internal references). This may be any string value that does not contain spaces.","","","","","","","","","",,,,,"",,,,"Element.id",0,1,"","","n/a"
"DiagnosticReport.media.extension","DiagnosticReport.media.extension","","extensions
user content","",0,*,"","","","Extension {[]} {[]}
","実装で定義された追加のコンテンツ / Additional content defined by implementations","要素の基本的な定義の一部ではない追加情報を表すために使用できます。拡張機能を安全で管理しやすくするために、拡張機能の定義と使用に適用される厳格なガバナンスセットがあります。実装者は拡張機能を定義できますが、拡張機能の定義の一部として満たされる一連の要件があります。 / May be used to represent additional information that is not part of the basic definition of the element. To make the use of extensions safe and manageable, there is a strict set of governance  applied to the definition and use of extensions. Though any implementer can define an extension, there is a set of requirements that SHALL be met as part of the definition of the extension.","拡張機能を使用または定義する機関や管轄権に関係なく、アプリケーション、プロジェクト、または標準による拡張機能の使用に関連するスティグマはありません。拡張機能の使用は、FHIR仕様がすべての人にコアレベルのシンプルさを保持できるようにするものです。 / There can be no stigma associated with the use of extensions by any application, project, or standard - regardless of the institution or jurisdiction that uses or defines the extensions.  The use of extensions is what allows the FHIR specification to retain a core level of simplicity for everyone.","","","","","","","","",,,,,"",,,,"Element.extension",0,*,"","ele-1:すべてのFHIR要素には、@valueまたは子要素が必要です / All FHIR elements must have a @value or children {hasValue() or (children().count() > id.count())}
ext-1:両方ではなく、拡張または値[x]が必要です / Must have either extensions or value[x], not both {extension.exists() != value.exists()}","n/a"
"DiagnosticReport.media.modifierExtension","DiagnosticReport.media.modifierExtension","","extensions
user contentmodifiers","",0,*,"","Y","Y","Extension {[]} {[]}
","認識されていなくても無視できない拡張機能 / Extensions that cannot be ignored even if unrecognized","要素の基本的な定義の一部ではなく、それが含まれている要素の理解、および/または含まれる要素の子孫の理解を変更するために使用される場合があります。通常、修飾子要素は否定または資格を提供します。拡張機能を安全で管理しやすくするために、拡張機能の定義と使用に適用される厳格なガバナンスセットがあります。実装者は拡張機能を定義できますが、拡張機能の定義の一部として満たされる一連の要件があります。アプリケーションの処理リソースは、修飾子拡張機能をチェックする必要があります。

モディファイア拡張は、リソースまたはdomainResource上の要素の意味を変更してはなりません（修飾軸自体の意味を変更することはできません）。 / May be used to represent additional information that is not part of the basic definition of the element and that modifies the understanding of the element in which it is contained and/or the understanding of the containing element's descendants. Usually modifier elements provide negation or qualification. To make the use of extensions safe and manageable, there is a strict set of governance applied to the definition and use of extensions. Though any implementer can define an extension, there is a set of requirements that SHALL be met as part of the definition of the extension. Applications processing a resource are required to check for modifier extensions.

Modifier extensions SHALL NOT change the meaning of any elements on Resource or DomainResource (including cannot change the meaning of modifierExtension itself).","拡張機能を使用または定義する機関や管轄権に関係なく、アプリケーション、プロジェクト、または標準による拡張機能の使用に関連するスティグマはありません。拡張機能の使用は、FHIR仕様がすべての人にコアレベルのシンプルさを保持できるようにするものです。 / There can be no stigma associated with the use of extensions by any application, project, or standard - regardless of the institution or jurisdiction that uses or defines the extensions.  The use of extensions is what allows the FHIR specification to retain a core level of simplicity for everyone.","修飾子拡張機能により、安全に無視できる大部分の拡張機能と明確に区別できるように、安全に無視できない拡張機能が可能になります。これにより、実装者が拡張の存在を禁止する必要性を排除することにより、相互運用性が促進されます。詳細については、[修飾子拡張の定義]（拡張性.html＃modifierextension）を参照してください。 / Modifier extensions allow for extensions that *cannot* be safely ignored to be clearly distinguished from the vast majority of extensions which can be safely ignored.  This promotes interoperability by eliminating the need for implementers to prohibit the presence of extensions. For further information, see the [definition of modifier extensions](http://hl7.org/fhir/R4/extensibility.html#modifierExtension).","","","","","","","",,,,,"",,,,"BackboneElement.modifierExtension",0,*,"","ele-1:すべてのFHIR要素には、@valueまたは子要素が必要です / All FHIR elements must have a @value or children {hasValue() or (children().count() > id.count())}
ext-1:両方ではなく、拡張または値[x]が必要です / Must have either extensions or value[x], not both {extension.exists() != value.exists()}","N/A"
"DiagnosticReport.media.comment","DiagnosticReport.media.comment","","","",0,1,"","","","string {[]} {[]}
","メディアに関するコメント【詳細参照】","メディアに関するコメント","以下のいずれかを記載する。・参照画像としての添付されたイメージ・診断用スライドをスキャンしたイメージ","レポートのプロバイダーは、レポートに含まれる各画像についてコメントする必要があります。 / The provider of the report should make a comment about each image included in the report.","","","","","","","",,,,,"",,,,"DiagnosticReport.media.comment",0,1,"","ele-1:すべてのFHIR要素には、@valueまたは子要素が必要です / All FHIR elements must have a @value or children {hasValue() or (children().count() > id.count())}
",".inboundRelationship[typeCode=COMP].source[classCode=OBS, moodCode=EVN, code=""annotation""].value"
"DiagnosticReport.media.link","DiagnosticReport.media.link","","","",1,1,"","","Y","Reference {[]} {[CanonicalType[http://hl7.org/fhir/StructureDefinition/Media|4.0.1]]}
","メディアの参照先【詳細参照】","メディアの参照先","JP Core Media Pathologyリソースを参照する。","","","","","","","","",,,,,"",,,,"DiagnosticReport.media.link",1,1,"","ele-1:すべてのFHIR要素には、@valueまたは子要素が必要です / All FHIR elements must have a @value or children {hasValue() or (children().count() > id.count())}
",".value.reference"
"DiagnosticReport.conclusion","DiagnosticReport.conclusion","","Report
","",0,1,"","","","string {[]} {[]}
","総合診断に相当する要約結論【詳細参照】","総合診断に相当する要約結論","テキストで可能な限り記載する。","基本的な結果データの中で失われない結論を提供できる必要があります。 / Need to be able to provide a conclusion that is not lost among the basic result data.","","","","","","","",,,,,"",,,,"DiagnosticReport.conclusion",0,1,"","ele-1:すべてのFHIR要素には、@valueまたは子要素が必要です / All FHIR elements must have a @value or children {hasValue() or (children().count() > id.count())}
","OBX","inboundRelationship[typeCode=""SPRT""].source[classCode=OBS, moodCode=EVN, code=LOINC:48767-8].value (type=ST)"
"DiagnosticReport.conclusionCode","DiagnosticReport.conclusionCode","","","",0,*,"","","","CodeableConcept {[]} {[]}
","病理診断レポートの要約結論を表す1つ以上のコード【詳細参照】","病理診断レポートの要約結論を表す1つ以上のコード","腫瘍の場合はICD-O-3、腫瘍以外はICD-10、ICD-11の病名を設定する。ただし、運用上コード指定ができない場合、設定されなくてもよい。","","","","","","","","",,"example","レポートの補助として提供される診断コード。 / Diagnosis codes provided as adjuncts to the report.","http://hl7.org/fhir/ValueSet/clinical-findings|4.0.1","",,,,"DiagnosticReport.conclusionCode",0,*,"","ele-1:すべてのFHIR要素には、@valueまたは子要素が必要です / All FHIR elements must have a @value or children {hasValue() or (children().count() > id.count())}
","OBX","inboundRelationship[typeCode=SPRT].source[classCode=OBS, moodCode=EVN, code=LOINC:54531-9].value (type=CD)"
"DiagnosticReport.presentedForm","DiagnosticReport.presentedForm","","","",0,*,"Y","","","Attachment {[]} {[]}
","診断レポート本体【詳細参照】","診断レポート本体","診断レポート本体をPDF形式やxml形式などで添付する（フォーマットは不問）。","実験室に、臨床忠実度のために独自の完全にフォーマットされたレポートを提供する能力を提供します。 / Gives laboratory the ability to provide its own fully formatted report for clinical fidelity.","","","","","","","",,,,,"",,,,"DiagnosticReport.presentedForm",0,*,"","ele-1:すべてのFHIR要素には、@valueまたは子要素が必要です / All FHIR elements must have a @value or children {hasValue() or (children().count() > id.count())}
","OBX","text (type=ED)"
