"Id","Path","Slice Name","Alias(s)","Label","Min","Max","Must Support?","Is Modifier?","Is Summary?","Type(s)","Short","Definition","Comments","Requirements","Default Value","Meaning When Missing","Fixed Value","Pattern","Example","Minimum Value","Maximum Value","Maximum Length","Binding Strength","Binding Description","Binding Value Set","Code","Slicing Discriminator","Slicing Description","Slicing Ordered","Slicing Rules","Base Path","Base Min","Base Max","Condition(s)","Constraint(s)","Mapping: Workflow Pattern","Mapping: RIM Mapping","Mapping: FiveWs Pattern Mapping","Mapping: DICOM Tag Mapping","Mapping: HL7 v2 Mapping","Mapping: SNOMED CT Concept Domain Binding","Mapping: SNOMED CT Attribute Binding"
"Media","Media","","","",0,*,"","","","null {[]} {[]}
","病理で取得または使用される画像に関わる情報。","病理で取得または使用される画像に関わる情報。","","","","","","","","","",,,,,"",,,,"Media",0,*,"","dom-2:もしリソースが他のリソースに含まれている場合、そのリソースにはネストされたリソースを含めてはなりません (moshi risōsu ga hoka no risōsu ni fukumarete iru baai, sono risōsu ni wa nesuto sareta risōsu o fukumete wa narimasen). {contained.contained.empty()}
dom-3:もしリソースが他のリソースに含まれている場合、それはリソースの他の場所から参照されるか、含まれるリソースに参照されるべきです。 {contained.where((('#'+id in (%resource.descendants().reference | %resource.descendants().as(canonical) | %resource.descendants().as(uri) | %resource.descendants().as(url))) or descendants().where(reference = '#').exists() or descendants().where(as(canonical) = '#').exists() or descendants().where(as(canonical) = '#').exists()).not()).trace('unmatched', id).empty()}dom-4:もしリソースが別のリソースの中に含まれる場合、meta.versionIdまたはmeta.lastUpdatedを持つべきではありません。 {contained.meta.versionId.empty() and contained.meta.lastUpdated.empty()}dom-5:もしリソースが他のリソースに含まれている場合、セキュリティラベルを持つべきではありません。 {contained.meta.security.empty()}dom-6:資源は堅牢な管理のために物語を持つべきである。 {text.`div`.exists()}","Event","Entity. Role, or Act","Act[classCode=""DGIMG"", moodCode=""EVN""]"
"Media.id","Media.id","","","",0,1,"","","Y","id {[]} {[]}
","このアーティファクトの論理ID","リソースのURLで使用される論理ID。一度割り当てられたら、この値は変更されません。","リソースにIDがないのは、作成操作を使用してサーバーに送信されているときだけです。","","","","","","","","",,,,,"",,,,"Resource.id",0,1,"",""
"Media.meta","Media.meta","","","",0,1,"","","Y","Meta {[]} {[]}
","リソースに関するMetadata","リソースに関するMetadata。これはインフラストラクチャによって維持されるコンテンツです。 コンテンツの変更は、リソースのバージョン変更と常に関連しているわけではありません。","","","","","","","","","",,,,,"",,,,"Resource.meta",0,1,"","ele-1:すべてのFHIR要素は、@valueまたはchildrenを持っている必要があります。 {hasValue() or (children().count() > id.count())}
"
"Media.implicitRules","Media.implicitRules","","","",0,1,"","Y","Y","uri {[]} {[]}
","このコンテンツが作成されたルールセット","リソース構築時に遵守された一連のルールを指すものであり、コンテンツを処理する際に理解する必要があります。しばしば、特別なルールを定義する実装ガイドとその他のプロファイルなどを含むものです。","このルールセットを主張することで、取引先の限られた集団にしか内容を理解させることができず、長期的にはデータの有用性が制限されます。しかしながら、現存するヘルスエコシステムは高度に分断化しており、一般的に計算可能な形式でデータを定義、収集、交換する準備が整っていません。できる限り、実装者および/または仕様ライターはこの要素の使用を避けるべきです。使用する場合、URLは、そのナラティブとともに他のプロファイル、値セットなどを含む実装ガイドを定義する参照となります。","","","","","","","","",,,,,"",,,,"Resource.implicitRules",0,1,"","ele-1:すべてのFHIR要素は、@valueまたはchildrenを持っている必要があります。 {hasValue() or (children().count() > id.count())}
"
"Media.language","Media.language","","","",0,1,"","","","code {[]} {[]}
","リソースコンテンツの言語","リソースが書かれている基本言語。","言語はインデックスとアクセシビリティをサポートするために提供されます（通常、テキスト読み上げなどのサービスは言語タグを使用します）。物語のHTML言語タグは、物語に適用されます。リソース上の言語タグは、リソース内のデータから生成される他のプレゼンテーションの言語を指定するために使用できます。すべてのコンテンツが基本言語である必要はありません。Resource.languageは自動的に物語に適用されたと想定してはいけません。言語が指定されている場合、HTMLのdiv要素にも指定する必要があります（xml：langとhtml lang属性の関係に関する情報はHTML5の規則を参照）。","","","","","","","","",,"preferred","人間の言語。","http://hl7.org/fhir/ValueSet/languages|4.0.1","",,,,"Resource.language",0,1,"","ele-1:すべてのFHIR要素は、@valueまたはchildrenを持っている必要があります。 {hasValue() or (children().count() > id.count())}
"
"Media.text","Media.text","","narrative
htmlxhtmldisplay","",0,1,"","","","Narrative {[]} {[]}
","人間の解釈のためのリソースのテキスト要約","リソースの要約を含む人が読めるナビゲーションであり、リソースの内容を人に表現するために使用できます。ナビゲーションはすべての構造化されたデータをエンコードする必要はありませんが、人間がナビゲーションを読むだけで「臨床的に安全」であるために十分な詳細を含む必要があります。リソース定義には、臨床的な安全性を確保するためにナビゲーションで表現する必要があるコンテンツが定義される場合があります。","含まれるリソースには説明がありません。含まれないリソースには説明が必要です。場合によっては、リソースが少量のデータしか含まず、テキストだけで表現されることがあります（minOccurs = 1要素がすべて満たされている限り）。これは、情報が「テキストの塊」としてキャプチャされるレガシーシステムからのデータや、テキストが生またはナレーションされて符号化された情報が後で追加される場合に必要な場合があります。","","","","","","","","",,,,,"",,,,"DomainResource.text",0,1,"","ele-1:すべてのFHIR要素は、@valueまたはchildrenを持っている必要があります。 {hasValue() or (children().count() > id.count())}
","Act.text?"
"Media.contained","Media.contained","","inline resources
anonymous resourcescontained resources","",0,*,"","","","Resource {[]} {[]}
","含まれている、インラインのリソース","これらのリソースは、それらを含むリソースから独立した存在を持ちません。それらは独立して識別することはできず、独自の独立したトランザクション範囲を持つこともできません。","コンテンツが適切に識別できる場合には、これを行うべきではありません。識別が失われると、再び復元することは非常に困難であり（文脈に依存します）、メタ要素にプロファイルとタグを持つことができますが、セキュリティのラベルを持っていてはいけません。","","","","","","","","",,,,,"",,,,"DomainResource.contained",0,*,"","","N/A"
"Media.extension","Media.extension","","extensions
user content","",0,*,"","","","Extension {[]} {[]}
","実装によって定義される追加コンテンツ","リソースの基本的な定義の一部ではない追加情報を表すために使用することができます。拡張機能の使用を安全かつ管理可能にするために、定義と使用の一定のガバナンスが適用されます。実装者はどんな拡張機能でも定義できますが、拡張機能の定義の一部として満たす必要がある要件があります","どのようなアプリケーション、プロジェクト、または標準が拡張機能を使用しているかに関わらず、拡張機能の使用には決して汚名が付くわけではありません - それらを使用または定義する機関または管轄区域に関係なく。拡張機能の使用こそが、FHIR仕様を誰にとっても簡単なコアレベルで維持することを可能にします。","","","","","","","","",,,,,"",,,,"DomainResource.extension",0,*,"","ele-1:すべてのFHIR要素は、@valueまたはchildrenを持っている必要があります。 {hasValue() or (children().count() > id.count())}
ext-1:extensionまたはvalue[x]のいずれかが必要です。両方ではありません。 {extension.exists() != value.exists()}","N/A"
"Media.modifierExtension","Media.modifierExtension","","extensions
user content","",0,*,"","Y","","Extension {[]} {[]}
","無視できない拡張機能","リソースの基本的な定義に含まれない、要素の理解や、それを含む要素の子孫の理解を修正する追加情報を表すためにも使用されることがあります。通常、修飾要素は否定や修飾を提供します。拡張機能の使用を安全で管理しやすくするために、拡張機能の定義と使用に対して厳格な統治が適用されます。実装者は拡張機能を定義することが許可されていますが、拡張機能の定義の一部として満たす必要がある要件があります。リソースを処理するアプリケーションは、修飾子拡張をチェックする必要があります。修飾子拡張は、リソースまたはドメインリソースの任意の要素の意味を変更してはなりません（修飾子拡張自体の意味も変更できません）。","どのようなアプリケーション、プロジェクト、または標準が拡張機能を使用しているかに関わらず、拡張機能の使用には決して汚名が付くわけではありません - それらを使用または定義する機関または管轄区域に関係なく。拡張機能の使用こそが、FHIR仕様を誰にとっても簡単なコアレベルで維持することを可能にします。","Modifier extensions allow for extensions that *cannot* be safely ignored to be clearly distinguished from the vast majority of extensions which can be safely ignored.  This promotes interoperability by eliminating the need for implementers to prohibit the presence of extensions. For further information, see the [definition of modifier extensions](http://hl7.org/fhir/R4/extensibility.html#modifierExtension).","","","","","","","",,,,,"",,,,"DomainResource.modifierExtension",0,*,"","ele-1:すべてのFHIR要素は、@valueまたはchildrenを持っている必要があります。 {hasValue() or (children().count() > id.count())}
ext-1:extensionまたはvalue[x]のいずれかが必要です。両方ではありません。 {extension.exists() != value.exists()}","N/A"
"Media.identifier","Media.identifier","","","",0,*,"","","Y","Identifier {[]} {[]}
","システムが管理する、施設内で画像（JPEG等）、のメディアを一意に識別するためのID","システムが管理する、施設内で画像（JPEG等）、のメディアを一意に識別するためのID","identifierのラベルと使用法によって、どの種類のidentifierであるかを判断することができます。","","","","","","","","",,,,,"",,,,"Media.identifier",0,*,"","ele-1:すべてのFHIR要素は、@valueまたはchildrenを持っている必要があります。 {hasValue() or (children().count() > id.count())}
","Event.identifier",".id","FiveWs.identifier","0008,0018 | ~0008,0050 | 0020,000D | 0020,000E"
"Media.basedOn","Media.basedOn","","fulfills
","",0,*,"","","Y","Reference {[]} {[CanonicalType[http://jpfhir.jp/fhir/core/StructureDefinition/JP_ServiceRequest_Common], CanonicalType[http://hl7.org/fhir/StructureDefinition/CarePlan]]}
","他のシステムから依頼されたオーダ情報。【詳細参照】","他のシステムから依頼されたオーダ情報。","通常、依頼元となるServiceRequestリソースを参照する。他のシステムと連携していない場合は参照不要。","Allows tracing of authorization for the event and tracking whether proposals/recommendations were acted upon.","","","","","","","",,,,,"",,,,"Media.basedOn",0,*,"","ele-1:すべてのFHIR要素は、@valueまたはchildrenを持っている必要があります。 {hasValue() or (children().count() > id.count())}
","Event.basedOn",".outboundRelationship[typeCode=FLFS].target"
"Media.partOf","Media.partOf","","container
","",0,*,"","","Y","Reference {[]} {[CanonicalType[http://hl7.org/fhir/StructureDefinition/Resource|4.0.1]]}
","参照されるイベントの一部。【詳細参照】","参照されるイベントの一部。","使用する場合は、基底にある Definition、Requirement、Comments の内容を参考に使用する。","E.g. Drug administration as part of a procedure, procedure as part of observation, etc.","","","","","","","",,,,,"",,,,"Media.partOf",0,*,"","ele-1:すべてのFHIR要素は、@valueまたはchildrenを持っている必要があります。 {hasValue() or (children().count() > id.count())}
","Event.partOf",".inboundRelationship[typeCode=COMP].source[moodCode=EVN]"
"Media.status","Media.status","","","",1,1,"","Y","Y","code {[]} {[]}
","メディアのステータス。【詳細参照】","メディアのステータス。","""completed"" を指定する。","","","","","","","","",,"required","イベントのライフサイクルの段階を識別するコード。","http://hl7.org/fhir/ValueSet/event-status|4.0.1","",,,,"Media.status",1,1,"","ele-1:すべてのFHIR要素は、@valueまたはchildrenを持っている必要があります。 {hasValue() or (children().count() > id.count())}
","Event.status",".status","FiveWs.status","Varies by domain"
"Media.type","Media.type","","","",0,1,"","","Y","CodeableConcept {[]} {[]}
","メディアの種類。【詳細参照】","メディアの種類。","使用する場合は、""image""を使用する。","Used for filtering what observations are retrieved and displayed.","","","","","","","",,"extensible","高水準メディアカテゴリのコード。","http://hl7.org/fhir/ValueSet/media-type|4.0.1","",,,,"Media.type",0,1,"","ele-1:すべてのFHIR要素は、@valueまたはchildrenを持っている必要があります。 {hasValue() or (children().count() > id.count())}
",".code","FiveWs.class"
"Media.type.id","Media.type.id","","","",0,1,"","","","string {[]} {[]}
","要素間参照のための一意のID / Unique id for inter-element referencing","リソース内の要素の一意のID（内部参照用）。これは、スペースを含まない文字列値である場合があります。 / Unique id for the element within a resource (for internal references). This may be any string value that does not contain spaces.","","","","","","","","","",,,,,"",,,,"Element.id",0,1,"","","n/a"
"Media.type.extension","Media.type.extension","","extensions
user content","",0,*,"","","","Extension {[]} {[]}
","実装で定義された追加のコンテンツ / Additional content defined by implementations","要素の基本的な定義の一部ではない追加情報を表すために使用できます。拡張機能を安全で管理しやすくするために、拡張機能の定義と使用に適用される厳格なガバナンスセットがあります。実装者は拡張機能を定義できますが、拡張機能の定義の一部として満たされる一連の要件があります。 / May be used to represent additional information that is not part of the basic definition of the element. To make the use of extensions safe and manageable, there is a strict set of governance  applied to the definition and use of extensions. Though any implementer can define an extension, there is a set of requirements that SHALL be met as part of the definition of the extension.","拡張機能を使用または定義する機関や管轄権に関係なく、アプリケーション、プロジェクト、または標準による拡張機能の使用に関連するスティグマはありません。拡張機能の使用は、FHIR仕様がすべての人にコアレベルのシンプルさを保持できるようにするものです。 / There can be no stigma associated with the use of extensions by any application, project, or standard - regardless of the institution or jurisdiction that uses or defines the extensions.  The use of extensions is what allows the FHIR specification to retain a core level of simplicity for everyone.","","","","","","","","",,,,,"","value:url}
","Extensions are always sliced by (at least) url",,"open","Element.extension",0,*,"","ele-1:すべてのFHIR要素には、@valueまたは子要素が必要です / All FHIR elements must have a @value or children {hasValue() or (children().count() > id.count())}
ext-1:両方ではなく、拡張または値[x]が必要です / Must have either extensions or value[x], not both {extension.exists() != value.exists()}","n/a"
"Media.type.coding","Media.type.coding","","","",0,*,"","","Y","Coding {[]} {[]}
","用語システムによって定義されたコード / Code defined by a terminology system","用語システムによって定義されたコードへの参照。 / A reference to a code defined by a terminology system.","コードは、列挙されたCTなどの非常に正式な定義まで、列挙またはコードリストで非常にさりげなく定義される場合があります。詳細については、HL7 V3コアプリンシップを参照してください。コーディングの順序付けは未定義であり、意味を推測するために使用されません。一般に、せいぜい、コーディング値の1つのみがuserselected = trueとしてラベル付けされます。 / Codes may be defined very casually in enumerations, or code lists, up to very formal definitions such as SNOMED CT - see the HL7 v3 Core Principles for more information.  Ordering of codings is undefined and SHALL NOT be used to infer meaning. Generally, at most only one of the coding values will be labeled as UserSelected = true.","コードシステム内の代替エンコーディング、および他のコードシステムへの翻訳が可能になります。 / Allows for alternative encodings within a code system, and translations to other code systems.","","","","","","","",,,,,"",,,,"CodeableConcept.coding",0,*,"","ele-1:すべてのFHIR要素には、@valueまたは子要素が必要です / All FHIR elements must have a @value or children {hasValue() or (children().count() > id.count())}
","union(., ./translation)","C*E.1-8, C*E.10-22"
"Media.type.coding.id","Media.type.coding.id","","","",0,1,"","","","string {[]} {[]}
","要素間参照のための一意のID / Unique id for inter-element referencing","リソース内の要素の一意のID（内部参照用）。これは、スペースを含まない文字列値である場合があります。 / Unique id for the element within a resource (for internal references). This may be any string value that does not contain spaces.","","","","","","","","","",,,,,"",,,,"Element.id",0,1,"","","n/a"
"Media.type.coding.extension","Media.type.coding.extension","","extensions
user content","",0,*,"","","","Extension {[]} {[]}
","実装で定義された追加のコンテンツ / Additional content defined by implementations","要素の基本的な定義の一部ではない追加情報を表すために使用できます。拡張機能を安全で管理しやすくするために、拡張機能の定義と使用に適用される厳格なガバナンスセットがあります。実装者は拡張機能を定義できますが、拡張機能の定義の一部として満たされる一連の要件があります。 / May be used to represent additional information that is not part of the basic definition of the element. To make the use of extensions safe and manageable, there is a strict set of governance  applied to the definition and use of extensions. Though any implementer can define an extension, there is a set of requirements that SHALL be met as part of the definition of the extension.","拡張機能を使用または定義する機関や管轄権に関係なく、アプリケーション、プロジェクト、または標準による拡張機能の使用に関連するスティグマはありません。拡張機能の使用は、FHIR仕様がすべての人にコアレベルのシンプルさを保持できるようにするものです。 / There can be no stigma associated with the use of extensions by any application, project, or standard - regardless of the institution or jurisdiction that uses or defines the extensions.  The use of extensions is what allows the FHIR specification to retain a core level of simplicity for everyone.","","","","","","","","",,,,,"","value:url}
","Extensions are always sliced by (at least) url",,"open","Element.extension",0,*,"","ele-1:すべてのFHIR要素には、@valueまたは子要素が必要です / All FHIR elements must have a @value or children {hasValue() or (children().count() > id.count())}
ext-1:両方ではなく、拡張または値[x]が必要です / Must have either extensions or value[x], not both {extension.exists() != value.exists()}","n/a"
"Media.type.coding.system","Media.type.coding.system","","","",0,1,"","","Y","uri {[]} {[]}
","用語システムのアイデンティティ / Identity of the terminology system","コード内のシンボルの意味を定義するコードシステムの識別。 / The identification of the code system that defines the meaning of the symbol in the code.","uriは、oid（urn：oid：...）またはuuid（urn：uuid：...）である場合があります。OIDとUUIDは、HL7 OIDレジストリへの参照となります。それ以外の場合、URIは、FHIRの特別なURIを定義したHL7のリストから来るか、システムを明確かつ明確に確立する定義を参照する必要があります。 / The URI may be an OID (urn:oid:...) or a UUID (urn:uuid:...).  OIDs and UUIDs SHALL be references to the HL7 OID registry. Otherwise, the URI should come from HL7's list of FHIR defined special URIs or it should reference to some definition that establishes the system clearly and unambiguously.","シンボルの定義のソースについて明確である必要があります。 / Need to be unambiguous about the source of the definition of the symbol.","","","","","","","",,,,,"",,,,"Coding.system",0,1,"","ele-1:すべてのFHIR要素には、@valueまたは子要素が必要です / All FHIR elements must have a @value or children {hasValue() or (children().count() > id.count())}
","./codeSystem","C*E.3"
"Media.type.coding.version","Media.type.coding.version","","","",0,1,"","","Y","string {[]} {[]}
","システムのバージョン - 関連する場合 / Version of the system - if relevant","このコードを選択するときに使用されたコードシステムのバージョン。コードの意味がバージョン全体で一貫しているため、適切にメンテナンスしたコードシステムでは報告されたバージョンを必要としないことに注意してください。ただし、これは一貫して保証することはできず、意味が一貫していることが保証されていない場合、バージョンを交換する必要があります。 / The version of the code system which was used when choosing this code. Note that a well-maintained code system does not need the version reported, because the meaning of codes is consistent across versions. However this cannot consistently be assured, and when the meaning is not guaranteed to be consistent, the version SHOULD be exchanged.","用語がコードシステムバージョンを識別するために使用する文字列を明確に定義していない場合、推奨は、そのバージョンがバージョンの日付として公式に公開された日付（FHIR日付形式で表現）を使用することです。 / Where the terminology does not clearly define what string should be used to identify code system versions, the recommendation is to use the date (expressed in FHIR date format) on which that version was officially published as the version date.","","","","","","","","",,,,,"",,,,"Coding.version",0,1,"","ele-1:すべてのFHIR要素には、@valueまたは子要素が必要です / All FHIR elements must have a @value or children {hasValue() or (children().count() > id.count())}
","./codeSystemVersion","C*E.7"
"Media.type.coding.code","Media.type.coding.code","","","",0,1,"","","Y","code {[]} {[]}
","システムによって定義された構文のシンボル / Symbol in syntax defined by the system","システムによって定義された構文のシンボル。シンボルは、定義されたコードまたはコーディングシステムによって定義された構文の式（例：調整後）である場合があります。 / A symbol in syntax defined by the system. The symbol may be a predefined code or an expression in a syntax defined by the coding system (e.g. post-coordination).","","システム内の特定のコードを参照する必要があります。 / Need to refer to a particular code in the system.","","","<valueCode xmlns=""http://hl7.org/fhir"" value=""image""/>","","","","",,,,,"",,,,"Coding.code",0,1,"","ele-1:すべてのFHIR要素には、@valueまたは子要素が必要です / All FHIR elements must have a @value or children {hasValue() or (children().count() > id.count())}
","./code","C*E.1"
"Media.type.coding.display","Media.type.coding.display","","","",0,1,"","","Y","string {[]} {[]}
","システムによって定義された表現 / Representation defined by the system","システムのルールに従って、システム内のコードの意味の表現。 / A representation of the meaning of the code in the system, following the rules of the system.","","システムを知らない読者のために、コードの人間の読み取り可能な意味を持ち込むことができる必要があります。 / Need to be able to carry a human-readable meaning of the code for readers that do not know  the system.","","","","","","","",,,,,"",,,,"Coding.display",0,1,"","ele-1:すべてのFHIR要素には、@valueまたは子要素が必要です / All FHIR elements must have a @value or children {hasValue() or (children().count() > id.count())}
","CV.displayName","C*E.2 - but note this is not well followed"
"Media.type.coding.userSelected","Media.type.coding.userSelected","","","",0,1,"","","Y","boolean {[]} {[]}
","このコーディングがユーザーによって直接選択された場合 / If this coding was chosen directly by the user","このコーディングがユーザーによって直接選択されたことを示します。利用可能なアイテムのピックリスト（コードまたはディスプレイ）。 / Indicates that this coding was chosen by a user directly - e.g. off a pick list of available items (codes or displays).","一連の代替案の中で、直接選択されたコードが新しい翻訳の最も適切な出発点です。この要素の使用とその結果をより完全に明確にするためには、「直接選択された」ことについては曖昧さがあり、取引パートナー契約が必要になる場合があります。 / Amongst a set of alternatives, a directly chosen code is the most appropriate starting point for new translations. There is some ambiguity about what exactly 'directly chosen' implies, and trading partner agreement may be needed to clarify the use of this element and its consequences more completely.","これは、臨床安全基準として特定されています - この正確なシステム/コードペアは、いくつかのルールまたは言語処理に基づいてシステムによって推測されるのではなく、明示的に選択されたことです。 / This has been identified as a clinical safety criterium - that this exact system/code pair was chosen explicitly, rather than inferred by the system based on some rules or language processing.","","","","","","","",,,,,"",,,,"Coding.userSelected",0,1,"","ele-1:すべてのFHIR要素には、@valueまたは子要素が必要です / All FHIR elements must have a @value or children {hasValue() or (children().count() > id.count())}
","CD.codingRationale","Sometimes implied by being first"
"Media.type.text","Media.type.text","","","",0,1,"","","Y","string {[]} {[]}
","コンセプトの単純なテキスト表現 / Plain text representation of the concept","データを入力したユーザー、および/またはユーザーの意図された意味を表すユーザーによって見られる/選択/発言された概念の人間の言語表現。 / A human language representation of the concept as seen/selected/uttered by the user who entered the data and/or which represents the intended meaning of the user.","多くの場合、テキストはコーディングの1つの表示名と同じです。 / Very often the text is the same as a displayName of one of the codings.","用語からのコードは、それらを使用する人間のすべてのニュアンスを使用して、常に正しい意味をキャプチャするとは限りません。または、適切なコードがまったくない場合があります。これらの場合、テキストはソースの完全な意味をキャプチャするために使用されます。 / The codes from the terminologies do not always capture the correct meaning with all the nuances of the human using them, or sometimes there is no appropriate code at all. In these cases, the text is used to capture the full meaning of the source.","","","","","","","",,,,,"",,,,"CodeableConcept.text",0,1,"","ele-1:すべてのFHIR要素には、@valueまたは子要素が必要です / All FHIR elements must have a @value or children {hasValue() or (children().count() > id.count())}
","./originalText[mediaType/code=""text/plain""]/data","C*E.9. But note many systems use C*E.2 for this"
"Media.modality","Media.modality","","","",0,1,"","","Y","CodeableConcept {[]} {[]}
","メディアを取得・撮影した装置（モダリティ）。【詳細参照】","メディアを取得・撮影した装置（モダリティ）。","使用する場合、臓器画像は""XC""、顕微鏡画像は""GM""を指定する。","","","","","","","","",,"example","画像の種類に関する詳細情報-種類、目的、または生成に使用される機器の種類についての情報。","http://hl7.org/fhir/ValueSet/media-modality|4.0.1","",,,,"Media.modality",0,1,"","ele-1:すべてのFHIR要素は、@valueまたはchildrenを持っている必要があります。 {hasValue() or (children().count() > id.count())}
","Event.code",".outboundRelationship[typeCode=""COMP].target[classCode=""LIST"", moodCode=""EVN""].code","FiveWs.what[x]","0008,0060 | 0008,1032"
"Media.view","Media.view","","","",0,1,"","","Y","CodeableConcept {[]} {[]}
","メディアのイメージングビュー。【詳細参照】","メディアのイメージングビュー。","病理では原則使用しない。将来的にニーズが出てきた場合には検討する。","","","","","","","","",,"example","画像を収集する際に使用される投影イメージングビュー。","http://hl7.org/fhir/ValueSet/media-view|4.0.1","",,,,"Media.view",0,1,"","ele-1:すべてのFHIR要素は、@valueまたはchildrenを持っている必要があります。 {hasValue() or (children().count() > id.count())}
","DiagnosticImage.subjectOrientationCode"
"Media.subject","Media.subject","","","",0,1,"","","Y","Reference {[]} {[CanonicalType[http://jpfhir.jp/fhir/core/StructureDefinition/JP_Patient]]}
","メディアの対象患者に関する情報。【詳細参照】","メディアの対象患者に関する情報。","JP Core Patientリソースを参照する。","","","","","","","","",,,,,"",,,,"Media.subject",0,1,"","ele-1:すべてのFHIR要素は、@valueまたはchildrenを持っている必要があります。 {hasValue() or (children().count() > id.count())}
","Event.subject",".participation[typeCode=""SUBJ""]???","FiveWs.subject[x]","FiveWs.subject","~0010,0020"
"Media.encounter","Media.encounter","","context
","",0,1,"","","Y","Reference {[]} {[CanonicalType[http://hl7.org/fhir/StructureDefinition/Encounter|4.0.1]]}
","このメディアが生成されるきっかけとなった情報。【詳細参照】","このメディアが生成されるきっかけとなった情報。","病理では原則使用しない。","Links the Media to the Encounter context.","","","","","","","",,,,,"",,,,"Media.encounter",0,1,"","ele-1:すべてのFHIR要素は、@valueまたはchildrenを持っている必要があります。 {hasValue() or (children().count() > id.count())}
","Event.encounter",".inboundRelationship(typeCode=COMP].source[classCode<=PCPR, moodCode=EVN]","FiveWs.context"
"Media.created[x]","Media.created[x]","","timing
","",0,1,"","","Y","dateTime {[]} {[]}
Period {[]} {[]}","このメディアが生成された日時。【詳細参照】","このメディアが生成された日時。","病理では原則使用しない。","","","","","","","","",,,,,"",,,,"Media.created[x]",0,1,"","ele-1:すべてのFHIR要素は、@valueまたはchildrenを持っている必要があります。 {hasValue() or (children().count() > id.count())}
","Event.occurrence[x]",".effectiveTime","FiveWs.done[x]"
"Media.issued","Media.issued","","","",0,1,"","","Y","instant {[]} {[]}
","DiagnosticReportのStatusがFinalになった日時（レポート確定日時）。","DiagnosticReportのStatusがFinalになった日時（レポート確定日時）。","[`Meta.lastUpdated`](http://hl7.org/fhir/R4/resource-definitions.html#Meta.lastUpdated) の時間と同じかもしれません。特定の更新のために審査と確認が必要な観察については、新しいバージョンを再度審査および確認する必要がない非臨床的に重要でない更新により、リソース自体の `lastUpdated` 時間と同じでない場合があります。","","","","","","","","",,,,,"",,,,"Media.issued",0,1,"","ele-1:すべてのFHIR要素は、@valueまたはchildrenを持っている必要があります。 {hasValue() or (children().count() > id.count())}
","participation[typeCode=AUT].time","FiveWs.recorded","OBR.22 (or MSH.7), or perhaps OBX-19 (depends on who observation made)"
"Media.operator","Media.operator","","","",0,1,"","","Y","Reference {[]} {[CanonicalType[http://hl7.org/fhir/StructureDefinition/Practitioner|4.0.1], CanonicalType[http://hl7.org/fhir/StructureDefinition/PractitionerRole|4.0.1], CanonicalType[http://hl7.org/fhir/StructureDefinition/Organization|4.0.1], CanonicalType[http://hl7.org/fhir/StructureDefinition/CareTeam|4.0.1], CanonicalType[http://hl7.org/fhir/StructureDefinition/Patient|4.0.1], CanonicalType[http://hl7.org/fhir/StructureDefinition/Device|4.0.1], CanonicalType[http://hl7.org/fhir/StructureDefinition/RelatedPerson|4.0.1]]}
","画像を取得した人。【詳細参照】","画像を取得した人。","病理では未使用。","","","","","","","","",,,,,"",,,,"Media.operator",0,1,"","ele-1:すべてのFHIR要素は、@valueまたはchildrenを持っている必要があります。 {hasValue() or (children().count() > id.count())}
","Event.performer.actor",".participation[typeCode=""PERF""]???","FiveWs.actor","0008,1060?"
"Media.reasonCode","Media.reasonCode","","","",0,*,"","","Y","CodeableConcept {[]} {[]}
","このメディアが生成された理由。【詳細参照】","このメディアが生成された理由。","病理では省略してよい。","","","","","","","","",,"example","メディアの理由。","http://hl7.org/fhir/ValueSet/procedure-reason|4.0.1","",,,,"Media.reasonCode",0,*,"","ele-1:すべてのFHIR要素は、@valueまたはchildrenを持っている必要があります。 {hasValue() or (children().count() > id.count())}
","Event.reasonCode",".reasonCode","FiveWs.why[x]"
"Media.bodySite","Media.bodySite","","","",0,1,"","","Y","CodeableConcept {[]} {[]}
","このメディアの対象となる解剖学的部位。【詳細参照】","このメディアの対象となる解剖学的部位。","病理では省略してよい。写真毎に部位が設定されている場合は指定する。","","","","","","","","",,"example","解剖学的位置を記述するコード。左右対称性を含む場合があります。","http://hl7.org/fhir/ValueSet/body-site|4.0.1","",,,,"Media.bodySite",0,1,"","ele-1:すべてのFHIR要素は、@valueまたはchildrenを持っている必要があります。 {hasValue() or (children().count() > id.count())}
","targetSiteCode","< 123037004 |Body structure|","718497002 |Inherent location|"
"Media.deviceName","Media.deviceName","","","",0,1,"","","Y","string {[]} {[]}
","このメディアを生成した装置名。【詳細参照】","このメディアを生成した装置名。","病理では原則使用しない。","","","","","","","","",,,,,"",,,,"Media.deviceName",0,1,"","ele-1:すべてのFHIR要素は、@valueまたはchildrenを持っている必要があります。 {hasValue() or (children().count() > id.count())}
",".participation[typeCode=""DEV""].role.player.Entity[classCode=""DEV""].name","0008,0070"
"Media.device","Media.device","","","",0,1,"","","Y","Reference {[]} {[CanonicalType[http://hl7.org/fhir/StructureDefinition/Device|4.0.1], CanonicalType[http://hl7.org/fhir/StructureDefinition/DeviceMetric|4.0.1], CanonicalType[http://hl7.org/fhir/StructureDefinition/Device|4.0.1]]}
","メディアの収集に使用されるデバイス。【詳細参照】","メディアの収集に使用されるデバイス。","病理では省略してよい。","","","","","","","","",,,,,"",,,,"Media.device",0,1,"","ele-1:すべてのFHIR要素は、@valueまたはchildrenを持っている必要があります。 {hasValue() or (children().count() > id.count())}
","participation[typeCode=DEV]","< 49062001 |Device|","424226004 |Using device|"
"Media.height","Media.height","","","",0,1,"","","Y","positiveInt {[]} {[]}
","画像の高さ（ピクセル単位）（写真/ビデオ）。【詳細参照】","画像の高さ（ピクセル単位）（写真/ビデオ）。","使用する場合は、画像の高さ（ピクセル単位）（写真）を指定する。","","","","","","","","",,,,,"",,,,"Media.height",0,1,"","ele-1:すべてのFHIR要素は、@valueまたはchildrenを持っている必要があります。 {hasValue() or (children().count() > id.count())}
",".outboundRelationship[typeCode=""COMP].target[classCode=""OBS"", moodCode=""EVN"",code=""<CODE>""].value","0028,0010"
"Media.width","Media.width","","","",0,1,"","","Y","positiveInt {[]} {[]}
","画像の幅（ピクセル単位）（写真/ビデオ）。【詳細参照】","画像の幅（ピクセル単位）（写真/ビデオ）。","使用する場合は、画像の幅（ピクセル単位）（写真）を指定する。","","","","","","","","",,,,,"",,,,"Media.width",0,1,"","ele-1:すべてのFHIR要素は、@valueまたはchildrenを持っている必要があります。 {hasValue() or (children().count() > id.count())}
",".outboundRelationship[typeCode=""COMP].target[classCode=""OBS"", moodCode=""EVN"",code=""<CODE>""].value","0028,0011"
"Media.frames","Media.frames","","","",0,1,"","","Y","positiveInt {[]} {[]}
","フレーム数。【詳細参照】","フレーム数。","病理では原則使用しない。","","","","","","","","",,,,,"",,,,"Media.frames",0,1,"","ele-1:すべてのFHIR要素は、@valueまたはchildrenを持っている必要があります。 {hasValue() or (children().count() > id.count())}
",".outboundRelationship[typeCode=""COMP].target[classCode=""OBS"", moodCode=""EVN"",code=""<CODE>""].value"
"Media.duration","Media.duration","","","",0,1,"","","Y","decimal {[]} {[]}
","ビデオ映像・音声向けの、秒単位の録画・記録時間。【詳細参照】","ビデオ映像・音声向けの、秒単位の録画・記録時間。","病理では原則使用しない。","","","","","","","","",,,,,"",,,,"Media.duration",0,1,"","ele-1:すべてのFHIR要素は、@valueまたはchildrenを持っている必要があります。 {hasValue() or (children().count() > id.count())}
",".outboundRelationship[typeCode=""COMP].target[classCode=""OBS"", moodCode=""EVN"",code=""<CODE>""].value","~0028,0002"
"Media.content","Media.content","","","",1,1,"","","Y","Attachment {[]} {[]}
","埋め込まれたメディアの実際のコンテンツ、またはメディアソースファイルへの直接参照。","埋め込まれたメディアの実際のコンテンツ、またはメディアソースファイルへの直接参照。","推奨コンテンツタイプ：image/jpeg、image/png、image/tiff、video/mpeg、audio/mp4、application/dicom。application/dicomには転送構文をパラメータとして含めることができます。時間をカバーするメディア（動画/音声）の場合、content.creationTimeは終了時間です。作成時間は追跡、バージョンの整理および検索に使用されます。","","","","","","","","",,,,,"",,,,"Media.content",1,1,"","ele-1:すべてのFHIR要素は、@valueまたはchildrenを持っている必要があります。 {hasValue() or (children().count() > id.count())}
",".text"
"Media.note","Media.note","","","",0,*,"","","","Annotation {[]} {[]}
","メディアについてのコメント。","メディアについてのコメント。","観察、結論などに使用しないでください。代わりに、Media/ImagingStudyリソースに基づく[観察]を使用してください。","","","","","","","","",,,,,"",,,,"Media.note",0,*,"","ele-1:すべてのFHIR要素は、@valueまたはchildrenを持っている必要があります。 {hasValue() or (children().count() > id.count())}
","Event.note",".inboundRelationship(typeCode=SUBJ].source[classCode=ANNGEN, moodCode=EVN].value[xsi:type=ST]","NTE"
