{"resourceType":"ValueSet","id":"jp-medication-code-hot13-vs","text":{"status":"generated","div":"<div xmlns=\"http://www.w3.org/1999/xhtml\"><ul><li>Include all codes defined in <a href=\"CodeSystem-jp-medicationcode-hot13-cs.html\"><code>http://jpfhir.jp/fhir/Common/CodeSystem/JP_MedicationCodeHOT13_CS</code></a></li></ul></div>"},"url":"http://jpfhir.jp/fhir/Common/ValueSet/JP_MedicationCodeHOT13_VS","version":"1.1.0a","name":"JP_MedicationCodeHOT13_VS","title":"JP Core Medication HOT13 ValueSet","status":"draft","date":"2022-09-05T04:16:20+00:00","publisher":"FHIR Japanese implementation research working group in Japan Association of Medical Informatics (JAMI)","contact":[{"name":"FHIR Japanese implementation research working group in Japan Association of Medical Informatics (JAMI)","telecom":[{"system":"url","value":"http://jpfhir.jp"},{"system":"email","value":"office@hlfhir.jp"}]}],"description":"医薬品HOT13コードの値セット","jurisdiction":[{"coding":[{"system":"urn:iso:std:iso:3166","code":"JP"}]}],"copyright":"FHIR Japanese implementation research working group in Japan Association of Medical Informatics (JAMI)","compose":{"include":[{"system":"http://jpfhir.jp/fhir/Common/CodeSystem/JP_MedicationCodeHOT13_CS"}]}}