<?xml version="1.0" encoding="UTF-8"?><ValueSet xmlns="http://hl7.org/fhir"><id value="jp-observation-physicalexam-method-vs"/><text><status value="generated"/><div xmlns="http://www.w3.org/1999/xhtml"><ul><li>Include all codes defined in <a href="CodeSystem-jp-observation-physicalexam-method-cs.html"><code>http://jpfhir.jp/fhir/Common/CodeSystem/JP_ObservationPhysicalExamMethod_CS</code></a></li></ul></div></text><url value="http://jpfhir.jp/fhir/Common/ValueSet/JP_ObservationPhysicalExamMethod_VS"/><version value="1.1.0a"/><name value="JP_ObservationPhysicalExamMethod_VS"/><title value="JP Core Observation PhysicalExam Method ValueSet"/><status value="draft"/><date value="2022-08-30T13:07:04+00:00"/><publisher value="FHIR Japanese implementation research working group in Japan Association of Medical Informatics (JAMI)"/><contact><name value="FHIR Japanese implementation research working group in Japan Association of Medical Informatics (JAMI)"/><telecom><system value="url"/><value value="http://jpfhir.jp"/></telecom><telecom><system value="email"/><value value="office@hlfhir.jp"/></telecom></contact><description value="Observation（身体所見）で使用する診察方法のコード"/><jurisdiction><coding><system value="urn:iso:std:iso:3166"/><code value="JP"/></coding></jurisdiction><copyright value="FHIR Japanese implementation research working group in Japan Association of Medical Informatics (JAMI)"/><compose><include><system value="http://jpfhir.jp/fhir/Common/CodeSystem/JP_ObservationPhysicalExamMethod_CS"/></include></compose></ValueSet>