"Id","Path","Slice Name","Alias(s)","Label","Min","Max","Must Support?","Is Modifier?","Is Summary?","Type(s)","Short","Definition","Comments","Requirements","Default Value","Meaning When Missing","Fixed Value","Pattern","Example","Minimum Value","Maximum Value","Maximum Length","Binding Strength","Binding Description","Binding Value Set","Code","Slicing Discriminator","Slicing Description","Slicing Ordered","Slicing Rules","Base Path","Base Min","Base Max","Condition(s)","Constraint(s)","Mapping: Workflow Pattern","Mapping: HL7 v2 Mapping","Mapping: RIM Mapping","Mapping: FiveWs Pattern Mapping"
"FamilyMemberHistory","FamilyMemberHistory","","","",0,*,"","","","null {[]} {[]}
","Information about patient's relatives, relevant for patient. 患者の家族に関する情報のうち、患者に関連する情報（家族歴）","Significant health conditions for a person related to the patient relevant in the context of care for the patient.
患者の診療に関連する、患者家族の疾患に関する情報。","","","","","","","","","",,,,,"",,,,"FamilyMemberHistory",0,*,"","dom-2:リソースが別のリソースに含まれている場合、ネストされたリソースを含めてはなりません / If the resource is contained in another resource, it SHALL NOT contain nested Resources {contained.contained.empty()}
dom-3:リソースが別のリソースに含まれている場合、それはリソースの他の場所から参照されるか、含有リソースを参照するものとします / If the resource is contained in another resource, it SHALL be referred to from elsewhere in the resource or SHALL refer to the containing resource {contained.where((('#'+id in (%resource.descendants().reference | %resource.descendants().as(canonical) | %resource.descendants().as(uri) | %resource.descendants().as(url))) or descendants().where(reference = '#').exists() or descendants().where(as(canonical) = '#').exists() or descendants().where(as(canonical) = '#').exists()).not()).trace('unmatched', id).empty()}dom-4:リソースが別のリソースに含まれている場合、meta.versionidまたはmeta.lastupdatedを持たないものとします / If a resource is contained in another resource, it SHALL NOT have a meta.versionId or a meta.lastUpdated {contained.meta.versionId.empty() and contained.meta.lastUpdated.empty()}dom-5:別のリソースにリソースが含まれている場合、セキュリティラベルはありません / If a resource is contained in another resource, it SHALL NOT have a security label {contained.meta.security.empty()}dom-6:リソースには、堅牢な管理のための叙述(Narative)が必要です / A resource should have narrative for robust management {text.`div`.exists()}fhs-1:年齢[x]または生まれ[x]を持つことができますが、両方ではありません / Can have age[x] or born[x], but not both {age.empty() or born.empty()}fhs-2:年齢[x]が存在する場合にのみ推定される可能性があります / Can only have estimatedAge if age[x] is present {age.exists() or estimatedAge.empty()}","Event","Not in scope for v2","Entity. Role, or Act","Observation[classCode=OBS, moodCode=EVN]"
"FamilyMemberHistory.id","FamilyMemberHistory.id","","","",0,1,"","","Y","id {[]} {[]}
","このアーティファクトの論理ID / Logical id of this artifact","リソースのURLで使用されるリソースの論理ID。割り当てられたら、この値は変更されません。 / The logical id of the resource, as used in the URL for the resource. Once assigned, this value never changes.","リソースにIDがないのは、IDが作成操作を使用してサーバーに送信されている場合です。 / The only time that a resource does not have an id is when it is being submitted to the server using a create operation.","","","","","","","","",,,,,"",,,,"Resource.id",0,1,"",""
"FamilyMemberHistory.meta","FamilyMemberHistory.meta","","","",0,1,"","","Y","Meta {[]} {[]}
","リソースに関するメタデータ / Metadata about the resource","リソースに関するメタデータ。これは、インフラストラクチャによって維持されるコンテンツです。コンテンツの変更は、常にリソースのバージョンの変更に関連付けられているとは限りません。 / The metadata about the resource. This is content that is maintained by the infrastructure. Changes to the content might not always be associated with version changes to the resource.","","","","","","","","","",,,,,"",,,,"Resource.meta",0,1,"","ele-1:すべてのFHIR要素には、@valueまたは子供が必要です / All FHIR elements must have a @value or children {hasValue() or (children().count() > id.count())}
"
"FamilyMemberHistory.implicitRules","FamilyMemberHistory.implicitRules","","","",0,1,"","Y","Y","uri {[]} {[]}
","このコンテンツが作成されたルールのセット / A set of rules under which this content was created","リソースが構築されたときに従った一連のルールへの参照。コンテンツの処理時に理解する必要があります。多くの場合、これは他のプロファイルなどとともに特別なルールを定義する実装ガイドへの参照です。 / A reference to a set of rules that were followed when the resource was constructed, and which must be understood when processing the content. Often, this is a reference to an implementation guide that defines the special rules along with other profiles etc.","このルールセットを主張することは、コンテンツが限られた取引パートナーのセットによってのみ理解されることを制限します。これにより、本質的に長期的にデータの有用性が制限されます。ただし、既存の健康エコシステムは非常に破壊されており、一般的に計算可能な意味でデータを定義、収集、交換する準備ができていません。可能な限り、実装者や仕様ライターはこの要素の使用を避ける必要があります。多くの場合、使用する場合、URLは、これらの特別なルールを他のプロファイル、バリューセットなどとともに叙述(Narative)の一部として定義する実装ガイドへの参照です。 / Asserting this rule set restricts the content to be only understood by a limited set of trading partners. This inherently limits the usefulness of the data in the long term. However, the existing health eco-system is highly fractured, and not yet ready to define, collect, and exchange data in a generally computable sense. Wherever possible, implementers and/or specification writers should avoid using this element. Often, when used, the URL is a reference to an implementation guide that defines these special rules as part of it's narrative along with other profiles, value sets, etc.","","","","","","","","",,,,,"",,,,"Resource.implicitRules",0,1,"","ele-1:すべてのFHIR要素には、@valueまたは子供が必要です / All FHIR elements must have a @value or children {hasValue() or (children().count() > id.count())}
"
"FamilyMemberHistory.language","FamilyMemberHistory.language","","","",0,1,"","","","code {[]} {[]}
","リソースコンテンツの言語 / Language of the resource content","リソースが書かれている基本言語。 / The base language in which the resource is written.","言語は、インデックス作成とアクセシビリティをサポートするために提供されます（通常、テキストから音声までのサービスなどのサービスが言語タグを使用します）。叙述(Narative)のHTML言語タグは、叙述(Narative)に適用されます。リソース上の言語タグを使用して、リソース内のデータから生成された他のプレゼンテーションの言語を指定できます。すべてのコンテンツが基本言語である必要はありません。リソース。言語は、叙述(Narative)に自動的に適用されると想定されるべきではありません。言語が指定されている場合、HTMLのDIV要素にも指定されている場合（XML：LangとHTML Lang属性の関係については、HTML5のルールを参照してください）。 / Language is provided to support indexing and accessibility (typically, services such as text to speech use the language tag). The html language tag in the narrative applies  to the narrative. The language tag on the resource may be used to specify the language of other presentations generated from the data in the resource. Not all the content has to be in the base language. The Resource.language should not be assumed to apply to the narrative automatically. If a language is specified, it should it also be specified on the div element in the html (see rules in HTML5 for information about the relationship between xml:lang and the html lang attribute).","","","","","","","","",,"preferred","人間の言語。 / A human language.","http://hl7.org/fhir/ValueSet/languages","",,,,"Resource.language",0,1,"","ele-1:すべてのFHIR要素には、@valueまたは子供が必要です / All FHIR elements must have a @value or children {hasValue() or (children().count() > id.count())}
"
"FamilyMemberHistory.text","FamilyMemberHistory.text","","narrative
htmlxhtmldisplay","",0,1,"","","","Narrative {[]} {[]}
","人間の解釈のためのリソースのテキスト概要 / Text summary of the resource, for human interpretation","リソースの概要を含み、人間へのリソースの内容を表すために使用できる人間の読み取り可能な叙述(Narative)。叙述(Narative)はすべての構造化されたデータをエンコードする必要はありませんが、人間が叙述(Narative)を読むだけで「臨床的に安全」にするために十分な詳細を含める必要があります。リソースの定義は、臨床的安全を確保するために、叙述(Narative)で表現するコンテンツを定義する場合があります。 / A human-readable narrative that contains a summary of the resource and can be used to represent the content of the resource to a human. The narrative need not encode all the structured data, but is required to contain sufficient detail to make it ""clinically safe"" for a human to just read the narrative. Resource definitions may define what content should be represented in the narrative to ensure clinical safety.","含まれるリソースには叙述(Narative)がありません。含まれていないリソースには叙述(Narative)が必要です。場合によっては、リソースには、追加の個別のデータがほとんどまたはまったくないテキストのみがあります（すべてのMinoccur = 1要素が満たされている限り）。これは、情報がtext blob (バイナリー ラージ オブジェクト)としてキャプチャされるレガシーシステムからのデータ、またはテキストが生またはナレーションされ、エンコードされた情報が後で追加される場合に必要になる場合があります。 / Contained resources do not have narrative. Resources that are not contained SHOULD have a narrative. In some cases, a resource may only have text with little or no additional discrete data (as long as all minOccurs=1 elements are satisfied).  This may be necessary for data from legacy systems where information is captured as a ""text blob"" or where text is additionally entered raw or narrated and encoded information is added later.","","","","","","","","",,,,,"",,,,"DomainResource.text",0,1,"","ele-1:すべてのFHIR要素には、@valueまたは子供が必要です / All FHIR elements must have a @value or children {hasValue() or (children().count() > id.count())}
","Act.text?"
"FamilyMemberHistory.contained","FamilyMemberHistory.contained","","inline resources
anonymous resourcescontained resources","",0,*,"","","","Resource {[]} {[]}
","インラインリソースが含まれています / Contained, inline Resources","これらのリソースには、それらを含むリソースを除いて独立した存在はありません - 独立して特定することはできず、独自の独立したトランザクションスコープを持つこともできません。 / These resources do not have an independent existence apart from the resource that contains them - they cannot be identified independently, and nor can they have their own independent transaction scope.","識別が失われると、コンテンツを適切に識別できる場合は、これを行うべきではありません。含まれるリソースには、メタ要素にプロファイルとタグがある場合がありますが、セキュリティラベルはありません。 / This should never be done when the content can be identified properly, as once identification is lost, it is extremely difficult (and context dependent) to restore it again. Contained resources may have profiles and tags In their meta elements, but SHALL NOT have security labels.","","","","","","","","",,,,,"",,,,"DomainResource.contained",0,*,"","","N/A"
"FamilyMemberHistory.extension","FamilyMemberHistory.extension","","extensions
user content","",0,*,"","","","Extension {[]} {[]}
","実装で定義された追加のコンテンツ / Additional content defined by implementations","リソースの基本的な定義の一部ではない追加情報を表すために使用できます。拡張機能を安全で管理しやすくするために、拡張機能の定義と使用に適用される厳格なガバナンスセットがあります。実装者は拡張機能を定義できますが、拡張機能の定義の一部として満たされる一連の要件があります。 / May be used to represent additional information that is not part of the basic definition of the resource. To make the use of extensions safe and manageable, there is a strict set of governance  applied to the definition and use of extensions. Though any implementer can define an extension, there is a set of requirements that SHALL be met as part of the definition of the extension.","拡張機能を使用または定義する機関や管轄権に関係なく、アプリケーション、プロジェクト、または標準による拡張機能の使用に関連するスティグマはありません。拡張機能の使用は、FHIR仕様がすべての人にコアレベルのシンプルさを保持できるようにするものです。 / There can be no stigma associated with the use of extensions by any application, project, or standard - regardless of the institution or jurisdiction that uses or defines the extensions.  The use of extensions is what allows the FHIR specification to retain a core level of simplicity for everyone.","","","","","","","","",,,,,"",,,,"DomainResource.extension",0,*,"","ele-1:すべてのFHIR要素には、@valueまたは子供が必要です / All FHIR elements must have a @value or children {hasValue() or (children().count() > id.count())}
ext-1:両方ではなく、拡張または値[x]が必要です / Must have either extensions or value[x], not both {extension.exists() != value.exists()}","N/A"
"FamilyMemberHistory.modifierExtension","FamilyMemberHistory.modifierExtension","","extensions
user content","",0,*,"","Y","","Extension {[]} {[]}
","無視できない拡張機能 / Extensions that cannot be ignored","リソースの基本的な定義の一部ではなく、それを含む要素の理解および/または含有要素の子孫の理解を変更するために使用される場合があります。通常、修飾子要素は否定または資格を提供します。拡張機能を安全で管理しやすくするために、拡張機能の定義と使用に適用される厳格なガバナンスセットがあります。実装者は拡張機能を定義することが許可されていますが、拡張機能の定義の一部として満たされる一連の要件があります。アプリケーションの処理リソースは、修飾子拡張機能をチェックする必要があります。

モディファイア拡張は、リソースまたはdomainResource上の要素の意味を変更してはなりません（修飾軸自体の意味を変更することはできません）。 / May be used to represent additional information that is not part of the basic definition of the resource and that modifies the understanding of the element that contains it and/or the understanding of the containing element's descendants. Usually modifier elements provide negation or qualification. To make the use of extensions safe and manageable, there is a strict set of governance applied to the definition and use of extensions. Though any implementer is allowed to define an extension, there is a set of requirements that SHALL be met as part of the definition of the extension. Applications processing a resource are required to check for modifier extensions.

Modifier extensions SHALL NOT change the meaning of any elements on Resource or DomainResource (including cannot change the meaning of modifierExtension itself).","拡張機能を使用または定義する機関や管轄権に関係なく、アプリケーション、プロジェクト、または標準による拡張機能の使用に関連するスティグマはありません。拡張機能の使用は、FHIR仕様がすべての人にコアレベルのシンプルさを保持できるようにするものです。 / There can be no stigma associated with the use of extensions by any application, project, or standard - regardless of the institution or jurisdiction that uses or defines the extensions.  The use of extensions is what allows the FHIR specification to retain a core level of simplicity for everyone.","修飾子拡張機能により、安全に無視できる大部分の拡張機能と明確に区別できるように、安全に無視できない拡張機能が可能になります。これにより、実装者が拡張の存在を禁止する必要性を排除することにより、相互運用性が促進されます。詳細については、[修飾子拡張の定義]（拡張性.html＃modifierextension）を参照してください。 / Modifier extensions allow for extensions that *cannot* be safely ignored to be clearly distinguished from the vast majority of extensions which can be safely ignored.  This promotes interoperability by eliminating the need for implementers to prohibit the presence of extensions. For further information, see the [definition of modifier extensions](http://hl7.org/fhir/R4/extensibility.html#modifierExtension).","","","","","","","",,,,,"",,,,"DomainResource.modifierExtension",0,*,"","ele-1:すべてのFHIR要素には、@valueまたは子供が必要です / All FHIR elements must have a @value or children {hasValue() or (children().count() > id.count())}
ext-1:両方ではなく、拡張または値[x]が必要です / Must have either extensions or value[x], not both {extension.exists() != value.exists()}","N/A"
"FamilyMemberHistory.identifier","FamilyMemberHistory.identifier","","","",0,*,"","","Y","Identifier {[]} {[]}
","このレコードの外部ID / External Id(s) for this record","リソースが更新され、サーバーからサーバーに伝播するにつれて一定のままであるパフォーマーまたはその他のシステムによってこの家族の歴史に割り当てられたビジネス識別子。 / Business identifiers assigned to this family member history by the performer or other systems which remain constant as the resource is updated and propagates from server to server.","これはビジネス識別子であり、リソース識別子ではありません（[ディスカッション]（Resource.html＃識別子を参照））。識別子が単一のリソースインスタンスにのみ表示することがベストプラクティスですが、ビジネス慣行は、同じ識別子を持つ複数のリソースインスタンスが存在する可能性があることを時々決定する場合があります。たとえば、複数の患者と個人のリソースインスタンスは、同じ社会保険番号を共有する場合があります。 / This is a business identifier, not a resource identifier (see [discussion](http://hl7.org/fhir/R4/resource.html#identifiers)).  It is best practice for the identifier to only appear on a single resource instance, however business practices may occasionally dictate that multiple resource instances with the same identifier can exist - possibly even with different resource types.  For example, multiple Patient and a Person resource instance might share the same social insurance number.","さまざまな参加システムで知られており、サーバー全体で一貫性を保っている方法で、家族の歴史を特定できます。 / Allows identification of the family member history as it is known by various participating systems and in a way that remains consistent across servers.","","","","","","","",,,,,"",,,,"FamilyMemberHistory.identifier",0,*,"","ele-1:すべてのFHIR要素には、@valueまたは子供が必要です / All FHIR elements must have a @value or children {hasValue() or (children().count() > id.count())}
","Event.identifier","id","FiveWs.identifier"
"FamilyMemberHistory.instantiatesCanonical","FamilyMemberHistory.instantiatesCanonical","","","",0,*,"","","Y","canonical {[]} {[CanonicalType[http://hl7.org/fhir/StructureDefinition/PlanDefinition], CanonicalType[http://hl7.org/fhir/StructureDefinition/Questionnaire], CanonicalType[http://hl7.org/fhir/StructureDefinition/ActivityDefinition], CanonicalType[http://hl7.org/fhir/StructureDefinition/Measure], CanonicalType[http://hl7.org/fhir/StructureDefinition/OperationDefinition]]}
","FHIRプロトコルまたは定義をインスタンス化します / Instantiates FHIR protocol or definition","FHIR定義のプロトコル、ガイドライン、オーダーセット、またはこの家族の歴史が一部または部分的に順守されているその他の定義を指しているURL。 / The URL pointing to a FHIR-defined protocol, guideline, orderset or other definition that is adhered to in whole or in part by this FamilyMemberHistory.","","","","","","","","","",,,,,"",,,,"FamilyMemberHistory.instantiatesCanonical",0,*,"","ele-1:すべてのFHIR要素には、@valueまたは子供が必要です / All FHIR elements must have a @value or children {hasValue() or (children().count() > id.count())}
","Event.instantiatesCanonical",".outboundRelationship[typeCode=DEFN].target"
"FamilyMemberHistory.instantiatesUri","FamilyMemberHistory.instantiatesUri","","","",0,*,"","","Y","uri {[]} {[]}
","外部プロトコルまたは定義をインスタンス化します / Instantiates external protocol or definition","URLは、外部からメンテナンスされたプロトコル、ガイドライン、オーダーセット、またはこのファミリーメンバー史によって全体または一部が順守されているその他の定義を指しています。 / The URL pointing to an externally maintained protocol, guideline, orderset or other definition that is adhered to in whole or in part by this FamilyMemberHistory.","これは、HTMLページ、PDFなどである可能性があるか、単に解決できないURI識別子である可能性があります。 / This might be an HTML page, PDF, etc. or could just be a non-resolvable URI identifier.","","","","","","","","",,,,,"",,,,"FamilyMemberHistory.instantiatesUri",0,*,"","ele-1:すべてのFHIR要素には、@valueまたは子供が必要です / All FHIR elements must have a @value or children {hasValue() or (children().count() > id.count())}
","Event.instantiatesUri",".outboundRelationship[typeCode=DEFN].target"
"FamilyMemberHistory.status","FamilyMemberHistory.status","","","",1,1,"","Y","Y","code {[]} {[]}
","部分的|完了|エラーに入った|健康と知られていない / partial | completed | entered-in-error | health-unknown","特定の家族の家族歴史の記録のステータスを指定するコード。 / A code specifying the status of the record of the family history of a specific family member.","この要素は、リソースを現在有効ではないとマークするコードが含まれているため、修飾子としてラベル付けされています。 / This element is labeled as a modifier because the status contains codes that mark the resource as not currently valid.","","","","","","","","",,"required","家族歴史記録のステータスを識別するコード。 / A code that identifies the status of the family history record.","http://hl7.org/fhir/ValueSet/history-status|4.0.1","",,,,"FamilyMemberHistory.status",1,1,"","ele-1:すべてのFHIR要素には、@valueまたは子供が必要です / All FHIR elements must have a @value or children {hasValue() or (children().count() > id.count())}
","Event.status","FiveWs.status"
"FamilyMemberHistory.dataAbsentReason","FamilyMemberHistory.dataAbsentReason","","","",0,1,"","","Y","CodeableConcept {[]} {[]}
","サブジェクト未知の|差し控え|観察できない|延期 / subject-unknown | withheld | unable-to-obtain | deferred","家族の歴史が利用できない理由を説明しています。 / Describes why the family member's history is not available.","","これは、ReasonCodeから明確なバインディングを可能にするための別の要素です。 / This is a separate element to allow it to have a distinct binding from reasonCode.","","","","","","","",,"example","家族の歴史が利用できない理由を説明するコード。 / Codes describing the reason why a family member's history is not available.","http://hl7.org/fhir/ValueSet/history-absent-reason","",,,,"FamilyMemberHistory.dataAbsentReason",0,1,"","ele-1:すべてのFHIR要素には、@valueまたは子供が必要です / All FHIR elements must have a @value or children {hasValue() or (children().count() > id.count())}
",".reasonCode"
"FamilyMemberHistory.patient","FamilyMemberHistory.patient","","Proband
","",1,1,"","","Y","Reference {[]} {[CanonicalType[http://jpfhir.jp/fhir/core/StructureDefinition/JP_Patient]]}
","患者の歴史はについてです / Patient history is about","この歴史が関係する人。 / The person who this history concerns.","","","","","","","","","",,,,,"",,,,"FamilyMemberHistory.patient",1,1,"","ele-1:すべてのFHIR要素には、@valueまたは子供が必要です / All FHIR elements must have a @value or children {hasValue() or (children().count() > id.count())}
","Event.subject","participation[typeCode=SBJ].role","FiveWs.subject[x]","FiveWs.subject"
"FamilyMemberHistory.date","FamilyMemberHistory.date","","","",0,1,"","","Y","dateTime {[]} {[]}
","履歴が記録されたとき、または最後に更新されたとき / When history was recorded or last updated","家族の歴史が記録または最後に更新された日付（および時刻）。 / The date (and possibly time) when the family member history was recorded or last updated.","これは、完全な家族歴を集約するリストの日付と同じであってもキャプチャする必要があります。 / This should be captured even if the same as the date on the List aggregating the full family history.","概要がどのように電流であるかを判断できます。 / Allows determination of how current the summary is.","","","","","","","",,,,,"",,,,"FamilyMemberHistory.date",0,1,"","ele-1:すべてのFHIR要素には、@valueまたは子供が必要です / All FHIR elements must have a @value or children {hasValue() or (children().count() > id.count())}
","participation[typeCode=AUT].time","FiveWs.recorded"
"FamilyMemberHistory.name","FamilyMemberHistory.name","","","",0,1,"","","Y","string {[]} {[]}
","家族が説明した / The family member described","これは名前または説明のいずれかです。例えば「スーザンおばさん」、「赤い髪のいとこ」。 / This will either be a name or a description; e.g. ""Aunt Susan"", ""my cousin with the red hair"".","","同じ人が話されていることを確実にするために、より容易になります。 / Allows greater ease in ensuring the same person is being talked about.","","","","","","","",,,,,"",,,,"FamilyMemberHistory.name",0,1,"","ele-1:すべてのFHIR要素には、@valueまたは子供が必要です / All FHIR elements must have a @value or children {hasValue() or (children().count() > id.count())}
","name"
"FamilyMemberHistory.relationship","FamilyMemberHistory.relationship","","","",1,1,"","","Y","CodeableConcept {[]} {[]}
","主題との関係 / Relationship to the subject","この人が患者（父、母、兄弟など）との関係のタイプ。 / The type of relationship this person has to the patient (father, mother, brother etc.).","","","","","","","","","",,"example","","http://jpfhir.jp/fhir/core/CodeSystem/JP_FamilyMember_VS","",,,,"FamilyMemberHistory.relationship",1,1,"","ele-1:すべてのFHIR要素には、@valueまたは子供が必要です / All FHIR elements must have a @value or children {hasValue() or (children().count() > id.count())}
","code"
"FamilyMemberHistory.sex","FamilyMemberHistory.sex","","","",0,1,"","","Y","CodeableConcept {[]} {[]}
","男性|女性|その他|わからない / male | female | other | unknown","家族の出生セックス。 / The birth sex of the family member.","この要素は、個人が遺伝的に男性か女性かを理想的に反映する必要があります。ただし、患者の知識または友人/親relativeの報告に基づいた報告された情報は、報告された性別が完全に正確ではない状況があるかもしれません。例えば。「スーおばさん」はxxではなくxyかもしれません。この情報を求める質問は、知られている場合の遺伝的性別の捕獲を促進するために表現されるべきです。ただし、分析を実行するシステムは、この要素との不正確さの可能性も可能にする必要があります。 / This element should ideally reflect whether the individual is genetically male or female.  However, as reported information based on the knowledge of the patient or reporting friend/relative, there may be situations where the reported sex might not be totally accurate.  E.g. 'Aunt Sue' might be XY rather than XX.  Questions soliciting this information should be phrased to encourage capture of genetic sex where known.  However, systems performing analysis should also allow for the possibility of imprecision with this element.","すべての関係コードが性別を意味するわけではなく、親relativeの性別がリスク評価に関連する可能性があります。 / Not all relationship codes imply sex and the relative's sex can be relevant for risk assessments.","","","","","","","",,"extensible","出生登録に文書化された出生時に割り当てられた性別を説明するコード。 / Codes describing the sex assigned at birth as documented on the birth registration.","http://hl7.org/fhir/ValueSet/administrative-gender","",,,,"FamilyMemberHistory.sex",0,1,"","ele-1:すべてのFHIR要素には、@valueまたは子供が必要です / All FHIR elements must have a @value or children {hasValue() or (children().count() > id.count())}
"
"FamilyMemberHistory.born[x]","FamilyMemberHistory.born[x]","","","",0,1,"","","","Period {[]} {[]}
date {[]} {[]}string {[]} {[]}","（おおよそ）生年月日 / (approximate) date of birth","親relativeの実際のまたは近似日。 / The actual or approximate date of birth of the relative.","","親relativeの年齢の計算を可能にします。 / Allows calculation of the relative's age.","","","","","","","",,,,,"",,,,"FamilyMemberHistory.born[x]",0,1,"fhs-1
","ele-1:すべてのFHIR要素には、@valueまたは子供が必要です / All FHIR elements must have a @value or children {hasValue() or (children().count() > id.count())}
","player[classCode=LIV, determinerCode=INSTANCE]. birthDate (could be URG)"
"FamilyMemberHistory.age[x]","FamilyMemberHistory.age[x]","","","",0,1,"","","Y","Age {[]} {[]}
Range {[]} {[]}string {[]} {[]}","（おおよそ）年齢 / (approximate) age","家族の歴史が記録された時点での親relativeの年齢。 / The age of the relative at the time the family member history is recorded.","推定値を使用して、年齢が実際のかどうかを示します。 / use estimatedAge to indicate whether the age is actual or not.","年齢は生年月日から計算できますが、時々直接記録することは臨床医にとってより自然です。 / While age can be calculated from date of birth, sometimes recording age directly is more natural for clinicians.","","","","","","","",,,,,"",,,,"FamilyMemberHistory.age[x]",0,1,"fhs-1
","ele-1:すべてのFHIR要素には、@valueまたは子供が必要です / All FHIR elements must have a @value or children {hasValue() or (children().count() > id.count())}
","participation[typeCode=SBJ].act[classCode=OBS,moodCode=EVN, code=""age""].value"
"FamilyMemberHistory.estimatedAge","FamilyMemberHistory.estimatedAge","","","",0,1,"","","Y","boolean {[]} {[]}
","年齢は推定されていますか？ / Age is estimated?","真である場合、指定された年齢値が推定値であることを示します。 / If true, indicates that the age value specified is an estimated value.","この要素は、年齢が推定されるという事実が、指定された年齢に基づいて計算するアルゴリズムの結果を変更できる/変更できるため、修飾子としてラベル付けされています。 / This element is labeled as a modifier because the fact that age is estimated can/should change the results of any algorithm that calculates based on the specified age.","臨床医は、多くの場合、年齢範囲ではなく推定年齢を指定することを好みます。 / Clinicians often prefer to specify an estimaged age rather than an age range.","","年齢が推定であるかどうかは不明です / It is unknown whether the age is an estimate or not","","","","","",,,,,"",,,,"FamilyMemberHistory.estimatedAge",0,1,"fhs-2
","ele-1:すべてのFHIR要素には、@valueまたは子供が必要です / All FHIR elements must have a @value or children {hasValue() or (children().count() > id.count())}
"
"FamilyMemberHistory.deceased[x]","FamilyMemberHistory.deceased[x]","","","",0,1,"","","Y","boolean {[]} {[]}
Age {[]} {[]}Range {[]} {[]}date {[]} {[]}string {[]} {[]}","死？何歳/いつ？ / Dead? How old/when?","亡くなった旗または家族の歴史記録の死亡時の親relativeの実際のまたは近似年齢。 / Deceased flag or the actual or approximate age of the relative at the time of death for the family member history record.","","","","","","","","","",,,,,"",,,,"FamilyMemberHistory.deceased[x]",0,1,"","ele-1:すべてのFHIR要素には、@valueまたは子供が必要です / All FHIR elements must have a @value or children {hasValue() or (children().count() > id.count())}
","player[classCode=LIV, determinerCode=INSTANCE].deceasedInd, deceasedDate (could be URG)  For age, you'd hang an observation off the role"
"FamilyMemberHistory.reasonCode","FamilyMemberHistory.reasonCode","","","",0,*,"","","Y","CodeableConcept {[]} {[]}
","なぜ家族の歴史が演奏されたのですか？ / Why was family member history performed?","家族の歴史がコーディングされた形式またはテキスト形式で発生した理由について説明します。 / Describes why the family member history occurred in coded or textual form.","テキストの理由は、ReasonCode.textを使用してキャプチャできます。 / Textual reasons can be captured using reasonCode.text.","","","","","","","","",,"example","家族の歴史が行われた理由を示すコード。 / Codes indicating why the family member history was done.","http://hl7.org/fhir/ValueSet/clinical-findings","",,,,"FamilyMemberHistory.reasonCode",0,*,"","ele-1:すべてのFHIR要素には、@valueまたは子供が必要です / All FHIR elements must have a @value or children {hasValue() or (children().count() > id.count())}
","Event.reasonCode",".reasonCode","FiveWs.why[x]"
"FamilyMemberHistory.reasonReference","FamilyMemberHistory.reasonReference","","","",0,*,"","","Y","Reference {[]} {[CanonicalType[http://hl7.org/fhir/StructureDefinition/QuestionnaireResponse], CanonicalType[http://hl7.org/fhir/StructureDefinition/DocumentReference], CanonicalType[http://jpfhir.jp/fhir/core/StructureDefinition/JP_AllergyIntolerance], CanonicalType[http://jpfhir.jp/fhir/core/StructureDefinition/JP_Condition], CanonicalType[http://jpfhir.jp/fhir/core/StructureDefinition/JP_Observation_Common], CanonicalType[http://jpfhir.jp/fhir/core/StructureDefinition/JP_DiagnosticReport_Common]]}
","なぜ家族の歴史が演奏されたのですか？ / Why was family member history performed?","この家族の歴史イベントを正当化する条件、観察、アレルギーへの耐性、またはアンケートのサンキアが示すことを示します。 / Indicates a Condition, Observation, AllergyIntolerance, or QuestionnaireResponse that justifies this family member history event.","","","","","","","","","",,,,,"",,,,"FamilyMemberHistory.reasonReference",0,*,"","ele-1:すべてのFHIR要素には、@valueまたは子供が必要です / All FHIR elements must have a @value or children {hasValue() or (children().count() > id.count())}
","Event.reasonReference",".outboundRelationship[typeCode=RSON].target","FiveWs.why[x]"
"FamilyMemberHistory.note","FamilyMemberHistory.note","","","",0,*,"","","","Annotation {[]} {[]}
","関連者についての一般的なメモ / General note about related person","このプロパティは、関連者について作成されたものに条件固有のノートを許可します。理想的には、メモは条件プロパティにありますが、これは常に可能ではありません。 / This property allows a non condition-specific note to the made about the related person. Ideally, the note would be in the condition property, but this is not always possible.","","","","","","","","","",,,,,"",,,,"FamilyMemberHistory.note",0,*,"","ele-1:すべてのFHIR要素には、@valueまたは子供が必要です / All FHIR elements must have a @value or children {hasValue() or (children().count() > id.count())}
","Event.note","inboundRelationship[typeCode=SUBJ].source[classCode=OBS, moodCode=EVN, code=ActCode#ANNGEN].value"
"FamilyMemberHistory.condition","FamilyMemberHistory.condition","","","",0,*,"","","","BackboneElement {[]} {[]}
","関連者が持っていた状態 / Condition that the related person had","家族が持っていた重要な条件（または状態）。これは、システムがリソースごとに複数の条件を表すことを可能にする繰り返しセクションですが、複数のリソースを停止するものは何もありません - 条件ごとに1つはありません。 / The significant Conditions (or condition) that the family member had. This is a repeating section to allow a system to represent more than one condition per resource, though there is nothing stopping multiple resources - one per condition.","","","","","","","","","",,,,,"",,,,"FamilyMemberHistory.condition",0,*,"","ele-1:すべてのFHIR要素には、@valueまたは子供が必要です / All FHIR elements must have a @value or children {hasValue() or (children().count() > id.count())}
","inboundRelationship[typeCode=SUBJ].source[classCode=OBS, moodCode=EVN, code=ActCode#ASSERTION, value<Diagnosis]"
"FamilyMemberHistory.condition.id","FamilyMemberHistory.condition.id","","","",0,1,"","","","string {[]} {[]}
","要素間参照のための一意のID / Unique id for inter-element referencing","リソース内の要素の一意のID（内部参照用）。これは、スペースを含まない文字列値である場合があります。 / Unique id for the element within a resource (for internal references). This may be any string value that does not contain spaces.","","","","","","","","","",,,,,"",,,,"Element.id",0,1,"","","n/a"
"FamilyMemberHistory.condition.extension","FamilyMemberHistory.condition.extension","","extensions
user content","",0,*,"","","","Extension {[]} {[]}
","実装で定義された追加のコンテンツ / Additional content defined by implementations","要素の基本的な定義の一部ではない追加情報を表すために使用できます。拡張機能を安全で管理しやすくするために、拡張機能の定義と使用に適用される厳格なガバナンスセットがあります。実装者は拡張機能を定義できますが、拡張機能の定義の一部として満たされる一連の要件があります。 / May be used to represent additional information that is not part of the basic definition of the element. To make the use of extensions safe and manageable, there is a strict set of governance  applied to the definition and use of extensions. Though any implementer can define an extension, there is a set of requirements that SHALL be met as part of the definition of the extension.","拡張機能を使用または定義する機関や管轄権に関係なく、アプリケーション、プロジェクト、または標準による拡張機能の使用に関連するスティグマはありません。拡張機能の使用は、FHIR仕様がすべての人にコアレベルのシンプルさを保持できるようにするものです。 / There can be no stigma associated with the use of extensions by any application, project, or standard - regardless of the institution or jurisdiction that uses or defines the extensions.  The use of extensions is what allows the FHIR specification to retain a core level of simplicity for everyone.","","","","","","","","",,,,,"",,,,"Element.extension",0,*,"","ele-1:すべてのFHIR要素には、@valueまたは子供が必要です / All FHIR elements must have a @value or children {hasValue() or (children().count() > id.count())}
ext-1:両方ではなく、拡張または値[x]が必要です / Must have either extensions or value[x], not both {extension.exists() != value.exists()}","n/a"
"FamilyMemberHistory.condition.modifierExtension","FamilyMemberHistory.condition.modifierExtension","","extensions
user contentmodifiers","",0,*,"","Y","Y","Extension {[]} {[]}
","認識されていなくても無視できない拡張機能 / Extensions that cannot be ignored even if unrecognized","要素の基本的な定義の一部ではなく、それが含まれている要素の理解、および/または含まれる要素の子孫の理解を変更するために使用される場合があります。通常、修飾子要素は否定または資格を提供します。拡張機能を安全で管理しやすくするために、拡張機能の定義と使用に適用される厳格なガバナンスセットがあります。実装者は拡張機能を定義できますが、拡張機能の定義の一部として満たされる一連の要件があります。アプリケーションの処理リソースは、修飾子拡張機能をチェックする必要があります。

モディファイア拡張は、リソースまたはdomainResource上の要素の意味を変更してはなりません（修飾軸自体の意味を変更することはできません）。 / May be used to represent additional information that is not part of the basic definition of the element and that modifies the understanding of the element in which it is contained and/or the understanding of the containing element's descendants. Usually modifier elements provide negation or qualification. To make the use of extensions safe and manageable, there is a strict set of governance applied to the definition and use of extensions. Though any implementer can define an extension, there is a set of requirements that SHALL be met as part of the definition of the extension. Applications processing a resource are required to check for modifier extensions.

Modifier extensions SHALL NOT change the meaning of any elements on Resource or DomainResource (including cannot change the meaning of modifierExtension itself).","拡張機能を使用または定義する機関や管轄権に関係なく、アプリケーション、プロジェクト、または標準による拡張機能の使用に関連するスティグマはありません。拡張機能の使用は、FHIR仕様がすべての人にコアレベルのシンプルさを保持できるようにするものです。 / There can be no stigma associated with the use of extensions by any application, project, or standard - regardless of the institution or jurisdiction that uses or defines the extensions.  The use of extensions is what allows the FHIR specification to retain a core level of simplicity for everyone.","修飾子拡張機能により、安全に無視できる大部分の拡張機能と明確に区別できるように、安全に無視できない拡張機能が可能になります。これにより、実装者が拡張の存在を禁止する必要性を排除することにより、相互運用性が促進されます。詳細については、[修飾子拡張の定義]（拡張性.html＃modifierextension）を参照してください。 / Modifier extensions allow for extensions that *cannot* be safely ignored to be clearly distinguished from the vast majority of extensions which can be safely ignored.  This promotes interoperability by eliminating the need for implementers to prohibit the presence of extensions. For further information, see the [definition of modifier extensions](http://hl7.org/fhir/R4/extensibility.html#modifierExtension).","","","","","","","",,,,,"",,,,"BackboneElement.modifierExtension",0,*,"","ele-1:すべてのFHIR要素には、@valueまたは子供が必要です / All FHIR elements must have a @value or children {hasValue() or (children().count() > id.count())}
ext-1:両方ではなく、拡張または値[x]が必要です / Must have either extensions or value[x], not both {extension.exists() != value.exists()}","N/A"
"FamilyMemberHistory.condition.code","FamilyMemberHistory.condition.code","","","",1,1,"","","","CodeableConcept {[]} {[]}
","関係が被る状態 / Condition suffered by relation","指定された実際の条件。コード化された状態（MIや糖尿病など）または、作成システムの状態と能力についてわかっている量に応じて、「がん」のような特定の文字列である可能性があります。 / The actual condition specified. Could be a coded condition (like MI or Diabetes) or a less specific string like 'cancer' depending on how much is known about the condition and the capabilities of the creating system.","","","","","","","","","",,"example","状態または診断の識別。 / Identification of the Condition or diagnosis.","http://hl7.org/fhir/ValueSet/condition-code","",,,,"FamilyMemberHistory.condition.code",1,1,"","ele-1:すべてのFHIR要素には、@valueまたは子供が必要です / All FHIR elements must have a @value or children {hasValue() or (children().count() > id.count())}
",".value"
"FamilyMemberHistory.condition.outcome","FamilyMemberHistory.condition.outcome","","","",0,1,"","","","CodeableConcept {[]} {[]}
","故人|永久障害|等 / deceased | permanent disability | etc.","状態に従って何が起こったかを示します。条件が死亡した場合、亡くなった日付が関係で捕らえられます。 / Indicates what happened following the condition.  If the condition resulted in death, deceased date is captured on the relation.","","","","","","","","","",,"example","患者の状態の結果。例えば死、永久障害、一時的な障害など。 / The result of the condition for the patient; e.g. death, permanent disability, temporary disability, etc.","http://hl7.org/fhir/ValueSet/condition-outcome","",,,,"FamilyMemberHistory.condition.outcome",0,1,"","ele-1:すべてのFHIR要素には、@valueまたは子供が必要です / All FHIR elements must have a @value or children {hasValue() or (children().count() > id.count())}
","outboundRelationship[typeCode=OUTC)].target[classCode=OBS, moodCode=EVN, code=ActCode#ASSERTION].value"
"FamilyMemberHistory.condition.contributedToDeath","FamilyMemberHistory.condition.contributedToDeath","","","",0,1,"","","","boolean {[]} {[]}
","状態が死因に貢献したかどうか / Whether the condition contributed to the cause of death","この状態は、関連者の死因に貢献しました。貢献したtodeathが埋め込まれていない場合、それは不明です。 / This condition contributed to the cause of death of the related person. If contributedToDeath is not populated, then it is unknown.","","","","","","","","","",,,,,"",,,,"FamilyMemberHistory.condition.contributedToDeath",0,1,"","ele-1:すべてのFHIR要素には、@valueまたは子供が必要です / All FHIR elements must have a @value or children {hasValue() or (children().count() > id.count())}
"
"FamilyMemberHistory.condition.onset[x]","FamilyMemberHistory.condition.onset[x]","","","",0,1,"","","","Age {[]} {[]}
Range {[]} {[]}Period {[]} {[]}string {[]} {[]}","条件が最初に現れたとき / When condition first manifested","発症年齢、おおよその年齢の範囲、または記述文字列のいずれかを記録できます。複数の発生がある条件の場合、これは最初の既知の発生を説明します。 / Either the age of onset, range of approximate age or descriptive string can be recorded.  For conditions with multiple occurrences, this describes the first known occurrence.","","親relativeの状態の発症年齢は、患者のリスクを予測します。 / Age of onset of a condition in relatives is predictive of risk for the patient.","","","","","","","",,,,,"",,,,"FamilyMemberHistory.condition.onset[x]",0,1,"","ele-1:すべてのFHIR要素には、@valueまたは子供が必要です / All FHIR elements must have a @value or children {hasValue() or (children().count() > id.count())}
","inboundRelationship[typeCode=SUBJ].source[classCode=OBS, moodCode=EVN, code=""Subject Age at measurement"", value<Diagnosis].value[@xsi:typeCode='TS' or 'IVL_TS']  Use originalText for string"
"FamilyMemberHistory.condition.note","FamilyMemberHistory.condition.note","","","",0,*,"","","","Annotation {[]} {[]}
","状態に関する追加情報 / Extra information about condition","この特定の条件について一般的なメモを配置できる領域。 / An area where general notes can be placed about this specific condition.","","","","","","","","","",,,,,"",,,,"FamilyMemberHistory.condition.note",0,*,"","ele-1:すべてのFHIR要素には、@valueまたは子供が必要です / All FHIR elements must have a @value or children {hasValue() or (children().count() > id.count())}
","inboundRelationship[typeCode=SUBJ].source[classCode=OBS, moodCode=EVN, code=ActCode#ANNGEN].value"
