{"resourceType":"CodeSystem","id":"jp-medication-example-methodcomment-cs","text":{"status":"generated","div":"<div xmlns=\"http://www.w3.org/1999/xhtml\"><p>This code system http://jpfhir.jp/fhir/Examples/CodeSystem/JP_MedicationAdministrationDosageMethodComment_CS defines some example codes:</p><table class=\"codes\"><tr><td style=\"white-space:nowrap\"><b>Code</b></td><td><b>Display</b></td></tr><tr><td style=\"white-space:nowrap\">01<a name=\"jp-medication-example-methodcomment-cs-01\"> </a></td><td>ゆっくりと</td></tr><tr><td style=\"white-space:nowrap\">02<a name=\"jp-medication-example-methodcomment-cs-02\"> </a></td><td>できるだけ速やかに</td></tr><tr><td style=\"white-space:nowrap\">03<a name=\"jp-medication-example-methodcomment-cs-03\"> </a></td><td>遮光して投与すること</td></tr></table></div>"},"url":"http://jpfhir.jp/fhir/Examples/CodeSystem/JP_MedicationAdministrationDosageMethodComment_CS","version":"1.1.0a","name":"JP_MedicationExampleMethodComment_CS","title":"JP Medication Example MethodComment","status":"draft","date":"2022-08-26T06:27:39+00:00","publisher":"FHIR Japanese implementation research working group in Japan Association of Medical Informatics (JAMI)","contact":[{"name":"FHIR Japanese implementation research working group in Japan Association of Medical Informatics (JAMI)","telecom":[{"system":"url","value":"http://jpfhir.jp"},{"system":"email","value":"office@hlfhir.jp"}]}],"description":"注射手技コメントのコードシステム例","jurisdiction":[{"coding":[{"system":"urn:iso:std:iso:3166","code":"JP"}]}],"copyright":"FHIR Japanese implementation research working group in Japan Association of Medical Informatics (JAMI)","caseSensitive":true,"content":"example","concept":[{"code":"01","display":"ゆっくりと"},{"code":"02","display":"できるだけ速やかに"},{"code":"03","display":"遮光して投与すること"}]}