{"resourceType":"ValueSet","id":"jp-medication-example-uncategorized-comment-vs","text":{"status":"generated","div":"<div xmlns=\"http://www.w3.org/1999/xhtml\"><ul><li>Include all codes defined in <a href=\"CodeSystem-jp-medication-example-uncategorized-comment-cs.html\"><code>http://jpfhir.jp/fhir/Examples/CodeSystem/JP_MedicationAdministrationUncategorizedComment_CS</code></a></li></ul></div>"},"url":"http://jpfhir.jp/fhir/Examples/ValueSet/JP_MedicationAdministrationUncategorizedComment_VS","version":"1.1.0a","name":"JP_MedicationExampleUncategorizedComment_VS","title":"JP MedicationAdministration Example Uncategorized Comment","status":"draft","date":"2022-09-14T01:47:46+00:00","publisher":"FHIR Japanese implementation research working group in Japan Association of Medical Informatics (JAMI)","contact":[{"name":"FHIR Japanese implementation research working group in Japan Association of Medical Informatics (JAMI)","telecom":[{"system":"url","value":"http://jpfhir.jp"},{"system":"email","value":"office@hlfhir.jp"}]}],"description":"注射実施未分類コメントの値セット例","jurisdiction":[{"coding":[{"system":"urn:iso:std:iso:3166","code":"JP"}]}],"copyright":"FHIR Japanese implementation research working group in Japan Association of Medical Informatics (JAMI)","compose":{"include":[{"system":"http://jpfhir.jp/fhir/Examples/CodeSystem/JP_MedicationAdministrationUncategorizedComment_CS"}]}}