[
  {
    "id": "jp-medication-example-dosagecomment-cs",
    "type": "CodeSystem",
    "url": "http://jpfhir.jp/fhir/Examples/CodeSystem/JP_MedicationAdministrationDosageComment_CS",
    "version": "1.1.0a",
    "name": "JP_MedicationExampleDosageComment_CS"
  },
  {
    "id": "jp-medication-example-linecomment-cs",
    "type": "CodeSystem",
    "url": "http://jpfhir.jp/fhir/Examples/CodeSystem/JP_MedicationAdministrationDosageLineComment_CS",
    "version": "1.1.0a",
    "name": "JP_MedicationExampleLineComment_CS"
  },
  {
    "id": "jp-medication-example-methodcomment-cs",
    "type": "CodeSystem",
    "url": "http://jpfhir.jp/fhir/Examples/CodeSystem/JP_MedicationAdministrationDosageMethodComment_CS",
    "version": "1.1.0a",
    "name": "JP_MedicationExampleMethodComment_CS"
  },
  {
    "id": "jp-medication-example-ratecomment-cs",
    "type": "CodeSystem",
    "url": "http://jpfhir.jp/fhir/Examples/CodeSystem/JP_MedicationAdministrationDosageRateComment_CS",
    "version": "1.1.0a",
    "name": "JP_MedicationExampleRateComment_CS"
  },
  {
    "id": "jp-medication-example-routecomment-cs",
    "type": "CodeSystem",
    "url": "http://jpfhir.jp/fhir/Examples/CodeSystem/JP_MedicationAdministrationDosageRouteComment_CS",
    "version": "1.1.0a",
    "name": "JP_MedicationExampleRouteComment_CS"
  },
  {
    "id": "jp-medication-example-sitecomment-cs",
    "type": "CodeSystem",
    "url": "http://jpfhir.jp/fhir/Examples/CodeSystem/JP_MedicationAdministrationDosageSiteComment_CS",
    "version": "1.1.0a",
    "name": "JP_MedicationExampleSiteComment_CS"
  },
  {
    "id": "jp-medication-example-uncategorized-comment-cs",
    "type": "CodeSystem",
    "url": "http://jpfhir.jp/fhir/Examples/CodeSystem/JP_MedicationAdministrationUncategorizedComment_CS",
    "version": "1.1.0a",
    "name": "JP_MedicationExampleUncategorizedComment_CS"
  },
  {
    "id": "jp-medication-example-line-cs",
    "type": "CodeSystem",
    "url": "http://jpfhir.jp/fhir/Examples/CodeSystem/JP_MedicationRequestDosageInstructionLine_CS",
    "version": "1.1.0a",
    "name": "JP_MedicationExampleLine_CS"
  },
  {
    "id": "jp-medication-example-dosagecomment-vs",
    "type": "ValueSet",
    "url": "http://jpfhir.jp/fhir/Examples/ValueSet/JP_MedicationAdministrationDosageComment_VS",
    "version": "1.1.0a",
    "name": "JP_MedicationExampleDosageComment_VS"
  },
  {
    "id": "jp-medication-example-linecomment-vs",
    "type": "ValueSet",
    "url": "http://jpfhir.jp/fhir/Examples/ValueSet/JP_MedicationAdministrationDosageLineComment_VS",
    "version": "1.1.0a",
    "name": "JP_MedicationExampleLineComment_VS"
  },
  {
    "id": "jp-medication-example-methodcomment-vs",
    "type": "ValueSet",
    "url": "http://jpfhir.jp/fhir/Examples/ValueSet/JP_MedicationAdministrationDosageMethodComment_VS",
    "version": "1.1.0a",
    "name": "JP_MedicationExampleMethodComment_VS"
  },
  {
    "id": "jp-medication-example-ratecomment-vs",
    "type": "ValueSet",
    "url": "http://jpfhir.jp/fhir/Examples/ValueSet/JP_MedicationAdministrationDosageRateComment_VS",
    "version": "1.1.0a",
    "name": "JP_MedicationExampleRateComment_VS"
  },
  {
    "id": "jp-medication-example-routecomment-vs",
    "type": "ValueSet",
    "url": "http://jpfhir.jp/fhir/Examples/ValueSet/JP_MedicationAdministrationDosageRouteComment_VS",
    "version": "1.1.0a",
    "name": "JP_MedicationExampleRouteComment_VS"
  },
  {
    "id": "jp-medication-example-sitecomment-vs",
    "type": "ValueSet",
    "url": "http://jpfhir.jp/fhir/Examples/ValueSet/JP_MedicationAdministrationDosageSiteComment_VS",
    "version": "1.1.0a",
    "name": "JP_MedicationExampleSiteComment_VS"
  },
  {
    "id": "jp-medication-example-uncategorized-comment-vs",
    "type": "ValueSet",
    "url": "http://jpfhir.jp/fhir/Examples/ValueSet/JP_MedicationAdministrationUncategorizedComment_VS",
    "version": "1.1.0a",
    "name": "JP_MedicationExampleUncategorizedComment_VS"
  },
  {
    "id": "jp-medication-instruction-for-dispense-jhsp0002-vs",
    "type": "ValueSet",
    "url": "http://jpfhir.jp/fhir/Examples/ValueSet/JP_MedicationInstructionForDispenseJHSP0002_VS",
    "version": "1.1.0a",
    "name": "JP_MedicationInstructionForDispenseJHSP0002_VS"
  },
  {
    "id": "jp-medication-example-line-vs",
    "type": "ValueSet",
    "url": "http://jpfhir.jp/fhir/Examples/ValueSet/JP_MedicationRequestDosageInstructionLine_VS",
    "version": "1.1.0a",
    "name": "JP_MedicationExampleLine_VS"
  },
  {
    "id": "jp-client-capabilitystatement",
    "type": "CapabilityStatement",
    "url": "http://jpfhir.jp/fhir/core/CapabilityStatement/JP_Client_CapabilityStatement",
    "version": "1.1.0a",
    "name": "JP_Client_CapabilityStatement"
  },
  {
    "id": "jp-server-capabilitystatement",
    "type": "CapabilityStatement",
    "url": "http://jpfhir.jp/fhir/core/CapabilityStatement/JP_Server_CapabilityStatement",
    "version": "1.1.0a",
    "name": "JP_Server_CapabilityStatement"
  },
  {
    "id": "jp-condition-severity-cs",
    "type": "CodeSystem",
    "url": "http://jpfhir.jp/fhir/core/CodeSystem/JP_ConditionSeverity_CS",
    "version": "1.1.0a",
    "name": "JP_ConditionSeverity_CS"
  },
  {
    "id": "jp-medication-route-hl70162-vs",
    "type": "ValueSet",
    "url": "http://jpfhir.jp/fhir/core/CodeSystem/JP_MedicationRouteHL70162_VS",
    "version": "1.1.0a",
    "name": "JP_MedicationRouteHL70162_VS"
  },
  {
    "id": "jp-observation-bodymeasurement-category-cs",
    "type": "CodeSystem",
    "url": "http://jpfhir.jp/fhir/core/CodeSystem/JP_ObservationBodyMeasurementCategory_CS",
    "version": "1.1.0a",
    "name": "JP_ObservationBodyMeasurementCategory_CS"
  },
  {
    "id": "jp-observation-bodymeasurement-code-cs",
    "type": "CodeSystem",
    "url": "http://jpfhir.jp/fhir/core/CodeSystem/JP_ObservationBodyMeasurementCode_CS",
    "version": "1.1.0a",
    "name": "JP_ObservationBodyMeasurementCode_CS"
  },
  {
    "id": "jp-observation-bodysite-cs",
    "type": "CodeSystem",
    "url": "http://jpfhir.jp/fhir/core/CodeSystem/JP_ObservationBodySite_CS",
    "version": "1.1.0a",
    "name": "JP_ObservationBodySite_CS"
  },
  {
    "id": "jp-observation-method-cs",
    "type": "CodeSystem",
    "url": "http://jpfhir.jp/fhir/core/CodeSystem/JP_ObservationMethod_CS",
    "version": "1.1.0a",
    "name": "JP_ObservationMethod_CS"
  },
  {
    "id": "jp-observation-physicalexam-method-cs",
    "type": "CodeSystem",
    "url": "http://jpfhir.jp/fhir/core/CodeSystem/JP_ObservationPhysicalExamMethod_CS",
    "version": "1.1.0a",
    "name": "JP_ObservationPhysicalExamMethod_CS"
  },
  {
    "id": "jp-physicalexamcode-cs",
    "type": "CodeSystem",
    "url": "http://jpfhir.jp/fhir/core/CodeSystem/JP_PhysicalExamCode_CS",
    "version": "1.1.0a",
    "name": "JP_PhysicalExamCode_CS"
  },
  {
    "id": "jp-procedure-body-site-cs",
    "type": "CodeSystem",
    "url": "http://jpfhir.jp/fhir/core/CodeSystem/JP_ProcedureBodySite_CS",
    "version": "1.1.0a",
    "name": "JP_ProcedureBodySite_CS"
  },
  {
    "id": "jp-procedure-category-cs",
    "type": "CodeSystem",
    "url": "http://jpfhir.jp/fhir/core/CodeSystem/JP_ProcedureCategory_CS",
    "version": "1.1.0a",
    "name": "JP_ProcedureCategory_CS"
  },
  {
    "id": "jp-procedure-not-performed-reason-cs",
    "type": "CodeSystem",
    "url": "http://jpfhir.jp/fhir/core/CodeSystem/JP_ProcedureNotPerformedReason_CS",
    "version": "1.1.0a",
    "name": "JP_ProcedureNotPerformedReason_CS"
  },
  {
    "id": "jp-procedure-outcome-cs",
    "type": "CodeSystem",
    "url": "http://jpfhir.jp/fhir/core/CodeSystem/JP_ProcedureOutcome_CS",
    "version": "1.1.0a",
    "name": "JP_ProcedureOutcome_CS"
  },
  {
    "id": "jp-procedure-condition-cs",
    "type": "CodeSystem",
    "url": "http://jpfhir.jp/fhir/core/CodeSystem/JP_Undefined_CS",
    "version": "1.1.0a",
    "name": "JP_ProcedureCondition_CS"
  },
  {
    "id": "jp-undefined-cs",
    "type": "CodeSystem",
    "url": "http://jpfhir.jp/fhir/core/CodeSystem/JP_Undefined_CS",
    "version": "1.1.0a",
    "name": "JP_Undefined_CS"
  },
  {
    "id": "jp-procedure-followup-cs",
    "type": "CodeSystem",
    "url": "http://jpfhir.jp/fhir/core/CodeSystem/JP_Undefined_CS",
    "version": "1.1.0a",
    "name": "JP_ProcedureFollowUp_CS"
  },
  {
    "id": "jp-procedure-codes-ichi-cs",
    "type": "CodeSystem",
    "url": "http://jpfhir.jp/fhir/core/CodeSystem/JP_Undefined_CS",
    "version": "1.1.0a",
    "name": "JP_ProcedureCodesICHI_CS"
  },
  {
    "id": "jp-procedure-devicekind-cs",
    "type": "CodeSystem",
    "url": "http://jpfhir.jp/fhir/core/CodeSystem/JP_Undefined_CS",
    "version": "1.1.0a",
    "name": "JP_ProcedureDeviceKind_CS"
  },
  {
    "id": "jp-procedure-device-action-cs",
    "type": "CodeSystem",
    "url": "http://jpfhir.jp/fhir/core/CodeSystem/JP_Undefined_CS",
    "version": "1.1.0a",
    "name": "JP_ProcedureDeviceAction_CS"
  },
  {
    "id": "jp-procedure-reason-cs",
    "type": "CodeSystem",
    "url": "http://jpfhir.jp/fhir/core/CodeSystem/JP_Undefined_CS",
    "version": "1.1.0a",
    "name": "JP_ProcedureReason_CS"
  },
  {
    "id": "jp-coverage-insuredpersonnumber",
    "type": "StructureDefinition",
    "url": "http://jpfhir.jp/fhir/core/Extension/StructureDefinition/JP_Coverage_InsuredPersonNumber",
    "version": "1.1.0a",
    "name": "JP_Coverage_InsuredPersonNumber"
  },
  {
    "id": "jp-coverage-insuredpersonsubnumber",
    "type": "StructureDefinition",
    "url": "http://jpfhir.jp/fhir/core/Extension/StructureDefinition/JP_Coverage_InsuredPersonSubNumber",
    "version": "1.1.0a",
    "name": "JP_Coverage_InsuredPersonSubNumber"
  },
  {
    "id": "jp-coverage-insuredpersonsymbol",
    "type": "StructureDefinition",
    "url": "http://jpfhir.jp/fhir/core/Extension/StructureDefinition/JP_Coverage_InsuredPersonSymbol",
    "version": "1.1.0a",
    "name": "JP_Coverage_InsuredPersonSymbol"
  },
  {
    "id": "jp-immunization-certificateddate",
    "type": "StructureDefinition",
    "url": "http://jpfhir.jp/fhir/core/Extension/StructureDefinition/JP_Immunization_CertificatedDate",
    "version": "1.1.0a",
    "name": "JP_Immunization_CertificatedDate"
  },
  {
    "id": "jp-immunization-duedateofnextdose",
    "type": "StructureDefinition",
    "url": "http://jpfhir.jp/fhir/core/Extension/StructureDefinition/JP_Immunization_DueDateOfNextDose",
    "version": "1.1.0a",
    "name": "JP_Immunization_DueDateOfNextDose"
  },
  {
    "id": "jp-immunization-manufactureddate",
    "type": "StructureDefinition",
    "url": "http://jpfhir.jp/fhir/core/Extension/StructureDefinition/JP_Immunization_ManufacturedDate",
    "version": "1.1.0a",
    "name": "JP_Immunization_ManufacturedDate"
  },
  {
    "id": "jp-medicationadministration-location",
    "type": "StructureDefinition",
    "url": "http://jpfhir.jp/fhir/core/Extension/StructureDefinition/JP_MedicationAdministration_Location",
    "version": "1.1.0a",
    "name": "JP_MedicationAdministration_Location"
  },
  {
    "id": "jp-medicationadministration-requestauthoredon",
    "type": "StructureDefinition",
    "url": "http://jpfhir.jp/fhir/core/Extension/StructureDefinition/JP_MedicationAdministration_RequestAuthoredOn",
    "version": "1.1.0a",
    "name": "JP_MedicationAdministration_RequestAuthoredOn"
  },
  {
    "id": "jp-medicationadministration-requestdepartment",
    "type": "StructureDefinition",
    "url": "http://jpfhir.jp/fhir/core/Extension/StructureDefinition/JP_MedicationAdministration_RequestDepartment",
    "version": "1.1.0a",
    "name": "JP_MedicationAdministration_RequestDepartment"
  },
  {
    "id": "jp-medicationadministration-requester",
    "type": "StructureDefinition",
    "url": "http://jpfhir.jp/fhir/core/Extension/StructureDefinition/JP_MedicationAdministration_Requester",
    "version": "1.1.0a",
    "name": "JP_MedicationAdministration_Requester"
  },
  {
    "id": "jp-medicationadministration-uncategorizedcomment",
    "type": "StructureDefinition",
    "url": "http://jpfhir.jp/fhir/core/Extension/StructureDefinition/JP_MedicationAdministration_UncategorizedComment",
    "version": "1.1.0a",
    "name": "JP_MedicationAdministration_UncategorizedComment"
  },
  {
    "id": "jp-medicationdispense-preparation",
    "type": "StructureDefinition",
    "url": "http://jpfhir.jp/fhir/core/Extension/StructureDefinition/JP_MedicationDispense_Preparation",
    "version": "1.1.0a",
    "name": "JP_MedicationDispense_Preparation"
  },
  {
    "id": "jp-medicationdosage-device",
    "type": "StructureDefinition",
    "url": "http://jpfhir.jp/fhir/core/Extension/StructureDefinition/JP_MedicationDosage_Device",
    "version": "1.1.0a",
    "name": "JP_MedicationDosage_Device"
  },
  {
    "id": "jp-medicationdosage-dosagecomment",
    "type": "StructureDefinition",
    "url": "http://jpfhir.jp/fhir/core/Extension/StructureDefinition/JP_MedicationDosage_DosageComment",
    "version": "1.1.0a",
    "name": "JP_MedicationDosage_DosageComment"
  },
  {
    "id": "jp-medicationdosage-line",
    "type": "StructureDefinition",
    "url": "http://jpfhir.jp/fhir/core/Extension/StructureDefinition/JP_MedicationDosage_Line",
    "version": "1.1.0a",
    "name": "JP_MedicationDosage_Line"
  },
  {
    "id": "jp-medicationdosage-linecomment",
    "type": "StructureDefinition",
    "url": "http://jpfhir.jp/fhir/core/Extension/StructureDefinition/JP_MedicationDosage_LineComment",
    "version": "1.1.0a",
    "name": "JP_MedicationDosage_LineComment"
  },
  {
    "id": "jp-medicationdosage-methodcomment",
    "type": "StructureDefinition",
    "url": "http://jpfhir.jp/fhir/core/Extension/StructureDefinition/JP_MedicationDosage_MethodComment",
    "version": "1.1.0a",
    "name": "JP_MedicationDosage_MethodComment"
  },
  {
    "id": "jp-medicationdosage-periodofuse",
    "type": "StructureDefinition",
    "url": "http://jpfhir.jp/fhir/core/Extension/StructureDefinition/JP_MedicationDosage_PeriodOfUse",
    "version": "1.1.0a",
    "name": "JP_MedicationDosage_PeriodOfUse"
  },
  {
    "id": "jp-medicationdosage-ratecomment",
    "type": "StructureDefinition",
    "url": "http://jpfhir.jp/fhir/core/Extension/StructureDefinition/JP_MedicationDosage_RateComment",
    "version": "1.1.0a",
    "name": "JP_MedicationDosage_RateComment"
  },
  {
    "id": "jp-medicationdosage-routecomment",
    "type": "StructureDefinition",
    "url": "http://jpfhir.jp/fhir/core/Extension/StructureDefinition/JP_MedicationDosage_RouteComment",
    "version": "1.1.0a",
    "name": "JP_MedicationDosage_RouteComment"
  },
  {
    "id": "jp-medicationdosage-sitecomment",
    "type": "StructureDefinition",
    "url": "http://jpfhir.jp/fhir/core/Extension/StructureDefinition/JP_MedicationDosage_SiteComment",
    "version": "1.1.0a",
    "name": "JP_MedicationDosage_SiteComment"
  },
  {
    "id": "jp-medicationdosage-usageduration",
    "type": "StructureDefinition",
    "url": "http://jpfhir.jp/fhir/core/Extension/StructureDefinition/JP_MedicationDosage_UsageDuration",
    "version": "1.1.0a",
    "name": "JP_MedicationDosage_UsageDuration"
  },
  {
    "id": "jp-medicationrequest-dispenserequest-expectedrepeatcount",
    "type": "StructureDefinition",
    "url": "http://jpfhir.jp/fhir/core/Extension/StructureDefinition/JP_MedicationRequest_DispenseRequest_ExpectedRepeatCount",
    "version": "1.1.0a",
    "name": "JP_MedicationRequest_DispenseRequest_ExpectedRepeatCount"
  },
  {
    "id": "jp-medicationrequest-dispenserequest-instructionfordispense",
    "type": "StructureDefinition",
    "url": "http://jpfhir.jp/fhir/core/Extension/StructureDefinition/JP_MedicationRequest_DispenseRequest_InstructionForDispense",
    "version": "1.1.0a",
    "name": "JP_MedicationRequest_DispenseRequest_InstructionForDispense"
  },
  {
    "id": "jp-medication-ingredientstrength-strengthtype",
    "type": "StructureDefinition",
    "url": "http://jpfhir.jp/fhir/core/Extension/StructureDefinition/JP_Medication_IngredientStrength_StrengthType",
    "version": "1.1.0a",
    "name": "JP_Medication_IngredientStrength_StrengthType"
  },
  {
    "id": "jp-medication-ingredient-drugno",
    "type": "StructureDefinition",
    "url": "http://jpfhir.jp/fhir/core/Extension/StructureDefinition/JP_Medication_Ingredient_DrugNo",
    "version": "1.1.0a",
    "name": "JP_Medication_Ingredient_DrugNo"
  },
  {
    "id": "jp-organization-insuranceorganizationcategory",
    "type": "StructureDefinition",
    "url": "http://jpfhir.jp/fhir/core/Extension/StructureDefinition/JP_Organization_InsuranceOrganizationCategory",
    "version": "1.1.0a",
    "name": "JP_Organization_InsuranceOrganizationCategory"
  },
  {
    "id": "jp-organization-insuranceorganizationno",
    "type": "StructureDefinition",
    "url": "http://jpfhir.jp/fhir/core/Extension/StructureDefinition/JP_Organization_InsuranceOrganizationNo",
    "version": "1.1.0a",
    "name": "JP_Organization_InsuranceOrganizationNo"
  },
  {
    "id": "jp-organization-prefectureno",
    "type": "StructureDefinition",
    "url": "http://jpfhir.jp/fhir/core/Extension/StructureDefinition/JP_Organization_PrefectureNo",
    "version": "1.1.0a",
    "name": "JP_Organization_PrefectureNo"
  },
  {
    "id": "jp-patient-race",
    "type": "StructureDefinition",
    "url": "http://jpfhir.jp/fhir/core/Extension/StructureDefinition/JP_Patient_Race",
    "version": "1.1.0a",
    "name": "JP_Patient_Race"
  },
  {
    "id": "hl7.fhir.jp.core",
    "type": "ImplementationGuide",
    "url": "http://jpfhir.jp/fhir/core/ImplementationGuide/hl7.fhir.jp.core",
    "version": "1.1.0a",
    "name": "FHIRJPCoreImplementationGuide"
  },
  {
    "id": "jp-department-ssmix-namingsystem",
    "type": "NamingSystem",
    "url": "http://jpfhir.jp/fhir/core/NamingSystem/jp-department-ssmix-namingsystem",
    "version": "1.1.0a",
    "name": "JP_Department_SsMix_NamingSystem"
  },
  {
    "id": "jp-medicalfeescoretype-namingsystem",
    "type": "NamingSystem",
    "url": "http://jpfhir.jp/fhir/core/NamingSystem/jp-medicalfeescoretype-namingsystem",
    "version": "1.1.0a",
    "name": "JP_MedicalFeeScoreType_NamingSystem"
  },
  {
    "id": "jp-medicationbodysitejamiexternal-namingsystem",
    "type": "NamingSystem",
    "url": "http://jpfhir.jp/fhir/core/NamingSystem/jp-medicationbodysitejamiexternal-namingsystem",
    "version": "1.1.0a",
    "name": "JP_MedicationBodySiteJAMIExternal_NamingSystem"
  },
  {
    "id": "jp-medicationcodecommon-namingsystem",
    "type": "NamingSystem",
    "url": "http://jpfhir.jp/fhir/core/NamingSystem/jp-medicationcodecommon-namingsystem",
    "version": "1.1.0a",
    "name": "JP_MedicationCodeCommon_NamingSystem"
  },
  {
    "id": "jp-medicationcodehot13-namingsystem",
    "type": "NamingSystem",
    "url": "http://jpfhir.jp/fhir/core/NamingSystem/jp-medicationcodehot13-namingsystem",
    "version": "1.1.0a",
    "name": "JP_MedicationCodeHOT13_NamingSystem"
  },
  {
    "id": "jp-medicationcodehot7-namingsystem",
    "type": "NamingSystem",
    "url": "http://jpfhir.jp/fhir/core/NamingSystem/jp-medicationcodehot7-namingsystem",
    "version": "1.1.0a",
    "name": "JP_MedicationCodeHOT7_NamingSystem"
  },
  {
    "id": "jp-medicationcodehot9-namingsystem",
    "type": "NamingSystem",
    "url": "http://jpfhir.jp/fhir/core/NamingSystem/jp-medicationcodehot9-namingsystem",
    "version": "1.1.0a",
    "name": "JP_MedicationCodeHOT9_NamingSystem"
  },
  {
    "id": "jp-medicationcodeyj-namingsystem",
    "type": "NamingSystem",
    "url": "http://jpfhir.jp/fhir/core/NamingSystem/jp-medicationcodeyj-namingsystem",
    "version": "1.1.0a",
    "name": "JP_MedicationCodeYJ_NamingSystem"
  },
  {
    "id": "jp-medicationingredientstrengthstrengthtype-namingsystem",
    "type": "NamingSystem",
    "url": "http://jpfhir.jp/fhir/core/NamingSystem/jp-medicationingredientstrengthstrengthtype-namingsystem",
    "version": "1.1.0a",
    "name": "JP_MedicationIngredientStrengthStrengthType_NamingSystem"
  },
  {
    "id": "jp-medicationmethodjamibasicusage-namingsystem",
    "type": "NamingSystem",
    "url": "http://jpfhir.jp/fhir/core/NamingSystem/jp-medicationmethodjamibasicusage-namingsystem",
    "version": "1.1.0a",
    "name": "JP_MedicationMethodJAMIBasicUsage_NamingSystem"
  },
  {
    "id": "jp-medicationmethodjamidetailusage-namingsystem",
    "type": "NamingSystem",
    "url": "http://jpfhir.jp/fhir/core/NamingSystem/jp-medicationmethodjamidetailusage-namingsystem",
    "version": "1.1.0a",
    "name": "JP_MedicationMethodJAMIDetailUsage_NamingSystem"
  },
  {
    "id": "jp-medicationroute-hl7-0162-namingsystem",
    "type": "NamingSystem",
    "url": "http://jpfhir.jp/fhir/core/NamingSystem/jp-medicationroute-hl7-0162-namingsystem",
    "version": "1.1.0a",
    "name": "JP_MedicationRoute_HL7_0162_NamingSystem"
  },
  {
    "id": "jp-medicationsubstitutionnotallowedreason-namingsystem",
    "type": "NamingSystem",
    "url": "http://jpfhir.jp/fhir/core/NamingSystem/jp-medicationsubstitutionnotallowedreason-namingsystem",
    "version": "1.1.0a",
    "name": "JP_MedicationSubstitutionNotAllowedReason_NamingSystem"
  },
  {
    "id": "jp-medicationunitmerit9-namingsystem",
    "type": "NamingSystem",
    "url": "http://jpfhir.jp/fhir/core/NamingSystem/jp-medicationunitmerit9-namingsystem",
    "version": "1.1.0a",
    "name": "JP_MedicationUnitMERIT9_NamingSystem"
  },
  {
    "id": "jp-medicationusagejami-namingsystem",
    "type": "NamingSystem",
    "url": "http://jpfhir.jp/fhir/core/NamingSystem/jp-medicationusagejami-namingsystem",
    "version": "1.1.0a",
    "name": "JP_MedicationUsageJAMI_NamingSystem"
  },
  {
    "id": "jp-medicationusagejamiadditional-namingsystem",
    "type": "NamingSystem",
    "url": "http://jpfhir.jp/fhir/core/NamingSystem/jp-medicationusagejamiadditional-namingsystem",
    "version": "1.1.0a",
    "name": "JP_MedicationUsageJAMIAdditional_NamingSystem"
  },
  {
    "id": "jp-observation-jlac10-namingsystem",
    "type": "NamingSystem",
    "url": "http://jpfhir.jp/fhir/core/NamingSystem/jp-observation-jlac10-namingsystem",
    "version": "1.1.0a",
    "name": "JP_Observation_JLAC10_CodeSystem"
  },
  {
    "id": "jp-observation-vitalsignscode-namingsystem",
    "type": "NamingSystem",
    "url": "http://jpfhir.jp/fhir/core/NamingSystem/jp-observation-vitalsignscode-namingsystem",
    "version": "1.1.0a",
    "name": "JP_ObservationVitalSignsCode_NamingSystem"
  },
  {
    "id": "jp-prefecturenumber-namingsystem",
    "type": "NamingSystem",
    "url": "http://jpfhir.jp/fhir/core/NamingSystem/jp-prefecturenumber-namingsystem",
    "version": "1.1.0a",
    "name": "JP_PrefectureNumber_NamingSystem"
  },
  {
    "id": "jp-coverage-insuredpersonnumber-sp",
    "type": "SearchParameter",
    "url": "http://jpfhir.jp/fhir/core/SearchParameter/JP_Coverage_InsuredPersonNumber_SP",
    "version": "1.1.0a",
    "name": "JP_Coverage_InsuredPersonNumber_SP"
  },
  {
    "id": "jp-coverage-insuredpersonsubnumber-sp",
    "type": "SearchParameter",
    "url": "http://jpfhir.jp/fhir/core/SearchParameter/JP_Coverage_InsuredPersonSubNumber_SP",
    "version": "1.1.0a",
    "name": "JP_Coverage_InsuredPersonSubNumber_SP"
  },
  {
    "id": "jp-coverage-insuredpersonsymbol-sp",
    "type": "SearchParameter",
    "url": "http://jpfhir.jp/fhir/core/SearchParameter/JP_Coverage_InsuredPersonSymbol_SP",
    "version": "1.1.0a",
    "name": "JP_Coverage_InsuredPersonSymbol_SP"
  },
  {
    "id": "jp-medicationrequest-start-sp",
    "type": "SearchParameter",
    "url": "http://jpfhir.jp/fhir/core/SearchParameter/JP_MedicationRequest_Start_SP",
    "version": "1.1.0a",
    "name": "JP_MedicationRequest_Start_SP"
  },
  {
    "id": "jp-organization-insuranceorganizationcategory-sp",
    "type": "SearchParameter",
    "url": "http://jpfhir.jp/fhir/core/SearchParameter/JP_Organization_InsuranceOrganizationCategory_SP",
    "version": "1.1.0a",
    "name": "JP_Organization_InsuranceOrganizationCategory_SP"
  },
  {
    "id": "jp-organization-insuranceorganizationno-sp",
    "type": "SearchParameter",
    "url": "http://jpfhir.jp/fhir/core/SearchParameter/JP_Organization_InsuranceOrganizationNo_SP",
    "version": "1.1.0a",
    "name": "JP_Organization_InsuranceOrganizationNo_SP"
  },
  {
    "id": "jp-organization-prefectureno-sp",
    "type": "SearchParameter",
    "url": "http://jpfhir.jp/fhir/core/SearchParameter/JP_Organization_PrefectureNo_SP",
    "version": "1.1.0a",
    "name": "JP_Organization_PrefectureNo_SP"
  },
  {
    "id": "jp-patient-kanasort-sp",
    "type": "SearchParameter",
    "url": "http://jpfhir.jp/fhir/core/SearchParameter/JP_Patient_KanaSort_SP",
    "version": "1.1.0a",
    "name": "JP_Patient_KanaSort_SP"
  },
  {
    "id": "jp-allergyintolerance",
    "type": "StructureDefinition",
    "url": "http://jpfhir.jp/fhir/core/StructureDefinition/JP_AllergyIntolerance",
    "version": "1.1.0a",
    "name": "JP_AllergyIntolerance"
  },
  {
    "id": "jp-careplan",
    "type": "StructureDefinition",
    "url": "http://jpfhir.jp/fhir/core/StructureDefinition/JP_CarePlan",
    "version": "1.1.0a",
    "name": "JP_CarePlan"
  },
  {
    "id": "jp-condition",
    "type": "StructureDefinition",
    "url": "http://jpfhir.jp/fhir/core/StructureDefinition/JP_Condition",
    "version": "1.1.0a",
    "name": "JP_Condition"
  },
  {
    "id": "jp-coverage",
    "type": "StructureDefinition",
    "url": "http://jpfhir.jp/fhir/core/StructureDefinition/JP_Coverage",
    "version": "1.1.0a",
    "name": "JP_Coverage"
  },
  {
    "id": "jp-diagnosticreport-common",
    "type": "StructureDefinition",
    "url": "http://jpfhir.jp/fhir/core/StructureDefinition/JP_DiagnosticReport_Common",
    "version": "1.1.0a",
    "name": "JP_DiagnosticReport_Common"
  },
  {
    "id": "jp-diagnosticreport-labresult",
    "type": "StructureDefinition",
    "url": "http://jpfhir.jp/fhir/core/StructureDefinition/JP_DiagnosticReport_LabResult",
    "version": "1.1.0a",
    "name": "JP_DiagnosticReport_LabResult"
  },
  {
    "id": "jp-diagnosticreport-radiology",
    "type": "StructureDefinition",
    "url": "http://jpfhir.jp/fhir/core/StructureDefinition/JP_DiagnosticReport_Radiology",
    "version": "1.1.0a",
    "name": "JP_DiagnosticReport_Radiology"
  },
  {
    "id": "jp-encounter",
    "type": "StructureDefinition",
    "url": "http://jpfhir.jp/fhir/core/StructureDefinition/JP_Encounter",
    "version": "1.1.0a",
    "name": "JP_Encounter"
  },
  {
    "id": "jp-familymemberhistory",
    "type": "StructureDefinition",
    "url": "http://jpfhir.jp/fhir/core/StructureDefinition/JP_FamilyMemberHistory",
    "version": "1.1.0a",
    "name": "JP_FamilyMemberHistory"
  },
  {
    "id": "jp-humanname",
    "type": "StructureDefinition",
    "url": "http://jpfhir.jp/fhir/core/StructureDefinition/JP_HumanName",
    "version": "1.1.0a",
    "name": "JP_HumanName"
  },
  {
    "id": "jp-imagingstudy-radiology",
    "type": "StructureDefinition",
    "url": "http://jpfhir.jp/fhir/core/StructureDefinition/JP_ImagingStudy_Radiology",
    "version": "1.1.0a",
    "name": "JP_ImagingStudy_Radiology"
  },
  {
    "id": "jp-immunization",
    "type": "StructureDefinition",
    "url": "http://jpfhir.jp/fhir/core/StructureDefinition/JP_Immunization",
    "version": "1.1.0a",
    "name": "JP_Immunization"
  },
  {
    "id": "jp-location",
    "type": "StructureDefinition",
    "url": "http://jpfhir.jp/fhir/core/StructureDefinition/JP_Location",
    "version": "1.1.0a",
    "name": "JP_Location"
  },
  {
    "id": "jp-medication",
    "type": "StructureDefinition",
    "url": "http://jpfhir.jp/fhir/core/StructureDefinition/JP_Medication",
    "version": "1.1.0a",
    "name": "JP_Medication"
  },
  {
    "id": "jp-medicationadministration",
    "type": "StructureDefinition",
    "url": "http://jpfhir.jp/fhir/core/StructureDefinition/JP_MedicationAdministration",
    "version": "1.1.0a",
    "name": "JP_MedicationAdministration"
  },
  {
    "id": "jp-medicationadministrationBase",
    "type": "StructureDefinition",
    "url": "http://jpfhir.jp/fhir/core/StructureDefinition/JP_MedicationAdministrationBase",
    "version": "1.1.0a",
    "name": "JP_MedicationAdministrationBase"
  },
  {
    "id": "jp-medicationadministration-injection",
    "type": "StructureDefinition",
    "url": "http://jpfhir.jp/fhir/core/StructureDefinition/JP_MedicationAdministration_Injection",
    "version": "1.1.0a",
    "name": "JP_MedicationAdministration_Injection"
  },
  {
    "id": "jp-medicationdispense",
    "type": "StructureDefinition",
    "url": "http://jpfhir.jp/fhir/core/StructureDefinition/JP_MedicationDispense",
    "version": "1.1.0a",
    "name": "JP_MedicationDispense"
  },
  {
    "id": "jp-medicationdispensebase",
    "type": "StructureDefinition",
    "url": "http://jpfhir.jp/fhir/core/StructureDefinition/JP_MedicationDispenseBase",
    "version": "1.1.0a",
    "name": "JP_MedicationDispenseBase"
  },
  {
    "id": "jp-medicationdispense-injection",
    "type": "StructureDefinition",
    "url": "http://jpfhir.jp/fhir/core/StructureDefinition/JP_MedicationDispense_Injection",
    "version": "1.1.0a",
    "name": "JP_MedicationDispense_Injection"
  },
  {
    "id": "jp-medicationdosage",
    "type": "StructureDefinition",
    "url": "http://jpfhir.jp/fhir/core/StructureDefinition/JP_MedicationDosage",
    "version": "1.1.0a",
    "name": "JP_MedicationDosage"
  },
  {
    "id": "jp-medicationdosagebase",
    "type": "StructureDefinition",
    "url": "http://jpfhir.jp/fhir/core/StructureDefinition/JP_MedicationDosageBase",
    "version": "1.1.0a",
    "name": "JP_MedicationDosageBase"
  },
  {
    "id": "jp-medicationdosage-injection",
    "type": "StructureDefinition",
    "url": "http://jpfhir.jp/fhir/core/StructureDefinition/JP_MedicationDosage_Injection",
    "version": "1.1.0a",
    "name": "JP_MedicationDosage_Injection"
  },
  {
    "id": "jp-medicationquantity",
    "type": "StructureDefinition",
    "url": "http://jpfhir.jp/fhir/core/StructureDefinition/JP_MedicationQuantity",
    "version": "1.1.0a",
    "name": "JP_MedicationQuantity"
  },
  {
    "id": "jp-medicationrange",
    "type": "StructureDefinition",
    "url": "http://jpfhir.jp/fhir/core/StructureDefinition/JP_MedicationRange",
    "version": "1.1.0a",
    "name": "JP_MedicationRange"
  },
  {
    "id": "jp-medicationrange-unitoftime",
    "type": "StructureDefinition",
    "url": "http://jpfhir.jp/fhir/core/StructureDefinition/JP_MedicationRange_UnitOfTime",
    "version": "1.1.0a",
    "name": "JP_MedicationRange_UnitOfTime"
  },
  {
    "id": "jp-medicationratio-amount",
    "type": "StructureDefinition",
    "url": "http://jpfhir.jp/fhir/core/StructureDefinition/JP_MedicationRatio_Amount",
    "version": "1.1.0a",
    "name": "JP_MedicationRatio_Amount"
  },
  {
    "id": "jp-medicationratio-doseperday",
    "type": "StructureDefinition",
    "url": "http://jpfhir.jp/fhir/core/StructureDefinition/JP_MedicationRatio_DosePerDay",
    "version": "1.1.0a",
    "name": "JP_MedicationRatio_DosePerDay"
  },
  {
    "id": "jp-medicationratio-doseperperiod",
    "type": "StructureDefinition",
    "url": "http://jpfhir.jp/fhir/core/StructureDefinition/JP_MedicationRatio_DosePerPeriod",
    "version": "1.1.0a",
    "name": "JP_MedicationRatio_DosePerPeriod"
  },
  {
    "id": "jp-medicationrequest",
    "type": "StructureDefinition",
    "url": "http://jpfhir.jp/fhir/core/StructureDefinition/JP_MedicationRequest",
    "version": "1.1.0a",
    "name": "JP_MedicationRequest"
  },
  {
    "id": "jp-medicationrequestbase",
    "type": "StructureDefinition",
    "url": "http://jpfhir.jp/fhir/core/StructureDefinition/JP_MedicationRequestBase",
    "version": "1.1.0a",
    "name": "JP_MedicationRequestBase"
  },
  {
    "id": "jp-medicationrequest-injection",
    "type": "StructureDefinition",
    "url": "http://jpfhir.jp/fhir/core/StructureDefinition/JP_MedicationRequest_Injection",
    "version": "1.1.0a",
    "name": "JP_MedicationRequest_Injection"
  },
  {
    "id": "jp-medicationsimplequantity",
    "type": "StructureDefinition",
    "url": "http://jpfhir.jp/fhir/core/StructureDefinition/JP_MedicationSimpleQuantity",
    "version": "1.1.0a",
    "name": "JP_MedicationSimpleQuantity"
  },
  {
    "id": "jp-medicationtiming",
    "type": "StructureDefinition",
    "url": "http://jpfhir.jp/fhir/core/StructureDefinition/JP_MedicationTiming",
    "version": "1.1.0a",
    "name": "JP_MedicationTiming"
  },
  {
    "id": "jp-observation-bodymeasurement",
    "type": "StructureDefinition",
    "url": "http://jpfhir.jp/fhir/core/StructureDefinition/JP_Observation_BodyMeasurement",
    "version": "1.1.0a",
    "name": "JP_Observation_BodyMeasurement"
  },
  {
    "id": "jp-observation-common",
    "type": "StructureDefinition",
    "url": "http://jpfhir.jp/fhir/core/StructureDefinition/JP_Observation_Common",
    "version": "1.1.0a",
    "name": "JP_Observation_Common"
  },
  {
    "id": "jp-observation-labresult",
    "type": "StructureDefinition",
    "url": "http://jpfhir.jp/fhir/core/StructureDefinition/JP_Observation_LabResult",
    "version": "1.1.0a",
    "name": "JP_Observation_LabResult"
  },
  {
    "id": "jp-observation-physicalexam",
    "type": "StructureDefinition",
    "url": "http://jpfhir.jp/fhir/core/StructureDefinition/JP_Observation_PhysicalExam",
    "version": "1.1.0a",
    "name": "JP_Observation_PhysicalExam"
  },
  {
    "id": "jp-observation-socialhistory",
    "type": "StructureDefinition",
    "url": "http://jpfhir.jp/fhir/core/StructureDefinition/JP_Observation_SocialHistory",
    "version": "1.1.0a",
    "name": "JP_Observation_SocialHistory"
  },
  {
    "id": "jp-observation-vitalsigns",
    "type": "StructureDefinition",
    "url": "http://jpfhir.jp/fhir/core/StructureDefinition/JP_Observation_VitalSigns",
    "version": "1.1.0a",
    "name": "JP_Observation_VitalSigns"
  },
  {
    "id": "jp-organization",
    "type": "StructureDefinition",
    "url": "http://jpfhir.jp/fhir/core/StructureDefinition/JP_Organization",
    "version": "1.1.0a",
    "name": "JP_Organization"
  },
  {
    "id": "jp-patient",
    "type": "StructureDefinition",
    "url": "http://jpfhir.jp/fhir/core/StructureDefinition/JP_Patient",
    "version": "1.1.0a",
    "name": "JP_Patient"
  },
  {
    "id": "jp-practitioner",
    "type": "StructureDefinition",
    "url": "http://jpfhir.jp/fhir/core/StructureDefinition/JP_Practitioner",
    "version": "1.1.0a",
    "name": "JP_Practitioner"
  },
  {
    "id": "jp-practitionerrole",
    "type": "StructureDefinition",
    "url": "http://jpfhir.jp/fhir/core/StructureDefinition/JP_PractitionerRole",
    "version": "1.1.0a",
    "name": "JP_PractitionerRole"
  },
  {
    "id": "jp-procedure",
    "type": "StructureDefinition",
    "url": "http://jpfhir.jp/fhir/core/StructureDefinition/JP_Procedure",
    "version": "1.1.0a",
    "name": "JP_Procedure"
  },
  {
    "id": "jp-allergyintolerance-vs",
    "type": "ValueSet",
    "url": "http://jpfhir.jp/fhir/core/ValueSet/JP_AllergyIntolerance_VS",
    "version": "1.1.0a",
    "name": "JP_AllergyIntolerance_VS"
  },
  {
    "id": "jp-condition-severity-vs",
    "type": "ValueSet",
    "url": "http://jpfhir.jp/fhir/core/ValueSet/JP_ConditionSeverity_VS",
    "version": "1.1.0a",
    "name": "JP_ConditionSeverity_VS"
  },
  {
    "id": "jp-department-ssmix2digits-vs",
    "type": "ValueSet",
    "url": "http://jpfhir.jp/fhir/core/ValueSet/JP_Department_SsMix2Digits_VS",
    "version": "1.1.0a",
    "name": "JP_Department_SsMix2Digits_VS"
  },
  {
    "id": "jp-department-ssmix3digits-vs",
    "type": "ValueSet",
    "url": "http://jpfhir.jp/fhir/core/ValueSet/JP_Department_SsMix3Digits_VS",
    "version": "1.1.0a",
    "name": "JP_Department_SsMix3Digits_VS"
  },
  {
    "id": "jp-department-ssmix-vs",
    "type": "ValueSet",
    "url": "http://jpfhir.jp/fhir/core/ValueSet/JP_Department_SsMix_VS",
    "version": "1.1.0a",
    "name": "JP_Department_SsMix_VS"
  },
  {
    "id": "jp-medicalfeescoretype-vs",
    "type": "ValueSet",
    "url": "http://jpfhir.jp/fhir/core/ValueSet/JP_MedicalFeeScoreType_VS",
    "version": "1.1.0a",
    "name": "JP_MedicalFeeScoreType_VS"
  },
  {
    "id": "jp-medicallicensecertificate-vs",
    "type": "ValueSet",
    "url": "http://jpfhir.jp/fhir/core/ValueSet/JP_MedicalLicenseCertificate_VS",
    "version": "1.1.0a",
    "name": "JP_MedicalLicenseCertificate_VS"
  },
  {
    "id": "jp-medication-as-needed-condition-jami-vs",
    "type": "ValueSet",
    "url": "http://jpfhir.jp/fhir/core/ValueSet/JP_MedicationAsNeededConditionJAMI_VS",
    "version": "1.1.0a",
    "name": "JP_MedicationAsNeededConditionJAMI_VS"
  },
  {
    "id": "jp-medication-as-needed-condition-merit9-vs",
    "type": "ValueSet",
    "url": "http://jpfhir.jp/fhir/core/ValueSet/JP_MedicationAsNeededConditionMERIT9_VS",
    "version": "1.1.0a",
    "name": "JP_MedicationAsNeededConditionMERIT9_VS"
  },
  {
    "id": "jp-medication-bodysite-jami-external-vs",
    "type": "ValueSet",
    "url": "http://jpfhir.jp/fhir/core/ValueSet/JP_MedicationBodySiteJAMIExternal_VS",
    "version": "1.1.0a",
    "name": "JP_MedicationBodySiteJAMIExternal_VS"
  },
  {
    "id": "jp-medication-category-injection-vs",
    "type": "ValueSet",
    "url": "http://jpfhir.jp/fhir/core/ValueSet/JP_MedicationCategoryInjeciton_VS",
    "version": "1.1.0a",
    "name": "JP_MedicationCategoryInjection_VS"
  },
  {
    "id": "jp-medication-category-jhsi0001-vs",
    "type": "ValueSet",
    "url": "http://jpfhir.jp/fhir/core/ValueSet/JP_MedicationCategoryJHSI0001_VS",
    "version": "1.1.0a",
    "name": "JP_MedicationCategoryJHSI0001_VS"
  },
  {
    "id": "jp-medication-category-jhsp0007-vs",
    "type": "ValueSet",
    "url": "http://jpfhir.jp/fhir/core/ValueSet/JP_MedicationCategoryJHSP0007_VS",
    "version": "1.1.0a",
    "name": "JP_MedicationCategoryJHSP0007_VS"
  },
  {
    "id": "jp-medication-category-merit9-vs",
    "type": "ValueSet",
    "url": "http://jpfhir.jp/fhir/core/ValueSet/JP_MedicationCategoryMERIT9_VS",
    "version": "1.1.0a",
    "name": "JP_MedicationCategoryMERIT9_VS"
  },
  {
    "id": "jp-medication-category-vs",
    "type": "ValueSet",
    "url": "http://jpfhir.jp/fhir/core/ValueSet/JP_MedicationCategory_VS",
    "version": "1.1.0a",
    "name": "JP_MedicationCategory_VS"
  },
  {
    "id": "jp-medicationcode-common-vs",
    "type": "ValueSet",
    "url": "http://jpfhir.jp/fhir/core/ValueSet/JP_MedicationCodeCommon_VS",
    "version": "1.1.0a",
    "name": "JP_MedicationCodeCommon_VS"
  },
  {
    "id": "jp-medication-code-hot13-vs",
    "type": "ValueSet",
    "url": "http://jpfhir.jp/fhir/core/ValueSet/JP_MedicationCodeHOT13_VS",
    "version": "1.1.0a",
    "name": "JP_MedicationCodeHOT13_VS"
  },
  {
    "id": "jp-medication-code-hot7-vs",
    "type": "ValueSet",
    "url": "http://jpfhir.jp/fhir/core/ValueSet/JP_MedicationCodeHOT7_VS",
    "version": "1.1.0a",
    "name": "JP_MedicationCodeHOT7_VS"
  },
  {
    "id": "jp-medication-code-hot9-vs",
    "type": "ValueSet",
    "url": "http://jpfhir.jp/fhir/core/ValueSet/JP_MedicationCodeHOT9_VS",
    "version": "1.1.0a",
    "name": "JP_MedicationCodeHOT9_VS"
  },
  {
    "id": "jp-medicationcode-yj-vs",
    "type": "ValueSet",
    "url": "http://jpfhir.jp/fhir/core/ValueSet/JP_MedicationCodeYJ_VS",
    "version": "1.1.0a",
    "name": "JP_MedicationCodeYJ_VS"
  },
  {
    "id": "jp-medicationcode-immunization-vs",
    "type": "ValueSet",
    "url": "http://jpfhir.jp/fhir/core/ValueSet/JP_MedicationCode_Immunization_VS",
    "version": "1.1.0a",
    "name": "JP_MedicationCode_Immunization_VS"
  },
  {
    "id": "jp-medicationcode-vs",
    "type": "ValueSet",
    "url": "http://jpfhir.jp/fhir/core/ValueSet/JP_MedicationCode_VS",
    "version": "1.1.0a",
    "name": "JP_MedicationCode_VS"
  },
  {
    "id": "jp-medication-form-merit9-vs",
    "type": "ValueSet",
    "url": "http://jpfhir.jp/fhir/core/ValueSet/JP_MedicationFormMERIT9_VS",
    "version": "1.1.0a",
    "name": "JP_MedicationFormMERIT9_VS"
  },
  {
    "id": "jp-medication-ingredientstrength-strengthtype-vs",
    "type": "ValueSet",
    "url": "http://jpfhir.jp/fhir/core/ValueSet/JP_MedicationIngredientStrengthStrengthType_VS",
    "version": "1.1.0a",
    "name": "JP_MedicationIngredientStrengthStrengthType_VS"
  },
  {
    "id": "jp-medication-method-jami-basic-usage-vs",
    "type": "ValueSet",
    "url": "http://jpfhir.jp/fhir/core/ValueSet/JP_MedicationMethodJAMIBasicUsage_VS",
    "version": "1.1.0a",
    "name": "JP_MedicationMethodJAMIBasicUsage_VS"
  },
  {
    "id": "jp-medication-method-jami-detail-usage-vs",
    "type": "ValueSet",
    "url": "http://jpfhir.jp/fhir/core/ValueSet/JP_MedicationMethodJAMIDetailUsage_VS",
    "version": "1.1.0a",
    "name": "JP_MedicationMethodJAMIDetailUsage_VS"
  },
  {
    "id": "jp-medication-method-jhsi0003-vs",
    "type": "ValueSet",
    "url": "http://jpfhir.jp/fhir/core/ValueSet/JP_MedicationMethodJHSI0003_VS",
    "version": "1.1.0a",
    "name": "JP_MedicationMethodJHSI0003_VS"
  },
  {
    "id": "jp-medication-substitution-not-allowed-reason-vs",
    "type": "ValueSet",
    "url": "http://jpfhir.jp/fhir/core/ValueSet/JP_MedicationSubstitutionNotAllowedReason_VS",
    "version": "1.1.0a",
    "name": "JP_MedicationSubstitutionNotAllowedReason_VS"
  },
  {
    "id": "jp-medication-unit-merit9-vs",
    "type": "ValueSet",
    "url": "http://jpfhir.jp/fhir/core/ValueSet/JP_MedicationUnitMERIT9_VS",
    "version": "1.1.0a",
    "name": "JP_MedicationUnitMERIT9_VS"
  },
  {
    "id": "jp-medication-usage-injection-vs",
    "type": "ValueSet",
    "url": "http://jpfhir.jp/fhir/core/ValueSet/JP_MedicationUsageInjection_VS",
    "version": "1.1.0a",
    "name": "JP_MedicationUsageInjection_VS"
  },
  {
    "id": "jp-medication-usage-jami-additional-vs",
    "type": "ValueSet",
    "url": "http://jpfhir.jp/fhir/core/ValueSet/JP_MedicationUsageJAMIAdditional_VS",
    "version": "1.1.0a",
    "name": "JP_MedicationUsageJAMIAdditional_VS"
  },
  {
    "id": "jp-medication-usage-jami-vs",
    "type": "ValueSet",
    "url": "http://jpfhir.jp/fhir/core/ValueSet/JP_MedicationUsageJAMI_VS",
    "version": "1.1.0a",
    "name": "JP_MedicationUsageJAMI_VS"
  },
  {
    "id": "jp-observation-bodymeasurement-category-vs",
    "type": "ValueSet",
    "url": "http://jpfhir.jp/fhir/core/ValueSet/JP_ObservationBodyMeasurementCategory_VS",
    "version": "1.1.0a",
    "name": "JP_ObservationBodyMeasurementCategory_VS"
  },
  {
    "id": "jp-observation-bodymeasurement-code-vs",
    "type": "ValueSet",
    "url": "http://jpfhir.jp/fhir/core/ValueSet/JP_ObservationBodyMeasurementCode_VS",
    "version": "1.1.0a",
    "name": "JP_ObservationBodyMeasurementCode_VS"
  },
  {
    "id": "jp-observation-bodysite-vs",
    "type": "ValueSet",
    "url": "http://jpfhir.jp/fhir/core/ValueSet/JP_ObservationBodySite_VS",
    "version": "1.1.0a",
    "name": "JP_ObservationBodySite_VS"
  },
  {
    "id": "jp-observation-labresult-code-vs",
    "type": "ValueSet",
    "url": "http://jpfhir.jp/fhir/core/ValueSet/JP_ObservationLabResultCode_VS",
    "version": "1.1.0a",
    "name": "JP_ObservationLabResultCode_VS"
  },
  {
    "id": "jp-observation-method-vs",
    "type": "ValueSet",
    "url": "http://jpfhir.jp/fhir/core/ValueSet/JP_ObservationMethod_VS",
    "version": "1.1.0a",
    "name": "JP_ObservationMethod_VS"
  },
  {
    "id": "jp-observation-physicalexam-bodysite-vs",
    "type": "ValueSet",
    "url": "http://jpfhir.jp/fhir/core/ValueSet/JP_ObservationPhysicalExamBodySite_VS",
    "version": "1.1.0a",
    "name": "JP_ObservationPhysicalExamBodySite_VS"
  },
  {
    "id": "jp-observation-physicalexam-method-vs",
    "type": "ValueSet",
    "url": "http://jpfhir.jp/fhir/core/ValueSet/JP_ObservationPhysicalExamMethod_VS",
    "version": "1.1.0a",
    "name": "JP_ObservationPhysicalExamMethod_VS"
  },
  {
    "id": "jp-observation-socialhistory-code-vs",
    "type": "ValueSet",
    "url": "http://jpfhir.jp/fhir/core/ValueSet/JP_ObservationSocialHistoryCode_VS",
    "version": "1.1.0a",
    "name": "JP_ObservationSocialHistoryCode_VS"
  },
  {
    "id": "jp-observation-vitalsigns-category-vs",
    "type": "ValueSet",
    "url": "http://jpfhir.jp/fhir/core/ValueSet/JP_ObservationVitalSignsCategory_VS",
    "version": "1.1.0a",
    "name": "JP_ObservationVitalSignsCategory_VS"
  },
  {
    "id": "jp-observation-vitalsigns-code-vs",
    "type": "ValueSet",
    "url": "http://jpfhir.jp/fhir/core/ValueSet/JP_ObservationVitalSignsCode_VS",
    "version": "1.1.0a",
    "name": "JP_ObservationVitalSignsCode_VS"
  },
  {
    "id": "jp-physicalexamcode-vs",
    "type": "ValueSet",
    "url": "http://jpfhir.jp/fhir/core/ValueSet/JP_PhysicalExamCode_VS",
    "version": "1.1.0a",
    "name": "JP_PhysicalExamCode_VS"
  },
  {
    "id": "jp-practitionerrole-vs",
    "type": "ValueSet",
    "url": "http://jpfhir.jp/fhir/core/ValueSet/JP_PractitionerRole_VS",
    "version": "1.1.0a",
    "name": "JP_PractitionerRole_VS"
  },
  {
    "id": "jp-prefecturenumber-vs",
    "type": "ValueSet",
    "url": "http://jpfhir.jp/fhir/core/ValueSet/JP_PrefectureNumber_VS",
    "version": "1.1.0a",
    "name": "JP_PrefectureNumber_VS"
  },
  {
    "id": "jp-procedure-body-site-vs",
    "type": "ValueSet",
    "url": "http://jpfhir.jp/fhir/core/ValueSet/JP_ProcedureBodySite_VS",
    "version": "1.1.0a",
    "name": "JP_ProcedureBodySite_VS"
  },
  {
    "id": "jp-procedure-category-vs",
    "type": "ValueSet",
    "url": "http://jpfhir.jp/fhir/core/ValueSet/JP_ProcedureCategory_VS",
    "version": "1.1.0a",
    "name": "JP_ProcedureCategory_VS"
  },
  {
    "id": "jp-procedure-codes-dental-vs",
    "type": "ValueSet",
    "url": "http://jpfhir.jp/fhir/core/ValueSet/JP_ProcedureCodesDental_VS",
    "version": "1.1.0a",
    "name": "JP_ProcedureCodesDental_VS"
  },
  {
    "id": "jp-procedure-codes-ichi-vs",
    "type": "ValueSet",
    "url": "http://jpfhir.jp/fhir/core/ValueSet/JP_ProcedureCodesICHI_VS",
    "version": "1.1.0a",
    "name": "JP_ProcedureCodesICHI_VS"
  },
  {
    "id": "jp-procedure-code-medical-vs",
    "type": "ValueSet",
    "url": "http://jpfhir.jp/fhir/core/ValueSet/JP_ProcedureCodesMedical_VS",
    "version": "1.1.0a",
    "name": "JP_ProcedureCodesMedical_VS"
  },
  {
    "id": "jp-procedure-codes-nurse-vs",
    "type": "ValueSet",
    "url": "http://jpfhir.jp/fhir/core/ValueSet/JP_ProcedureCodesNurse_VS",
    "version": "1.1.0a",
    "name": "JP_ProcedureCodesNurse_VS"
  },
  {
    "id": "jp-procedure-code-stem7-vs",
    "type": "ValueSet",
    "url": "http://jpfhir.jp/fhir/core/ValueSet/JP_ProcedureCodesSTEM7_VS",
    "version": "1.1.0a",
    "name": "JP_ProcedureCodesSTEM7_VS"
  },
  {
    "id": "jp-procedure-condition-vs",
    "type": "ValueSet",
    "url": "http://jpfhir.jp/fhir/core/ValueSet/JP_ProcedureCondition_VS",
    "version": "1.1.0a",
    "name": "JP_ProcedureCondition_VS"
  },
  {
    "id": "jp-procedure-device-action-vs",
    "type": "ValueSet",
    "url": "http://jpfhir.jp/fhir/core/ValueSet/JP_ProcedureDeviceAction_VS",
    "version": "1.1.0a",
    "name": "JP_ProcedureDeviceAction_VS"
  },
  {
    "id": "jp-procedure-devicekind-vs",
    "type": "ValueSet",
    "url": "http://jpfhir.jp/fhir/core/ValueSet/JP_ProcedureDeviceKind_VS",
    "version": "1.1.0a",
    "name": "JP_ProcedureDeviceKind_VS"
  },
  {
    "id": "jp-procedure-followup-vs",
    "type": "ValueSet",
    "url": "http://jpfhir.jp/fhir/core/ValueSet/JP_ProcedureFollowUp_VS",
    "version": "1.1.0a",
    "name": "JP_ProcedureFollowUp_VS"
  },
  {
    "id": "jp-procedure-not-performed-reason-vs",
    "type": "ValueSet",
    "url": "http://jpfhir.jp/fhir/core/ValueSet/JP_ProcedureNotPerformedReason_VS",
    "version": "1.1.0a",
    "name": "JP_ProcedureNotPerformedReason_VS"
  },
  {
    "id": "jp-procedure-outcome-vs",
    "type": "ValueSet",
    "url": "http://jpfhir.jp/fhir/core/ValueSet/JP_ProcedureOutcome_VS",
    "version": "1.1.0a",
    "name": "JP_ProcedureOutcome_VS"
  },
  {
    "id": "jp-procedure-performer-role-vs",
    "type": "ValueSet",
    "url": "http://jpfhir.jp/fhir/core/ValueSet/JP_ProcedurePerformerRole_VS",
    "version": "1.1.0a",
    "name": "JP_ProcedurePerformerRole_VS"
  },
  {
    "id": "jp-procedure-reason-vs",
    "type": "ValueSet",
    "url": "http://jpfhir.jp/fhir/core/ValueSet/JP_ProcedureReason_VS",
    "version": "1.1.0a",
    "name": "JP_ProcedureReason_VS"
  },
  {
    "id": "jp-undefined-vs",
    "type": "ValueSet",
    "url": "http://jpfhir.jp/fhir/core/ValueSet/JP_Undefined_VS",
    "version": "1.1.0a",
    "name": "JP_Undefined_VS"
  }
]