{
  "resourceType": "CodeSystem",
  "id": "jp-medicallicensecertificate-cs",
  "url": "http://jpfhir.jp/fhir/core/CodeSystem/JP_MedicalLicenseCertificate_CS",
  "version": "1.1.0a",
  "name": "JP_MedicalLicenseCertificate_CS",
  "title": "JP Core MedicalLicenseCertificate CodeSystem",
  "status": "active",
  "experimental": false,
  "date": "2022-09-26",
  "publisher": "FHIR Japanese implementation research working group in Japan Association of Medical Informatics (JAMI)",
  "contact": [
    {
      "name": "FHIR Japanese implementation research working group in Japan Association of Medical Informatics (JAMI)",
      "telecom": [
        {
          "system": "url",
          "value": "http://jpfhir.jp"
        },
        {
          "system": "email",
          "value": "office@hlfhir.jp"
        }
      ]
    }
  ],
  "description": "医療関連免許証明に関するコードシステム。（現在作成中、今後医療系免許に関する情報追加する予定です。）",
  "jurisdiction": [
    {
      "coding": [
        {
          "system": "urn:iso:std:iso:3166",
          "code": "JP"
        }
      ]
    }
  ],
  "copyright": "FHIR Japanese implementation research working group in Japan Association of Medical Informatics (JAMI)",
  "caseSensitive": true,
  "valueSet": "http://jpfhir.jp/fhir/core/ValueSet/JP_MedicalLicenseCertificate_VS",
  "content": "complete",
  "count": 2,
  "concept": [
    {
      "code": "narcotics-practitioner",
      "display": "麻薬施用者番号",
      "definition": "各都道府県にて管理される麻薬施用に関する免許番号"
    },
    {
      "code": "medical-registration",
      "display": "医籍登録番号",
      "definition": "厚労省が発行する医師免許に割り振られる登録番号"
    }
  ]
}