{
  "package": "hl7.fhir.jp.core",
  "version": "1.1.0a",
  "fhirVersion": "4.0.1",
  "jurisdiction": "JP",
  "extensions": [
    {
      "url": "http://jpfhir.jp/fhir/core/Extension/StructureDefinition/JP_Coverage_InsuredPersonNumber",
      "title": "JP Core Coverage InsuredPersonNumber Extension",
      "types": [
        "string"
      ]
    },
    {
      "url": "http://jpfhir.jp/fhir/core/Extension/StructureDefinition/JP_Coverage_InsuredPersonSubNumber",
      "title": "JP Core Coverage InsuredPersonSubNumber Extension",
      "types": [
        "string"
      ]
    },
    {
      "url": "http://jpfhir.jp/fhir/core/Extension/StructureDefinition/JP_Coverage_InsuredPersonSymbol",
      "title": "JP Core Coverage InsuredPersonSymbol Extension",
      "types": [
        "string"
      ]
    },
    {
      "url": "http://jpfhir.jp/fhir/core/Extension/StructureDefinition/JP_Immunization_CertificatedDate",
      "title": "JP Core Immunization CertificatedDate Extension",
      "types": [
        "date"
      ]
    },
    {
      "url": "http://jpfhir.jp/fhir/core/Extension/StructureDefinition/JP_Immunization_DueDateOfNextDose",
      "title": "JP Core Immunization DueDateOfNextDose Extension",
      "types": [
        "date"
      ]
    },
    {
      "url": "http://jpfhir.jp/fhir/core/Extension/StructureDefinition/JP_Immunization_ManufacturedDate",
      "title": "JP Core Immunization ManufacturedDate Extension",
      "types": [
        "date"
      ]
    },
    {
      "url": "http://jpfhir.jp/fhir/core/Extension/StructureDefinition/JP_MedicationAdministration_Location",
      "title": "JP Core MedicationAdministration Location Extension",
      "types": [
        "Reference"
      ]
    },
    {
      "url": "http://jpfhir.jp/fhir/core/Extension/StructureDefinition/JP_MedicationAdministration_RequestAuthoredOn",
      "title": "JP Core MedicationAdministration RequestAuthoredOn Extension",
      "types": [
        "dateTime"
      ]
    },
    {
      "url": "http://jpfhir.jp/fhir/core/Extension/StructureDefinition/JP_MedicationAdministration_RequestDepartment",
      "title": "JP Core MedicationAdministration RequestDepartment Extension",
      "types": [
        "CodeableConcept",
        "CodeableConcept"
      ]
    },
    {
      "url": "http://jpfhir.jp/fhir/core/Extension/StructureDefinition/JP_MedicationAdministration_Requester",
      "title": "JP Core MedicationAdministration Requester Extension",
      "types": [
        "Reference"
      ]
    },
    {
      "url": "http://jpfhir.jp/fhir/core/Extension/StructureDefinition/JP_MedicationAdministration_UncategorizedComment",
      "title": "JP Core MedicationAdministration UncategorizedComment Extension",
      "types": [
        "string",
        "CodeableConcept",
        "CodeableConcept",
        "string"
      ]
    },
    {
      "url": "http://jpfhir.jp/fhir/core/Extension/StructureDefinition/JP_MedicationDispense_Preparation",
      "title": "JP Core MedicationDispense Preparation Extension",
      "types": [
        "string",
        "CodeableConcept",
        "CodeableConcept",
        "string"
      ]
    },
    {
      "url": "http://jpfhir.jp/fhir/core/Extension/StructureDefinition/JP_MedicationDosage_Device",
      "title": "JP Core Medication Dosage Device Extension",
      "types": [
        "Reference"
      ]
    },
    {
      "url": "http://jpfhir.jp/fhir/core/Extension/StructureDefinition/JP_MedicationDosage_DosageComment",
      "title": "JP Core Medication Dosage DosageComment Extension",
      "types": [
        "string",
        "CodeableConcept",
        "CodeableConcept",
        "string"
      ]
    },
    {
      "url": "http://jpfhir.jp/fhir/core/Extension/StructureDefinition/JP_MedicationDosage_Line",
      "title": "JP Core Medication Dosage Line Extension",
      "types": [
        "CodeableConcept",
        "CodeableConcept",
        "string",
        "Extension",
        "Coding",
        "string"
      ]
    },
    {
      "url": "http://jpfhir.jp/fhir/core/Extension/StructureDefinition/JP_MedicationDosage_LineComment",
      "title": "JP Core Medication Dosage LineComment Extension",
      "types": [
        "string",
        "CodeableConcept",
        "CodeableConcept",
        "string"
      ]
    },
    {
      "url": "http://jpfhir.jp/fhir/core/Extension/StructureDefinition/JP_MedicationDosage_MethodComment",
      "title": "JP Core Medication Dosage MethodComment Extension",
      "types": [
        "string",
        "CodeableConcept",
        "CodeableConcept",
        "string"
      ]
    },
    {
      "url": "http://jpfhir.jp/fhir/core/Extension/StructureDefinition/JP_MedicationDosage_PeriodOfUse",
      "title": "JP Core Medication Dosage PeriodOfUse Extension",
      "types": [
        "Period",
        "string",
        "Extension",
        "dateTime",
        "dateTime"
      ]
    },
    {
      "url": "http://jpfhir.jp/fhir/core/Extension/StructureDefinition/JP_MedicationDosage_RateComment",
      "title": "JP Core Medication Dosage RateComment Extension",
      "types": [
        "string",
        "CodeableConcept",
        "CodeableConcept",
        "string"
      ]
    },
    {
      "url": "http://jpfhir.jp/fhir/core/Extension/StructureDefinition/JP_MedicationDosage_RouteComment",
      "title": "JP Core Medication Dosage RouteComment Extension",
      "types": [
        "string",
        "CodeableConcept",
        "CodeableConcept",
        "string"
      ]
    },
    {
      "url": "http://jpfhir.jp/fhir/core/Extension/StructureDefinition/JP_MedicationDosage_SiteComment",
      "title": "JP Core Medication Dosage SiteComment Extension",
      "types": [
        "string",
        "CodeableConcept",
        "CodeableConcept",
        "string"
      ]
    },
    {
      "url": "http://jpfhir.jp/fhir/core/Extension/StructureDefinition/JP_MedicationDosage_UsageDuration",
      "title": "JP Core Medication Dosage UsageDuration Extension",
      "types": [
        "Duration",
        "string",
        "Extension",
        "decimal",
        "code",
        "string",
        "uri",
        "code"
      ]
    },
    {
      "url": "http://jpfhir.jp/fhir/core/Extension/StructureDefinition/JP_MedicationRequest_DispenseRequest_ExpectedRepeatCount",
      "title": "JP Core MedicationRequest DispenseRequest ExpectedRepeatCount Extension",
      "types": [
        "integer"
      ]
    },
    {
      "url": "http://jpfhir.jp/fhir/core/Extension/StructureDefinition/JP_MedicationRequest_DispenseRequest_InstructionForDispense",
      "title": "JP Core MedicationRequest DispenseRequest InstructionForDispense Extension",
      "types": [
        "CodeableConcept",
        "CodeableConcept",
        "string",
        "Extension",
        "Coding",
        "string"
      ]
    },
    {
      "url": "http://jpfhir.jp/fhir/core/Extension/StructureDefinition/JP_Medication_IngredientStrength_StrengthType",
      "title": "JP Core Medication IngredientStrength StrengthType Extension",
      "types": [
        "CodeableConcept"
      ]
    },
    {
      "url": "http://jpfhir.jp/fhir/core/Extension/StructureDefinition/JP_Medication_Ingredient_DrugNo",
      "title": "JP Core Medication Ingredient DrugNo Extension",
      "types": [
        "integer"
      ]
    },
    {
      "url": "http://jpfhir.jp/fhir/core/Extension/StructureDefinition/JP_Organization_InsuranceOrganizationCategory",
      "title": "JP Core Organization InsuranceOrganizationCategory Extension",
      "types": [
        "Coding",
        "Coding",
        "string",
        "Extension",
        "uri",
        "string",
        "code",
        "string",
        "boolean"
      ]
    },
    {
      "url": "http://jpfhir.jp/fhir/core/Extension/StructureDefinition/JP_Organization_InsuranceOrganizationNo",
      "title": "JP Core Organization InsuranceOrganizationNo Extension",
      "types": [
        "Identifier",
        "string",
        "Extension",
        "code",
        "CodeableConcept",
        "uri",
        "string",
        "Period",
        "Reference"
      ]
    },
    {
      "url": "http://jpfhir.jp/fhir/core/Extension/StructureDefinition/JP_Organization_PrefectureNo",
      "title": "JP Core Organization PrefectureNo Extension",
      "types": [
        "Coding",
        "Coding",
        "string",
        "Extension",
        "uri",
        "string",
        "code",
        "string",
        "boolean"
      ]
    },
    {
      "url": "http://jpfhir.jp/fhir/core/Extension/StructureDefinition/JP_Patient_Race",
      "title": "JP Core Patient Race Extension",
      "types": [
        "CodeableConcept",
        "CodeableConcept"
      ]
    }
  ],
  "profiles": {
    "AllergyIntolerance": [
      {
        "url": "http://jpfhir.jp/fhir/core/StructureDefinition/JP_AllergyIntolerance",
        "title": "JP Core AllergyIntolerance Profile"
      }
    ],
    "CarePlan": [
      {
        "url": "http://jpfhir.jp/fhir/core/StructureDefinition/JP_CarePlan",
        "title": "JP Core CarePlan Profile"
      }
    ],
    "Condition": [
      {
        "url": "http://jpfhir.jp/fhir/core/StructureDefinition/JP_Condition",
        "title": "JP Core Condition Profile"
      }
    ],
    "Coverage": [
      {
        "url": "http://jpfhir.jp/fhir/core/StructureDefinition/JP_Coverage",
        "title": "JP Core Coverage Profile"
      }
    ],
    "DiagnosticReport": [
      {
        "url": "http://jpfhir.jp/fhir/core/StructureDefinition/JP_DiagnosticReport_Common",
        "title": "JP Core DiagnosticReport Common Profile"
      },
      {
        "url": "http://jpfhir.jp/fhir/core/StructureDefinition/JP_DiagnosticReport_LabResult",
        "title": "JP Core DiagnosticReport LabResult Profile"
      },
      {
        "url": "http://jpfhir.jp/fhir/core/StructureDefinition/JP_DiagnosticReport_Radiology",
        "title": "JP Core DiagnosticReport Radiology Profile"
      }
    ],
    "Encounter": [
      {
        "url": "http://jpfhir.jp/fhir/core/StructureDefinition/JP_Encounter",
        "title": "JP Core Encounter Profile"
      }
    ],
    "FamilyMemberHistory": [
      {
        "url": "http://jpfhir.jp/fhir/core/StructureDefinition/JP_FamilyMemberHistory",
        "title": "JP Core FamilyMemberHistory Profile"
      }
    ],
    "ImagingStudy": [
      {
        "url": "http://jpfhir.jp/fhir/core/StructureDefinition/JP_ImagingStudy_Radiology",
        "title": "JP Core ImagingStudy Radiology Profile"
      }
    ],
    "Immunization": [
      {
        "url": "http://jpfhir.jp/fhir/core/StructureDefinition/JP_Immunization",
        "title": "JP Core Immunization Profile"
      }
    ],
    "Location": [
      {
        "url": "http://jpfhir.jp/fhir/core/StructureDefinition/JP_Location",
        "title": "JP Core Location Profile"
      }
    ],
    "Medication": [
      {
        "url": "http://jpfhir.jp/fhir/core/StructureDefinition/JP_Medication",
        "title": "JP Core Medication Profile"
      }
    ],
    "MedicationAdministration": [
      {
        "url": "http://jpfhir.jp/fhir/core/StructureDefinition/JP_MedicationAdministration",
        "title": "JP Core MedicationAdministration Profile"
      },
      {
        "url": "http://jpfhir.jp/fhir/core/StructureDefinition/JP_MedicationAdministrationBase",
        "title": "JP Core MedicationAdministrationBase Profile"
      },
      {
        "url": "http://jpfhir.jp/fhir/core/StructureDefinition/JP_MedicationAdministration_Injection",
        "title": "JP Core MedicationAdministration Injection Profile"
      }
    ],
    "MedicationDispense": [
      {
        "url": "http://jpfhir.jp/fhir/core/StructureDefinition/JP_MedicationDispense",
        "title": "JP Core MedicationDispense Profile"
      },
      {
        "url": "http://jpfhir.jp/fhir/core/StructureDefinition/JP_MedicationDispenseBase",
        "title": "JP Core MedicationDispenseBase Profile"
      },
      {
        "url": "http://jpfhir.jp/fhir/core/StructureDefinition/JP_MedicationDispense_Injection",
        "title": "JP Core MedicationDispense Injection Profile"
      }
    ],
    "MedicationRequest": [
      {
        "url": "http://jpfhir.jp/fhir/core/StructureDefinition/JP_MedicationRequest",
        "title": "JP Core MedicationRequest Profile"
      },
      {
        "url": "http://jpfhir.jp/fhir/core/StructureDefinition/JP_MedicationRequestBase",
        "title": "JP Core MedicationRequestBase Profile"
      },
      {
        "url": "http://jpfhir.jp/fhir/core/StructureDefinition/JP_MedicationRequest_Injection",
        "title": "JP Core MedicationRequest Injection Profile"
      }
    ],
    "Observation": [
      {
        "url": "http://jpfhir.jp/fhir/core/StructureDefinition/JP_Observation_BodyMeasurement",
        "title": "JP Core Observation BodyMeasurement Profile"
      },
      {
        "url": "http://jpfhir.jp/fhir/core/StructureDefinition/JP_Observation_Common",
        "title": "JP Core Observation Common Profile"
      },
      {
        "url": "http://jpfhir.jp/fhir/core/StructureDefinition/JP_Observation_LabResult",
        "title": "JP Core Observation LabResult Profile"
      },
      {
        "url": "http://jpfhir.jp/fhir/core/StructureDefinition/JP_Observation_PhysicalExam",
        "title": "JP Core Observation PhysicalExam Profile"
      },
      {
        "url": "http://jpfhir.jp/fhir/core/StructureDefinition/JP_Observation_SocialHistory",
        "title": "JP Core Observation SocialHistory Profile"
      },
      {
        "url": "http://jpfhir.jp/fhir/core/StructureDefinition/JP_Observation_VitalSigns",
        "title": "JP Core Observation VitalSigns Profile"
      }
    ],
    "Organization": [
      {
        "url": "http://jpfhir.jp/fhir/core/StructureDefinition/JP_Organization",
        "title": "JP Core Organization Profile"
      }
    ],
    "Patient": [
      {
        "url": "http://jpfhir.jp/fhir/core/StructureDefinition/JP_Patient",
        "title": "JP Core Patient Profile"
      }
    ],
    "Practitioner": [
      {
        "url": "http://jpfhir.jp/fhir/core/StructureDefinition/JP_Practitioner",
        "title": "JP Core Practitioner Profile"
      }
    ],
    "PractitionerRole": [
      {
        "url": "http://jpfhir.jp/fhir/core/StructureDefinition/JP_PractitionerRole",
        "title": "JP Core PractitionerRole Profile"
      }
    ],
    "Procedure": [
      {
        "url": "http://jpfhir.jp/fhir/core/StructureDefinition/JP_Procedure",
        "title": "JP Core Procedure Profile"
      }
    ]
  },
  "usage": {
    "http://hl7.org/fhir/StructureDefinition/bodySite": [
      "Dosage.site",
      "MedicationAdministration.dosage.site",
      "MedicationDispense.dosageInstruction.site",
      "MedicationRequest.dosageInstruction.site"
    ],
    "http://hl7.org/fhir/StructureDefinition/capabilitystatement-expectation": [
      "SearchParameter.multipleAnd",
      "SearchParameter.multipleOr"
    ],
    "http://hl7.org/fhir/StructureDefinition/elementdefinition-bestpractice": [
      "StructureDefinition.snapshot.element.constraint"
    ],
    "http://hl7.org/fhir/StructureDefinition/elementdefinition-bestpractice-explanation": [
      "StructureDefinition.snapshot.element.constraint"
    ],
    "http://hl7.org/fhir/StructureDefinition/elementdefinition-bindingName": [
      "StructureDefinition.differential.element.binding",
      "StructureDefinition.snapshot.element.binding"
    ],
    "http://hl7.org/fhir/StructureDefinition/elementdefinition-isCommonBinding": [
      "StructureDefinition.snapshot.element.binding"
    ],
    "http://hl7.org/fhir/StructureDefinition/elementdefinition-maxValueSet": [
      "StructureDefinition.snapshot.element.binding"
    ],
    "http://hl7.org/fhir/StructureDefinition/elementdefinition-translatable": [
      "StructureDefinition.snapshot.element"
    ],
    "http://hl7.org/fhir/StructureDefinition/encounter-associatedEncounter": [
      "Encounter"
    ],
    "http://hl7.org/fhir/StructureDefinition/iso21090-EN-representation": [
      "HumanName",
      "Patient.name",
      "Practitioner.name"
    ],
    "http://hl7.org/fhir/StructureDefinition/patient-birthPlace": [
      "Patient"
    ],
    "http://hl7.org/fhir/StructureDefinition/patient-religion": [
      "Patient"
    ],
    "http://hl7.org/fhir/StructureDefinition/structuredefinition-category": [
      "StructureDefinition"
    ],
    "http://hl7.org/fhir/StructureDefinition/structuredefinition-display-hint": [
      "StructureDefinition.snapshot.element"
    ],
    "http://hl7.org/fhir/StructureDefinition/structuredefinition-explicit-type-name": [
      "StructureDefinition.snapshot.element"
    ],
    "http://hl7.org/fhir/StructureDefinition/structuredefinition-fhir-type": [
      "StructureDefinition.snapshot.element.type"
    ],
    "http://hl7.org/fhir/StructureDefinition/structuredefinition-hierarchy": [
      "StructureDefinition.differential.element.type",
      "StructureDefinition.snapshot.element.type"
    ],
    "http://hl7.org/fhir/StructureDefinition/structuredefinition-security-category": [
      "StructureDefinition"
    ],
    "http://hl7.org/fhir/tools/StructureDefinition/ig-page-name": [
      "ImplementationGuide.definition.page",
      "ImplementationGuide.definition.page.page",
      "ImplementationGuide.definition.page.page.page"
    ],
    "http://hl7.org/fhir/tools/StructureDefinition/ig-parameter": [
      "ImplementationGuide.definition"
    ],
    "http://hl7.org/fhir/tools/StructureDefinition/resource-information": [
      "ImplementationGuide.definition.resource"
    ],
    "http://jpfhir.jp/fhir/core/Extension/StructureDefinition/JP_Coverage_InsuredPersonNumber": [
      "Coverage"
    ],
    "http://jpfhir.jp/fhir/core/Extension/StructureDefinition/JP_Coverage_InsuredPersonSubNumber": [
      "Coverage"
    ],
    "http://jpfhir.jp/fhir/core/Extension/StructureDefinition/JP_Coverage_InsuredPersonSymbol": [
      "Coverage"
    ],
    "http://jpfhir.jp/fhir/core/Extension/StructureDefinition/JP_Immunization_CertificatedDate": [
      "Immunization"
    ],
    "http://jpfhir.jp/fhir/core/Extension/StructureDefinition/JP_Immunization_DueDateOfNextDose": [
      "Immunization"
    ],
    "http://jpfhir.jp/fhir/core/Extension/StructureDefinition/JP_Immunization_ManufacturedDate": [
      "Immunization"
    ],
    "http://jpfhir.jp/fhir/core/Extension/StructureDefinition/JP_MedicationAdministration_Location": [
      "MedicationAdministration"
    ],
    "http://jpfhir.jp/fhir/core/Extension/StructureDefinition/JP_MedicationAdministration_RequestAuthoredOn": [
      "MedicationAdministration"
    ],
    "http://jpfhir.jp/fhir/core/Extension/StructureDefinition/JP_MedicationAdministration_RequestDepartment": [
      "MedicationAdministration"
    ],
    "http://jpfhir.jp/fhir/core/Extension/StructureDefinition/JP_MedicationAdministration_Requester": [
      "MedicationAdministration"
    ],
    "http://jpfhir.jp/fhir/core/Extension/StructureDefinition/JP_MedicationAdministration_UncategorizedComment": [
      "MedicationAdministration"
    ],
    "http://jpfhir.jp/fhir/core/Extension/StructureDefinition/JP_MedicationDispense_Preparation": [
      "MedicationDispense",
      "MedicationRequest"
    ],
    "http://jpfhir.jp/fhir/core/Extension/StructureDefinition/JP_MedicationDosage_Device": [
      "Dosage",
      "MedicationAdministration.dosage",
      "MedicationRequest.dosageInstruction"
    ],
    "http://jpfhir.jp/fhir/core/Extension/StructureDefinition/JP_MedicationDosage_DosageComment": [
      "Dosage",
      "MedicationAdministration.dosage"
    ],
    "http://jpfhir.jp/fhir/core/Extension/StructureDefinition/JP_MedicationDosage_Line": [
      "Dosage",
      "MedicationAdministration.dosage",
      "MedicationRequest.dosageInstruction"
    ],
    "http://jpfhir.jp/fhir/core/Extension/StructureDefinition/JP_MedicationDosage_LineComment": [
      "Dosage",
      "MedicationAdministration.dosage"
    ],
    "http://jpfhir.jp/fhir/core/Extension/StructureDefinition/JP_MedicationDosage_MethodComment": [
      "Dosage.method",
      "MedicationAdministration.dosage.method"
    ],
    "http://jpfhir.jp/fhir/core/Extension/StructureDefinition/JP_MedicationDosage_PeriodOfUse": [
      "Dosage",
      "MedicationRequest.dosageInstruction"
    ],
    "http://jpfhir.jp/fhir/core/Extension/StructureDefinition/JP_MedicationDosage_RateComment": [
      "Dosage.doseAndRate",
      "MedicationAdministration.dosage"
    ],
    "http://jpfhir.jp/fhir/core/Extension/StructureDefinition/JP_MedicationDosage_RouteComment": [
      "Dosage.route",
      "MedicationAdministration.dosage.route"
    ],
    "http://jpfhir.jp/fhir/core/Extension/StructureDefinition/JP_MedicationDosage_SiteComment": [
      "Dosage.site",
      "MedicationAdministration.dosage.site"
    ],
    "http://jpfhir.jp/fhir/core/Extension/StructureDefinition/JP_MedicationDosage_UsageDuration": [
      "Dosage",
      "MedicationRequest.dosageInstruction"
    ],
    "http://jpfhir.jp/fhir/core/Extension/StructureDefinition/JP_MedicationRequest_DispenseRequest_ExpectedRepeatCount": [
      "MedicationRequest.dispenseRequest"
    ],
    "http://jpfhir.jp/fhir/core/Extension/StructureDefinition/JP_MedicationRequest_DispenseRequest_InstructionForDispense": [
      "MedicationRequest.dispenseRequest"
    ],
    "http://jpfhir.jp/fhir/core/Extension/StructureDefinition/JP_Medication_IngredientStrength_StrengthType": [
      "Medication.ingredient.strength",
      "MedicationDispense.contained.ingredient.strength",
      "MedicationRequest.contained.ingredient.strength"
    ],
    "http://jpfhir.jp/fhir/core/Extension/StructureDefinition/JP_Medication_Ingredient_DrugNo": [
      "Medication.ingredient",
      "MedicationDispense.contained.ingredient",
      "MedicationRequest.contained.ingredient"
    ],
    "http://jpfhir.jp/fhir/core/Extension/StructureDefinition/JP_Organization_InsuranceOrganizationCategory": [
      "Organization"
    ],
    "http://jpfhir.jp/fhir/core/Extension/StructureDefinition/JP_Organization_InsuranceOrganizationNo": [
      "Organization"
    ],
    "http://jpfhir.jp/fhir/core/Extension/StructureDefinition/JP_Organization_PrefectureNo": [
      "Organization"
    ],
    "http://jpfhir.jp/fhir/core/Extension/StructureDefinition/JP_Patient_Race": [
      "Patient"
    ]
  }
}