<?xml version="1.0" encoding="UTF-8"?><CodeSystem xmlns="http://hl7.org/fhir"><id value="jp-observation-bodymeasurement-category-cs"/><text><status value="generated"/><div xmlns="http://www.w3.org/1999/xhtml"><p>This code system http://jpfhir.jp/fhir/Common/CodeSystem/JP_ObservationBodyMeasurementCategory_CS defines the following codes:</p><table class="codes"><tr><td style="white-space:nowrap"><b>Code</b></td><td><b>Display</b></td></tr><tr><td style="white-space:nowrap">weight<a name="jp-observation-bodymeasurement-category-cs-weight"> </a></td><td>体重</td></tr><tr><td style="white-space:nowrap">height<a name="jp-observation-bodymeasurement-category-cs-height"> </a></td><td>身長</td></tr><tr><td style="white-space:nowrap">chest-circumference<a name="jp-observation-bodymeasurement-category-cs-chest-circumference"> </a></td><td>胸囲</td></tr><tr><td style="white-space:nowrap">abdominal-circumference<a name="jp-observation-bodymeasurement-category-cs-abdominal-circumference"> </a></td><td>腹囲</td></tr><tr><td style="white-space:nowrap">deglutition<a name="jp-observation-bodymeasurement-category-cs-deglutition"> </a></td><td>嚥下</td></tr><tr><td style="white-space:nowrap">body-fat-percentage<a name="jp-observation-bodymeasurement-category-cs-body-fat-percentage"> </a></td><td>体脂肪率</td></tr><tr><td style="white-space:nowrap">perimeter<a name="jp-observation-bodymeasurement-category-cs-perimeter"> </a></td><td>周囲</td></tr><tr><td style="white-space:nowrap">pregnancy-delivery<a name="jp-observation-bodymeasurement-category-cs-pregnancy-delivery"> </a></td><td>妊娠・分娩</td></tr><tr><td style="white-space:nowrap">assessment<a name="jp-observation-bodymeasurement-category-cs-assessment"> </a></td><td>アセスメント</td></tr><tr><td style="white-space:nowrap">perimeter-length<a name="jp-observation-bodymeasurement-category-cs-perimeter-length"> </a></td><td>周囲長</td></tr><tr><td style="white-space:nowrap">muscle-circumference<a name="jp-observation-bodymeasurement-category-cs-muscle-circumference"> </a></td><td>筋囲</td></tr><tr><td style="white-space:nowrap">muscle-area<a name="jp-observation-bodymeasurement-category-cs-muscle-area"> </a></td><td>筋面積</td></tr><tr><td style="white-space:nowrap">subcutaneous-fat-thickness<a name="jp-observation-bodymeasurement-category-cs-subcutaneous-fat-thickness"> </a></td><td>皮下脂肪厚</td></tr><tr><td style="white-space:nowrap">body-mass-index<a name="jp-observation-bodymeasurement-category-cs-body-mass-index"> </a></td><td>肥満度</td></tr><tr><td style="white-space:nowrap">rohrer-index<a name="jp-observation-bodymeasurement-category-cs-rohrer-index"> </a></td><td>ローレル指数</td></tr><tr><td style="white-space:nowrap">height-estimates<a name="jp-observation-bodymeasurement-category-cs-height-estimates"> </a></td><td>身長推定値</td></tr><tr><td style="white-space:nowrap">head-circumference<a name="jp-observation-bodymeasurement-category-cs-head-circumference"> </a></td><td>頭囲</td></tr><tr><td style="white-space:nowrap">grip-strength<a name="jp-observation-bodymeasurement-category-cs-grip-strength"> </a></td><td>握力</td></tr></table></div></text><url value="http://jpfhir.jp/fhir/Common/CodeSystem/JP_ObservationBodyMeasurementCategory_CS"/><version value="1.1.0a"/><name value="JP_ObservationBodyMeasurementCategory_CS"/><title value="JP Core Observation BodyMeasurement Category CodeSystem"/><status value="draft"/><date value="2022-09-05T02:42:48+00:00"/><publisher value="FHIR Japanese implementation research working group in Japan Association of Medical Informatics (JAMI)"/><contact><name value="FHIR Japanese implementation research working group in Japan Association of Medical Informatics (JAMI)"/><telecom><system value="url"/><value value="http://jpfhir.jp"/></telecom><telecom><system value="email"/><value value="office@hlfhir.jp"/></telecom></contact><description value="Observation（身体計測）で使用する分類のコード"/><jurisdiction><coding><system value="urn:iso:std:iso:3166"/><code value="JP"/></coding></jurisdiction><copyright value="FHIR Japanese implementation research working group in Japan Association of Medical Informatics (JAMI)"/><caseSensitive value="true"/><valueSet value="http://jpfhir.jp/fhir/Common/ValueSet/JP_ObservationBodyMeasurementCategory_VS"/><content value="complete"/><count value="18"/><concept><code value="weight"/><display value="体重"/></concept><concept><code value="height"/><display value="身長"/></concept><concept><code value="chest-circumference"/><display value="胸囲"/></concept><concept><code value="abdominal-circumference"/><display value="腹囲"/></concept><concept><code value="deglutition"/><display value="嚥下"/></concept><concept><code value="body-fat-percentage"/><display value="体脂肪率"/></concept><concept><code value="perimeter"/><display value="周囲"/></concept><concept><code value="pregnancy-delivery"/><display value="妊娠・分娩"/></concept><concept><code value="assessment"/><display value="アセスメント"/></concept><concept><code value="perimeter-length"/><display value="周囲長"/></concept><concept><code value="muscle-circumference"/><display value="筋囲"/></concept><concept><code value="muscle-area"/><display value="筋面積"/></concept><concept><code value="subcutaneous-fat-thickness"/><display value="皮下脂肪厚"/></concept><concept><code value="body-mass-index"/><display value="肥満度"/></concept><concept><code value="rohrer-index"/><display value="ローレル指数"/></concept><concept><code value="height-estimates"/><display value="身長推定値"/></concept><concept><code value="head-circumference"/><display value="頭囲"/></concept><concept><code value="grip-strength"/><display value="握力"/></concept></CodeSystem>