<?xml version="1.0" encoding="UTF-8"?><ValueSet xmlns="http://hl7.org/fhir"><id value="jp-diagnosticreportcategory-vs"/><text><status value="generated"/><div xmlns="http://www.w3.org/1999/xhtml"><p class="res-header-id"><b>Generated Narrative: ValueSet jp-diagnosticreportcategory-vs</b></p><a name="jp-diagnosticreportcategory-vs"> </a><a name="hcjp-diagnosticreportcategory-vs"> </a><a name="jp-diagnosticreportcategory-vs-ja"> </a><ul><li>Include these codes as defined in <a href="http://loinc.org"><code>http://loinc.org</code></a><table class="none"><tr><td style="white-space:nowrap"><b>Code</b></td><td><b>Display</b></td></tr><tr><td><a href="https://simplifier.net/resolve?scope=jpfhir-terminology@1.2.1&amp;canonical=http://loinc.org#us-loinc-cs-LP29684-5">LP29684-5</a></td><td>放射線</td></tr><tr><td><a href="https://simplifier.net/resolve?scope=jpfhir-terminology@1.2.1&amp;canonical=http://loinc.org#us-loinc-cs-LP7839-6">LP7839-6</a></td><td>病理</td></tr><tr><td><a href="https://simplifier.net/resolve?scope=jpfhir-terminology@1.2.1&amp;canonical=http://loinc.org#us-loinc-cs-LP7796-8">LP7796-8</a></td><td>内視鏡</td></tr><tr><td><a href="https://simplifier.net/resolve?scope=jpfhir-terminology@1.2.1&amp;canonical=http://loinc.org#us-loinc-cs-LP29693-6">LP29693-6</a></td><td>検体検査</td></tr><tr><td><a href="https://simplifier.net/resolve?scope=jpfhir-terminology@1.2.1&amp;canonical=http://loinc.org#us-loinc-cs-LP29708-2">LP29708-2</a></td><td>循環器</td></tr><tr><td><a href="https://simplifier.net/resolve?scope=jpfhir-terminology@1.2.1&amp;canonical=http://loinc.org#us-loinc-cs-LP31759-1">LP31759-1</a></td><td>歯科口腔</td></tr><tr><td><a href="https://simplifier.net/resolve?scope=jpfhir-terminology@1.2.1&amp;canonical=http://loinc.org#us-loinc-cs-LP7819-8">LP7819-8</a></td><td>微生物検査</td></tr></table></li></ul></div></text><url value="http://jpfhir.jp/fhir/core/ValueSet/JP_DiagnosticReportCategory_VS"/><version value="1.1.2"/><name value="JP_DiagnosticReportCategory_VS"/><title value="JP Core Diagnostic Report Category ValueSet"/><status value="active"/><experimental value="false"/><date value="2023-06-26"/><publisher value="FHIR Japanese implementation research working group in Japan Association of Medical Informatics (JAMI)"/><contact><name value="FHIR Japanese implementation research working group in Japan Association of Medical Informatics (JAMI)"/><telecom><system value="url"/><value value="http://jpfhir.jp"/></telecom><telecom><system value="email"/><value value="office@hlfhir.jp"/></telecom></contact><description value="DiagnosticReportカテゴリ 値セット"/><jurisdiction><coding><system value="urn:iso:std:iso:3166"/><code value="JP"/></coding></jurisdiction><copyright value="Copyright FHIR Japanese implementation research working group in Japan Association of Medical Informatics (JAMI) 一般社団法人日本医療情報学会NeXEHRS課題研究会FHIR日本実装検討  &#xA;This material contains content from LOINC (http://loinc.org). LOINC is copyright © 1995-2020, Regenstrief Institute, Inc. and the Logical Observation Identifiers Names and Codes (LOINC) Committee and is available at no cost under the license at http://loinc.org/license. LOINC® is a registered United States trademark of Regenstrief Institute, Inc"/><compose><include><system value="http://loinc.org"/><concept><code value="LP29684-5"/><display value="放射線"/></concept><concept><code value="LP7839-6"/><display value="病理"/></concept><concept><code value="LP7796-8"/><display value="内視鏡"/></concept><concept><code value="LP29693-6"/><display value="検体検査"/></concept><concept><code value="LP29708-2"/><display value="循環器"/></concept><concept><code value="LP31759-1"/><display value="歯科口腔"/></concept><concept><code value="LP7819-8"/><display value="微生物検査"/></concept></include></compose></ValueSet>