{"resourceType":"ValueSet","id":"jp-procedure-code-stem7-vs","text":{"status":"generated","div":"<div xmlns=\"http://www.w3.org/1999/xhtml\"><ul><li>Include all codes defined in <a href=\"CodeSystem-jp-procedure-codes-stem7-cs.html\"><code>http://jpfhir.jp/fhir/Common/CodeSystem/JP_ProcedureCodesSTEM7_CS</code></a></li></ul></div>"},"url":"http://jpfhir.jp/fhir/Common/ValueSet/JP_ProcedureCodesSTEM7_VS","version":"1.1.0a","name":"JP_ProcedureCodesSTEM7_VS","title":"JP Procedure Codes(STEM7)","status":"draft","date":"2022-05-25T01:02:38+00:00","publisher":"FHIR Japanese implementation research working group in Japan Association of Medical Informatics (JAMI)","contact":[{"name":"FHIR Japanese implementation research working group in Japan Association of Medical Informatics (JAMI)","telecom":[{"system":"url","value":"http://jpfhir.jp"},{"system":"email","value":"office@hlfhir.jp"}]}],"description":"Procesureで使用する処置のコード 外保連手術基幹コード(STEM7)","jurisdiction":[{"coding":[{"system":"urn:iso:std:iso:3166","code":"JP"}]}],"copyright":"FHIR Japanese implementation research working group in Japan Association of Medical Informatics (JAMI)","compose":{"include":[{"system":"http://jpfhir.jp/fhir/Common/CodeSystem/JP_ProcedureCodesSTEM7_CS"}]}}