<?xml version="1.0" encoding="UTF-8"?>

<CodeSystem xmlns="http://hl7.org/fhir">
  <id value="jp-observationvitalsignscode-cs"/>
  <url value="urn:oid:1.2.392.200119.4.804"/>
  <version value="1.1.2"/>
  <name value="JP_ObservationVitalSignsCode_CS"/>
  <title value="JP Core Observation VitalSigns Code CodeSystem"/>
  <status value="active"/>
  <experimental value="false"/>
  <date value="2023-06-26"/>
  <publisher value="FHIR Japanese implementation research working group in Japan Association of Medical Informatics (JAMI)"/>
  <contact>
    <name value="FHIR Japanese implementation research working group in Japan Association of Medical Informatics (JAMI)"/>
    <telecom>
      <system value="url"/>
      <value value="http://jpfhir.jp"/>
    </telecom>
    <telecom>
      <system value="email"/>
      <value value="office@hlfhir.jp"/>
    </telecom>
  </contact>
  <description value="Observation（バイタルサイン）で使用する項目コード （出典：看護実践用語標準マスターの概要＜看護行為編＞Ver. 3. 6）"/>
  <jurisdiction>
    <coding>
      <system value="urn:iso:std:iso:3166"/>
      <code value="JP"/>
    </coding>
  </jurisdiction>
  <copyright value="Copyright MEDIS-DC 医療情報システム開発センター"/>
  <caseSensitive value="true"/>
  <content value="complete"/>
  <count value="270"/>
  <concept>
    <code value="31000001"/>
    <display value="経皮的動脈血酸素飽和度（ＳＰＯ２）"/>
  </concept>
  <concept>
    <code value="31000525"/>
    <display value="努力呼吸"/>
  </concept>
  <concept>
    <code value="31000526"/>
    <display value="シーソー呼吸"/>
  </concept>
  <concept>
    <code value="31000527"/>
    <display value="鼻翼呼吸"/>
  </concept>
  <concept>
    <code value="31000528"/>
    <display value="浅表呼吸"/>
  </concept>
  <concept>
    <code value="31000529"/>
    <display value="肩呼吸"/>
  </concept>
  <concept>
    <code value="31000530"/>
    <display value="陥没呼吸"/>
  </concept>
  <concept>
    <code value="31000531"/>
    <display value="ヒュージョーンズ"/>
  </concept>
  <concept>
    <code value="31000533"/>
    <display value="呼吸数の異常"/>
  </concept>
  <concept>
    <code value="31000534"/>
    <display value="呼吸の深さの異常"/>
  </concept>
  <concept>
    <code value="31000535"/>
    <display value="呼吸リズム異常"/>
  </concept>
  <concept>
    <code value="31000537"/>
    <display value="口すぼめ呼吸"/>
  </concept>
  <concept>
    <code value="31000538"/>
    <display value="喘鳴"/>
  </concept>
  <concept>
    <code value="31000541"/>
    <display value="呼吸音減弱"/>
  </concept>
  <concept>
    <code value="31000542"/>
    <display value="呼吸音減弱（患側）"/>
  </concept>
  <concept>
    <code value="31000543"/>
    <display value="呼気延長"/>
  </concept>
  <concept>
    <code value="31000546"/>
    <display value="あえぎ呼吸"/>
  </concept>
  <concept>
    <code value="31000547"/>
    <display value="呼吸狭窄音"/>
  </concept>
  <concept>
    <code value="31000549"/>
    <display value="睡眠時無呼吸"/>
  </concept>
  <concept>
    <code value="31000550"/>
    <display value="睡眠時無呼吸"/>
  </concept>
  <concept>
    <code value="31000552"/>
    <display value="周期性呼吸"/>
  </concept>
  <concept>
    <code value="31000553"/>
    <display value="失調性呼吸"/>
  </concept>
  <concept>
    <code value="31000554"/>
    <display value="無呼吸"/>
  </concept>
  <concept>
    <code value="31000564"/>
    <display value="呼気喘鳴"/>
  </concept>
  <concept>
    <code value="31000573"/>
    <display value="動悸"/>
  </concept>
  <concept>
    <code value="31000575"/>
    <display value="不整脈"/>
  </concept>
  <concept>
    <code value="31000576"/>
    <display value="不整脈"/>
  </concept>
  <concept>
    <code value="31000577"/>
    <display value="不整脈の種類"/>
  </concept>
  <concept>
    <code value="31000578"/>
    <display value="不整脈の種類"/>
  </concept>
  <concept>
    <code value="31000579"/>
    <display value="ＳＴ変化"/>
  </concept>
  <concept>
    <code value="31000595"/>
    <display value="心拍数"/>
  </concept>
  <concept>
    <code value="31000596"/>
    <display value="心拍リズム不整"/>
  </concept>
  <concept>
    <code value="31000597"/>
    <display value="心雑音"/>
  </concept>
  <concept>
    <code value="31000598"/>
    <display value="心雑音の種類"/>
  </concept>
  <concept>
    <code value="31000599"/>
    <display value="心尖拍動"/>
  </concept>
  <concept>
    <code value="31000605"/>
    <display value="起立性低血圧"/>
  </concept>
  <concept>
    <code value="31000620"/>
    <display value="体表面皮膚温（前額部）"/>
  </concept>
  <concept>
    <code value="31000621"/>
    <display value="体表面皮膚温（胸部）"/>
  </concept>
  <concept>
    <code value="31000622"/>
    <display value="体表面皮膚温（左手掌部）"/>
  </concept>
  <concept>
    <code value="31000623"/>
    <display value="体表面皮膚温（右手掌部）"/>
  </concept>
  <concept>
    <code value="31000624"/>
    <display value="体表面皮膚温（左足底部）"/>
  </concept>
  <concept>
    <code value="31000625"/>
    <display value="体表面皮膚温（右足底部）"/>
  </concept>
  <concept>
    <code value="31001222"/>
    <display value="低血糖症状"/>
  </concept>
  <concept>
    <code value="31001234"/>
    <display value="傾眠"/>
  </concept>
  <concept>
    <code value="31001238"/>
    <display value="失見当識"/>
  </concept>
  <concept>
    <code value="31001246"/>
    <display value="鎮静スコア（Ｒａｍｓａｙ Ｓｃｏｒｅ）"/>
  </concept>
  <concept>
    <code value="31001254"/>
    <display value="意識障害"/>
  </concept>
  <concept>
    <code value="31001266"/>
    <display value="胎児心拍数基線"/>
  </concept>
  <concept>
    <code value="31001368"/>
    <display value="体温"/>
  </concept>
  <concept>
    <code value="31001369"/>
    <display value="呼吸数"/>
  </concept>
  <concept>
    <code value="31001390"/>
    <display value="脈拍数"/>
  </concept>
  <concept>
    <code value="31001551"/>
    <display value="体温（スワンガンズ深部体温モニター）"/>
  </concept>
  <concept>
    <code value="31001552"/>
    <display value="胎児心拍数"/>
  </concept>
  <concept>
    <code value="31001589"/>
    <display value="動脈触知（切断断端部）"/>
  </concept>
  <concept>
    <code value="31001613"/>
    <display value="動脈触知（ドプラー）"/>
  </concept>
  <concept>
    <code value="31001620"/>
    <display value="意識評価（ＧＣＳ－Ｅ）"/>
  </concept>
  <concept>
    <code value="31001621"/>
    <display value="意識評価（ＧＣＳ－Ｍ）"/>
  </concept>
  <concept>
    <code value="31001622"/>
    <display value="意識評価（ＧＣＳ－Ｖ）"/>
  </concept>
  <concept>
    <code value="31001623"/>
    <display value="意識評価（ＧＣＳ－合計）"/>
  </concept>
  <concept>
    <code value="31001657"/>
    <display value="意識評価（ＪＣＳ）"/>
  </concept>
  <concept>
    <code value="31001658"/>
    <display value="努力呼吸の種類"/>
  </concept>
  <concept>
    <code value="31001659"/>
    <display value="下顎呼吸"/>
  </concept>
  <concept>
    <code value="31001683"/>
    <display value="肺雑音（右）"/>
  </concept>
  <concept>
    <code value="31001684"/>
    <display value="肺雑音（左）"/>
  </concept>
  <concept>
    <code value="31001685"/>
    <display value="肺雑音（右上葉）"/>
  </concept>
  <concept>
    <code value="31001686"/>
    <display value="肺雑音（右中葉）"/>
  </concept>
  <concept>
    <code value="31001687"/>
    <display value="肺雑音（右下葉）"/>
  </concept>
  <concept>
    <code value="31001688"/>
    <display value="肺雑音（左上葉）"/>
  </concept>
  <concept>
    <code value="31001689"/>
    <display value="肺雑音（左下葉）"/>
  </concept>
  <concept>
    <code value="31001848"/>
    <display value="収縮期血圧"/>
  </concept>
  <concept>
    <code value="31001849"/>
    <display value="拡張期血圧"/>
  </concept>
  <concept>
    <code value="31001952"/>
    <display value="心電図モニター波形"/>
  </concept>
  <concept>
    <code value="31001953"/>
    <display value="Ａｆ（心房細動）"/>
  </concept>
  <concept>
    <code value="31001954"/>
    <display value="Ａｆ（心房細動）"/>
  </concept>
  <concept>
    <code value="31001955"/>
    <display value="ＡＦ（心房粗動）"/>
  </concept>
  <concept>
    <code value="31001956"/>
    <display value="ＡＦ（心房粗動）"/>
  </concept>
  <concept>
    <code value="31001957"/>
    <display value="ＶＦ（心室粗動）"/>
  </concept>
  <concept>
    <code value="31001958"/>
    <display value="ＶＦ（心室粗動）"/>
  </concept>
  <concept>
    <code value="31001959"/>
    <display value="Ｖｆ（心室細動）"/>
  </concept>
  <concept>
    <code value="31001960"/>
    <display value="Ｖｆ（心室細動）"/>
  </concept>
  <concept>
    <code value="31001961"/>
    <display value="ＶＴ（心室性頻拍）"/>
  </concept>
  <concept>
    <code value="31001962"/>
    <display value="ＶＴ（心室性頻拍）"/>
  </concept>
  <concept>
    <code value="31001963"/>
    <display value="ＰＳＶＴ（発作性上室性頻拍）"/>
  </concept>
  <concept>
    <code value="31001964"/>
    <display value="ＰＳＶＴ（発作性上室性頻拍）"/>
  </concept>
  <concept>
    <code value="31001965"/>
    <display value="ＰＶＣ（心室性期外収縮）"/>
  </concept>
  <concept>
    <code value="31001966"/>
    <display value="ＰＶＣ（心室性期外収縮）"/>
  </concept>
  <concept>
    <code value="31001967"/>
    <display value="ＰＶＣ（心室性期外収縮）回数"/>
  </concept>
  <concept>
    <code value="31001968"/>
    <display value="ＰＶＣ（心室性期外収縮）連発"/>
  </concept>
  <concept>
    <code value="31001969"/>
    <display value="ＰＡＣ（心房性期外収縮）"/>
  </concept>
  <concept>
    <code value="31001970"/>
    <display value="洞停止"/>
  </concept>
  <concept>
    <code value="31001971"/>
    <display value="二段脈"/>
  </concept>
  <concept>
    <code value="31001972"/>
    <display value="三段脈"/>
  </concept>
  <concept>
    <code value="31001973"/>
    <display value="ＲｏｎＴ現象"/>
  </concept>
  <concept>
    <code value="31001974"/>
    <display value="ＲｏｎＴ現象"/>
  </concept>
  <concept>
    <code value="31001975"/>
    <display value="ＷＰＷ症候群"/>
  </concept>
  <concept>
    <code value="31001976"/>
    <display value="第１度房室ブロック"/>
  </concept>
  <concept>
    <code value="31001977"/>
    <display value="第２度（モビッツＩ）房室ブロック"/>
  </concept>
  <concept>
    <code value="31001978"/>
    <display value="第２度（モビッツⅡ）房室ブロック"/>
  </concept>
  <concept>
    <code value="31001979"/>
    <display value="第３度房室ブロック"/>
  </concept>
  <concept>
    <code value="31001980"/>
    <display value="洞性不整脈"/>
  </concept>
  <concept>
    <code value="31001981"/>
    <display value="洞室ブロック"/>
  </concept>
  <concept>
    <code value="31001982"/>
    <display value="補充収縮"/>
  </concept>
  <concept>
    <code value="31001983"/>
    <display value="房室接合部性期外収縮"/>
  </concept>
  <concept>
    <code value="31001989"/>
    <display value="動脈触知（左後脛骨動脈）"/>
  </concept>
  <concept>
    <code value="31001990"/>
    <display value="動脈触知（右後脛骨動脈）"/>
  </concept>
  <concept>
    <code value="31001991"/>
    <display value="動脈触知（左大腿動脈）"/>
  </concept>
  <concept>
    <code value="31001992"/>
    <display value="動脈触知（右大腿動脈）"/>
  </concept>
  <concept>
    <code value="31001993"/>
    <display value="動脈触知（左膝窩動脈）"/>
  </concept>
  <concept>
    <code value="31001994"/>
    <display value="動脈触知（右膝窩動脈）"/>
  </concept>
  <concept>
    <code value="31001995"/>
    <display value="動脈触知（左上腕動脈）"/>
  </concept>
  <concept>
    <code value="31001996"/>
    <display value="動脈触知（右上腕動脈）"/>
  </concept>
  <concept>
    <code value="31001997"/>
    <display value="動脈触知（左頚動脈）"/>
  </concept>
  <concept>
    <code value="31001998"/>
    <display value="動脈触知（右頚動脈）"/>
  </concept>
  <concept>
    <code value="31002248"/>
    <display value="胎児心拍数基線細変動"/>
  </concept>
  <concept>
    <code value="31002258"/>
    <display value="胎児心音聴取部位"/>
  </concept>
  <concept>
    <code value="31002364"/>
    <display value="血圧（動脈血）"/>
  </concept>
  <concept>
    <code value="31002365"/>
    <display value="血圧"/>
  </concept>
  <concept>
    <code value="31002366"/>
    <display value="血圧（右下肢）"/>
  </concept>
  <concept>
    <code value="31002367"/>
    <display value="血圧（左下肢）"/>
  </concept>
  <concept>
    <code value="31002368"/>
    <display value="血圧（左上肢）"/>
  </concept>
  <concept>
    <code value="31002369"/>
    <display value="血圧（右上肢）"/>
  </concept>
  <concept>
    <code value="31002370"/>
    <display value="血圧（非観血的モニター）"/>
  </concept>
  <concept>
    <code value="31002477"/>
    <display value="肺雑音の種類"/>
  </concept>
  <concept>
    <code value="31002478"/>
    <display value="肺雑音の種類"/>
  </concept>
  <concept>
    <code value="31002823"/>
    <display value="一過性多呼吸"/>
  </concept>
  <concept>
    <code value="31002824"/>
    <display value="分時換気量"/>
  </concept>
  <concept>
    <code value="31002825"/>
    <display value="１回換気量"/>
  </concept>
  <concept>
    <code value="31002826"/>
    <display value="副雑音（右）"/>
  </concept>
  <concept>
    <code value="31002827"/>
    <display value="副雑音（左）"/>
  </concept>
  <concept>
    <code value="31002828"/>
    <display value="副雑音（右上葉）"/>
  </concept>
  <concept>
    <code value="31002829"/>
    <display value="副雑音（右中葉）"/>
  </concept>
  <concept>
    <code value="31002830"/>
    <display value="副雑音（右下葉）"/>
  </concept>
  <concept>
    <code value="31002831"/>
    <display value="副雑音（左上葉）"/>
  </concept>
  <concept>
    <code value="31002832"/>
    <display value="副雑音（左下葉）"/>
  </concept>
  <concept>
    <code value="31002833"/>
    <display value="副雑音の種類"/>
  </concept>
  <concept>
    <code value="31002834"/>
    <display value="副雑音の種類"/>
  </concept>
  <concept>
    <code value="31002835"/>
    <display value="肺音の種類"/>
  </concept>
  <concept>
    <code value="31002836"/>
    <display value="高調性連続性ラ音"/>
  </concept>
  <concept>
    <code value="31002837"/>
    <display value="低調性連続性ラ音"/>
  </concept>
  <concept>
    <code value="31002838"/>
    <display value="高調性連続音"/>
  </concept>
  <concept>
    <code value="31002839"/>
    <display value="低調性連続音"/>
  </concept>
  <concept>
    <code value="31002840"/>
    <display value="粗い断続性ラ音"/>
  </concept>
  <concept>
    <code value="31002841"/>
    <display value="細かい断続性ラ音"/>
  </concept>
  <concept>
    <code value="31002842"/>
    <display value="粗い断続音"/>
  </concept>
  <concept>
    <code value="31002843"/>
    <display value="細かい断続音"/>
  </concept>
  <concept>
    <code value="31002844"/>
    <display value="笛声音"/>
  </concept>
  <concept>
    <code value="31002845"/>
    <display value="いびき音"/>
  </concept>
  <concept>
    <code value="31002846"/>
    <display value="水泡音"/>
  </concept>
  <concept>
    <code value="31002847"/>
    <display value="捻髪音"/>
  </concept>
  <concept>
    <code value="31002848"/>
    <display value="胸膜摩擦音"/>
  </concept>
  <concept>
    <code value="31002854"/>
    <display value="体表面皮膚温（右上肢）"/>
  </concept>
  <concept>
    <code value="31002855"/>
    <display value="体表面皮膚温（左上肢）"/>
  </concept>
  <concept>
    <code value="31002856"/>
    <display value="体表面皮膚温（右下肢）"/>
  </concept>
  <concept>
    <code value="31002857"/>
    <display value="体表面皮膚温（左下肢）"/>
  </concept>
  <concept>
    <code value="31002866"/>
    <display value="自発呼吸"/>
  </concept>
  <concept>
    <code value="31002874"/>
    <display value="動脈触知（内顆）"/>
  </concept>
  <concept>
    <code value="31002875"/>
    <display value="動脈触知（右内顆）"/>
  </concept>
  <concept>
    <code value="31002876"/>
    <display value="動脈触知（左内顆）"/>
  </concept>
  <concept>
    <code value="31002883"/>
    <display value="直腸温"/>
  </concept>
  <concept>
    <code value="31002884"/>
    <display value="口腔温"/>
  </concept>
  <concept>
    <code value="31002885"/>
    <display value="膀胱温"/>
  </concept>
  <concept>
    <code value="31002886"/>
    <display value="食道温"/>
  </concept>
  <concept>
    <code value="31002887"/>
    <display value="腋窩温"/>
  </concept>
  <concept>
    <code value="31002888"/>
    <display value="肺動脈温"/>
  </concept>
  <concept>
    <code value="31002889"/>
    <display value="鼓膜温"/>
  </concept>
  <concept>
    <code value="31002903"/>
    <display value="胎児心拍数一過性変動"/>
  </concept>
  <concept>
    <code value="31002904"/>
    <display value="胎児の状態（ＣＴＧ）"/>
  </concept>
  <concept>
    <code value="31002954"/>
    <display value="過呼吸"/>
  </concept>
  <concept>
    <code value="31003288"/>
    <display value="動脈触知（後脛骨動脈）"/>
  </concept>
  <concept>
    <code value="31003289"/>
    <display value="動脈触知（大腿動脈）"/>
  </concept>
  <concept>
    <code value="31003290"/>
    <display value="動脈触知（膝窩動脈）"/>
  </concept>
  <concept>
    <code value="31003291"/>
    <display value="動脈触知（上腕動脈）"/>
  </concept>
  <concept>
    <code value="31003292"/>
    <display value="動脈触知（頚動脈）"/>
  </concept>
  <concept>
    <code value="31003952"/>
    <display value="動脈血酸素飽和度（ＳＡＯ２）"/>
  </concept>
  <concept>
    <code value="31003953"/>
    <display value="混合静脈血酸素飽和度（ＳＶＯ２）"/>
  </concept>
  <concept>
    <code value="31003954"/>
    <display value="肺動脈圧（ＰＡＰ）"/>
  </concept>
  <concept>
    <code value="31003955"/>
    <display value="平均肺動脈圧（МＰＡＰ）"/>
  </concept>
  <concept>
    <code value="31003956"/>
    <display value="肺動脈楔入圧（ＰＣＷＰ）"/>
  </concept>
  <concept>
    <code value="31003957"/>
    <display value="平均血圧（観血的モニター）"/>
  </concept>
  <concept>
    <code value="31003958"/>
    <display value="平均血圧（非観血的モニター）"/>
  </concept>
  <concept>
    <code value="31003959"/>
    <display value="血圧（観血的モニター）"/>
  </concept>
  <concept>
    <code value="31004100"/>
    <display value="多呼吸"/>
  </concept>
  <concept>
    <code value="31004101"/>
    <display value="頻呼吸"/>
  </concept>
  <concept>
    <code value="31004102"/>
    <display value="徐呼吸"/>
  </concept>
  <concept>
    <code value="31004103"/>
    <display value="チェーンストークス呼吸"/>
  </concept>
  <concept>
    <code value="31004104"/>
    <display value="ビオー呼吸"/>
  </concept>
  <concept>
    <code value="31004105"/>
    <display value="クスマウル呼吸"/>
  </concept>
  <concept>
    <code value="31005022"/>
    <display value="皮弁皮膚温"/>
  </concept>
  <concept>
    <code value="31005195"/>
    <display value="鎮静スコア（ＲＡＳＳ）"/>
  </concept>
  <concept>
    <code value="31006062"/>
    <display value="気管呼吸音"/>
  </concept>
  <concept>
    <code value="31006063"/>
    <display value="気管支呼吸音（右）"/>
  </concept>
  <concept>
    <code value="31006064"/>
    <display value="気管支呼吸音（左）"/>
  </concept>
  <concept>
    <code value="31006065"/>
    <display value="肺胞呼吸音（右）"/>
  </concept>
  <concept>
    <code value="31006066"/>
    <display value="肺胞呼吸音（左）"/>
  </concept>
  <concept>
    <code value="31006067"/>
    <display value="肺胞呼吸音（右上葉）"/>
  </concept>
  <concept>
    <code value="31006068"/>
    <display value="肺胞呼吸音（右中葉）"/>
  </concept>
  <concept>
    <code value="31006069"/>
    <display value="肺胞呼吸音（右下葉）"/>
  </concept>
  <concept>
    <code value="31006070"/>
    <display value="肺胞呼吸音（左上葉）"/>
  </concept>
  <concept>
    <code value="31006071"/>
    <display value="肺胞呼吸音（左下葉）"/>
  </concept>
  <concept>
    <code value="31006125"/>
    <display value="収縮期血圧（右下肢）"/>
  </concept>
  <concept>
    <code value="31006126"/>
    <display value="拡張期血圧（右下肢）"/>
  </concept>
  <concept>
    <code value="31006127"/>
    <display value="収縮期血圧（左下肢）"/>
  </concept>
  <concept>
    <code value="31006128"/>
    <display value="拡張期血圧（左下肢）"/>
  </concept>
  <concept>
    <code value="31006129"/>
    <display value="収縮期血圧（左上肢）"/>
  </concept>
  <concept>
    <code value="31006130"/>
    <display value="拡張期血圧（左上肢）"/>
  </concept>
  <concept>
    <code value="31006131"/>
    <display value="収縮期血圧（右上肢）"/>
  </concept>
  <concept>
    <code value="31006132"/>
    <display value="拡張期血圧（右上肢）"/>
  </concept>
  <concept>
    <code value="31006133"/>
    <display value="収縮期血圧（動脈血）"/>
  </concept>
  <concept>
    <code value="31006134"/>
    <display value="拡張期血圧（動脈血）"/>
  </concept>
  <concept>
    <code value="31006135"/>
    <display value="収縮期血圧（非観血的モニター）"/>
  </concept>
  <concept>
    <code value="31006136"/>
    <display value="拡張期血圧（非観血的モニター）"/>
  </concept>
  <concept>
    <code value="31006137"/>
    <display value="収縮期血圧（観血的モニター）"/>
  </concept>
  <concept>
    <code value="31006138"/>
    <display value="拡張期血圧（観血的モニター）"/>
  </concept>
  <concept>
    <code value="31006139"/>
    <display value="収縮期血圧（立位）"/>
  </concept>
  <concept>
    <code value="31006140"/>
    <display value="拡張期血圧（立位）"/>
  </concept>
  <concept>
    <code value="31006141"/>
    <display value="収縮期血圧（座位）"/>
  </concept>
  <concept>
    <code value="31006142"/>
    <display value="拡張期血圧（座位）"/>
  </concept>
  <concept>
    <code value="31006143"/>
    <display value="収縮期血圧（臥位）"/>
  </concept>
  <concept>
    <code value="31006144"/>
    <display value="拡張期血圧（臥位）"/>
  </concept>
  <concept>
    <code value="31006272"/>
    <display value="肺雑音"/>
  </concept>
  <concept>
    <code value="31006273"/>
    <display value="副雑音"/>
  </concept>
  <concept>
    <code value="31006274"/>
    <display value="肺胞呼吸音"/>
  </concept>
  <concept>
    <code value="31006356"/>
    <display value="胎児心拍数（ドプラー）"/>
  </concept>
  <concept>
    <code value="31006357"/>
    <display value="第１胎児心拍数"/>
  </concept>
  <concept>
    <code value="31006358"/>
    <display value="第１胎児心拍数（ドプラー）"/>
  </concept>
  <concept>
    <code value="31006359"/>
    <display value="第１胎児心拍数基線"/>
  </concept>
  <concept>
    <code value="31006360"/>
    <display value="第１胎児心拍数基線細変動"/>
  </concept>
  <concept>
    <code value="31006361"/>
    <display value="第１胎児心音聴取部位"/>
  </concept>
  <concept>
    <code value="31006362"/>
    <display value="第１胎児心拍数一過性変動"/>
  </concept>
  <concept>
    <code value="31006363"/>
    <display value="第１胎児の状態（ＣＴＧ）"/>
  </concept>
  <concept>
    <code value="31006364"/>
    <display value="第１胎児胎動"/>
  </concept>
  <concept>
    <code value="31006365"/>
    <display value="第２胎児心拍数"/>
  </concept>
  <concept>
    <code value="31006366"/>
    <display value="第２胎児心拍数（ドプラー）"/>
  </concept>
  <concept>
    <code value="31006367"/>
    <display value="第２胎児心拍数基線"/>
  </concept>
  <concept>
    <code value="31006368"/>
    <display value="第２胎児心拍数基線細変動"/>
  </concept>
  <concept>
    <code value="31006369"/>
    <display value="第２胎児心音聴取部位"/>
  </concept>
  <concept>
    <code value="31006370"/>
    <display value="第２胎児心拍数一過性変動"/>
  </concept>
  <concept>
    <code value="31006371"/>
    <display value="第２胎児の状態（ＣＴＧ）"/>
  </concept>
  <concept>
    <code value="31006372"/>
    <display value="第２胎児胎動"/>
  </concept>
  <concept>
    <code value="31006373"/>
    <display value="第３胎児心拍数"/>
  </concept>
  <concept>
    <code value="31006374"/>
    <display value="第３胎児心拍数（ドプラー）"/>
  </concept>
  <concept>
    <code value="31006375"/>
    <display value="第３胎児心拍数基線"/>
  </concept>
  <concept>
    <code value="31006376"/>
    <display value="第３胎児心拍数基線細変動"/>
  </concept>
  <concept>
    <code value="31006377"/>
    <display value="第３胎児心音聴取部位"/>
  </concept>
  <concept>
    <code value="31006378"/>
    <display value="第３胎児心拍数一過性変動"/>
  </concept>
  <concept>
    <code value="31006379"/>
    <display value="第３胎児の状態（ＣＴＧ）"/>
  </concept>
  <concept>
    <code value="31006380"/>
    <display value="第３胎児胎動"/>
  </concept>
  <concept>
    <code value="31006381"/>
    <display value="第４胎児心拍数"/>
  </concept>
  <concept>
    <code value="31006382"/>
    <display value="第４胎児心拍数（ドプラー）"/>
  </concept>
  <concept>
    <code value="31006383"/>
    <display value="第４胎児心拍数基線"/>
  </concept>
  <concept>
    <code value="31006384"/>
    <display value="第４胎児心拍数基線細変動"/>
  </concept>
  <concept>
    <code value="31006385"/>
    <display value="第４胎児心音聴取部位"/>
  </concept>
  <concept>
    <code value="31006386"/>
    <display value="第４胎児心拍数一過性変動"/>
  </concept>
  <concept>
    <code value="31006387"/>
    <display value="第４胎児の状態（ＣＴＧ）"/>
  </concept>
  <concept>
    <code value="31006388"/>
    <display value="第４胎児胎動"/>
  </concept>
  <concept>
    <code value="31006389"/>
    <display value="第５胎児心拍数"/>
  </concept>
  <concept>
    <code value="31006390"/>
    <display value="第５胎児心拍数（ドプラー）"/>
  </concept>
  <concept>
    <code value="31006391"/>
    <display value="第５胎児心拍数基線"/>
  </concept>
  <concept>
    <code value="31006392"/>
    <display value="第５胎児心拍数基線細変動"/>
  </concept>
  <concept>
    <code value="31006393"/>
    <display value="第５胎児心音聴取部位"/>
  </concept>
  <concept>
    <code value="31006394"/>
    <display value="第５胎児心拍数一過性変動"/>
  </concept>
  <concept>
    <code value="31006395"/>
    <display value="第５胎児の状態（ＣＴＧ）"/>
  </concept>
  <concept>
    <code value="31006396"/>
    <display value="第５胎児胎動"/>
  </concept>
  <concept>
    <code value="31006466"/>
    <display value="血圧（立位）"/>
  </concept>
  <concept>
    <code value="31006467"/>
    <display value="血圧（座位）"/>
  </concept>
  <concept>
    <code value="31006468"/>
    <display value="血圧（臥位）"/>
  </concept>
  <concept>
    <code value="31006469"/>
    <display value="収縮期肺動脈圧（ＰＡＰ）"/>
  </concept>
  <concept>
    <code value="31006470"/>
    <display value="拡張期肺動脈圧（ＰＡＰ）"/>
  </concept>
  <concept>
    <code value="31006707"/>
    <display value="動脈触知（右尺骨動脈）"/>
  </concept>
  <concept>
    <code value="31006708"/>
    <display value="動脈触知（左尺骨動脈）"/>
  </concept>
</CodeSystem>