<?xml version="1.0" encoding="UTF-8"?>

<CodeSystem xmlns="http://hl7.org/fhir">
  <id value="jp-medicalfeescoretype-cs"/>
  <url value="urn:oid:1.2.392.100495.20.3.22"/>
  <identifier>
    <system value="urn:ietf:rfc:3986"/>
    <value value="urn:oid:1.2.392.100495.20.3.22"/>
  </identifier>
  <version value="1.1.2"/>
  <name value="JP_MedicalFeeScoreType_CS"/>
  <title value="JP Core MedicalFeeScoreType CodeSystem"/>
  <status value="active"/>
  <experimental value="false"/>
  <date value="2023-06-26"/>
  <publisher value="FHIR Japanese implementation research working group in Japan Association of Medical Informatics (JAMI)"/>
  <contact>
    <name value="FHIR Japanese implementation research working group in Japan Association of Medical Informatics (JAMI)"/>
    <telecom>
      <system value="url"/>
      <value value="http://jpfhir.jp"/>
    </telecom>
    <telecom>
      <system value="email"/>
      <value value="office@hlfhir.jp"/>
    </telecom>
  </contact>
  <description value="診療報酬点数区分コード"/>
  <jurisdiction>
    <coding>
      <system value="urn:iso:std:iso:3166"/>
      <code value="JP"/>
    </coding>
  </jurisdiction>
  <copyright value="Copyright FHIR Japanese implementation research working group in Japan Association of Medical Informatics (JAMI) 一般社団法人日本医療情報学会NeXEHRS課題研究会FHIR日本実装検討WG"/>
  <caseSensitive value="true"/>
  <content value="complete"/>
  <count value="5"/>
  <concept>
    <code value="1"/>
    <display value="医科"/>
  </concept>
  <concept>
    <code value="3"/>
    <display value="歯科"/>
  </concept>
  <concept>
    <code value="4"/>
    <display value="調剤"/>
  </concept>
  <concept>
    <code value="5"/>
    <display value="老人保健施設"/>
  </concept>
  <concept>
    <code value="6"/>
    <display value="訪問看護ステーション"/>
  </concept>
</CodeSystem>