<?xml version="1.0" encoding="UTF-8"?>

<CodeSystem xmlns="http://hl7.org/fhir">
  <id value="mhlw-codesystem-eprecda-insurancecategory-tbl11"/>
  <meta>
    <versionId value="1"/>
    <lastUpdated value="2022-10-04T00:49:26.167+09:00"/>
  </meta>
  <url value="urn:oid:1.2.392.100495.20.2.61"/>
  <version value="1.1.2"/>
  <name value="MHLW_codeSystem_ePreCDA_insuranceCategory_tbl11"/>
  <status value="active"/>
  <date value="2023-08-30T05:38:38+00:00"/>
  <publisher value="FHIR Japanese implementation research working group in Japan Association of Medical Informatics (JAMI)"/>
  <contact>
    <name value="FHIR Japanese implementation research working group in Japan Association of Medical Informatics (JAMI)"/>
    <telecom>
      <system value="url"/>
      <value value="http://jpfhir.jp"/>
    </telecom>
    <telecom>
      <system value="email"/>
      <value value="office@hlfhir.jp"/>
    </telecom>
  </contact>
  <description value="厚労省電子処方CDA規格別表11 保険種別コード "/>
  <jurisdiction>
    <coding>
      <system value="urn:iso:std:iso:3166"/>
      <code value="JP"/>
    </coding>
  </jurisdiction>
  <copyright value="Copyright FHIR Japanese implementation research working group in Japan Association of Medical Informatics (JAMI) 一般社団法人日本医療情報学会NeXEHRS課題研究会FHIR日本実装検討WG"/>
  <caseSensitive value="false"/>
  <content value="complete"/>
  <count value="8"/>
  <concept>
    <code value="1"/>
    <display value="医保"/>
  </concept>
  <concept>
    <code value="2"/>
    <display value="国保"/>
  </concept>
  <concept>
    <code value="3"/>
    <display value="労災"/>
  </concept>
  <concept>
    <code value="4"/>
    <display value="自賠責"/>
  </concept>
  <concept>
    <code value="5"/>
    <display value="公害"/>
  </concept>
  <concept>
    <code value="6"/>
    <display value="自費"/>
  </concept>
  <concept>
    <code value="7"/>
    <display value="後期高齢者"/>
  </concept>
  <concept>
    <code value="8"/>
    <display value="公費"/>
  </concept>
</CodeSystem>