<?xml version="1.0" encoding="UTF-8"?>

<CodeSystem xmlns="http://hl7.org/fhir">
  <id value="jp-medicationcategoryjhsi0001-cs"/>
  <url value="http://jpfhir.jp/fhir/core/CodeSystem/JHSI0001"/>
  <version value="1.1.2"/>
  <name value="JP_MedicationCategoryJHSI0001_CS"/>
  <title value="JP Core Medication JHSI0001 Category CodeSystem"/>
  <status value="active"/>
  <experimental value="false"/>
  <date value="2023-06-26"/>
  <publisher value="FHIR Japanese implementation research working group in Japan Association of Medical Informatics (JAMI)"/>
  <contact>
    <name value="FHIR Japanese implementation research working group in Japan Association of Medical Informatics (JAMI)"/>
    <telecom>
      <system value="url"/>
      <value value="http://jpfhir.jp"/>
    </telecom>
    <telecom>
      <system value="email"/>
      <value value="office@hlfhir.jp"/>
    </telecom>
  </contact>
  <description value="JAHIS注射データ交換規約Ver.2.1C JHSI表0001処方区分コードのコードシステム"/>
  <jurisdiction>
    <coding>
      <system value="urn:iso:std:iso:3166"/>
      <code value="JP"/>
    </coding>
  </jurisdiction>
  <copyright value="Copyright Japanese  Association of Healthcare Information Systems Industry(JAHIS)  一般社団法人保健医療福祉情報システム工業会、日本HL7協会"/>
  <caseSensitive value="true"/>
  <content value="complete"/>
  <count value="4"/>
  <concept>
    <code value="FTP"/>
    <display value="定時処方"/>
  </concept>
  <concept>
    <code value="EMP"/>
    <display value="至急処方"/>
  </concept>
  <concept>
    <code value="PFP"/>
    <display value="事後処方"/>
  </concept>
  <concept>
    <code value="OTP"/>
    <display value="頓用処方"/>
  </concept>
</CodeSystem>