<?xml version="1.0" encoding="UTF-8"?>

<CodeSystem xmlns="http://hl7.org/fhir">
  <id value="mhlw-codesystem-eprecda-drugsageform-tbl03"/>
  <meta>
    <versionId value="1"/>
    <lastUpdated value="2022-10-04T00:49:25.871+09:00"/>
  </meta>
  <url value="urn:oid:1.2.392.100495.20.2.21"/>
  <version value="1.1.2"/>
  <name value="MHLW_codeSystem_ePreCDA_drugsageForm_tbl03"/>
  <status value="active"/>
  <date value="2023-08-30T05:38:38+00:00"/>
  <publisher value="FHIR Japanese implementation research working group in Japan Association of Medical Informatics (JAMI)"/>
  <contact>
    <name value="FHIR Japanese implementation research working group in Japan Association of Medical Informatics (JAMI)"/>
    <telecom>
      <system value="url"/>
      <value value="http://jpfhir.jp"/>
    </telecom>
    <telecom>
      <system value="email"/>
      <value value="office@hlfhir.jp"/>
    </telecom>
  </contact>
  <description value="厚労省電子処方CDA規格別表3  剤形区分コード"/>
  <jurisdiction>
    <coding>
      <system value="urn:iso:std:iso:3166"/>
      <code value="JP"/>
    </coding>
  </jurisdiction>
  <copyright value="Copyright FHIR Japanese implementation research working group in Japan Association of Medical Informatics (JAMI) 一般社団法人日本医療情報学会NeXEHRS課題研究会FHIR日本実装検討WG"/>
  <caseSensitive value="false"/>
  <content value="complete"/>
  <count value="7"/>
  <concept>
    <code value="1"/>
    <display value="内服"/>
  </concept>
  <concept>
    <code value="2"/>
    <display value="頓服"/>
  </concept>
  <concept>
    <code value="3"/>
    <display value="外用"/>
  </concept>
  <concept>
    <code value="4"/>
    <display value="内服滴剤"/>
  </concept>
  <concept>
    <code value="5"/>
    <display value="注射"/>
  </concept>
  <concept>
    <code value="6"/>
    <display value="医療材料"/>
  </concept>
  <concept>
    <code value="9"/>
    <display value="その他&#x9;剤形が判断できない場合等"/>
  </concept>
</CodeSystem>