<?xml version="1.0" encoding="UTF-8"?>

<NamingSystem xmlns="http://hl7.org/fhir">
  <id value="jp-microbiology-antimicrobialdrug-ns"/>
  <text>
    <status value="generated"/><div xmlns="http://www.w3.org/1999/xhtml">Placeholder</div>
  </text>
  <extension url="http://hl7.org/fhir/5.0/StructureDefinition/extension-NamingSystem.url">
    <valueUri value="http://jpfhir.jp/fhir/core/NamingSystem/jp-microbiology-antimicrobialdrug-ns"/>
  </extension>
  <extension url="http://hl7.org/fhir/5.0/StructureDefinition/extension-NamingSystem.version">
    <valueString value="1.1.2"/>
  </extension>
  <name value="JP_Microbiology_AntiMicrobialDrug_NamingSystem"/>
  <status value="active"/>
  <kind value="codesystem"/>
  <date value="2023-06-26"/>
  <publisher value="FHIR Japanese implementation research working group in Japan Association of Medical Informatics (JAMI)"/>
  <contact>
    <name value="FHIR Japanese implementation research working group in Japan Association of Medical Informatics (JAMI)"/>
    <telecom>
      <system value="url"/>
      <value value="http://jpfhir.jp"/>
    </telecom>
    <telecom>
      <system value="email"/>
      <value value="office@hlfhir.jp"/>
    </telecom>
  </contact>
  <description value="微生物学的検査抗菌薬コード(Ver.5.2) &#xA;本コードは厚生労働省院内感染対策サーベイランス事業(https://janis.mhlw.go.jp/)で作成されているマスタを編集・加工して利用している"/>
  <jurisdiction>
    <coding>
      <system value="urn:iso:std:iso:3166"/>
      <code value="JP"/>
      <display value="Japan"/>
    </coding>
  </jurisdiction>
  <uniqueId>
    <type value="oid"/>
    <value value="1.2.392.100495.10.3.100.5.11.5.2"/>
  </uniqueId>
  <uniqueId>
    <type value="uri"/>
    <value value="urn:oid:1.2.392.100495.10.3.100.5.11.5.2"/>
    <preferred value="true"/>
  </uniqueId>
  <uniqueId>
    <type value="uri"/>
    <value value="http://jpfhir.jp/fhir/core/CodeSystem/JP_Microbiology_AntiMicrobialDrug_CS"/>
  </uniqueId>
</NamingSystem>