<?xml version="1.0" encoding="UTF-8"?>

<NamingSystem xmlns="http://hl7.org/fhir">
  <id value="jp-medicationcodehot9-namingsystem"/>
  <text>
    <status value="generated"/><div xmlns="http://www.w3.org/1999/xhtml">Placeholder</div>
  </text>
  <extension url="http://hl7.org/fhir/5.0/StructureDefinition/extension-NamingSystem.url">
    <valueUri value="http://jpfhir.jp/fhir/core/NamingSystem/jp-medicationcodehot9-namingsystem"/>
  </extension>
  <extension url="http://hl7.org/fhir/5.0/StructureDefinition/extension-NamingSystem.version">
    <valueString value="1.1.2"/>
  </extension>
  <name value="JP_MedicationCodeHOT9_NamingSystem"/>
  <status value="active"/>
  <kind value="codesystem"/>
  <date value="2023-06-26"/>
  <publisher value="FHIR Japanese implementation research working group in Japan Association of Medical Informatics (JAMI)"/>
  <contact>
    <name value="FHIR Japanese implementation research working group in Japan Association of Medical Informatics (JAMI)"/>
    <telecom>
      <system value="url"/>
      <value value="http://jpfhir.jp"/>
    </telecom>
    <telecom>
      <system value="email"/>
      <value value="office@hlfhir.jp"/>
    </telecom>
  </contact>
  <description value="JP Core MedicationCode HOT9 NamingSystem"/>
  <jurisdiction>
    <coding>
      <system value="urn:iso:std:iso:3166"/>
      <code value="JP"/>
    </coding>
  </jurisdiction>
  <uniqueId>
    <type value="oid"/>
    <value value="1.2.392.200119.4.403.1"/>
  </uniqueId>
  <uniqueId>
    <type value="uri"/>
    <value value="urn:oid:1.2.392.200119.4.403.1"/>
    <preferred value="true"/>
  </uniqueId>
  <uniqueId>
    <type value="oid"/>
    <value value="1.2.392.100495.20.2.74"/>
  </uniqueId>
  <uniqueId>
    <type value="uri"/>
    <value value="urn:oid:1.2.392.100495.20.2.74"/>
  </uniqueId>
  <uniqueId>
    <type value="uri"/>
    <value value="http://jpfhir.jp/fhir/core/CodeSystem/JP_MedicationCodeHOT9_CS"/>
  </uniqueId>
</NamingSystem>