<?xml version="1.0" encoding="UTF-8"?>

<Specimen xmlns="http://hl7.org/fhir">
  <id value="jp-specimen-example-2"/>
  <text>
    <status value="generated"/><div xmlns="http://www.w3.org/1999/xhtml"><p><b>Generated Narrative: Specimen</b><a name="jp-specimen-example-2"> </a></p><div style="display: inline-block; background-color: #d9e0e7; padding: 6px; margin: 4px; border: 1px solid #8da1b4; border-radius: 5px; line-height: 60%"><p style="margin-bottom: 0px">Resource Specimen &quot;jp-specimen-example-2&quot; </p></div><p><b>identifier</b>: id: 23234352357</p><p><b>accessionIdentifier</b>: id: X352357</p><p><b>status</b>: available</p><p><b>type</b>: Whole blood <span style="background: LightGoldenRodYellow; margin: 4px; border: 1px solid khaki"> (<a href="http://terminology.hl7.org/5.2.0/CodeSystem-v2-0487.html">specimenType</a>#BLD)</span></p><p><b>subject</b>: <a href="Patient-jp-patient-example-1.html">Patient/jp-patient-example-1</a> &quot; 山田&quot;</p><p><b>receivedTime</b>: 2021-08-11 11:03:00+0900</p><h3>Containers</h3><table class="grid"><tr><td style="display: none">-</td><td><b>Identifier</b></td><td><b>Description</b></td><td><b>Type</b></td><td><b>Capacity</b></td><td><b>SpecimenQuantity</b></td></tr><tr><td style="display: none">*</td><td>id: 48736-15394-75467</td><td>採血菅</td><td>採血菅 <span style="background: LightGoldenRodYellow; margin: 4px; border: 1px solid khaki"> ()</span></td><td>20 mL</td><td>18 mL</td></tr></table></div>
  </text>
  <identifier>
    <system value="http://abc-hospital.local/identifiers/collections"/>
    <value value="23234352357"/>
  </identifier>
  <accessionIdentifier>
    <system value="http://abc-hospital.local/specimens/2011"/>
    <value value="X352357"/>
  </accessionIdentifier>
  <status value="available"/>
  <type>
    <coding>
      <system value="http://terminology.hl7.org/CodeSystem/v2-0487"/>
      <code value="BLD"/>
      <display value="Whole blood"/>
    </coding>
  </type>
  <subject>
    <reference value="Patient/jp-patient-example-1"/>
  </subject>
  <receivedTime value="2021-08-11T11:03:00+09:00"/>
  <container>
    <identifier>
      <value value="48736-15394-75467"/>
    </identifier>
    <description value="採血菅"/>
    <type>
      <text value="採血菅"/>
    </type>
    <capacity>
      <value value="20"/>
      <unit value="mL"/>
    </capacity>
    <specimenQuantity>
      <value value="18"/>
      <unit value="mL"/>
    </specimenQuantity>
  </container>
</Specimen>