<?xml version="1.0" encoding="UTF-8"?>

<StructureDefinition xmlns="http://hl7.org/fhir">
  <id value="jp-medicationtiming"/>
  <text>
    <status value="extensions"/><div xmlns="http://www.w3.org/1999/xhtml">Placeholder</div>
  </text>
  <url value="http://jpfhir.jp/fhir/core/StructureDefinition/JP_MedicationTiming"/>
  <version value="1.1.2"/>
  <name value="JP_MedicationTiming"/>
  <title value="JP Core Medication Timing DataType"/>
  <status value="active"/>
  <date value="2023-06-26"/>
  <publisher value="FHIR Japanese implementation research working group in Japan Association of Medical Informatics (JAMI)"/>
  <contact>
    <name value="FHIR Japanese implementation research working group in Japan Association of Medical Informatics (JAMI)"/>
    <telecom>
      <system value="url"/>
      <value value="http://jpfhir.jp"/>
    </telecom>
    <telecom>
      <system value="email"/>
      <value value="office@hlfhir.jp"/>
    </telecom>
  </contact>
  <description value="このデータタイプはTiming DataTypeに対して、薬剤に関するタイミング定義を行なったものである"/>
  <jurisdiction>
    <coding>
      <system value="urn:iso:std:iso:3166"/>
      <code value="JP"/>
    </coding>
  </jurisdiction>
  <copyright value="Copyright FHIR Japanese implementation research working group in Japan Association of Medical Informatics (JAMI) 一般社団法人日本医療情報学会NeXEHRS課題研究会FHIR日本実装検討WG"/>
  <fhirVersion value="4.0.1"/>
  <mapping>
    <identity value="v2"/>
    <uri value="http://hl7.org/v2"/>
    <name value="HL7 v2 Mapping"/>
  </mapping>
  <mapping>
    <identity value="rim"/>
    <uri value="http://hl7.org/v3"/>
    <name value="RIM Mapping"/>
  </mapping>
  <kind value="complex-type"/>
  <abstract value="false"/>
  <type value="Timing"/>
  <baseDefinition value="http://hl7.org/fhir/StructureDefinition/Timing"/>
  <derivation value="constraint"/>
  <snapshot>
    <element id="Timing">
      <path value="Timing"/>
      <short value="投与日時"/>
      <definition value="投与日時"/>
      <comment value="複数回発生する可能性のあるイベントの発生について説明します。タイミングスケジュールは、イベントが発生することが予想または要求される時期を指定するために使用され、過去または進行中のイベントの概要を表すためにも使用できます。簡単にするために、タイミングコンポーネントの定義は「将来の」イベントとして表現されますが、そのようなコンポーネントは歴史的または進行中のイベントを説明するためにも使用できます。&#xA;&#xA;タイミングスケジュールは、イベントが発生したときのイベントおよび/または基準のリストであり、構造化された形式またはコードとして表現できます。イベントと繰り返し仕様の両方が提供される場合、イベントのリストは、繰り返し構造の情報の解釈として理解されるべきです。 / Describes the occurrence of an event that may occur multiple times. Timing schedules are used for specifying when events are expected or requested to occur, and may also be used to represent the summary of a past or ongoing event.  For simplicity, the definitions of Timing components are expressed as 'future' events, but such components can also be used to describe historic or ongoing events.&#xA;&#xA;A Timing schedule can be a list of events and/or criteria for when the event happens, which can be expressed in a structured form and/or as a code. When both event and a repeating specification are provided, the list of events should be understood as an interpretation of the information in the repeat structure."/>
      <min value="0"/>
      <max value="*"/>
      <base>
        <path value="Timing"/>
        <min value="0"/>
        <max value="*"/>
      </base>
      <constraint>
        <key value="ele-1"/>
        <severity value="error"/>
        <human value="すべてのFHIR要素には、@valueまたは子供が必要です / All FHIR elements must have a @value or children"/>
        <expression value="hasValue() or (children().count() &gt; id.count())"/>
        <xpath value="@value|f:*|h:div"/>
        <source value="http://hl7.org/fhir/StructureDefinition/Element"/>
      </constraint>
      <isModifier value="false"/>
      <mapping>
        <identity value="rim"/>
        <map value="n/a"/>
      </mapping>
      <mapping>
        <identity value="v2"/>
        <map value="N/A"/>
      </mapping>
      <mapping>
        <identity value="rim"/>
        <map value="QSET&lt;TS&gt; (GTS)"/>
      </mapping>
    </element>
    <element id="Timing.id">
      <path value="Timing.id"/>
      <representation value="xmlAttr"/>
      <short value="要素間参照のための一意のID / Unique id for inter-element referencing"/>
      <definition value="リソース内の要素の一意のID（内部参照用）。これは、スペースを含まない文字列値である場合があります。 / Unique id for the element within a resource (for internal references). This may be any string value that does not contain spaces."/>
      <min value="0"/>
      <max value="1"/>
      <base>
        <path value="Element.id"/>
        <min value="0"/>
        <max value="1"/>
      </base>
      <type>
        <extension url="http://hl7.org/fhir/StructureDefinition/structuredefinition-fhir-type">
          <valueUrl value="string"/>
        </extension>
        <code value="http://hl7.org/fhirpath/System.String"/>
      </type>
      <isModifier value="false"/>
      <isSummary value="false"/>
      <mapping>
        <identity value="rim"/>
        <map value="n/a"/>
      </mapping>
    </element>
    <element id="Timing.extension">
      <path value="Timing.extension"/>
      <slicing>
        <discriminator>
          <type value="value"/>
          <path value="url"/>
        </discriminator>
        <description value="Extensions are always sliced by (at least) url"/>
        <rules value="open"/>
      </slicing>
      <short value="実装で定義された追加のコンテンツ / Additional content defined by implementations"/>
      <definition value="要素の基本的な定義の一部ではない追加情報を表すために使用できます。拡張機能を安全で管理しやすくするために、拡張機能の定義と使用に適用される厳格なガバナンスセットがあります。実装者は拡張機能を定義できますが、拡張機能の定義の一部として満たされる一連の要件があります。 / May be used to represent additional information that is not part of the basic definition of the element. To make the use of extensions safe and manageable, there is a strict set of governance  applied to the definition and use of extensions. Though any implementer can define an extension, there is a set of requirements that SHALL be met as part of the definition of the extension."/>
      <comment value="拡張機能を使用または定義する機関や管轄権に関係なく、アプリケーション、プロジェクト、または標準による拡張機能の使用に関連するスティグマはありません。拡張機能の使用は、FHIR仕様がすべての人にコアレベルのシンプルさを保持できるようにするものです。 / There can be no stigma associated with the use of extensions by any application, project, or standard - regardless of the institution or jurisdiction that uses or defines the extensions.  The use of extensions is what allows the FHIR specification to retain a core level of simplicity for everyone."/>
      <alias value="extensions"/>
      <alias value="user content"/>
      <min value="0"/>
      <max value="*"/>
      <base>
        <path value="Element.extension"/>
        <min value="0"/>
        <max value="*"/>
      </base>
      <type>
        <code value="Extension"/>
      </type>
      <constraint>
        <key value="ele-1"/>
        <severity value="error"/>
        <human value="すべてのFHIR要素には、@valueまたは子供が必要です / All FHIR elements must have a @value or children"/>
        <expression value="hasValue() or (children().count() &gt; id.count())"/>
        <xpath value="@value|f:*|h:div"/>
        <source value="http://hl7.org/fhir/StructureDefinition/Element"/>
      </constraint>
      <constraint>
        <key value="ext-1"/>
        <severity value="error"/>
        <human value="両方ではなく、拡張または値[x]が必要です / Must have either extensions or value[x], not both"/>
        <expression value="extension.exists() != value.exists()"/>
        <xpath value="exists(f:extension)!=exists(f:*[starts-with(local-name(.), &quot;value&quot;)])"/>
        <source value="http://hl7.org/fhir/StructureDefinition/Extension"/>
      </constraint>
      <isModifier value="false"/>
      <isSummary value="false"/>
      <mapping>
        <identity value="rim"/>
        <map value="n/a"/>
      </mapping>
    </element>
    <element id="Timing.modifierExtension">
      <path value="Timing.modifierExtension"/>
      <short value="認識されていなくても無視できない拡張機能 / Extensions that cannot be ignored even if unrecognized"/>
      <definition value="要素の基本的な定義の一部ではなく、それが含まれている要素の理解、および/または含まれる要素の子孫の理解を変更するために使用される場合があります。通常、修飾子要素は否定または資格を提供します。拡張機能を安全で管理しやすくするために、拡張機能の定義と使用に適用される厳格なガバナンスセットがあります。実装者は拡張機能を定義できますが、拡張機能の定義の一部として満たされる一連の要件があります。アプリケーションの処理リソースは、修飾子拡張機能をチェックする必要があります。&#xA;&#xA;モディファイア拡張は、リソースまたはdomainResource上の要素の意味を変更してはなりません（修飾軸自体の意味を変更することはできません）。 / May be used to represent additional information that is not part of the basic definition of the element and that modifies the understanding of the element in which it is contained and/or the understanding of the containing element's descendants. Usually modifier elements provide negation or qualification. To make the use of extensions safe and manageable, there is a strict set of governance applied to the definition and use of extensions. Though any implementer can define an extension, there is a set of requirements that SHALL be met as part of the definition of the extension. Applications processing a resource are required to check for modifier extensions.&#xA;&#xA;Modifier extensions SHALL NOT change the meaning of any elements on Resource or DomainResource (including cannot change the meaning of modifierExtension itself)."/>
      <comment value="拡張機能を使用または定義する機関や管轄権に関係なく、アプリケーション、プロジェクト、または標準による拡張機能の使用に関連するスティグマはありません。拡張機能の使用は、FHIR仕様がすべての人にコアレベルのシンプルさを保持できるようにするものです。 / There can be no stigma associated with the use of extensions by any application, project, or standard - regardless of the institution or jurisdiction that uses or defines the extensions.  The use of extensions is what allows the FHIR specification to retain a core level of simplicity for everyone."/>
      <requirements value="修飾子拡張機能により、安全に無視できる大部分の拡張機能と明確に区別できるように、安全に無視できない拡張機能が可能になります。これにより、実装者が拡張の存在を禁止する必要性を排除することにより、相互運用性が促進されます。詳細については、[修飾子拡張の定義]（拡張性.html＃modifierextension）を参照してください。 / Modifier extensions allow for extensions that *cannot* be safely ignored to be clearly distinguished from the vast majority of extensions which can be safely ignored.  This promotes interoperability by eliminating the need for implementers to prohibit the presence of extensions. For further information, see the [definition of modifier extensions](http://hl7.org/fhir/R4/extensibility.html#modifierExtension)."/>
      <alias value="extensions"/>
      <alias value="user content"/>
      <alias value="modifiers"/>
      <min value="0"/>
      <max value="*"/>
      <base>
        <path value="BackboneElement.modifierExtension"/>
        <min value="0"/>
        <max value="*"/>
      </base>
      <type>
        <code value="Extension"/>
      </type>
      <constraint>
        <key value="ele-1"/>
        <severity value="error"/>
        <human value="すべてのFHIR要素には、@valueまたは子供が必要です / All FHIR elements must have a @value or children"/>
        <expression value="hasValue() or (children().count() &gt; id.count())"/>
        <xpath value="@value|f:*|h:div"/>
        <source value="http://hl7.org/fhir/StructureDefinition/Element"/>
      </constraint>
      <constraint>
        <key value="ext-1"/>
        <severity value="error"/>
        <human value="両方ではなく、拡張または値[x]が必要です / Must have either extensions or value[x], not both"/>
        <expression value="extension.exists() != value.exists()"/>
        <xpath value="exists(f:extension)!=exists(f:*[starts-with(local-name(.), &quot;value&quot;)])"/>
        <source value="http://hl7.org/fhir/StructureDefinition/Extension"/>
      </constraint>
      <isModifier value="true"/>
      <isModifierReason value="修飾子拡張は、それらを含む要素の意味または解釈を変更することが期待されています / Modifier extensions are expected to modify the meaning or interpretation of the element that contains them"/>
      <isSummary value="true"/>
      <mapping>
        <identity value="rim"/>
        <map value="N/A"/>
      </mapping>
    </element>
    <element id="Timing.event">
      <path value="Timing.event"/>
      <short value="服用もしくは注射を行なうタイミングを示す時刻"/>
      <definition value="服用タイミングを具体的な日時で指定する場合に使用する"/>
      <requirements value="たとえば、投薬投与の記録では、一般的な仕様を取得し、それを正確な仕様に変える必要があります。 / In a Medication Administration Record, for instance, you need to take a general specification, and turn it into a precise specification."/>
      <min value="0"/>
      <max value="*"/>
      <base>
        <path value="Timing.event"/>
        <min value="0"/>
        <max value="*"/>
      </base>
      <type>
        <code value="dateTime"/>
      </type>
      <constraint>
        <key value="ele-1"/>
        <severity value="error"/>
        <human value="すべてのFHIR要素には、@valueまたは子供が必要です / All FHIR elements must have a @value or children"/>
        <expression value="hasValue() or (children().count() &gt; id.count())"/>
        <xpath value="@value|f:*|h:div"/>
        <source value="http://hl7.org/fhir/StructureDefinition/Element"/>
      </constraint>
      <isModifier value="false"/>
      <isSummary value="true"/>
      <mapping>
        <identity value="rim"/>
        <map value="QLIST&lt;TS&gt;"/>
      </mapping>
    </element>
    <element id="Timing.repeat">
      <path value="Timing.repeat"/>
      <short value="イベントが発生する時刻"/>
      <definition value="イベントがスケジュールされたルールについての記述。"/>
      <requirements value="スケジュールされたタイミングの多くは規則的な繰り返しで決定されている。"/>
      <min value="0"/>
      <max value="1"/>
      <base>
        <path value="Timing.repeat"/>
        <min value="0"/>
        <max value="1"/>
      </base>
      <type>
        <code value="Element"/>
      </type>
      <constraint>
        <key value="ele-1"/>
        <severity value="error"/>
        <human value="すべてのFHIR要素には、@valueまたは子供が必要です / All FHIR elements must have a @value or children"/>
        <expression value="hasValue() or (children().count() &gt; id.count())"/>
        <xpath value="@value|f:*|h:div"/>
        <source value="http://hl7.org/fhir/StructureDefinition/Element"/>
      </constraint>
      <constraint>
        <key value="tim-1"/>
        <severity value="error"/>
        <human value="期間がある場合は、期間単位が必要です / if there's a duration, there needs to be duration units"/>
        <expression value="duration.empty() or durationUnit.exists()"/>
        <xpath value="not(exists(f:duration)) or exists(f:durationUnit)"/>
        <source value="http://hl7.org/fhir/StructureDefinition/Timing"/>
      </constraint>
      <constraint>
        <key value="tim-2"/>
        <severity value="error"/>
        <human value="期間がある場合、期間単位が必要です / if there's a period, there needs to be period units"/>
        <expression value="period.empty() or periodUnit.exists()"/>
        <xpath value="not(exists(f:period)) or exists(f:periodUnit)"/>
        <source value="http://hl7.org/fhir/StructureDefinition/Timing"/>
      </constraint>
      <constraint>
        <key value="tim-4"/>
        <severity value="error"/>
        <human value="期間は非陰性価値です / duration SHALL be a non-negative value"/>
        <expression value="duration.exists() implies duration &gt;= 0"/>
        <xpath value="f:duration/@value &gt;= 0 or not(f:duration/@value)"/>
        <source value="http://hl7.org/fhir/StructureDefinition/Timing"/>
      </constraint>
      <constraint>
        <key value="tim-5"/>
        <severity value="error"/>
        <human value="期間は非陰性の価値です / period SHALL be a non-negative value"/>
        <expression value="period.exists() implies period &gt;= 0"/>
        <xpath value="f:period/@value &gt;= 0 or not(f:period/@value)"/>
        <source value="http://hl7.org/fhir/StructureDefinition/Timing"/>
      </constraint>
      <constraint>
        <key value="tim-6"/>
        <severity value="error"/>
        <human value="期間がある場合、期間がなければなりません / If there's a periodMax, there must be a period"/>
        <expression value="periodMax.empty() or period.exists()"/>
        <xpath value="not(exists(f:periodMax)) or exists(f:period)"/>
        <source value="http://hl7.org/fhir/StructureDefinition/Timing"/>
      </constraint>
      <constraint>
        <key value="tim-7"/>
        <severity value="error"/>
        <human value="Hurtermaxがある場合、期間がなければなりません / If there's a durationMax, there must be a duration"/>
        <expression value="durationMax.empty() or duration.exists()"/>
        <xpath value="not(exists(f:durationMax)) or exists(f:duration)"/>
        <source value="http://hl7.org/fhir/StructureDefinition/Timing"/>
      </constraint>
      <constraint>
        <key value="tim-8"/>
        <severity value="error"/>
        <human value="countmaxがある場合、カウントが必要です / If there's a countMax, there must be a count"/>
        <expression value="countMax.empty() or count.exists()"/>
        <xpath value="not(exists(f:countMax)) or exists(f:count)"/>
        <source value="http://hl7.org/fhir/StructureDefinition/Timing"/>
      </constraint>
      <constraint>
        <key value="tim-9"/>
        <severity value="error"/>
        <human value="オフセットがある場合、c、cm、cd、cvではなく（c、cvではない）存在する必要があります。 / If there's an offset, there must be a when (and not C, CM, CD, CV)"/>
        <expression value="offset.empty() or (when.exists() and ((when in ('C' | 'CM' | 'CD' | 'CV')).not()))"/>
        <xpath value="not(exists(f:offset)) or exists(f:when)"/>
        <source value="http://hl7.org/fhir/StructureDefinition/Timing"/>
      </constraint>
      <constraint>
        <key value="tim-10"/>
        <severity value="error"/>
        <human value="時間がある場合、いつ、またはその逆もありません / If there's a timeOfDay, there cannot be a when, or vice versa"/>
        <expression value="timeOfDay.empty() or when.empty()"/>
        <xpath value="not(exists(f:timeOfDay)) or not(exists(f:when))"/>
        <source value="http://hl7.org/fhir/StructureDefinition/Timing"/>
      </constraint>
      <isModifier value="false"/>
      <isSummary value="true"/>
      <mapping>
        <identity value="rim"/>
        <map value="Implies PIVL or EIVL"/>
      </mapping>
    </element>
    <element id="Timing.repeat.id">
      <path value="Timing.repeat.id"/>
      <representation value="xmlAttr"/>
      <short value="要素間参照のための一意のID / Unique id for inter-element referencing"/>
      <definition value="リソース内の要素の一意のID（内部参照用）。これは、スペースを含まない文字列値である場合があります。 / Unique id for the element within a resource (for internal references). This may be any string value that does not contain spaces."/>
      <min value="0"/>
      <max value="1"/>
      <base>
        <path value="Element.id"/>
        <min value="0"/>
        <max value="1"/>
      </base>
      <type>
        <extension url="http://hl7.org/fhir/StructureDefinition/structuredefinition-fhir-type">
          <valueUrl value="string"/>
        </extension>
        <code value="http://hl7.org/fhirpath/System.String"/>
      </type>
      <isModifier value="false"/>
      <isSummary value="false"/>
      <mapping>
        <identity value="rim"/>
        <map value="n/a"/>
      </mapping>
    </element>
    <element id="Timing.repeat.extension">
      <path value="Timing.repeat.extension"/>
      <slicing>
        <discriminator>
          <type value="value"/>
          <path value="url"/>
        </discriminator>
        <description value="Extensions are always sliced by (at least) url"/>
        <rules value="open"/>
      </slicing>
      <short value="実装で定義された追加のコンテンツ / Additional content defined by implementations"/>
      <definition value="要素の基本的な定義の一部ではない追加情報を表すために使用できます。拡張機能を安全で管理しやすくするために、拡張機能の定義と使用に適用される厳格なガバナンスセットがあります。実装者は拡張機能を定義できますが、拡張機能の定義の一部として満たされる一連の要件があります。 / May be used to represent additional information that is not part of the basic definition of the element. To make the use of extensions safe and manageable, there is a strict set of governance  applied to the definition and use of extensions. Though any implementer can define an extension, there is a set of requirements that SHALL be met as part of the definition of the extension."/>
      <comment value="拡張機能を使用または定義する機関や管轄権に関係なく、アプリケーション、プロジェクト、または標準による拡張機能の使用に関連するスティグマはありません。拡張機能の使用は、FHIR仕様がすべての人にコアレベルのシンプルさを保持できるようにするものです。 / There can be no stigma associated with the use of extensions by any application, project, or standard - regardless of the institution or jurisdiction that uses or defines the extensions.  The use of extensions is what allows the FHIR specification to retain a core level of simplicity for everyone."/>
      <alias value="extensions"/>
      <alias value="user content"/>
      <min value="0"/>
      <max value="*"/>
      <base>
        <path value="Element.extension"/>
        <min value="0"/>
        <max value="*"/>
      </base>
      <type>
        <code value="Extension"/>
      </type>
      <constraint>
        <key value="ele-1"/>
        <severity value="error"/>
        <human value="すべてのFHIR要素には、@valueまたは子供が必要です / All FHIR elements must have a @value or children"/>
        <expression value="hasValue() or (children().count() &gt; id.count())"/>
        <xpath value="@value|f:*|h:div"/>
        <source value="http://hl7.org/fhir/StructureDefinition/Element"/>
      </constraint>
      <constraint>
        <key value="ext-1"/>
        <severity value="error"/>
        <human value="両方ではなく、拡張または値[x]が必要です / Must have either extensions or value[x], not both"/>
        <expression value="extension.exists() != value.exists()"/>
        <xpath value="exists(f:extension)!=exists(f:*[starts-with(local-name(.), &quot;value&quot;)])"/>
        <source value="http://hl7.org/fhir/StructureDefinition/Extension"/>
      </constraint>
      <isModifier value="false"/>
      <isSummary value="false"/>
      <mapping>
        <identity value="rim"/>
        <map value="n/a"/>
      </mapping>
    </element>
    <element id="Timing.repeat.bounds[x]">
      <path value="Timing.repeat.bounds[x]"/>
      <short value="服用・注射開始日から服用・注射終了日までの全日数"/>
      <definition value="服用・注射開始日から服用・注射終了日までの全日数。実投与日数ではないことに注意する。"/>
      <min value="0"/>
      <max value="1"/>
      <base>
        <path value="Timing.repeat.bounds[x]"/>
        <min value="0"/>
        <max value="1"/>
      </base>
      <type>
        <code value="Duration"/>
      </type>
      <type>
        <code value="Range"/>
      </type>
      <type>
        <code value="Period"/>
      </type>
      <constraint>
        <key value="ele-1"/>
        <severity value="error"/>
        <human value="すべてのFHIR要素には、@valueまたは子供が必要です / All FHIR elements must have a @value or children"/>
        <expression value="hasValue() or (children().count() &gt; id.count())"/>
        <xpath value="@value|f:*|h:div"/>
        <source value="http://hl7.org/fhir/StructureDefinition/Element"/>
      </constraint>
      <isModifier value="false"/>
      <isSummary value="true"/>
      <mapping>
        <identity value="rim"/>
        <map value="IVL(TS) used in a QSI"/>
      </mapping>
    </element>
    <element id="Timing.repeat.count">
      <path value="Timing.repeat.count"/>
      <short value="繰り返し服用もしくは注射回数"/>
      <definition value="Timing仕様の全てにおいて、特定の期間に繰り返されるように指定された総回数。もし、countMaxが設定されていれば、このエレメントは許容される最低限度の回数を示す。"/>
      <comment value="回数に上限、下限の範囲がある場合は、このcountで示される回数が起きるまでは、エレメントは範囲の中にあると解釈されるべきである。"/>
      <requirements value="繰り返しは、終了時間または合計発生によって制限される場合があります。 / Repetitions may be limited by end time or total occurrences."/>
      <min value="0"/>
      <max value="1"/>
      <base>
        <path value="Timing.repeat.count"/>
        <min value="0"/>
        <max value="1"/>
      </base>
      <type>
        <code value="positiveInt"/>
      </type>
      <constraint>
        <key value="ele-1"/>
        <severity value="error"/>
        <human value="すべてのFHIR要素には、@valueまたは子供が必要です / All FHIR elements must have a @value or children"/>
        <expression value="hasValue() or (children().count() &gt; id.count())"/>
        <xpath value="@value|f:*|h:div"/>
        <source value="http://hl7.org/fhir/StructureDefinition/Element"/>
      </constraint>
      <isModifier value="false"/>
      <isSummary value="true"/>
      <mapping>
        <identity value="rim"/>
        <map value="PIVL.count"/>
      </mapping>
    </element>
    <element id="Timing.repeat.countMax">
      <path value="Timing.repeat.countMax"/>
      <short value="繰り返しの最大回数"/>
      <definition value="このエレメントが設定されている場合は、回数に範囲があることを示している。したがって、[count]から[countmax]までの回数で繰り返される。"/>
      <comment value="32bit整数。もし、値がこれを超える場合はdecimalで記録される。"/>
      <min value="0"/>
      <max value="1"/>
      <base>
        <path value="Timing.repeat.countMax"/>
        <min value="0"/>
        <max value="1"/>
      </base>
      <type>
        <code value="positiveInt"/>
      </type>
      <constraint>
        <key value="ele-1"/>
        <severity value="error"/>
        <human value="すべてのFHIR要素には、@valueまたは子供が必要です / All FHIR elements must have a @value or children"/>
        <expression value="hasValue() or (children().count() &gt; id.count())"/>
        <xpath value="@value|f:*|h:div"/>
        <source value="http://hl7.org/fhir/StructureDefinition/Element"/>
      </constraint>
      <isModifier value="false"/>
      <isSummary value="true"/>
      <mapping>
        <identity value="rim"/>
        <map value="PIVL.count"/>
      </mapping>
    </element>
    <element id="Timing.repeat.duration">
      <path value="Timing.repeat.duration"/>
      <short value="継続時間"/>
      <definition value="投与されるタイミングが発生している時間。もし、durationMaxが設定されていれば、このエレメントは許容される継続時間の下限を示す。"/>
      <comment value="継続時間はイベントの定義の一部（たとえば、静脈注射(IV)では特定の量と速度が明示される)として示されることがある。その他、Timing仕様の一部（たとえば、運動）として示されることもある。"/>
      <requirements value="アクティビティによっては即時的なものではなく、その期間において維持される必要がある。"/>
      <min value="0"/>
      <max value="1"/>
      <base>
        <path value="Timing.repeat.duration"/>
        <min value="0"/>
        <max value="1"/>
      </base>
      <type>
        <code value="decimal"/>
      </type>
      <constraint>
        <key value="ele-1"/>
        <severity value="error"/>
        <human value="すべてのFHIR要素には、@valueまたは子供が必要です / All FHIR elements must have a @value or children"/>
        <expression value="hasValue() or (children().count() &gt; id.count())"/>
        <xpath value="@value|f:*|h:div"/>
        <source value="http://hl7.org/fhir/StructureDefinition/Element"/>
      </constraint>
      <isModifier value="false"/>
      <isSummary value="true"/>
      <mapping>
        <identity value="rim"/>
        <map value="PIVL.phase"/>
      </mapping>
    </element>
    <element id="Timing.repeat.durationMax">
      <path value="Timing.repeat.durationMax"/>
      <short value="継続時間(最大値)"/>
      <definition value="もし、このエレメントに値が設定されていれば、durationには範囲があることを示している。したがって、[duration]から[durationMax]までの継続時間の範囲で投与される。"/>
      <comment value="継続時間はイベントの定義の一部（たとえば、静脈注射(IV)では特定の量と速度が明示される)として示されることがある。その他、Timing仕様の一部（たとえば、運動）として示されることもある。"/>
      <requirements value="アクティビティによっては即時的なものではなく、その期間において維持される必要がある。"/>
      <min value="0"/>
      <max value="1"/>
      <base>
        <path value="Timing.repeat.durationMax"/>
        <min value="0"/>
        <max value="1"/>
      </base>
      <type>
        <code value="decimal"/>
      </type>
      <constraint>
        <key value="ele-1"/>
        <severity value="error"/>
        <human value="すべてのFHIR要素には、@valueまたは子供が必要です / All FHIR elements must have a @value or children"/>
        <expression value="hasValue() or (children().count() &gt; id.count())"/>
        <xpath value="@value|f:*|h:div"/>
        <source value="http://hl7.org/fhir/StructureDefinition/Element"/>
      </constraint>
      <isModifier value="false"/>
      <isSummary value="true"/>
      <mapping>
        <identity value="rim"/>
        <map value="PIVL.phase"/>
      </mapping>
    </element>
    <element id="Timing.repeat.durationUnit">
      <path value="Timing.repeat.durationUnit"/>
      <short value="s |min |h |d |wk |mo |A-時間単位（ucum） / s | min | h | d | wk | mo | a - unit of time (UCUM)"/>
      <definition value="UCUM単位で表される継続時間についての単位。"/>
      <comment value="FHIRの文字列は1MB以上の大きさとなってなはらない(SHALL NOT)。"/>
      <min value="0"/>
      <max value="1"/>
      <base>
        <path value="Timing.repeat.durationUnit"/>
        <min value="0"/>
        <max value="1"/>
      </base>
      <type>
        <code value="code"/>
      </type>
      <constraint>
        <key value="ele-1"/>
        <severity value="error"/>
        <human value="すべてのFHIR要素には、@valueまたは子供が必要です / All FHIR elements must have a @value or children"/>
        <expression value="hasValue() or (children().count() &gt; id.count())"/>
        <xpath value="@value|f:*|h:div"/>
        <source value="http://hl7.org/fhir/StructureDefinition/Element"/>
      </constraint>
      <isModifier value="false"/>
      <isSummary value="true"/>
      <binding>
        <extension url="http://hl7.org/fhir/StructureDefinition/elementdefinition-bindingName">
          <valueString value="UnitsOfTime"/>
        </extension>
        <strength value="required"/>
        <description value="時間単位（UCUMからの単位）。 / A unit of time (units from UCUM)."/>
        <valueSet value="http://hl7.org/fhir/ValueSet/units-of-time|4.0.1"/>
      </binding>
      <mapping>
        <identity value="rim"/>
        <map value="PIVL.phase.unit"/>
      </mapping>
    </element>
    <element id="Timing.repeat.frequency">
      <path value="Timing.repeat.frequency"/>
      <short value="期間内にイベントが発生する回数、頻度"/>
      <definition value="特定の期間に繰り返して発生した行為の回数。もし、frequencyMaxが設定されていれば、このエレメントはfrequencyとして認められた下限を示す。"/>
      <comment value="32ビットの数値。もし、値がそれを上回るようであればdecimalを使用する。"/>
      <min value="0"/>
      <max value="1"/>
      <base>
        <path value="Timing.repeat.frequency"/>
        <min value="0"/>
        <max value="1"/>
      </base>
      <type>
        <code value="positiveInt"/>
      </type>
      <meaningWhenMissing value="頻度が記載されていない場合、イベントは期間ごとに1回発生するという仮定ですが、システムは常にこれについて具体的でなければなりません / If no frequency is stated, the assumption is that the event occurs once per period, but systems SHOULD always be specific about this"/>
      <constraint>
        <key value="ele-1"/>
        <severity value="error"/>
        <human value="すべてのFHIR要素には、@valueまたは子供が必要です / All FHIR elements must have a @value or children"/>
        <expression value="hasValue() or (children().count() &gt; id.count())"/>
        <xpath value="@value|f:*|h:div"/>
        <source value="http://hl7.org/fhir/StructureDefinition/Element"/>
      </constraint>
      <isModifier value="false"/>
      <isSummary value="true"/>
      <mapping>
        <identity value="rim"/>
        <map value="PIVL.phase"/>
      </mapping>
    </element>
    <element id="Timing.repeat.frequencyMax">
      <path value="Timing.repeat.frequencyMax"/>
      <short value="期間内にイベントが発生する最大回数、最大頻度"/>
      <definition value="このエレメントに値が設定されていれば、frequencyには範囲が指定されている。つまり、期間あるいは期間の範囲内に[frequency]から[frequencyMax]回繰り返されることを示している。"/>
      <comment value="32ビットの数値。もし、値がそれを上回るようであればdecimalを使用する。"/>
      <min value="0"/>
      <max value="1"/>
      <base>
        <path value="Timing.repeat.frequencyMax"/>
        <min value="0"/>
        <max value="1"/>
      </base>
      <type>
        <code value="positiveInt"/>
      </type>
      <constraint>
        <key value="ele-1"/>
        <severity value="error"/>
        <human value="すべてのFHIR要素には、@valueまたは子供が必要です / All FHIR elements must have a @value or children"/>
        <expression value="hasValue() or (children().count() &gt; id.count())"/>
        <xpath value="@value|f:*|h:div"/>
        <source value="http://hl7.org/fhir/StructureDefinition/Element"/>
      </constraint>
      <isModifier value="false"/>
      <isSummary value="true"/>
      <mapping>
        <identity value="rim"/>
        <map value="PIVL.phase"/>
      </mapping>
    </element>
    <element id="Timing.repeat.period">
      <path value="Timing.repeat.period"/>
      <short value="イベントが発生する頻度に対応する期間"/>
      <definition value="繰り返し投与が行われる期間を示す。たとえば、「1日3回」であれば、3は繰り返しの頻度(frequency)であり、「1日」が期間(period)である。もし、periodMaxに値が設定されていれば、このエレメントは期間として認められた範囲の下限を示す。"/>
      <comment value="IEEEの浮動小数点型を使わずに、小数点も含むdecimal型のようなものを利用すること（たとえばJavaのBigInteger)。"/>
      <min value="0"/>
      <max value="1"/>
      <base>
        <path value="Timing.repeat.period"/>
        <min value="0"/>
        <max value="1"/>
      </base>
      <type>
        <code value="decimal"/>
      </type>
      <constraint>
        <key value="ele-1"/>
        <severity value="error"/>
        <human value="すべてのFHIR要素には、@valueまたは子供が必要です / All FHIR elements must have a @value or children"/>
        <expression value="hasValue() or (children().count() &gt; id.count())"/>
        <xpath value="@value|f:*|h:div"/>
        <source value="http://hl7.org/fhir/StructureDefinition/Element"/>
      </constraint>
      <isModifier value="false"/>
      <isSummary value="true"/>
      <mapping>
        <identity value="rim"/>
        <map value="PIVL.phase"/>
      </mapping>
    </element>
    <element id="Timing.repeat.periodMax">
      <path value="Timing.repeat.periodMax"/>
      <short value="期間の上限（3-4時間）"/>
      <definition value="もし、この値が設定されていれば、期間は[period]から[periodMax]までであることを示し、「3-5日に1回投与」のような表現が認められる。"/>
      <comment value="IEEEの浮動小数点型を使わずに、小数点の制度も示すdecimal型のようなものを利用すること（たとえばJavaのBigInteger)。"/>
      <min value="0"/>
      <max value="1"/>
      <base>
        <path value="Timing.repeat.periodMax"/>
        <min value="0"/>
        <max value="1"/>
      </base>
      <type>
        <code value="decimal"/>
      </type>
      <constraint>
        <key value="ele-1"/>
        <severity value="error"/>
        <human value="すべてのFHIR要素には、@valueまたは子供が必要です / All FHIR elements must have a @value or children"/>
        <expression value="hasValue() or (children().count() &gt; id.count())"/>
        <xpath value="@value|f:*|h:div"/>
        <source value="http://hl7.org/fhir/StructureDefinition/Element"/>
      </constraint>
      <isModifier value="false"/>
      <isSummary value="true"/>
      <mapping>
        <identity value="rim"/>
        <map value="PIVL.phase"/>
      </mapping>
    </element>
    <element id="Timing.repeat.periodUnit">
      <path value="Timing.repeat.periodUnit"/>
      <short value="s |min |h |d |wk |mo |A-時間単位（ucum） / s | min | h | d | wk | mo | a - unit of time (UCUM)"/>
      <definition value="期間を表すUCUM単位。"/>
      <comment value="FHIRの文字列は1MB以上の大きさとなってなはらない(SHALL NOT)。"/>
      <min value="0"/>
      <max value="1"/>
      <base>
        <path value="Timing.repeat.periodUnit"/>
        <min value="0"/>
        <max value="1"/>
      </base>
      <type>
        <code value="code"/>
      </type>
      <constraint>
        <key value="ele-1"/>
        <severity value="error"/>
        <human value="すべてのFHIR要素には、@valueまたは子供が必要です / All FHIR elements must have a @value or children"/>
        <expression value="hasValue() or (children().count() &gt; id.count())"/>
        <xpath value="@value|f:*|h:div"/>
        <source value="http://hl7.org/fhir/StructureDefinition/Element"/>
      </constraint>
      <isModifier value="false"/>
      <isSummary value="true"/>
      <binding>
        <extension url="http://hl7.org/fhir/StructureDefinition/elementdefinition-bindingName">
          <valueString value="UnitsOfTime"/>
        </extension>
        <strength value="required"/>
        <description value="時間単位（UCUMからの単位）。 / A unit of time (units from UCUM)."/>
        <valueSet value="http://hl7.org/fhir/ValueSet/units-of-time|4.0.1"/>
      </binding>
      <mapping>
        <identity value="rim"/>
        <map value="PIVL.phase.unit"/>
      </mapping>
    </element>
    <element id="Timing.repeat.dayOfWeek">
      <path value="Timing.repeat.dayOfWeek"/>
      <short value="月|火|水|木|金|土|太陽 / mon | tue | wed | thu | fri | sat | sun"/>
      <definition value="期間として1週間以上が指定されていれば、指定された曜日のみで投与が行われる。"/>
      <comment value="曜日が指定されていなければ、他に指定された日には毎日投与されると想定される。frequencyとperiodエレメントはdayOfWeekと同じように使うことはできない。"/>
      <min value="0"/>
      <max value="*"/>
      <base>
        <path value="Timing.repeat.dayOfWeek"/>
        <min value="0"/>
        <max value="*"/>
      </base>
      <type>
        <code value="code"/>
      </type>
      <constraint>
        <key value="ele-1"/>
        <severity value="error"/>
        <human value="すべてのFHIR要素には、@valueまたは子供が必要です / All FHIR elements must have a @value or children"/>
        <expression value="hasValue() or (children().count() &gt; id.count())"/>
        <xpath value="@value|f:*|h:div"/>
        <source value="http://hl7.org/fhir/StructureDefinition/Element"/>
      </constraint>
      <isModifier value="false"/>
      <isSummary value="true"/>
      <binding>
        <extension url="http://hl7.org/fhir/StructureDefinition/elementdefinition-bindingName">
          <valueString value="DayOfWeek"/>
        </extension>
        <strength value="required"/>
        <valueSet value="http://hl7.org/fhir/ValueSet/days-of-week|4.0.1"/>
      </binding>
      <mapping>
        <identity value="rim"/>
        <map value="n/a"/>
      </mapping>
    </element>
    <element id="Timing.repeat.timeOfDay">
      <path value="Timing.repeat.timeOfDay"/>
      <short value="一日の間で投与される時刻"/>
      <definition value="一日の間で指定された投与される時刻。"/>
      <comment value="もし、このtimeOfDayに値が指定されていれば、毎日（daysOfWeekでフィルタされた曜日の）指定された時刻に投与されると推定される。whenやfrequency, periodエレメントはtimeOfDayとは同様に使うことはできない。"/>
      <min value="0"/>
      <max value="*"/>
      <base>
        <path value="Timing.repeat.timeOfDay"/>
        <min value="0"/>
        <max value="*"/>
      </base>
      <type>
        <code value="time"/>
      </type>
      <constraint>
        <key value="ele-1"/>
        <severity value="error"/>
        <human value="すべてのFHIR要素には、@valueまたは子供が必要です / All FHIR elements must have a @value or children"/>
        <expression value="hasValue() or (children().count() &gt; id.count())"/>
        <xpath value="@value|f:*|h:div"/>
        <source value="http://hl7.org/fhir/StructureDefinition/Element"/>
      </constraint>
      <isModifier value="false"/>
      <isSummary value="true"/>
      <mapping>
        <identity value="rim"/>
        <map value="n/a"/>
      </mapping>
    </element>
    <element id="Timing.repeat.when">
      <path value="Timing.repeat.when"/>
      <short value="投薬期間についてのコード"/>
      <definition value="一日の間のおおよその時間帯で投与すべきタイミングを示す。日常のイベントに関連付けられていることもある。"/>
      <comment value="一つ以上のイベントが記載されている場合、そのイベントは特定のイベントの組み合わせと結びついている。"/>
      <requirements value="タイミングはしばしば起床や食事、睡眠などのできごとによってしばしば決定されている。"/>
      <min value="0"/>
      <max value="*"/>
      <base>
        <path value="Timing.repeat.when"/>
        <min value="0"/>
        <max value="*"/>
      </base>
      <type>
        <code value="code"/>
      </type>
      <constraint>
        <key value="ele-1"/>
        <severity value="error"/>
        <human value="すべてのFHIR要素には、@valueまたは子供が必要です / All FHIR elements must have a @value or children"/>
        <expression value="hasValue() or (children().count() &gt; id.count())"/>
        <xpath value="@value|f:*|h:div"/>
        <source value="http://hl7.org/fhir/StructureDefinition/Element"/>
      </constraint>
      <isModifier value="false"/>
      <isSummary value="true"/>
      <binding>
        <extension url="http://hl7.org/fhir/StructureDefinition/elementdefinition-bindingName">
          <valueString value="EventTiming"/>
        </extension>
        <strength value="required"/>
        <description value="スケジュールに関連する現実世界のイベント。 / Real world event relating to the schedule."/>
        <valueSet value="http://hl7.org/fhir/ValueSet/event-timing|4.0.1"/>
      </binding>
      <mapping>
        <identity value="rim"/>
        <map value="EIVL.event"/>
      </mapping>
    </element>
    <element id="Timing.repeat.offset">
      <path value="Timing.repeat.offset"/>
      <short value="イベントからの時間(分、前後）"/>
      <definition value="イベントからの時間(分)。もし、分で示される時間がイベントのコードが前か後かを示していない場合、offsetはイベントの後であることが想定される。"/>
      <comment value="32ビットの数値。もし、値がそれを上回るようであればdecimalを使用する。"/>
      <min value="0"/>
      <max value="1"/>
      <base>
        <path value="Timing.repeat.offset"/>
        <min value="0"/>
        <max value="1"/>
      </base>
      <type>
        <code value="unsignedInt"/>
      </type>
      <constraint>
        <key value="ele-1"/>
        <severity value="error"/>
        <human value="すべてのFHIR要素には、@valueまたは子供が必要です / All FHIR elements must have a @value or children"/>
        <expression value="hasValue() or (children().count() &gt; id.count())"/>
        <xpath value="@value|f:*|h:div"/>
        <source value="http://hl7.org/fhir/StructureDefinition/Element"/>
      </constraint>
      <isModifier value="false"/>
      <isSummary value="true"/>
      <mapping>
        <identity value="rim"/>
        <map value="EIVL.offset"/>
      </mapping>
    </element>
    <element id="Timing.code">
      <path value="Timing.code"/>
      <short value="入札|TID |QID |AM |PM |QD |qod |+ / BID | TID | QID | AM | PM | QD | QOD | +"/>
      <definition value="スケジュール上のタイミングを表すコード（あるいはcode.text内のテキスト）。BID(1日2回)のようなコードはどこにでもあるが、多くの医療機関は付加的なコードを定義している。もし、コードが示されていれば、構造化されたタイミングで完全に示されたデータであると解釈され、コードまたはTimingを解釈するためのデータであると解釈される。しかし、例外的に.repeat.bounds（コードは含まれない)はコードを上書きして適用される。"/>
      <comment value="BIDなどは「施設特有の時間」として定義される。たとえば、施設がBIDを「つねに朝7時と夕方6時」であると指定することがある。この指定が不適切であれば、BIDというコードは使うべきではない。その代わり、HL7が定義したBIDのコードではなく、その施設特有のコードで明示的に示すべきであり、構造化された表現を使うべきである（この場合、2回のイベントの時刻を指定する必要がある）。"/>
      <min value="0"/>
      <max value="1"/>
      <base>
        <path value="Timing.code"/>
        <min value="0"/>
        <max value="1"/>
      </base>
      <type>
        <code value="CodeableConcept"/>
      </type>
      <constraint>
        <key value="ele-1"/>
        <severity value="error"/>
        <human value="すべてのFHIR要素には、@valueまたは子供が必要です / All FHIR elements must have a @value or children"/>
        <expression value="hasValue() or (children().count() &gt; id.count())"/>
        <xpath value="@value|f:*|h:div"/>
        <source value="http://hl7.org/fhir/StructureDefinition/Element"/>
      </constraint>
      <isModifier value="false"/>
      <isSummary value="true"/>
      <binding>
        <extension url="http://hl7.org/fhir/StructureDefinition/elementdefinition-bindingName">
          <valueString value="TimingAbbreviation"/>
        </extension>
        <strength value="preferred"/>
        <description value="既知 /定義されたタイミングパターンのコード。 / Code for a known / defined timing pattern."/>
        <valueSet value="http://hl7.org/fhir/ValueSet/timing-abbreviation"/>
      </binding>
      <mapping>
        <identity value="rim"/>
        <map value="QSC.code"/>
      </mapping>
    </element>
  </snapshot>
  <differential>
    <element id="Timing">
      <path value="Timing"/>
      <short value="投与日時"/>
      <definition value="投与日時"/>
    </element>
    <element id="Timing.event">
      <path value="Timing.event"/>
      <short value="服用もしくは注射を行なうタイミングを示す時刻"/>
      <definition value="服用タイミングを具体的な日時で指定する場合に使用する"/>
    </element>
    <element id="Timing.repeat">
      <path value="Timing.repeat"/>
      <short value="イベントが発生する時刻"/>
      <definition value="イベントがスケジュールされたルールについての記述。"/>
      <requirements value="スケジュールされたタイミングの多くは規則的な繰り返しで決定されている。"/>
    </element>
    <element id="Timing.repeat.bounds[x]">
      <path value="Timing.repeat.bounds[x]"/>
      <short value="服用・注射開始日から服用・注射終了日までの全日数"/>
      <definition value="服用・注射開始日から服用・注射終了日までの全日数。実投与日数ではないことに注意する。"/>
    </element>
    <element id="Timing.repeat.count">
      <path value="Timing.repeat.count"/>
      <short value="繰り返し服用もしくは注射回数"/>
      <definition value="Timing仕様の全てにおいて、特定の期間に繰り返されるように指定された総回数。もし、countMaxが設定されていれば、このエレメントは許容される最低限度の回数を示す。"/>
      <comment value="回数に上限、下限の範囲がある場合は、このcountで示される回数が起きるまでは、エレメントは範囲の中にあると解釈されるべきである。"/>
    </element>
    <element id="Timing.repeat.countMax">
      <path value="Timing.repeat.countMax"/>
      <short value="繰り返しの最大回数"/>
      <definition value="このエレメントが設定されている場合は、回数に範囲があることを示している。したがって、[count]から[countmax]までの回数で繰り返される。"/>
      <comment value="32bit整数。もし、値がこれを超える場合はdecimalで記録される。"/>
    </element>
    <element id="Timing.repeat.duration">
      <path value="Timing.repeat.duration"/>
      <short value="継続時間"/>
      <definition value="投与されるタイミングが発生している時間。もし、durationMaxが設定されていれば、このエレメントは許容される継続時間の下限を示す。"/>
      <comment value="継続時間はイベントの定義の一部（たとえば、静脈注射(IV)では特定の量と速度が明示される)として示されることがある。その他、Timing仕様の一部（たとえば、運動）として示されることもある。"/>
      <requirements value="アクティビティによっては即時的なものではなく、その期間において維持される必要がある。"/>
    </element>
    <element id="Timing.repeat.durationMax">
      <path value="Timing.repeat.durationMax"/>
      <short value="継続時間(最大値)"/>
      <definition value="もし、このエレメントに値が設定されていれば、durationには範囲があることを示している。したがって、[duration]から[durationMax]までの継続時間の範囲で投与される。"/>
      <comment value="継続時間はイベントの定義の一部（たとえば、静脈注射(IV)では特定の量と速度が明示される)として示されることがある。その他、Timing仕様の一部（たとえば、運動）として示されることもある。"/>
      <requirements value="アクティビティによっては即時的なものではなく、その期間において維持される必要がある。"/>
    </element>
    <element id="Timing.repeat.durationUnit">
      <path value="Timing.repeat.durationUnit"/>
      <definition value="UCUM単位で表される継続時間についての単位。"/>
      <comment value="FHIRの文字列は1MB以上の大きさとなってなはらない(SHALL NOT)。"/>
    </element>
    <element id="Timing.repeat.frequency">
      <path value="Timing.repeat.frequency"/>
      <short value="期間内にイベントが発生する回数、頻度"/>
      <definition value="特定の期間に繰り返して発生した行為の回数。もし、frequencyMaxが設定されていれば、このエレメントはfrequencyとして認められた下限を示す。"/>
      <comment value="32ビットの数値。もし、値がそれを上回るようであればdecimalを使用する。"/>
    </element>
    <element id="Timing.repeat.frequencyMax">
      <path value="Timing.repeat.frequencyMax"/>
      <short value="期間内にイベントが発生する最大回数、最大頻度"/>
      <definition value="このエレメントに値が設定されていれば、frequencyには範囲が指定されている。つまり、期間あるいは期間の範囲内に[frequency]から[frequencyMax]回繰り返されることを示している。"/>
      <comment value="32ビットの数値。もし、値がそれを上回るようであればdecimalを使用する。"/>
    </element>
    <element id="Timing.repeat.period">
      <path value="Timing.repeat.period"/>
      <short value="イベントが発生する頻度に対応する期間"/>
      <definition value="繰り返し投与が行われる期間を示す。たとえば、「1日3回」であれば、3は繰り返しの頻度(frequency)であり、「1日」が期間(period)である。もし、periodMaxに値が設定されていれば、このエレメントは期間として認められた範囲の下限を示す。"/>
      <comment value="IEEEの浮動小数点型を使わずに、小数点も含むdecimal型のようなものを利用すること（たとえばJavaのBigInteger)。"/>
    </element>
    <element id="Timing.repeat.periodMax">
      <path value="Timing.repeat.periodMax"/>
      <short value="期間の上限（3-4時間）"/>
      <definition value="もし、この値が設定されていれば、期間は[period]から[periodMax]までであることを示し、「3-5日に1回投与」のような表現が認められる。"/>
      <comment value="IEEEの浮動小数点型を使わずに、小数点の制度も示すdecimal型のようなものを利用すること（たとえばJavaのBigInteger)。"/>
    </element>
    <element id="Timing.repeat.periodUnit">
      <path value="Timing.repeat.periodUnit"/>
      <definition value="期間を表すUCUM単位。"/>
      <comment value="FHIRの文字列は1MB以上の大きさとなってなはらない(SHALL NOT)。"/>
    </element>
    <element id="Timing.repeat.dayOfWeek">
      <path value="Timing.repeat.dayOfWeek"/>
      <definition value="期間として1週間以上が指定されていれば、指定された曜日のみで投与が行われる。"/>
      <comment value="曜日が指定されていなければ、他に指定された日には毎日投与されると想定される。frequencyとperiodエレメントはdayOfWeekと同じように使うことはできない。"/>
    </element>
    <element id="Timing.repeat.timeOfDay">
      <path value="Timing.repeat.timeOfDay"/>
      <short value="一日の間で投与される時刻"/>
      <definition value="一日の間で指定された投与される時刻。"/>
      <comment value="もし、このtimeOfDayに値が指定されていれば、毎日（daysOfWeekでフィルタされた曜日の）指定された時刻に投与されると推定される。whenやfrequency, periodエレメントはtimeOfDayとは同様に使うことはできない。"/>
    </element>
    <element id="Timing.repeat.when">
      <path value="Timing.repeat.when"/>
      <short value="投薬期間についてのコード"/>
      <definition value="一日の間のおおよその時間帯で投与すべきタイミングを示す。日常のイベントに関連付けられていることもある。"/>
      <comment value="一つ以上のイベントが記載されている場合、そのイベントは特定のイベントの組み合わせと結びついている。"/>
      <requirements value="タイミングはしばしば起床や食事、睡眠などのできごとによってしばしば決定されている。"/>
    </element>
    <element id="Timing.repeat.offset">
      <path value="Timing.repeat.offset"/>
      <short value="イベントからの時間(分、前後）"/>
      <definition value="イベントからの時間(分)。もし、分で示される時間がイベントのコードが前か後かを示していない場合、offsetはイベントの後であることが想定される。"/>
      <comment value="32ビットの数値。もし、値がそれを上回るようであればdecimalを使用する。"/>
    </element>
    <element id="Timing.code">
      <path value="Timing.code"/>
      <definition value="スケジュール上のタイミングを表すコード（あるいはcode.text内のテキスト）。BID(1日2回)のようなコードはどこにでもあるが、多くの医療機関は付加的なコードを定義している。もし、コードが示されていれば、構造化されたタイミングで完全に示されたデータであると解釈され、コードまたはTimingを解釈するためのデータであると解釈される。しかし、例外的に.repeat.bounds（コードは含まれない)はコードを上書きして適用される。"/>
      <comment value="BIDなどは「施設特有の時間」として定義される。たとえば、施設がBIDを「つねに朝7時と夕方6時」であると指定することがある。この指定が不適切であれば、BIDというコードは使うべきではない。その代わり、HL7が定義したBIDのコードではなく、その施設特有のコードで明示的に示すべきであり、構造化された表現を使うべきである（この場合、2回のイベントの時刻を指定する必要がある）。"/>
    </element>
  </differential>
</StructureDefinition>