<?xml version="1.0" encoding="UTF-8"?>

<ValueSet xmlns="http://hl7.org/fhir">
  <id value="jp-radiologymodality-vs"/>
  <text>
    <status value="generated"/><div xmlns="http://www.w3.org/1999/xhtml">Placeholder</div>
  </text>
  <url value="http://jpfhir.jp/fhir/core/ValueSet/JP_RadiologyModality_VS"/>
  <version value="1.1.2"/>
  <name value="JP_RadiologyModality_VS"/>
  <title value="JP Core Radiology Modality ValueSet"/>
  <status value="active"/>
  <experimental value="false"/>
  <date value="2023-06-26"/>
  <publisher value="FHIR Japanese implementation research working group in Japan Association of Medical Informatics (JAMI)"/>
  <contact>
    <name value="FHIR Japanese implementation research working group in Japan Association of Medical Informatics (JAMI)"/>
    <telecom>
      <system value="url"/>
      <value value="http://jpfhir.jp"/>
    </telecom>
    <telecom>
      <system value="email"/>
      <value value="office@hlfhir.jp"/>
    </telecom>
  </contact>
  <description value="放射線モダリテに対する 値セット"/>
  <jurisdiction>
    <coding>
      <system value="urn:iso:std:iso:3166"/>
      <code value="JP"/>
    </coding>
  </jurisdiction>
  <copyright value="Copyright FHIR Japanese implementation research working group in Japan Association of Medical Informatics (JAMI) 一般社団法人日本医療情報学会NeXEHRS課題研究会FHIR日本実装検討WG"/>
  <compose>
    <include>
      <system value="http://dicom.nema.org/resources/ontology/DCM"/>
      <concept>
        <code value="AR"/>
        <display value="Autorefraction"/>
      </concept>
      <concept>
        <code value="AU"/>
        <display value="Basic Voice Audio"/>
      </concept>
      <concept>
        <code value="BDUS"/>
        <display value="Ultrasound Bone Densitometry"/>
      </concept>
      <concept>
        <code value="BI"/>
        <display value="Biomagnetic Imaging"/>
      </concept>
      <concept>
        <code value="BMD"/>
        <display value="Bone Mineral Densitometry"/>
      </concept>
      <concept>
        <code value="CR"/>
        <display value="Computed Radiography"/>
      </concept>
      <concept>
        <code value="CT"/>
        <display value="Computed Tomography"/>
      </concept>
      <concept>
        <code value="DG"/>
        <display value="Diaphanography"/>
      </concept>
      <concept>
        <code value="DX"/>
        <display value="Digital Radiography"/>
      </concept>
      <concept>
        <code value="ECG"/>
        <display value="Electrocardiography"/>
      </concept>
      <concept>
        <code value="EPS"/>
        <display value="Cardiac Electrophysiology"/>
      </concept>
      <concept>
        <code value="ES"/>
        <display value="Endoscopy"/>
      </concept>
      <concept>
        <code value="GM"/>
        <display value="General Microscopy"/>
      </concept>
      <concept>
        <code value="HC"/>
        <display value="Hard Copy"/>
      </concept>
      <concept>
        <code value="HD"/>
        <display value="Hemodynamic Waveform"/>
      </concept>
      <concept>
        <code value="IO"/>
        <display value="Intra-oral Radiography"/>
      </concept>
      <concept>
        <code value="IVOCT"/>
        <display value="Intravascular Optical Coherence Tomography"/>
      </concept>
      <concept>
        <code value="IVUS"/>
        <display value="Intravascular Ultrasound"/>
      </concept>
      <concept>
        <code value="KER"/>
        <display value="Keratometry"/>
      </concept>
      <concept>
        <code value="KO"/>
        <display value="Key Object Selection"/>
      </concept>
      <concept>
        <code value="LEN"/>
        <display value="Lensometry"/>
      </concept>
      <concept>
        <code value="LS"/>
        <display value="Laser Scan"/>
      </concept>
      <concept>
        <code value="MG"/>
        <display value="Mammography"/>
      </concept>
      <concept>
        <code value="MR"/>
        <display value="Magnetic Resonance"/>
      </concept>
      <concept>
        <code value="NM"/>
        <display value="Nuclear Medicine"/>
      </concept>
      <concept>
        <code value="OAM"/>
        <display value="Ophthalmic Axial Measurements"/>
      </concept>
      <concept>
        <code value="OCT"/>
        <display value="Optical Coherence Tomography"/>
      </concept>
      <concept>
        <code value="OP"/>
        <display value="Ophthalmic Photography"/>
      </concept>
      <concept>
        <code value="OPM"/>
        <display value="Ophthalmic Mapping"/>
      </concept>
      <concept>
        <code value="OPT"/>
        <display value="Ophthalmic Tomography"/>
      </concept>
      <concept>
        <code value="OPV"/>
        <display value="Ophthalmic Visual Field"/>
      </concept>
      <concept>
        <code value="OSS"/>
        <display value="Optical Surface Scanner"/>
      </concept>
      <concept>
        <code value="OT"/>
        <display value="Other"/>
      </concept>
      <concept>
        <code value="PR"/>
        <display value="Presentation State"/>
      </concept>
      <concept>
        <code value="PT"/>
        <display value="Positron emission tomography"/>
      </concept>
      <concept>
        <code value="PX"/>
        <display value="Panoramic X-Ray"/>
      </concept>
      <concept>
        <code value="REG"/>
        <display value="Registration"/>
      </concept>
      <concept>
        <code value="RF"/>
        <display value="Radiofluoroscopy"/>
      </concept>
      <concept>
        <code value="RG"/>
        <display value="Radiographic imaging"/>
      </concept>
      <concept>
        <code value="RTDOSE"/>
        <display value="RT Dose"/>
      </concept>
      <concept>
        <code value="RTIMAGE"/>
        <display value="RT Image"/>
      </concept>
      <concept>
        <code value="RTPLAN"/>
        <display value="RT Plan"/>
      </concept>
      <concept>
        <code value="RTRECORD"/>
        <display value="RT Treatment Record"/>
      </concept>
      <concept>
        <code value="RTSTRUCT"/>
        <display value="RT Structure Set"/>
      </concept>
      <concept>
        <code value="SEG"/>
        <display value="Segmentation"/>
      </concept>
      <concept>
        <code value="SM"/>
        <display value="Slide Microscopy"/>
      </concept>
      <concept>
        <code value="SMR"/>
        <display value="Stereometric Relationship"/>
      </concept>
      <concept>
        <code value="SR"/>
        <display value="Structured Report Document"/>
      </concept>
      <concept>
        <code value="SRF"/>
        <display value="Subjective Refraction"/>
      </concept>
      <concept>
        <code value="TG"/>
        <display value="Thermography"/>
      </concept>
      <concept>
        <code value="US"/>
        <display value="Ultrasound"/>
      </concept>
      <concept>
        <code value="VA"/>
        <display value="Visual Acuity"/>
      </concept>
      <concept>
        <code value="XA"/>
        <display value="X-Ray Angiography"/>
      </concept>
      <concept>
        <code value="XC"/>
        <display value="External-camera Photography"/>
      </concept>
    </include>
  </compose>
</ValueSet>