URL,Version,Status,OIDs,Name,Title,Descriptino,Uses,Used,Sources
http://hl7.org/fhir/ValueSet/body-site,4.0.1,draft,"2.16.840.1.113883.4.642.3.141",SNOMEDCTBodyStructures,SNOMED CT Body Structures,"This value set includes all codes from [SNOMED CT](http://snomed.info/sct) where concept is-a 442083009 (Anatomical or acquired body site (body structure)).","StructureDefinition/jp-imagingstudy-radiology,StructureDefinition/jp-specimen-common","SCT"
http://hl7.org/fhir/ValueSet/bodysite-laterality,4.0.1,draft,"2.16.840.1.113883.4.642.3.287",Laterality,Laterality,"Laterality: SNOMED-CT concepts for 'left', 'right', and 'bilateral'","StructureDefinition/jp-imagingstudy-radiology","SCT"
http://hl7.org/fhir/ValueSet/immunization-status,4.0.1,draft,"2.16.840.1.113883.4.642.3.295",ImmunizationStatusCodes,Immunization Status Codes,"The value set to instantiate this attribute should be drawn from a terminologically robust code system that consists of or contains concepts to support describing the current status of the administered dose of vaccine.","StructureDefinition/jp-immunization","hl7.fhir.r4.core"
http://hl7.org/fhir/ValueSet/languages,4.0.1,draft,"2.16.840.1.113883.4.642.3.20",CommonLanguages,Common Languages,"This value set includes common codes from BCP-47 (http://tools.ietf.org/html/bcp47)","StructureDefinition/jp-specimen-common","jpfhir-terminology"
http://hl7.org/fhir/ValueSet/medication-admin-status,4.0.1,draft,"2.16.840.1.113883.4.642.3.340",MedicationAdministration Status Codes,Medication administration  status  codes,"MedicationAdministration Status Codes","StructureDefinition/jp-medicationadministrationBase","THO"
http://hl7.org/fhir/ValueSet/specimen-collection-method,4.0.1,draft,"2.16.840.1.113883.4.642.3.468",FHIRSpecimenCollectionMethod,FHIR Specimen Collection Method," This example value set defines a set of codes that can be used to indicate the method by which a specimen was collected.","StructureDefinition/jp-specimen-common","SCT"
http://hl7.org/fhir/ValueSet/specimen-container-type,4.0.1,draft,"2.16.840.1.113883.4.642.3.470",SpecimenContainerType,Specimen Container Type,"Checks on the patient prior specimen collection. All SNOMED CT concepts descendants of 706041008 |Device for body fluid and tissue collection/transfer/processing (physical object)|","StructureDefinition/jp-specimen-common","SCT"
http://hl7.org/fhir/ValueSet/specimen-processing-procedure,4.0.1,draft,"2.16.840.1.113883.4.642.3.469",SpecimenProcessingProcedure,Specimen processing procedure,"The technique that is used to perform the process or preserve the specimen.","StructureDefinition/jp-specimen-common","THO (V2)"
http://hl7.org/fhir/ValueSet/specimen-status,4.0.1,draft,"2.16.840.1.113883.4.642.3.471",SpecimenStatus,SpecimenStatus,"Codes providing the status/availability of a specimen.","StructureDefinition/jp-specimen-common","hl7.fhir.r4.core"
http://hl7.org/fhir/ValueSet/units-of-time,4.0.1,active,"2.16.840.1.113883.4.642.3.77",UnitsOfTime,UnitsOfTime,"A unit of time (units from UCUM).","StructureDefinition/jp-medicationrange-unitoftime,StructureDefinition/jp-medicationratio-doseperday,StructureDefinition/jp-medicationratio-doseperperiod","UCUM"
http://jpfhir.jp/fhir/Examples/ValueSet/JP_DosageInstructionLine_VS,1.2.0-dev,active,,JP_MedicationExampleLine_VS,JP Core Medication Example Line ValueSet,"投与ラインの値セット例","StructureDefinition/jp-medicationdosage-line","Internal"
http://jpfhir.jp/fhir/Examples/ValueSet/JP_MedicationAdministrationDosageComment_VS,1.2.0-dev,active,,JP_MedicationExampleDosageComment_VS,JP Core Medication Example DosageComment ValueSet,"注射用法コメントの値セット例","StructureDefinition/jp-medicationdosage-dosagecomment","Internal"
http://jpfhir.jp/fhir/Examples/ValueSet/JP_MedicationAdministrationDosageLineComment_VS,1.2.0-dev,active,,JP_MedicationExampleLineComment_VS,JP Core Medication Example LineComment ValueSet,"注射ラインコメントの値セット例","StructureDefinition/jp-medicationdosage-linecomment","Internal"
http://jpfhir.jp/fhir/Examples/ValueSet/JP_MedicationAdministrationDosageMethodComment_VS,1.2.0-dev,active,,JP_MedicationExampleMethodComment_VS,JP Core Medication Example MethodComment ValueSet,"注射手技コメントの値セット例","StructureDefinition/jp-medicationdosage-methodcomment","Internal"
http://jpfhir.jp/fhir/Examples/ValueSet/JP_MedicationAdministrationDosageRateComment_VS,1.2.0-dev,active,,JP_MedicationExampleRateComment_VS,JP Core Medication Example RateComment ValueSet,"注射投与速度コメントの値セット例","StructureDefinition/jp-medicationdosage-ratecomment","Internal"
http://jpfhir.jp/fhir/Examples/ValueSet/JP_MedicationAdministrationDosageRouteComment_VS,1.2.0-dev,active,,JP_MedicationExampleRouteComment_VS,JP Core Medication Example RouteComment ValueSet,"注射投与経路コメントの値セット例","StructureDefinition/jp-medicationdosage-routecomment","Internal"
http://jpfhir.jp/fhir/Examples/ValueSet/JP_MedicationAdministrationDosageSiteComment_VS,1.2.0-dev,active,,JP_MedicationExampleSiteComment_VS,JP Core Medication Example SiteComment ValueSet,"注射投与部位コメントの値セット例","StructureDefinition/jp-medicationdosage-sitecomment","Internal"
http://jpfhir.jp/fhir/Examples/ValueSet/JP_MedicationAdministrationUncategorizedComment_VS,1.2.0-dev,active,,JP_MedicationExampleUncategorizedComment_VS,JP Core MedicationAdministration Example Uncategorized Comment ValueSet,"注射実施未分類コメントの値セット例","StructureDefinition/jp-medicationadministration-uncategorizedcomment","Internal"
http://jpfhir.jp/fhir/Examples/ValueSet/JP_MedicationInstructionForDispenseJHSP0002_VS,1.1.0a,active,,JP_MedicationInstructionForDispenseJHSP0002_VS,JP Core Medication JHSP0002 Instruction For Dispense ValueSet,"JAHIS処方データ交換規約Ver.3.0C JHSP表0002調剤特別指示の値セット","StructureDefinition/jp-medicationdispense-preparation,StructureDefinition/jp-medicationrequest-dispenserequest-instructionfordispense","jpfhir-terminology"
http://jpfhir.jp/fhir/core/ValueSet/JP_AllergyIntolerance_VS,2023.9.25,active,,JP_AllergyIntolerance_VS,JP Core AllergyIntolerance ValueSet,"アレルギー・不耐症に関連するアレルゲン値セット","StructureDefinition/jp-allergyintolerance","jpfhir-terminology"
http://jpfhir.jp/fhir/core/ValueSet/JP_ConclusionCodesJed_VS,1.2.0-dev,active,,JP_ConclusionCodesJed_VS,JP Core DiagnosticReport Endoscopy Conclusion Codes JED ValueSet,"日本消化器内視鏡学会が推進するJED (Japan Endoscopy Database) Projectのコード値セットのうち主に「質的診断」に該当するコード","StructureDefinition/jp-diagnosticreport-endoscopy","Internal"
http://jpfhir.jp/fhir/core/ValueSet/JP_ConditionDiseaseCodeICD10_VS,1.2.0-dev,active,,JP_ConditionDiseaseCodeICD10_VS,JP Core Condition Disease Code ICD-10 ValueSet,"ICD-10コードを示す値セット","StructureDefinition/jp-condition-diagnosis","Internal"
http://jpfhir.jp/fhir/core/ValueSet/JP_ConditionDiseaseCodeMEDISExchange_VS,1.2.0-dev,active,,JP_ConditionDiseaseCodeMEDISExchange_VS,JP Core Condition Disease Code MEDIS Exchange ValueSet,"MEDIS ICD10対応標準病名マスター(交換用コード) を示す値セット","StructureDefinition/jp-condition-diagnosis","jpfhir-terminology"
http://jpfhir.jp/fhir/core/ValueSet/JP_ConditionDiseaseCodeMEDISRecordNo_VS,1.2.0-dev,active,,JP_ConditionDiseaseCodeMEDISRecordNo_VS,JP Core Condition Disease Code MEDIS RecordNo ValueSet,"MEDIS ICD10対応標準病名マスター(管理番号) を示す値セット","StructureDefinition/jp-condition-diagnosis","jpfhir-terminology"
http://jpfhir.jp/fhir/core/ValueSet/JP_ConditionDiseaseCodeReceipt_VS,1.2.0-dev,active,,JP_ConditionDiseaseCodeReceipt_VS,JP Core Condition Disease Code Receipt System ValueSet,"レセプト電算用傷病名マスターを示す値セット","StructureDefinition/jp-condition-diagnosis","Other"
http://jpfhir.jp/fhir/core/ValueSet/JP_ConditionDiseaseModifierMEDISExchange_VS,1.2.0-dev,active,,JP_ConditionDiseaseModifierMEDISExchange_VS,JP Core Condition Disease Modifier MEDIS Exchange ValueSet,"MEDIS ICD10対応標準病名マスター(修飾語交換用コード) を示す値セット","StructureDefinition/jp-condition-disease-postfix-modifier,StructureDefinition/jp-condition-disease-prefix-modifier","Other"
http://jpfhir.jp/fhir/core/ValueSet/JP_ConditionDiseaseModifierMEDISRecordNo_VS,1.2.0-dev,active,,JP_ConditionDiseaseModifierMEDISRecordNo_VS,JP Core Condition Disease Modifier MEDIS Record No ValueSet,"MEDIS ICD10対応標準病名マスター(修飾語管理番号) を示す値セット","StructureDefinition/jp-condition-disease-postfix-modifier,StructureDefinition/jp-condition-disease-prefix-modifier","jpfhir-terminology"
http://jpfhir.jp/fhir/core/ValueSet/JP_ConditionDiseaseModifierReceipt_VS,1.2.0-dev,active,,JP_ConditionDiseaseModifierReceipt_VS,JP Core Condition Disease Modifier Receipt System ValueSet,"レセプト電算用修飾語マスターを示す値セット","StructureDefinition/jp-condition-disease-postfix-modifier,StructureDefinition/jp-condition-disease-prefix-modifier","Other"
http://jpfhir.jp/fhir/core/ValueSet/JP_ConditionDiseaseOutcomeHL70241_JHSD0006_VS,1.2.0-dev,active,,JP_ConditionDiseaseOutcomeHL70241_JHSD0006_VS,JP Core Condition Disease Outcome HL70241+JHSD0006 ValueSet,"HL7表0241+JHSD表0006の病名転帰区分を示す値セット",,"Internal"
http://jpfhir.jp/fhir/core/ValueSet/JP_ConditionDiseaseOutcomeHL70241_VS,1.2.0-dev,active,,JP_ConditionDiseaseOutcomeHL70241_VS,JP Core Condition Disease Outcome HL70241 ValueSet,"HL7表0241の病名転帰区分を示す値セット","StructureDefinition/jp-condition-disease-outcome","Internal"
http://jpfhir.jp/fhir/core/ValueSet/JP_ConditionDiseaseOutcomeJHSD0006_VS,1.2.0-dev,active,,JP_ConditionDiseaseOutcomeJHSD0006_VS,JP Core Condition Disease Outcome JHSD0006 ValueSet,"JHSD表0006の病名転帰区分を示す値セット","StructureDefinition/jp-condition-disease-outcome","Internal"
http://jpfhir.jp/fhir/core/ValueSet/JP_ConditionDiseaseOutcomeReceipt_VS,1.2.0-dev,active,,JP_ConditionDiseaseOutcomeReceipt_VS,JP Core Condition Disease Outcome Receipt System ValueSet,"レセプト電算システムの病名転帰区分を示す値セット","StructureDefinition/jp-condition-disease-outcome","Internal"
http://jpfhir.jp/fhir/core/ValueSet/JP_ConditionSeverity_VS,1.2.0-dev,active,,JP_ConditionSeverity_VS,JP Core Condition Severity ValueSet,"Conditionの重症度を示す値セット","StructureDefinition/jp-condition","jpfhir-terminology"
http://jpfhir.jp/fhir/core/ValueSet/JP_DICOMModality_VS,1.2.0-dev,active,,JP_DICOMModality_VS,JP Core DICOM Modality ValueSet,"放射線モダリテに対する 値セット","StructureDefinition/jp-imagingstudy-endoscopy,StructureDefinition/jp-imagingstudy-radiology,StructureDefinition/jp-media-endoscopy,StructureDefinition/jp-diagnosticreport-radiology","DICOM"
http://jpfhir.jp/fhir/core/ValueSet/JP_DentalBodySiteStatus_VS,1.2.0-dev,active,,JP_DentalBodySiteStatus_VS,JP Core Dental BodySiteStatus ValueSet,"JP Coreにて定義した歯科のObservationリソースに関する身体部位状態コード","StructureDefinition/jp-observation-dentaloral-bodysitestatus","Internal"
http://jpfhir.jp/fhir/core/ValueSet/JP_DentalBodySite_VS,1.2.0-dev,active,,JP_DentalBodySite_VS,JP Core Dental BodySite ValueSet,"JP Coreにて定義した歯科のObservationリソースに関する身体部位コード","StructureDefinition/jp-observation-dentaloral-toothtreatmentcondition,StructureDefinition/jp-observation-dentaloral-toothexistence","Internal"
http://jpfhir.jp/fhir/core/ValueSet/JP_DentalBodyStructure_VS,1.2.0-dev,active,,JP_DentalBodyStructure_VS,JP Core Dental BodyStructure ValueSet,"JP Coreにて定義した歯科のObservationリソースに関する歯の詳細部位構造コード","StructureDefinition/jp-observation-dentaloral-bodystructure","Internal"
http://jpfhir.jp/fhir/core/ValueSet/JP_DentalFundamentalStatus_VS,1.2.0-dev,active,,JP_DentalFundamentalStatus_VS,JP Core Dental FundamentalStatus ValueSet,"JP Coreにて定義した歯科のObservationリソースに関する歯の基礎状態コード","StructureDefinition/jp-observation-dentaloral-toothexistence","Internal"
http://jpfhir.jp/fhir/core/ValueSet/JP_DentalMissingTeethObservation_VS,1.2.0-dev,active,,JP_DentalMissingTeethObservation_VS,JP Core Dental MissingTeethObservation ValueSet,"JP Coreにて定義した歯科のObservationリソースに関する欠損歯の観察結果コード",,"Internal"
http://jpfhir.jp/fhir/core/ValueSet/JP_DentalPresentTeethObservation_VS,1.2.0-dev,active,,JP_DentalPresentTeethObservation_VS,JP Core Dental PresentTeethObservation ValueSet,"JP Coreにて定義した歯科のObservationリソースに関する現存歯の観察結果コード","StructureDefinition/jp-observation-dentaloral-toothtreatmentcondition","Internal"
http://jpfhir.jp/fhir/core/ValueSet/JP_DentalSimpleMissingTeethObservation_VS,1.2.0-dev,active,,JP_DentalSipmleMissingTeethObservation_VS,JP Core Dental SimpleMissingTeethObservation ValueSet,"JP Coreにて定義した歯科のObservationリソースに関する欠損歯の観察結果コード（簡易版）",,"Internal"
http://jpfhir.jp/fhir/core/ValueSet/JP_DentalSimplePresentTeethObservation_VS,1.2.0-dev,active,,JP_DentalSimplePresentTeethObservation_VS,JP Core Dental SimplePresentTeethObservation ValueSet,"JP Coreにて定義した歯科のObservationリソースに関する現存歯の観察結果コード（簡易版）","StructureDefinition/jp-observation-dentaloral-toothtreatmentcondition","Internal"
http://jpfhir.jp/fhir/core/ValueSet/JP_Department_SsMix_VS,1.1.0a,active,,JP_Department_SsMix_VS,JP Core Department SS-MIX ValueSet,"SS-MIX統一診療科コードの値セット","StructureDefinition/jp-medicationadministration-requestdepartment","jpfhir-terminology"
http://jpfhir.jp/fhir/core/ValueSet/JP_DiagnosticReportCategory_VS,1.2.0-dev,active,,JP_DiagnosticReportCategory_VS,JP Core Diagnostic Report Category ValueSet,"DiagnosticReportカテゴリ 値セット","StructureDefinition/jp-diagnosticreport-endoscopy,StructureDefinition/jp-diagnosticreport-microbiology,StructureDefinition/jp-diagnosticreport-labresult,StructureDefinition/jp-diagnosticreport-dentaloral,StructureDefinition/jp-diagnosticreport-radiology","LOINC"
http://jpfhir.jp/fhir/core/ValueSet/JP_DocumentCodes_DiagnosticReport_VS,1.2.0-dev,active,,JP_DocumentCodes_DiagnosticReport_VS,JP Core Document Codes DiagnosticReport ValueSet,"Document Codes DiagnosticReport 値セット","StructureDefinition/jp-diagnosticreport-common","Internal"
http://jpfhir.jp/fhir/core/ValueSet/JP_DocumentCodes_Endoscopy_VS,1.2.0-dev,active,,JP_DocumentCodes_Endoscopy_VS,JP Core Document Codes Endoscopy ValueSet,"Document Codes Endoscopy 値セット","StructureDefinition/jp-diagnosticreport-endoscopy","Internal"
http://jpfhir.jp/fhir/core/ValueSet/JP_MedicalFeeScoreType_VS,1.1.0a,active,,JP_MedicalFeeScoreType_VS,JP Core MedicalFeeScoreType ValueSet,"診療報酬点数区分値セット","StructureDefinition/jp-organization-insuranceorganizationcategory","jpfhir-terminology"
http://jpfhir.jp/fhir/core/ValueSet/JP_MedicalLicenseCertificate_VS,1.2.0-dev,active,,JP_MedicalLicenseCertificate_VS,JP Core MedicalLicense Certificate ValueSet,"医療関連免許証明に関する値セット","StructureDefinition/jp-practitioner","jpfhir-terminology"
http://jpfhir.jp/fhir/core/ValueSet/JP_MedicationBodySiteJAMIExternal_VS,1.1.0a,active,,JP_MedicationBodySiteJAMIExternal_VS,JP Core Medication JAMI External Body Site ValueSet,"JAMI標準用法規格表１３外用部位コードの値セット","StructureDefinition/jp-medicationadministration,StructureDefinition/jp-medicationdosagebase,StructureDefinition/jp-medicationadministration-injection","jpfhir-terminology"
http://jpfhir.jp/fhir/core/ValueSet/JP_MedicationCategoryInjeciton_VS,1.1.0a,active,,JP_MedicationCategoryInjection_VS,JP Core Medication Injection Category ValueSet,"注射・注入の処方区分コードの値セット","StructureDefinition/jp-medicationrequest-injection","jpfhir-terminology"
http://jpfhir.jp/fhir/core/ValueSet/JP_MedicationCategory_VS,1.1.0a,active,,JP_MedicationCategory_VS,JP Core Medication Oral/External Category ValueSet,"内服・外用の処方区分コードの値セット","StructureDefinition/jp-medicationrequest","jpfhir-terminology"
http://jpfhir.jp/fhir/core/ValueSet/JP_MedicationCode_Immunization_VS,1.1.0a,active,,JP_MedicationCode_Immunization_VS,JP Core MedicationCode Immunization ValueSet,"Immunization用医薬品処方コードの値セット","StructureDefinition/jp-immunization","jpfhir-terminology"
http://jpfhir.jp/fhir/core/ValueSet/JP_MedicationCode_VS,1.1.0a,active,,JP_MedicationCode_VS,JP Core MedicationCode ValueSet,"医薬品処方コードの値セット","StructureDefinition/jp-medicationadministration,StructureDefinition/jp-medicationrequest,StructureDefinition/jp-medicationdispense,StructureDefinition/jp-medication,StructureDefinition/jp-medicationstatement","jpfhir-terminology"
http://jpfhir.jp/fhir/core/ValueSet/JP_MedicationFormMERIT9_VS,1.1.0a,active,,JP_MedicationFormMERIT9_VS,JP Core Medication MERIT9 Form ValueSet,"MERIT9剤形コードの値セット","StructureDefinition/jp-medication","jpfhir-terminology"
http://jpfhir.jp/fhir/core/ValueSet/JP_MedicationIngredientStrengthStrengthType_VS,1.1.0a,active,,JP_MedicationIngredientStrengthStrengthType_VS,JP Core Medication IngredientStrength StrengthType ValueSet,"力価区分の値セット","StructureDefinition/jp-medicationdosagebase,StructureDefinition/jp-medication-ingredientstrength-strengthtype","jpfhir-terminology"
http://jpfhir.jp/fhir/core/ValueSet/JP_MedicationMethodJAMIBasicUsage_VS,1.1.0a,active,,JP_MedicationMethodJAMIBasicUsage_VS,JP Core Medication JAMI Basic Usage Type ValueSet,"JAMI標準用法規格表１基本用法区分の値セット","StructureDefinition/jp-medicationadministration,StructureDefinition/jp-medicationdosagebase,StructureDefinition/jp-medicationadministration-injection","jpfhir-terminology"
http://jpfhir.jp/fhir/core/ValueSet/JP_MedicationMethodJAMIDetailUsage_VS,1.1.0a,active,,JP_MedicationMethodJAMIDetailUsage_VS,JP Core Medication JAMI Detail Usage ValueSet,"JAMI標準用法規格表２用法詳細区分のの値セット","StructureDefinition/jp-medicationadministration,StructureDefinition/jp-medicationdosagebase,StructureDefinition/jp-medicationadministration-injection","jpfhir-terminology"
http://jpfhir.jp/fhir/core/ValueSet/JP_MedicationRouteHL70162_VS,1.2.0,active,,JP_MedicationRouteHL70162_VS,JP Core Medication HL70162-based Route ValueSet,"HL7表0162をベースにした投与経路の値セット","StructureDefinition/jp-medicationdosagebase,StructureDefinition/jp-medicationadministration-injection","jpfhir-terminology"
http://jpfhir.jp/fhir/core/ValueSet/JP_MedicationSubstitutionNotAllowedReason_VS,1.1.0a,active,,JP_MedicationSubstitutionNotAllowedReason_VS,JP Core Medication Substitution Not Allowed Reason ValueSet,"後発医薬品変更不可区分の値セット","StructureDefinition/jp-medicationrequest,StructureDefinition/jp-medicationrequest-injection","jpfhir-terminology"
http://jpfhir.jp/fhir/core/ValueSet/JP_MedicationUnitMERIT9_VS,1.1.0a,active,,JP_MedicationUnitMERIT9_VS,JP Core Medication MERIT9 Unit ValueSet,"MERIT9医薬品単位略号の値セット","StructureDefinition/jp-medicationsimplequantity,StructureDefinition/jp-medicationquantity","jpfhir-terminology"
http://jpfhir.jp/fhir/core/ValueSet/JP_MedicationUsageInjection_VS,1.1.0a,active,,JP_MedicationUsageInjection_VS,JP Core MedicationReuqest Injection Usage ValueSet,"注射用MedicationRequestで使用する用法コードの値セット","StructureDefinition/jp-medicationdosage-injection","jpfhir-terminology"
http://jpfhir.jp/fhir/core/ValueSet/JP_MedicationUsageJAMIAdditional_VS,1.1.0a,active,,JP_MedicationUsageJAMIAdditional_VS,JP Core Medication JAMI Additional Usage ValueSet,"JAMI標準用法規格補足用法コードの値セット","StructureDefinition/jp-medicationdosagebase","jpfhir-terminology"
http://jpfhir.jp/fhir/core/ValueSet/JP_MedicationUsageJAMI_VS,1.1.0a,active,,JP_MedicationUsageJAMI_VS,JP Core Medication JAMI Usage ValueSet,"JAMI標準用法コードの値セット","StructureDefinition/jp-medicationdosage","jpfhir-terminology"
http://jpfhir.jp/fhir/core/ValueSet/JP_MicrobiologyCategory_VS,1.2.0-dev,active,,JP_MicrobiologyCategory_VS,JP Core MicrobiologyCategory ValueSet,"微生物学検査カテゴリ値セット","StructureDefinition/jp-observation-microbiology","Internal"
http://jpfhir.jp/fhir/core/ValueSet/JP_Microbiology_AntiMicrobialDrug_VS,1.2.0-dev,active,,JP_Microbiology_AntiMicrobialDrug_VS,JP Core Microbiology AntiMicrobial Drug ValueSet,"微生物学検査 抗微生物学的薬剤値セット   本コードは厚生労働省院内感染対策サーベイランス事業(https://janis.mhlw.go.jp/)で作成されているマスタを編集・加工して利用している","StructureDefinition/jp-observation-microbiology","Internal"
http://jpfhir.jp/fhir/core/ValueSet/JP_Microbiology_InfectiousAgent_VS,1.2.0-dev,active,,JP_Microbiology_InfectiousAgent_VS,JP Core Microbiology Infectious Agent ValueSet,"微生物学的検査感染性物質値セット   本コードは厚生労働省院内感染対策サーベイランス事業(https://janis.mhlw.go.jp/)で作成されているマスタを編集・加工して利用している","StructureDefinition/jp-observation-microbiology","Internal"
http://jpfhir.jp/fhir/core/ValueSet/JP_ObservationBodyMeasurementCategory_VS,1.2.0-dev,active,,JP_ObservationBodyMeasurementCategory_VS,JP Core Observation BodyMeasurement Category ValueSet,"Observation（身体計測）カテゴリで使用する分類の値セット","StructureDefinition/jp-observation-bodymeasurement","Internal"
http://jpfhir.jp/fhir/core/ValueSet/JP_ObservationBodyMeasurementCode_VS,1.2.0-dev,active,,JP_ObservationBodyMeasurementCode_VS,JP Core Observation BodyMeasurement Code ValueSet,"Observation（身体計測）コードで使用する項目値セット","StructureDefinition/jp-observation-bodymeasurement","Internal"
http://jpfhir.jp/fhir/core/ValueSet/JP_ObservationCategory_Endoscopy_VS,1.2.0-dev,active,,JP_ObservationCategory_Endoscopy_VS,JP Core EndoscopyCategory ValueSet,"内視鏡カテゴリ値セット","StructureDefinition/jp-observation-endoscopy","LOINC"
http://jpfhir.jp/fhir/core/ValueSet/JP_ObservationCategory_Microbiology_VS,1.2.0-dev,active,,JP_ObservationCategory_Microbiology_VS,JP Core MicrobiologyCategory ValueSet,"微生物学検査カテゴリ値セット","StructureDefinition/jp-observation-microbiology","LOINC"
http://jpfhir.jp/fhir/core/ValueSet/JP_ObservationDentalCategory_VS,1.2.0-dev,active,,JP_ObservationDentalCategory_VS,JP Core ObservationDentalCategory ValueSet,"JP Coreにて定義した歯科のObservationリソースに関するカテゴリの第２コード","StructureDefinition/jp-observation-dentaloral-missingtoothcondition,StructureDefinition/jp-observation-dentaloral-toothtreatmentcondition,StructureDefinition/jp-observation-dentaloral-toothexistence","Internal"
http://jpfhir.jp/fhir/core/ValueSet/JP_ObservationDetailedDentalCategory_VS,1.2.0-dev,active,,JP_ObservationDetailedDentalCategory_VS,JP Core ObservationDetailedDentalCategory ValueSet,"JP Coreにて定義した歯科のObservationリソースに関するカテゴリの第３コード",,"Internal"
http://jpfhir.jp/fhir/core/ValueSet/JP_ObservationElectrocardiogramComponentCode_VS,1.2.0-dev,active,,JP_ObservationElectrocardiogramComponentCode_VS,JP Core Observation Electrocardiogram Component Code ValueSet,"心電図検査の一連の測定項目を示す値セット","StructureDefinition/jp-observation-electrocardiogram","LOINC"
http://jpfhir.jp/fhir/core/ValueSet/JP_ObservationElectrocardiogramDuration_VS,1.2.0-dev,active,,JP_ObservationElectrocardiogramDuration_VS,JP Core Observation Electrocardiogram Duration ValueSet,"JP Coreにて定義した心電図のObservationリソースに関する詳細分類コード（検査時間）","StructureDefinition/jp-observation-electrocardiogram-duration","Internal"
http://jpfhir.jp/fhir/core/ValueSet/JP_ObservationElectrocardiogramExtraCategory_VS,1.2.0-dev,active,,JP_ObservationElectrocardiogramExtraCategory_VS,JP Core Observation Electrocardiogram ExtraCategory ValueSet,"JP Coreにて定義した心電図のObservationリソースに関する分類コード","StructureDefinition/jp-observation-electrocardiogram","Internal"
http://jpfhir.jp/fhir/core/ValueSet/JP_ObservationElectrocardiogramStressType_VS,1.2.0-dev,active,,JP_ObservationElectrocardiogramStressType_VS,JP Core Observation Electrocardiogram StressType ValueSet,"JP Coreにて定義した心電図のObservationリソースに関する詳細分類コード（負荷タイプ）","StructureDefinition/jp-observation-electrocardiogram-stresstype","Internal"
http://jpfhir.jp/fhir/core/ValueSet/JP_ObservationEndoscopyCode_VS,1.2.0-dev,active,,JP_ObservationEndoscopyCode_VS,JP Core Observation Endoscopy Code ValueSet,"Observation（内視鏡）コードで使用する項目値セット。LOINCとJED用語のうち臓器毎のFindings、Diagnosis（Characterization）に該当するコードの組み合わせ","StructureDefinition/jp-observation-endoscopy","Internal,LOINC"
http://jpfhir.jp/fhir/core/ValueSet/JP_ObservationEndoscopyValueJed_VS,1.2.0-dev,active,,JP_ObservationEndoscopyValueJed_VS,JP Core Observation Endoscopy Value JED ValueSet,"日本消化器内視鏡学会が推進するJED (Japan Endoscopy Database) Projectのコード値セットのうち主に「所見（存在所見）」「質的診断」に該当するコード","StructureDefinition/jp-observation-endoscopy","Internal"
http://jpfhir.jp/fhir/core/ValueSet/JP_ObservationLabResultCode_VS,1.1.0a,active,,JP_ObservationLabResultCode_VS,JP Core Observation LabResult Code ValueSet,"Observation（検体検査結果）で使用する項目の値セット","StructureDefinition/jp-observation-microbiology,StructureDefinition/jp-observation-labresult","jpfhir-terminology"
http://jpfhir.jp/fhir/core/ValueSet/JP_ObservationPhysicalExamBodySite_VS,1.1.0a,active,,JP_ObservationPhysicalExamBodySite_VS,JP Core Observation PhysicalExam BodySite ValueSet,"Observation（身体所見）で使用する身体部位の値セット","StructureDefinition/jp-observation-physicalexam","jpfhir-terminology"
http://jpfhir.jp/fhir/core/ValueSet/JP_ObservationPhysicalExamMethod_VS,1.1.0a,active,,JP_ObservationPhysicalExamMethod_VS,JP Core Observation PhysicalExam Method ValueSet,"Observation（身体所見）で使用する診察方法の値セット","StructureDefinition/jp-observation-physicalexam","jpfhir-terminology"
http://jpfhir.jp/fhir/core/ValueSet/JP_ObservationRadiologyCode_VS,1.2.0-dev,active,,JP_ObservationRadiologyCode_VS,JP Core Observation Radiology Code ValueSet,"Observation（放射線）コードで使用する項目値セット。LOINCのFindings、Impressionに相当する",,"LOINC"
http://jpfhir.jp/fhir/core/ValueSet/JP_ObservationSocialHistoryCode_VS,1.1.0a,active,,JP_ObservationSocialHistoryCode_VS,JP Core Observation SocialHistory Code ValueSet,"Observation（生活背景）で使用する項目の値セット","StructureDefinition/jp-observation-socialhistory","jpfhir-terminology"
http://jpfhir.jp/fhir/core/ValueSet/JP_ObservationVitalSignsCategory_VS,1.1.0a,active,,JP_ObservationVitalSignsCategory_VS,JP Core Observation VitalSigns Category ValueSet,"Observation（バイタルサイン）で使用する分類の値セット","StructureDefinition/jp-observation-vitalsigns","jpfhir-terminology"
http://jpfhir.jp/fhir/core/ValueSet/JP_ObservationVitalSignsCode_VS,1.1.0a,active,,JP_ObservationVitalSignsCode_VS,JP Core Observation VitalSigns Code ValueSet,"Observation（バイタルサイン）で使用する項目の値セット","StructureDefinition/jp-observation-vitalsigns","jpfhir-terminology"
http://jpfhir.jp/fhir/core/ValueSet/JP_PhysicalExamCode_VS,1.2.0-dev,active,,JP_PhysicalExamCode_VS,JP Core Physical Exam Code ValueSet,"身体所見の区分を表す値セット","StructureDefinition/jp-observation-physicalexam","Internal"
http://jpfhir.jp/fhir/core/ValueSet/JP_PractitionerRole_VS,1.1.0a,active,,JP_PractitionerRole_VS,JP Core PractitionerRole ValueSet,"実施者のロール（役割・職種）を表す値セット","StructureDefinition/jp-medicationrequest,StructureDefinition/jp-practitionerrole,StructureDefinition/jp-medicationrequest-injection","jpfhir-terminology"
http://jpfhir.jp/fhir/core/ValueSet/JP_PrefectureNumber_VS,1.1.0a,active,,JP_PrefectureNumber_VS,JP Core PrefectureNumber ValueSet,"都道県番号値セット","StructureDefinition/jp-organization-prefectureno","jpfhir-terminology"
http://jpfhir.jp/fhir/core/ValueSet/JP_ProcedureBodySite_VS,1.2.0-dev,active,,JP_ProcedureBodySite_VS,JP Core Procedure BodySite ValueSet,"処置の対象となる身体部位のコード","StructureDefinition/jp-procedure","Internal"
http://jpfhir.jp/fhir/core/ValueSet/JP_ProcedureCategory_VS,1.1.0a,active,,JP_ProcedureCategory_VS,JP Core Procedure Category ValueSet,"処置のカテゴリを示す値セット","StructureDefinition/jp-procedure","jpfhir-terminology"
http://jpfhir.jp/fhir/core/ValueSet/JP_ProcedureCodesDental_VS,1.1.0a,active,,JP_ProcedureCodesDental_VS,JP Core Procedure Codes Dental ValueSet,"処置のコード:歯科診療行為マスタの値セット","StructureDefinition/jp-procedure","jpfhir-terminology"
http://jpfhir.jp/fhir/core/ValueSet/JP_ProcedureCodesICHI_VS,1.2.0-dev,active,,JP_ProcedureCodesICHI_VS,JP Core Procedure Codes ICHI ValueSet,"処置のコード:ICHI(International Classification of Health Interventions)の値セット","StructureDefinition/jp-procedure","Internal"
http://jpfhir.jp/fhir/core/ValueSet/JP_ProcedureCodesMedical_VS,1.1.0a,active,,JP_ProcedureCodesMedical_VS,JP Core Procedure Codes Medical ValueSet,"処置のコード:医科診療行為マスタの値セット","StructureDefinition/jp-procedure","jpfhir-terminology"
http://jpfhir.jp/fhir/core/ValueSet/JP_ProcedureCodesNurse_VS,1.1.0a,active,,JP_ProcedureCodesNurse_VS,JP Core Procedure Codes Nurse ValueSet,"処置のコード:看護実践用語標準マスター(看護行為)の値セット","StructureDefinition/jp-procedure","jpfhir-terminology"
http://jpfhir.jp/fhir/core/ValueSet/JP_ProcedureCodesSTEM7_VS,1.1.0a,active,,JP_ProcedureCodesSTEM7_VS,JP Core Procedure Codes STEM7 ValueSet,"処置のコード:外保連手術基幹コード(STEM7)の値セット","StructureDefinition/jp-procedure","jpfhir-terminology"
http://jpfhir.jp/fhir/core/ValueSet/JP_ProcedureCondition_VS,1.2.0-dev,active,,JP_ProcedureCondition_VS,JP Core Procedure Condition ValueSet,"処置中もしくは処置の後に発生した合併症を示すコード(Condition/Problem/Diagnosis)の値セット","StructureDefinition/jp-procedure","Internal"
http://jpfhir.jp/fhir/core/ValueSet/JP_ProcedureDeviceAction_VS,1.2.0-dev,active,,JP_ProcedureDeviceAction_VS,JP Core Procedure Device Action ValueSet,"処置の実施中に機器に起こった変化を示す値セット","StructureDefinition/jp-procedure","Internal"
http://jpfhir.jp/fhir/core/ValueSet/JP_ProcedureDeviceKind_VS,1.2.0-dev,active,,JP_ProcedureDeviceKind_VS,JP Core Procedure Device Kind ValueSet,"処置の実施に利用された医療機器を識別する値セット","StructureDefinition/jp-procedure","Internal"
http://jpfhir.jp/fhir/core/ValueSet/JP_ProcedureFollowUp_VS,1.2.0-dev,active,,JP_ProcedureFollowUp_VS,JP Core Procedure Follow Up ValueSet,"処置のフォローアップとして実施される処置の値セット","StructureDefinition/jp-procedure","Internal"
http://jpfhir.jp/fhir/core/ValueSet/JP_ProcedureNotPerformedReason_VS,1.2.0-dev,active,,JP_ProcedureNotPerformedReason_VS,JP Core Procedure Not Performed Reason ValueSet,"処置が実施されなかった理由、または開始された処置が完了しなかった理由を示す値セット","StructureDefinition/jp-procedure","Internal"
http://jpfhir.jp/fhir/core/ValueSet/JP_ProcedureOutcome_VS,1.2.0-dev,active,,JP_ProcedureOutcome_VS,JP Core Procedure Outcome ValueSet,"処置が実施されたアウトカムを示す値セット","StructureDefinition/jp-procedure","Internal"
http://jpfhir.jp/fhir/core/ValueSet/JP_ProcedurePerformerRole_VS,1.2.0-dev,active,,JP_ProcedurePerformerRole_VS,JP Core Procedure Performer Role ValueSet,"処置を実施した者の役割（ロール）を示す値セット","StructureDefinition/jp-procedure","jpfhir-terminology"
http://jpfhir.jp/fhir/core/ValueSet/JP_ProcedureReason_VS,1.2.0-dev,active,,JP_ProcedureReason_VS,JP Core Procedure Reason ValueSet,"処置が実施された理由を示す値セット","StructureDefinition/jp-procedure","Internal"
http://jpfhir.jp/fhir/core/ValueSet/JP_ReasonCodesJed_VS,1.2.0-dev,active,,JP_ReasonCodesJed_VS,JP Core ImagingStudy Endoscopy Reason Code JED ValueSet,"日本消化器内視鏡学会が推進するJED (Japan Endoscopy Database) Projectのコード値セットのうち「検査目的」、「治療目的」に該当するコード","StructureDefinition/jp-imagingstudy-endoscopy","Internal"
http://jpfhir.jp/fhir/core/ValueSet/JP_SimpleObservationCategory_VS,1.2.0-dev,active,,JP_SimpleObservationCategory_VS,JP Core Simple Observation Category ValueSet,"JP Coreにて定義したObservationリソースに関する分類の値セット","StructureDefinition/jp-observation-microbiology,StructureDefinition/jp-observation-dentaloral-missingtoothcondition,StructureDefinition/jp-observation-radiology-findings,StructureDefinition/jp-observation-electrocardiogram,StructureDefinition/jp-observation-dentaloral-toothtreatmentcondition,StructureDefinition/jp-observation-radiology-impression,StructureDefinition/jp-observation-vitalsigns,StructureDefinition/jp-observation-endoscopy,StructureDefinition/jp-observation-bodymeasurement,StructureDefinition/jp-observation-socialhistory,StructureDefinition/jp-observation-common,StructureDefinition/jp-observation-labresult,StructureDefinition/jp-observation-dentaloral-toothexistence,StructureDefinition/jp-observation-physicalexam","Internal"
http://jpfhir.jp/fhir/core/ValueSet/JP_Undefined_VS,1.2.0-dev,active,,JP_Undefined_VS,JP Core Undefined ValueSet,"未定義の値セット。使用する予定のコードシステムが利用できない場合や方針未決定の場合に割り振る特別なリソースである。",,"Internal"
http://terminology.hl7.org/ValueSet/v2-0136,2.0.0,active,"2.16.840.1.113883.21.72",Hl7VSYesNoIndicator,hl7VS-yes-no-Indicator,"Codes specifying either Yes or No used in fields containing binary answers generally user-specified.","StructureDefinition/jp-observation-physicalexam","THO (V2)"
http://terminology.hl7.org/ValueSet/v2-0371,2.0.0,active,"2.16.840.1.113883.21.245",Hl7VSAdditivePreservative,hl7VS-additivePreservative,"Concepts specifying any additive introduced to the specimen before or at the time of collection.  These additives may be introduced in order to preserve, maintain or enhance the particular nature or component of the specimen.  Used in Version 2 messaging in the SPM segment.","StructureDefinition/jp-specimen-common","THO (V2)"
http://terminology.hl7.org/ValueSet/v2-0487,2.0.0,active,"2.16.840.1.113883.21.327",Hl7VSSpecimenType,hl7VS-specimenType,"Concepts that describe the precise nature of an entity that may be used as the source material for an observation.  This is one of two code systems that are used instead of table 0070 (code system xxxx) which conflated specimen types and specimen collection methods.   Used in Version 2 messaging in the SPM segment.","StructureDefinition/jp-specimen-common","THO (V2)"
http://terminology.hl7.org/ValueSet/v2-0493,2.0.0,active,"2.16.840.1.113883.21.333",Hl7VSSpecimenCondition,hl7VS-specimenCondition,"Concepts of modes or states of being that describe the nature of a specimen.  Used in Version 2 messaging in the SPM segment.","StructureDefinition/jp-specimen-common","THO (V2)"
http://terminology.hl7.org/ValueSet/v2-0916,2.0.0,active,"2.16.840.1.113883.21.440",Hl7VSRelevantClincialInformation,hl7VS-relevantClincialInformation,"Value Set of codes that specify additional clinical information about the patient or specimen to report the supporting and/or suspected diagnosis and clinical findings on requests for interpreted diagnostic studies.","StructureDefinition/jp-specimen-common","THO (V2)"
http://terminology.hl7.org/ValueSet/v3-Race,3.0.0,active,"2.16.840.1.113883.1.11.14914",Race,Race,"In the United States, federal standards for classifying data on race determine the categories used by federal agencies and exert a strong influence on categorization by state and local agencies and private sector organizations. The federal standards do not conceptually define race, and they recognize the absence of an anthropological or scientific basis for racial classification. Instead, the federal standards acknowledge that race is a social-political construct in which an individual's own identification with one more race categories is preferred to observer identification. The standards use a variety of features to define five minimum race categories. Among these features are descent from ""the original peoples"" of a specified region or nation. The minimum race categories are American Indian or Alaska Native, Asian, Black or African American, Native Hawaiian or Other Pacific Islander, and White. The federal standards stipulate that race data need not be limited to the five minimum categories, but any expansion must be collapsible to those categories.","StructureDefinition/jp-patient-race","THO (V3)"
